CREATE TABLE Cartas ( 
 card_id int, 
 card_type varchar(10), 
 illustrator varchar(30), 
 rarity varchar(10), 
 item_def varchar(40));
CREATE TABLE CardName (
cart_id int, 
english varchar (30),
german varchar (30),
french varchar (30),
italian varchar (30),
koreana varchar (30),
spanish varchar (30),
schinese varchar (30),
tchinese varchar (30),
russian varchar (30),
thai varchar (30),
japanese varchar (30),
portuguese varchar (30),
polish varchar (30),
danish varchar (30),
dutch varchar (30),
finnish varchar (30),
norwegian varchar (30),
swedish varchar (30),
hungarian varchar (30),
czech varchar (30),
romanian varchar (30),
turkish varchar (30),
brazilian varchar (30),
bulgarian varchar (30),
greek varchar (30),
ukrainian varchar (30),
latam varchar (30),
vietnamese varchar (30));
CREATE TABLE LargeImage (
cart_id int, 
PorDefecto varchar (50),
german varchar (50),
french varchar (50),
italian varchar (50),
koreana varchar (50),
spanish varchar (50),
schinese varchar (50),
tchinese varchar (50),
russian varchar (50),
japanese varchar (50),
brazilian varchar (50),
latam varchar (50));
INSERT INTO Cartas VALUES (10001,'Hero','JiHun Lee','Common',110001);
INSERT INTO CardName VALUES(10001,"Venomancer","Venomant","Vénimancien","Venomante","맹독사","Venomante","剧毒术士","劇毒術士","Веномант","Venomancer","ヴェノマンサー","Venomancer","Venomancer","Venomancer","Venomancer","Venomancer","Venomancer","Venomancer","Venomancer","Venomancer","Venomancer","Venomancer","Venomante","Venomancer","Venomancer","Venomancer","Venomante","Venomancer");
INSERT INTO LargeImage VALUES(10001,'https://steamcdn-a.akamaihd.net/apps/583950/icons/set01/10001_large_english.471b1f9a93eb38bada2237baba27d9dd2354264c.png','https://steamcdn-a.akamaihd.net/apps/583950/icons/set01/10001_large_german.41ba6b2ee7b09a89e999a5d71622ea1b7290343b.png','https://steamcdn-a.akamaihd.net/apps/583950/icons/set01/10001_large_french.97d08597b66d5efe2bb697b4b198ee77439ae8ab.png','https://steamcdn-a.akamaihd.net/apps/583950/icons/set01/10001_large_italian.6e30acc038dfbdc7b75e90439d8ea3c24bc3f4df.png','https://steamcdn-a.akamaihd.net/apps/583950/icons/set01/10001_large_koreana.d34b38004153b3433912459409bcc1609b43e466.png','https://steamcdn-a.akamaihd.net/apps/583950/icons/set01/10001_large_spanish.88fb0ac553e77074e28403231c36a46faa4f978d.png','https://steamcdn-a.akamaihd.net/apps/583950/icons/set01/10001_large_schinese.dd934c5d2dcb71eb6ac4e982847de116f625b6cc.png','https://steamcdn-a.akamaihd.net/apps/583950/icons/set01/10001_large_tchinese.4f8c92e7723f4c376cdcecb86fad304fdefcb3b1.png','https://steamcdn-a.akamaihd.net/apps/583950/icons/set01/10001_large_russian.43cbe4dcfe837cf83e4614d43e15f9b8adb3188b.png','https://steamcdn-a.akamaihd.net/apps/583950/icons/set01/10001_large_japanese.251455ebad9acd3ad443d2473fbd3d5887da4f57.png','https://steamcdn-a.akamaihd.net/apps/583950/icons/set01/10001_large_brazilian.72b91ac089d9924ab3981ab7786d45261e361a19.png','https://steamcdn-a.akamaihd.net/apps/583950/icons/set01/10001_large_latam.1590b052bd3b618afd9d9d3b54b0ca1fe30d632a.png');
INSERT INTO Cartas VALUES (10004,'Hero','Wisnu Tan','Rare',110004);
INSERT INTO CardName VALUES(10004,"Meepo","Meepo","Meepo","Meepo","미포","Mipo","米波","米波","Мипо","Meepo","ミーポ","Meepo","Meepo","Meepo","Meepo","Meepo","Meepo","Meepo","Meepo","Meepo","Meepo","Meepo","Meepo","Meepo","Meepo","Meepo","Mipo","Meepo");
INSERT INTO LargeImage VALUES(10004,'https://steamcdn-a.akamaihd.net/apps/583950/icons/set01/10004_large_english.9d4e36797e294d59e4ba5885d3299f23dba76fd7.png','https://steamcdn-a.akamaihd.net/apps/583950/icons/set01/10004_large_german.95bfacb2f5089c2fa1c1b641d5bf15d0608eb2ff.png','https://steamcdn-a.akamaihd.net/apps/583950/icons/set01/10004_large_french.acd7f2a9a64bdfd672ffd55a0d0037d5c7c5bed8.png','https://steamcdn-a.akamaihd.net/apps/583950/icons/set01/10004_large_italian.95bfacb2f5089c2fa1c1b641d5bf15d0608eb2ff.png','https://steamcdn-a.akamaihd.net/apps/583950/icons/set01/10004_large_koreana.d5309fc5dd3b22290173a7244f329f526378bfd9.png','https://steamcdn-a.akamaihd.net/apps/583950/icons/set01/10004_large_spanish.236eef54ea0ccbe9f988e75540c278a7e1419c49.png','https://steamcdn-a.akamaihd.net/apps/583950/icons/set01/10004_large_schinese.9908e60af04410c487aa4376a48f24f8e0947f71.png','https://steamcdn-a.akamaihd.net/apps/583950/icons/set01/10004_large_tchinese.6e4f973c6f71f9971a798f0545e74f5e7a1eed39.png','https://steamcdn-a.akamaihd.net/apps/583950/icons/set01/10004_large_russian.33b8f8dc91c463804506ba7602aaa7c8dd38ec46.png','https://steamcdn-a.akamaihd.net/apps/583950/icons/set01/10004_large_japanese.99b2cfe28bff66328066b7a29b2b6d2ce5642fd9.png','https://steamcdn-a.akamaihd.net/apps/583950/icons/set01/10004_large_brazilian.acd7f2a9a64bdfd672ffd55a0d0037d5c7c5bed8.png','https://steamcdn-a.akamaihd.net/apps/583950/icons/set01/10004_large_latam.924f5a091a839b84ecde9405905a402c3a168f49.png');
INSERT INTO Cartas VALUES (10006,'Hero','Anthony Palumbo','Uncommon',110006);
INSERT INTO CardName VALUES(10006,"Luna","Luna","Luna","Luna","루나","Luna","露娜","露娜","Луна","Luna","ルナ","Luna","Luna","Luna","Luna","Luna","Luna","Luna","Luna","Luna","Luna","Luna","Luna","Luna","Luna","Luna","Luna","Luna");
INSERT INTO LargeImage VALUES(10006,'https://steamcdn-a.akamaihd.net/apps/583950/icons/set01/10006_large_english.ffbe600379323799783d6e0e809bc19e506f2b00.png','https://steamcdn-a.akamaihd.net/apps/583950/icons/set01/10006_large_german.98900e0892bc762e4610b2f6aa69dd1f8fd1a98a.png','https://steamcdn-a.akamaihd.net/apps/583950/icons/set01/10006_large_french.d6f9e6f8317e7616656188997b02b7f06d6a751d.png','https://steamcdn-a.akamaihd.net/apps/583950/icons/set01/10006_large_italian.98900e0892bc762e4610b2f6aa69dd1f8fd1a98a.png','https://steamcdn-a.akamaihd.net/apps/583950/icons/set01/10006_large_koreana.964cccc400a4e44d435024ae9a5d29d31cf6d02e.png','https://steamcdn-a.akamaihd.net/apps/583950/icons/set01/10006_large_spanish.65f0b58dcb91d107c8a18db0514a284ab801778e.png','https://steamcdn-a.akamaihd.net/apps/583950/icons/set01/10006_large_schinese.8c321fb6247a2aeebd97de51c2d23d67e0725dd0.png','https://steamcdn-a.akamaihd.net/apps/583950/icons/set01/10006_large_tchinese.b4e352651217c1dc1ab3a1dad880e82862d979d8.png','https://steamcdn-a.akamaihd.net/apps/583950/icons/set01/10006_large_russian.5726be09968f96831c36f2653ad6a0c7c804e4b4.png','https://steamcdn-a.akamaihd.net/apps/583950/icons/set01/10006_large_japanese.b8e9cdfcfe8ec24140e69459d89ca8a96bcd7c62.png','https://steamcdn-a.akamaihd.net/apps/583950/icons/set01/10006_large_brazilian.d6f9e6f8317e7616656188997b02b7f06d6a751d.png','https://steamcdn-a.akamaihd.net/apps/583950/icons/set01/10006_large_latam.4624609be02fcdf07a91d94d2b938dfcf7410c38.png');
INSERT INTO Cartas VALUES (10010,'Hero','Sung Choi','Uncommon',110010);
INSERT INTO CardName VALUES(10010,"Winter Wyvern","Winterlindwurm","Vouivre de l'hiver","Viverna invernale","겨울 비룡","Guiverna Invernal","寒冬飞龙","寒冬飛龍","Зимняя виверна","Winter Wyvern","ウィンターワイバーン","Winter Wyvern","Winter Wyvern","Winter Wyvern","Winter Wyvern","Winter Wyvern","Winter Wyvern","Winter Wyvern","Winter Wyvern","Winter Wyvern","Winter Wyvern","Winter Wyvern","Serpe Invernal","Winter Wyvern","Winter Wyvern","Winter Wyvern","Guiverna Invernal","Winter Wyvern");
INSERT INTO LargeImage VALUES(10010,'https://steamcdn-a.akamaihd.net/apps/583950/icons/set01/10010_large_english.87fc976d89e586be6df0b10b0023847829bc803d.png','https://steamcdn-a.akamaihd.net/apps/583950/icons/set01/10010_large_german.002bb8c8d35c63d29cf50008fa3ee78abb813fd1.png','https://steamcdn-a.akamaihd.net/apps/583950/icons/set01/10010_large_french.447c69cd7705c6a0057d611814d3c39578e55ed4.png','https://steamcdn-a.akamaihd.net/apps/583950/icons/set01/10010_large_italian.64754570371e3706719c852a35f1af14fc5f879c.png','https://steamcdn-a.akamaihd.net/apps/583950/icons/set01/10010_large_koreana.ce2742f9516f37b02f22bdb09d3e3cdd7f30fb9e.png','https://steamcdn-a.akamaihd.net/apps/583950/icons/set01/10010_large_spanish.f73758912e6656f6c59977927fe72b585a754b8d.png','https://steamcdn-a.akamaihd.net/apps/583950/icons/set01/10010_large_schinese.ff0bb7a68945fe0eecb3c9584274a35c0ff0a036.png','https://steamcdn-a.akamaihd.net/apps/583950/icons/set01/10010_large_tchinese.d05f6b871e32b06c13b45344fd65809b1181f4fa.png','https://steamcdn-a.akamaihd.net/apps/583950/icons/set01/10010_large_russian.1410bd4320af927d6c6cefa1e0aaacdc28e1bf3b.png','https://steamcdn-a.akamaihd.net/apps/583950/icons/set01/10010_large_japanese.e279ceeaca4b4fa718c26f9b8bbb5b0749f10cde.png','https://steamcdn-a.akamaihd.net/apps/583950/icons/set01/10010_large_brazilian.74c718166eca732a3041368a4920c4b220b9129e.png','https://steamcdn-a.akamaihd.net/apps/583950/icons/set01/10010_large_latam.51f7815fd5b9f68af6d32e5522f72a18866c88e4.png');
INSERT INTO Cartas VALUES (10014,'Hero','Ryan Pancoast','Common',110014);
INSERT INTO CardName VALUES(10014,"Lycan","Lykan","Lycanthrope","Lycan","늑대인간","Licántropo","狼人","狼人","Ликантроп","Lycan","ライカン","Lycan","Lycan","Lycan","Lycan","Lycan","Lycan","Lycan","Lycan","Lycan","Lycan","Lycan","Lican","Lycan","Lycan","Lycan","Licántropo","Lycan");
INSERT INTO LargeImage VALUES(10014,'https://steamcdn-a.akamaihd.net/apps/583950/icons/set01/10014_large_english.4eb9bfd9dd8daeae35483590d8f746a9c1f2e5e5.png','https://steamcdn-a.akamaihd.net/apps/583950/icons/set01/10014_large_german.5a127d4e0aec3fdd355e49c30f7bb22381e10040.png','https://steamcdn-a.akamaihd.net/apps/583950/icons/set01/10014_large_french.eb5765e42f517389f8904fcdb8948f4eb7f52b94.png','https://steamcdn-a.akamaihd.net/apps/583950/icons/set01/10014_large_italian.354f6421909728406b534634f4f8c034541d6e1a.png','https://steamcdn-a.akamaihd.net/apps/583950/icons/set01/10014_large_koreana.3174b366cc828cd4bb15c97ccf9fe0b0619cd001.png','https://steamcdn-a.akamaihd.net/apps/583950/icons/set01/10014_large_spanish.a47a767430866f344ab733f18b729c0b495ff15b.png','https://steamcdn-a.akamaihd.net/apps/583950/icons/set01/10014_large_schinese.7b2b77b385b55a56fd6791eb985f354d0c81f0ba.png','https://steamcdn-a.akamaihd.net/apps/583950/icons/set01/10014_large_tchinese.051ebcb2b0569cfd0447651a29d101fd93d8c6db.png','https://steamcdn-a.akamaihd.net/apps/583950/icons/set01/10014_large_russian.bac782a9588b0f5ec58183e3d29449bcbee3fd82.png','https://steamcdn-a.akamaihd.net/apps/583950/icons/set01/10014_large_japanese.cba239ec1a033863d4a12653067a6d32c1a113a4.png','https://steamcdn-a.akamaihd.net/apps/583950/icons/set01/10014_large_brazilian.2c3b6b51656a84f06b7e7753257527fb89b8fd66.png','https://steamcdn-a.akamaihd.net/apps/583950/icons/set01/10014_large_latam.1a406bdd81d89f9a0f57b38b07aa5187890c9bf1.png');
INSERT INTO Cartas VALUES (10016,'Hero','Chase Stone','Uncommon',110016);
INSERT INTO CardName VALUES(10016,"Abaddon","Abaddon","Abaddon","Abaddon","아바돈","Abadón","亚巴顿","亞巴頓","Абаддон","Abaddon","アバドン","Abaddon","Abaddon","Abaddon","Abaddon","Abaddon","Abaddon","Abaddon","Abaddon","Abaddon","Abaddon","Abaddon","Abaddon","Abaddon","Abaddon","Abaddon","Abadón","Abaddon");
INSERT INTO LargeImage VALUES(10016,'https://steamcdn-a.akamaihd.net/apps/583950/icons/set01/10016_large_english.75cec7e4f701e9122315ddc5736d17d140529310.png','https://steamcdn-a.akamaihd.net/apps/583950/icons/set01/10016_large_german.fc37d7b803579ac63dd0152d1c21caa96df6acf2.png','https://steamcdn-a.akamaihd.net/apps/583950/icons/set01/10016_large_french.f7059705be7b0cf0d63e9c3b369effd8bd40150b.png','https://steamcdn-a.akamaihd.net/apps/583950/icons/set01/10016_large_italian.fc37d7b803579ac63dd0152d1c21caa96df6acf2.png','https://steamcdn-a.akamaihd.net/apps/583950/icons/set01/10016_large_koreana.348d1294eb7568df20b027aed38eb065d78b77c8.png','https://steamcdn-a.akamaihd.net/apps/583950/icons/set01/10016_large_spanish.3ff253a918bbcc49725ca4a4ef1c7ae86059fe70.png','https://steamcdn-a.akamaihd.net/apps/583950/icons/set01/10016_large_schinese.e5004b927799c03c5a5c64693c04e38505f173d7.png','https://steamcdn-a.akamaihd.net/apps/583950/icons/set01/10016_large_tchinese.1fe2c0fc60758f172ced887ce951af437e393e06.png','https://steamcdn-a.akamaihd.net/apps/583950/icons/set01/10016_large_russian.e8d3d7f1c5dc594b25bd73ecee7c9a92318e1d9a.png','https://steamcdn-a.akamaihd.net/apps/583950/icons/set01/10016_large_japanese.f1b8a43f5f3d529a434bc2da28a0933a4f8df1e7.png','https://steamcdn-a.akamaihd.net/apps/583950/icons/set01/10016_large_brazilian.f7059705be7b0cf0d63e9c3b369effd8bd40150b.png','https://steamcdn-a.akamaihd.net/apps/583950/icons/set01/10016_large_latam.288c893f3b2f04c4127d02a22ea684dc5f92aea4.png');
INSERT INTO Cartas VALUES (10017,'Hero','Clint Cearley','Rare',110017);
INSERT INTO CardName VALUES(10017,"Chen","Chen","Chen","Chen","첸","Chen","陈","陳","Чен","Chen","チェン","Chen","Chen","Chen","Chen","Chen","Chen","Chen","Chen","Chen","Chen","Chen","Chen","Chen","Chen","Chen","Chen","Chen");
INSERT INTO LargeImage VALUES(10017,'https://steamcdn-a.akamaihd.net/apps/583950/icons/set01/10017_large_english.1dcaf23af049fccad6622cd140fa0c4a43f60a2e.png','https://steamcdn-a.akamaihd.net/apps/583950/icons/set01/10017_large_german.c53fa9132ab784ad4b5e6ce3199d0675df0fe793.png','https://steamcdn-a.akamaihd.net/apps/583950/icons/set01/10017_large_french.bf2071ea8864952c58a0bbd9f91d01e875b6a094.png','https://steamcdn-a.akamaihd.net/apps/583950/icons/set01/10017_large_italian.c53fa9132ab784ad4b5e6ce3199d0675df0fe793.png','https://steamcdn-a.akamaihd.net/apps/583950/icons/set01/10017_large_koreana.ea42c22c8b30f4ebe2a8e85cba366850f13923cb.png','https://steamcdn-a.akamaihd.net/apps/583950/icons/set01/10017_large_spanish.68b79e0d103d7db1d79e90b90f649d95c4a1f81a.png','https://steamcdn-a.akamaihd.net/apps/583950/icons/set01/10017_large_schinese.8f9d4ba67af50659649b87f3f2b722b624818cfb.png','https://steamcdn-a.akamaihd.net/apps/583950/icons/set01/10017_large_tchinese.0ce710815f181b27e7ba3a7fb807703e19634939.png','https://steamcdn-a.akamaihd.net/apps/583950/icons/set01/10017_large_russian.7efac797846792766ff5acbbd3451550785c7414.png','https://steamcdn-a.akamaihd.net/apps/583950/icons/set01/10017_large_japanese.56aae48f582f18911da9674677cd492add141209.png','https://steamcdn-a.akamaihd.net/apps/583950/icons/set01/10017_large_brazilian.bf2071ea8864952c58a0bbd9f91d01e875b6a094.png','https://steamcdn-a.akamaihd.net/apps/583950/icons/set01/10017_large_latam.09935b4341edc194493cd7ed70bb2821b7e8bee8.png');
INSERT INTO Cartas VALUES (10018,'Hero','Lake Hurwitz','Common',110018);
INSERT INTO CardName VALUES(10018,"Bloodseeker","Blutjäger","Sanguinaire","Cercatore di Sangue","혈귀","Buscasangre","血魔","血魔","Жрец крови","Bloodseeker","ブラッドシーカー","Bloodseeker","Bloodseeker","Bloodseeker","Bloodseeker","Bloodseeker","Bloodseeker","Bloodseeker","Bloodseeker","Bloodseeker","Bloodseeker","Bloodseeker","Sanguinário","Bloodseeker","Bloodseeker","Bloodseeker","Buscasangre","Bloodseeker");
INSERT INTO LargeImage VALUES(10018,'https://steamcdn-a.akamaihd.net/apps/583950/icons/set01/10018_large_english.a2161fe42c13586300210ebe79c438e70310cc32.png','https://steamcdn-a.akamaihd.net/apps/583950/icons/set01/10018_large_german.28fd4002af18f0d4e574613508e22cc85b426cf7.png','https://steamcdn-a.akamaihd.net/apps/583950/icons/set01/10018_large_french.0bc3a52d733cc629b8a5594b499b381aaf19ddfd.png','https://steamcdn-a.akamaihd.net/apps/583950/icons/set01/10018_large_italian.de0307923fabcec310890cfa8d2fe2c67b0c608f.png','https://steamcdn-a.akamaihd.net/apps/583950/icons/set01/10018_large_koreana.a1b1323e3f44abafd71dd784212ffa5b2b081b1b.png','https://steamcdn-a.akamaihd.net/apps/583950/icons/set01/10018_large_spanish.05c907010291ce22e641583edb28bd3c04c6bd58.png','https://steamcdn-a.akamaihd.net/apps/583950/icons/set01/10018_large_schinese.2952ada8b95c3525c5a058b38d621420d621de56.png','https://steamcdn-a.akamaihd.net/apps/583950/icons/set01/10018_large_tchinese.876802f9d10b223b95dceaa40126723abd18c566.png','https://steamcdn-a.akamaihd.net/apps/583950/icons/set01/10018_large_russian.b8de274f33e63e81667491157a297ebbb0c5f6d2.png','https://steamcdn-a.akamaihd.net/apps/583950/icons/set01/10018_large_japanese.82d4cfe8d5449ed50e0e9e7cdb5fca08b288bf85.png','https://steamcdn-a.akamaihd.net/apps/583950/icons/set01/10018_large_brazilian.2c29b5849fd0ed9cc00b7edcb90b0b81bd87fb97.png','https://steamcdn-a.akamaihd.net/apps/583950/icons/set01/10018_large_latam.a5ce3c5f0cdb707ce8076089fa9d236de24634e8.png');
INSERT INTO Cartas VALUES (10020,'Hero','Tyler Jacobson','Rare',110020);
INSERT INTO CardName VALUES(10020,"Axe","Axt","Découpeur","Ascia","도끼전사","Ax","斧王","斧王","Акс","Axe","アックス","Axe","Axe","Axe","Axe","Axe","Axe","Axe","Axe","Axe","Axe","Axe","Machado","Axe","Axe","Axe","Ax","Axe");
INSERT INTO LargeImage VALUES(10020,'https://steamcdn-a.akamaihd.net/apps/583950/icons/set01/10020_large_english.5cbf0807575742532f53e4e026b6e8567d1b8843.png','https://steamcdn-a.akamaihd.net/apps/583950/icons/set01/10020_large_german.279529d54be6335369cba3506d866515e7e09634.png','https://steamcdn-a.akamaihd.net/apps/583950/icons/set01/10020_large_french.aa5ad70f16e64dea69f49c9fd407ed649275e517.png','https://steamcdn-a.akamaihd.net/apps/583950/icons/set01/10020_large_italian.93cdb985057208abe79cf53335278c3bca5d92e0.png','https://steamcdn-a.akamaihd.net/apps/583950/icons/set01/10020_large_koreana.b755b353a4effe04450a838448145159b08534c1.png','https://steamcdn-a.akamaihd.net/apps/583950/icons/set01/10020_large_spanish.ed36729f5695c3cbe23d392ce2778f4a0bfdc455.png','https://steamcdn-a.akamaihd.net/apps/583950/icons/set01/10020_large_schinese.d05b73a36c75e3bbb6d80f8dba821febc6f87ebf.png','https://steamcdn-a.akamaihd.net/apps/583950/icons/set01/10020_large_tchinese.915a6ef496bc78f63c2205f0c6bd0daacb24fffe.png','https://steamcdn-a.akamaihd.net/apps/583950/icons/set01/10020_large_russian.32775ad83fc524e67d85bae125b1d5508a8badc8.png','https://steamcdn-a.akamaihd.net/apps/583950/icons/set01/10020_large_japanese.d2143c300f03d9b32e838f709640e57c5989e048.png','https://steamcdn-a.akamaihd.net/apps/583950/icons/set01/10020_large_brazilian.81d234d87d34a729b433d6b76558ca86cb7be3f9.png','https://steamcdn-a.akamaihd.net/apps/583950/icons/set01/10020_large_latam.f995546f42890c21a43abfe53707cc82bdcc8aac.png');
INSERT INTO Cartas VALUES (10021,'Hero','Lius Lasahido','Rare',110021);
INSERT INTO CardName VALUES(10021,"Centaur Warrunner","Zentaurenkriegsläufer","Centaure gladiateur","Guerriero Centauro","켄타우로스 전쟁용사","Adalid Centauro","半人马战行者","半人馬戰行者","Кентавр-вождь","Centaur Warrunner","ケンタウロスの走闘者","Centaur Warrunner","Centaur Warrunner","Centaur Warrunner","Centaur Warrunner","Centaur Warrunner","Centaur Warrunner","Centaur Warrunner","Centaur Warrunner","Centaur Warrunner","Centaur Warrunner","Centaur Warrunner","Capitão Centauro","Centaur Warrunner","Centaur Warrunner","Centaur Warrunner","Adalid Centauro","Centaur Warrunner");
INSERT INTO LargeImage VALUES(10021,'https://steamcdn-a.akamaihd.net/apps/583950/icons/set01/10021_large_english.5415fb112792d648b4086287e0b0a3531239dacb.png','https://steamcdn-a.akamaihd.net/apps/583950/icons/set01/10021_large_german.4ea2ce169a25c256d915880fb2e138ffb387f067.png','https://steamcdn-a.akamaihd.net/apps/583950/icons/set01/10021_large_french.8a3fc1760ebbe5bd27e2c6a81713a77154578461.png','https://steamcdn-a.akamaihd.net/apps/583950/icons/set01/10021_large_italian.8b88e9af4442df043d2b31171a6fc344012581a3.png','https://steamcdn-a.akamaihd.net/apps/583950/icons/set01/10021_large_koreana.4635838d6d23b50716134b2d8242a459987e028a.png','https://steamcdn-a.akamaihd.net/apps/583950/icons/set01/10021_large_spanish.d68bb01dbdcba1c9be429ca8f5bca4873d6f8e4f.png','https://steamcdn-a.akamaihd.net/apps/583950/icons/set01/10021_large_schinese.7dd2a44620f2fab627f92a4c222123abb5befe1c.png','https://steamcdn-a.akamaihd.net/apps/583950/icons/set01/10021_large_tchinese.b27702232b186fb0518638ca75e120fe6cd01358.png','https://steamcdn-a.akamaihd.net/apps/583950/icons/set01/10021_large_russian.a621d28982691e0947266ac6c2cf094f8d650c52.png','https://steamcdn-a.akamaihd.net/apps/583950/icons/set01/10021_large_japanese.608893d655bbf627d117f46adcf37189cc9f3373.png','https://steamcdn-a.akamaihd.net/apps/583950/icons/set01/10021_large_brazilian.2762bbbd6b3ffd89620075935353d9c05f32bcef.png','https://steamcdn-a.akamaihd.net/apps/583950/icons/set01/10021_large_latam.3cc612d4292ae56d0cc071a5b2cc75547aedf488.png');
INSERT INTO Cartas VALUES (10022,'Hero','JiHun Lee','Uncommon',110022);
INSERT INTO CardName VALUES(10022,"Timbersaw","Waldsäge","Déboiseur","Abbattialberi","벌목꾼","Deforestador","伐木机","伐木機","Древопил","Timbersaw","ティンバーソー","Timbersaw","Timbersaw","Timbersaw","Timbersaw","Timbersaw","Timbersaw","Timbersaw","Timbersaw","Timbersaw","Timbersaw","Timbersaw","Serrote","Timbersaw","Timbersaw","Timbersaw","Deforestador","Timbersaw");
INSERT INTO LargeImage VALUES(10022,'https://steamcdn-a.akamaihd.net/apps/583950/icons/set01/10022_large_english.3bee551d86e9afa59163edd202cc7706b8869481.png','https://steamcdn-a.akamaihd.net/apps/583950/icons/set01/10022_large_german.40f7c5323a22463a8282da6a0d33fced36c3b09a.png','https://steamcdn-a.akamaihd.net/apps/583950/icons/set01/10022_large_french.0c8b53afc5c9b2171a336fa33ce880da9135aaaa.png','https://steamcdn-a.akamaihd.net/apps/583950/icons/set01/10022_large_italian.b710ab965f4f2216b6f94c73893ed7d405f2b708.png','https://steamcdn-a.akamaihd.net/apps/583950/icons/set01/10022_large_koreana.53323f101d083d44b684805f9c03594b3a379225.png','https://steamcdn-a.akamaihd.net/apps/583950/icons/set01/10022_large_spanish.9b4556e9bf62d7d598038bf525d782fb3bfad601.png','https://steamcdn-a.akamaihd.net/apps/583950/icons/set01/10022_large_schinese.b9c923c46e24b88122adfd4d1447a4469ff91bb9.png','https://steamcdn-a.akamaihd.net/apps/583950/icons/set01/10022_large_tchinese.cfabae366d7889ab445a4512ebe4b4bf3cf4d287.png','https://steamcdn-a.akamaihd.net/apps/583950/icons/set01/10022_large_russian.17b14ae8d9a7e16c4dce88729edc315fd166e7f5.png','https://steamcdn-a.akamaihd.net/apps/583950/icons/set01/10022_large_japanese.2e0fad44b12a3b8b92754b9957d170b51b443ab3.png','https://steamcdn-a.akamaihd.net/apps/583950/icons/set01/10022_large_brazilian.354030e9d570e235c3cbfbc794646a2dd74b9387.png','https://steamcdn-a.akamaihd.net/apps/583950/icons/set01/10022_large_latam.00dfbe83aabab031c44816d6330cce0854c0fc28.png');
INSERT INTO Cartas VALUES (10023,'Hero','E.M. Gist','Common',110023);
INSERT INTO CardName VALUES(10023,"Bounty Hunter","Kopfgeldjäger","Chasseur de primes","Cacciatore di Taglie","현상금 사냥꾼","Cazarrecompensas","赏金猎人","賞金獵人","Охотник за головами","Bounty Hunter","バウンティーハンター","Bounty Hunter","Bounty Hunter","Bounty Hunter","Bounty Hunter","Bounty Hunter","Bounty Hunter","Bounty Hunter","Bounty Hunter","Bounty Hunter","Bounty Hunter","Bounty Hunter","Caçador de Recompensas","Bounty Hunter","Bounty Hunter","Bounty Hunter","Cazarrecompensas","Bounty Hunter");
INSERT INTO LargeImage VALUES(10023,'https://steamcdn-a.akamaihd.net/apps/583950/icons/set01/10023_large_english.d8627eaefd31a0094c0a0939a43f5b0cb41c0c73.png','https://steamcdn-a.akamaihd.net/apps/583950/icons/set01/10023_large_german.5773be29ee7df04193a4a3fda19e8fbb35fd3761.png','https://steamcdn-a.akamaihd.net/apps/583950/icons/set01/10023_large_french.16d71d469ca06b154e55f693aa6aa5c158370bff.png','https://steamcdn-a.akamaihd.net/apps/583950/icons/set01/10023_large_italian.6149e07f5734368f7fa3f89cd1045b542c52b72b.png','https://steamcdn-a.akamaihd.net/apps/583950/icons/set01/10023_large_koreana.42ffeba0f97c0fd90fc2f95ebbfd8e8fad2dc3ce.png','https://steamcdn-a.akamaihd.net/apps/583950/icons/set01/10023_large_spanish.87c0ce8d47114efd2c9ac99f17771f7944ade425.png','https://steamcdn-a.akamaihd.net/apps/583950/icons/set01/10023_large_schinese.edf053c76dda1f88eec375d09ea4ae6622de630d.png','https://steamcdn-a.akamaihd.net/apps/583950/icons/set01/10023_large_tchinese.d92c3a857c17ce9cc991b113a31c144b923a8157.png','https://steamcdn-a.akamaihd.net/apps/583950/icons/set01/10023_large_russian.28359836ee70413800391e6dea01bb340c00d3c6.png','https://steamcdn-a.akamaihd.net/apps/583950/icons/set01/10023_large_japanese.e0e8bbdeb2b1d0fda67b664f994308b4ce262953.png','https://steamcdn-a.akamaihd.net/apps/583950/icons/set01/10023_large_brazilian.3d743a8c9cc2d057c62f560e42ff27e6c1426e6a.png','https://steamcdn-a.akamaihd.net/apps/583950/icons/set01/10023_large_latam.0eef9c8c10b8908a86e5181ecec98df7700bbd57.png');
INSERT INTO Cartas VALUES (10024,'Hero','Daarken','Uncommon',110024);
INSERT INTO CardName VALUES(10024,"Tidehunter","Gezeitenjäger","Chasse-marée","Cacciatore delle Maree","파도사냥꾼","Cazamareas","潮汐猎人","潮汐獵人","Морской тиран","Tidehunter","タイドハンター","Tidehunter","Tidehunter","Tidehunter","Tidehunter","Tidehunter","Tidehunter","Tidehunter","Tidehunter","Tidehunter","Tidehunter","Tidehunter","Caçador da Maré","Tidehunter","Tidehunter","Tidehunter","Cazamareas","Tidehunter");
INSERT INTO LargeImage VALUES(10024,'https://steamcdn-a.akamaihd.net/apps/583950/icons/set01/10024_large_english.5f48e3d85b90249b248a99f42ae6a7a2854a0559.png','https://steamcdn-a.akamaihd.net/apps/583950/icons/set01/10024_large_german.3793370f4fda8d5656b67072afb8d574afd7c442.png','https://steamcdn-a.akamaihd.net/apps/583950/icons/set01/10024_large_french.08454ad1196d3154b86e41a6181b81aeec189ab7.png','https://steamcdn-a.akamaihd.net/apps/583950/icons/set01/10024_large_italian.b770065024931aa82dfe7cd815f46b827a5b55c4.png','https://steamcdn-a.akamaihd.net/apps/583950/icons/set01/10024_large_koreana.502260e93fc3ecefc106855bced56921f67d1fdf.png','https://steamcdn-a.akamaihd.net/apps/583950/icons/set01/10024_large_spanish.59f58ac393f3bce899a03609d82618c70d0e5939.png','https://steamcdn-a.akamaihd.net/apps/583950/icons/set01/10024_large_schinese.bc6971d113f5b03421753a6609e492baee63a350.png','https://steamcdn-a.akamaihd.net/apps/583950/icons/set01/10024_large_tchinese.d8b2629b598726dce48bf2820df24791f54a1032.png','https://steamcdn-a.akamaihd.net/apps/583950/icons/set01/10024_large_russian.96b0b507f779af52fbb40567a089f2cc488e4f42.png','https://steamcdn-a.akamaihd.net/apps/583950/icons/set01/10024_large_japanese.91197e2eead2c1b402803dec5e2c56e6d88e2ec4.png','https://steamcdn-a.akamaihd.net/apps/583950/icons/set01/10024_large_brazilian.50d516a635e883d450f90fbc7649a575e1cecba2.png','https://steamcdn-a.akamaihd.net/apps/583950/icons/set01/10024_large_latam.241b46b56ce6485b3d61631d5901ae84134fd8cf.png');
INSERT INTO Cartas VALUES (10025,'Hero','James Paick','Rare',110025);
INSERT INTO CardName VALUES(10025,"Tinker","Bastler","Ingénieur","Riparatore","땜장이","Inventor","修补匠","修補匠","Механик","Tinker","ティンカー","Tinker","Tinker","Tinker","Tinker","Tinker","Tinker","Tinker","Tinker","Tinker","Tinker","Tinker","Inventor","Tinker","Tinker","Tinker","Inventor","Tinker");
INSERT INTO LargeImage VALUES(10025,'https://steamcdn-a.akamaihd.net/apps/583950/icons/set01/10025_large_english.b388d9bcc0b1212ebee4a98677589be78020a004.png','https://steamcdn-a.akamaihd.net/apps/583950/icons/set01/10025_large_german.9b4df0bcaca5fcca9cce9a01dce0441b3de4ce97.png','https://steamcdn-a.akamaihd.net/apps/583950/icons/set01/10025_large_french.d3510c1dfebc471ca34f44ef20887b2fdee47781.png','https://steamcdn-a.akamaihd.net/apps/583950/icons/set01/10025_large_italian.c1fcc2fd8d7d6000aab0576c13074bfe173d5d4b.png','https://steamcdn-a.akamaihd.net/apps/583950/icons/set01/10025_large_koreana.760468bdbe25867379a67d83403862a4ea54087d.png','https://steamcdn-a.akamaihd.net/apps/583950/icons/set01/10025_large_spanish.3baf4cdf0f66c30029807e92cb6e83ebb0479038.png','https://steamcdn-a.akamaihd.net/apps/583950/icons/set01/10025_large_schinese.9e2ad419e2d1004ebdb7a2710369b717ef9fa03d.png','https://steamcdn-a.akamaihd.net/apps/583950/icons/set01/10025_large_tchinese.0194db8f80cfab95e6a8d6de6e6b6cda50af7efe.png','https://steamcdn-a.akamaihd.net/apps/583950/icons/set01/10025_large_russian.022fd7fc3332fbff533cd7bccbb79ca7957d87c3.png','https://steamcdn-a.akamaihd.net/apps/583950/icons/set01/10025_large_japanese.0db05635fe20e281f80d089dbbcddb46a55ae43e.png','https://steamcdn-a.akamaihd.net/apps/583950/icons/set01/10025_large_brazilian.3bd568638d9c12572da5ab76302bbff10fe75677.png','https://steamcdn-a.akamaihd.net/apps/583950/icons/set01/10025_large_latam.45cd00d2eb485234e326485f23977ea3d353c2ce.png');
INSERT INTO Cartas VALUES (10026,'Hero','Chris Rahn','Uncommon',110026);
INSERT INTO CardName VALUES(10026,"Rix","Rix","Rix","Rix","릭스","Rix","瑞克斯","瑞克斯","Рикс","Rix","リックス","Rix","Rix","Rix","Rix","Rix","Rix","Rix","Rix","Rix","Rix","Rix","Rix","Rix","Rix","Rix","Rix","Rix");
INSERT INTO LargeImage VALUES(10026,'https://steamcdn-a.akamaihd.net/apps/583950/icons/set01/10026_large_english.32810121ff8212a1c2e1835107881741495cca4a.png','https://steamcdn-a.akamaihd.net/apps/583950/icons/set01/10026_large_german.ad98baae4e81ff9db29a2be2ff9be63eb69c1f57.png','https://steamcdn-a.akamaihd.net/apps/583950/icons/set01/10026_large_french.f3e7ea52545c747d52aa2eb859fdf0dd8fa3f8e1.png','https://steamcdn-a.akamaihd.net/apps/583950/icons/set01/10026_large_italian.ad98baae4e81ff9db29a2be2ff9be63eb69c1f57.png','https://steamcdn-a.akamaihd.net/apps/583950/icons/set01/10026_large_koreana.1a2b72ad5ad82c418a22af6b2e4a4fecdf9dd9e1.png','https://steamcdn-a.akamaihd.net/apps/583950/icons/set01/10026_large_spanish.87628eae961c94b2758b1d5b4f05abe1638711bb.png','https://steamcdn-a.akamaihd.net/apps/583950/icons/set01/10026_large_schinese.2f945a0efce525f338cb0b86004d0daa323db9ed.png','https://steamcdn-a.akamaihd.net/apps/583950/icons/set01/10026_large_tchinese.0b39965cea340a6207d6eaaa03a27c351b8efe7a.png','https://steamcdn-a.akamaihd.net/apps/583950/icons/set01/10026_large_russian.b7c75780bb386e6591294c2867fd749ed01b0db0.png','https://steamcdn-a.akamaihd.net/apps/583950/icons/set01/10026_large_japanese.065eedef8a1a058a3d3133b9ef7e80ffef8cb9d1.png','https://steamcdn-a.akamaihd.net/apps/583950/icons/set01/10026_large_brazilian.f3e7ea52545c747d52aa2eb859fdf0dd8fa3f8e1.png','https://steamcdn-a.akamaihd.net/apps/583950/icons/set01/10026_large_latam.9edbad63edf281bae33c6a406449822fbfc8612a.png');
INSERT INTO Cartas VALUES (10028,'Hero','Lars Grant-West','Uncommon',110028);
INSERT INTO CardName VALUES(10028,"Viper","Viper","Viper","Vipera","바이퍼","Víbora","冥界亚龙","蝮蛇","Вайпер","Viper","ヴァイパー","Viper","Viper","Viper","Viper","Viper","Viper","Viper","Viper","Viper","Viper","Viper","Víbora","Viper","Viper","Viper","Víbora","Viper");
INSERT INTO LargeImage VALUES(10028,'https://steamcdn-a.akamaihd.net/apps/583950/icons/set01/10028_large_english.e719ad20481512a8afb4ca33ee882e3bad9e22b7.png','https://steamcdn-a.akamaihd.net/apps/583950/icons/set01/10028_large_german.db0459c94753c701dac0a1a04bf2918dce7ea444.png','https://steamcdn-a.akamaihd.net/apps/583950/icons/set01/10028_large_french.e3190c98a5e9723d87cfebb9b982fa25d0a2bf67.png','https://steamcdn-a.akamaihd.net/apps/583950/icons/set01/10028_large_italian.5f39181c1f4b65868e0b5af0a9a93a5e0daab4c9.png','https://steamcdn-a.akamaihd.net/apps/583950/icons/set01/10028_large_koreana.7cc76d03ea3a135f75b09d73908cee7869d045e1.png','https://steamcdn-a.akamaihd.net/apps/583950/icons/set01/10028_large_spanish.27b376a88a35cd9bf2549eef4c58a8ddaabb05f8.png','https://steamcdn-a.akamaihd.net/apps/583950/icons/set01/10028_large_schinese.6069a12201b12fad1166966d068872f18b0c5ec7.png','https://steamcdn-a.akamaihd.net/apps/583950/icons/set01/10028_large_tchinese.56c254191223afb045d7bdba1a754a9dcbc43f26.png','https://steamcdn-a.akamaihd.net/apps/583950/icons/set01/10028_large_russian.b61ea45c0ea38a8329fcfd641729a6a9b759a304.png','https://steamcdn-a.akamaihd.net/apps/583950/icons/set01/10028_large_japanese.02dc36fa28cdaaffadedf965caa2982e28dc4afd.png','https://steamcdn-a.akamaihd.net/apps/583950/icons/set01/10028_large_brazilian.eee441c177546e7b69cff550b65d9948ce369ceb.png','https://steamcdn-a.akamaihd.net/apps/583950/icons/set01/10028_large_latam.acd930b7ff23c38675a8416514ded1d9a9f0e24b.png');
INSERT INTO Cartas VALUES (10029,'Hero','Clint Cearley','Common',110029);
INSERT INTO CardName VALUES(10029,"Beastmaster","Bestienmeister","Maître des bêtes","Signore delle Belve","야수지배자","Señor de las Bestias","兽王","獸王","Повелитель зверей","Beastmaster","ビーストマスター","Beastmaster","Beastmaster","Beastmaster","Beastmaster","Beastmaster","Beastmaster","Beastmaster","Beastmaster","Beastmaster","Beastmaster","Beastmaster","Senhor das Feras","Beastmaster","Beastmaster","Beastmaster","Señor de las Bestias","Beastmaster");
INSERT INTO LargeImage VALUES(10029,'https://steamcdn-a.akamaihd.net/apps/583950/icons/set01/10029_large_english.342eae2e10527cf4555aa4cbb95e620784c36c06.png','https://steamcdn-a.akamaihd.net/apps/583950/icons/set01/10029_large_german.7e6046dd5fba1b44fd8547b4670fac5ca6d6ea9f.png','https://steamcdn-a.akamaihd.net/apps/583950/icons/set01/10029_large_french.fe43778207bbfb054552c9a3c071b9756f6b59fe.png','https://steamcdn-a.akamaihd.net/apps/583950/icons/set01/10029_large_italian.03d6a373d4d723780f489cc8c238d6daa3745f6d.png','https://steamcdn-a.akamaihd.net/apps/583950/icons/set01/10029_large_koreana.9f70dc128d8dda39ea80c33fa3847f1aa9a2ad4b.png','https://steamcdn-a.akamaihd.net/apps/583950/icons/set01/10029_large_spanish.baf6fac4d10715b729d66ab6cf9e730249a05d1c.png','https://steamcdn-a.akamaihd.net/apps/583950/icons/set01/10029_large_schinese.85914420fa4c391df285380a19fd0e8596666421.png','https://steamcdn-a.akamaihd.net/apps/583950/icons/set01/10029_large_tchinese.9772da80e4fa227ae15e68fc7a0ed4a1c614637e.png','https://steamcdn-a.akamaihd.net/apps/583950/icons/set01/10029_large_russian.f228ed1d2b1a11a1a72c7ffd8041133552641d26.png','https://steamcdn-a.akamaihd.net/apps/583950/icons/set01/10029_large_japanese.499b4517dbd89592456097329d9354064de2baa1.png','https://steamcdn-a.akamaihd.net/apps/583950/icons/set01/10029_large_brazilian.1d833bc220305bd636b0f4961908b7fb33f739ba.png','https://steamcdn-a.akamaihd.net/apps/583950/icons/set01/10029_large_latam.271af2d4961d32c496996cbbc1667cb35ffec0f6.png');
INSERT INTO Cartas VALUES (10030,'Hero','JiHun Lee','Common',110030);
INSERT INTO CardName VALUES(10030,"Bristleback","Borstenrücken","Hystripic","Schiena Acuminata","가시멧돼지","Lanzapúas","钢背兽","鋼背獸","Иглогрив","Bristleback","ブリストルバック","Bristleback","Bristleback","Bristleback","Bristleback","Bristleback","Bristleback","Bristleback","Bristleback","Bristleback","Bristleback","Bristleback","Espinhoso","Bristleback","Bristleback","Bristleback","Lanzapúas","Bristleback");
INSERT INTO LargeImage VALUES(10030,'https://steamcdn-a.akamaihd.net/apps/583950/icons/set01/10030_large_english.7baac5097d6dfae1df54f0dde30ef299ce47f7aa.png','https://steamcdn-a.akamaihd.net/apps/583950/icons/set01/10030_large_german.3594b194c5142f40c0526f8faebedcefa37be89e.png','https://steamcdn-a.akamaihd.net/apps/583950/icons/set01/10030_large_french.7db8455142d370a73c2ab7bda987d29e9fc2dbd3.png','https://steamcdn-a.akamaihd.net/apps/583950/icons/set01/10030_large_italian.d6118fcda4ecf67e3cb0da744a0ed6c1d84f27ea.png','https://steamcdn-a.akamaihd.net/apps/583950/icons/set01/10030_large_koreana.8e7ccb9901609e8f35fb61a9f775aa855609e7f4.png','https://steamcdn-a.akamaihd.net/apps/583950/icons/set01/10030_large_spanish.60f616caa0518d6ae1327abeface74b5b643be43.png','https://steamcdn-a.akamaihd.net/apps/583950/icons/set01/10030_large_schinese.e52b576dd88d1720d6176a27a25322d00d5a7d37.png','https://steamcdn-a.akamaihd.net/apps/583950/icons/set01/10030_large_tchinese.f018f4803ec3c25551089ead3ac256e1139b158d.png','https://steamcdn-a.akamaihd.net/apps/583950/icons/set01/10030_large_russian.54689a2abfbffced3a761be64e7fe583aa7bd2fe.png','https://steamcdn-a.akamaihd.net/apps/583950/icons/set01/10030_large_japanese.c04e6809a0dd9a2b0eb5ed1779c14f57ad3d15e8.png','https://steamcdn-a.akamaihd.net/apps/583950/icons/set01/10030_large_brazilian.ba18a838b21a2da2b11765357ca9ebc91299cf78.png','https://steamcdn-a.akamaihd.net/apps/583950/icons/set01/10030_large_latam.d4a4176ba4ad7bd91546e8691e44577634de19cc.png');
INSERT INTO Cartas VALUES (10031,'Hero','Scott M Fischer','Rare',110031);
INSERT INTO CardName VALUES(10031,"Kanna","Kanna","Kanna","Kanna","칸나","Kanna","卡娜","卡娜","Канна","Kanna","カンナ","Kanna","Kanna","Kanna","Kanna","Kanna","Kanna","Kanna","Kanna","Kanna","Kanna","Kanna","Kanna","Kanna","Kanna","Kanna","Kanna","Kanna");
INSERT INTO LargeImage VALUES(10031,'https://steamcdn-a.akamaihd.net/apps/583950/icons/set01/10031_large_english.c6fe233e118b6070aff7960f72b23446d76d53f4.png','https://steamcdn-a.akamaihd.net/apps/583950/icons/set01/10031_large_german.73ef5e5a73a35a1e1cca19903cec219340af3f79.png','https://steamcdn-a.akamaihd.net/apps/583950/icons/set01/10031_large_french.b3af635fb7e6635e4121844d44a39b002a52c81f.png','https://steamcdn-a.akamaihd.net/apps/583950/icons/set01/10031_large_italian.73ef5e5a73a35a1e1cca19903cec219340af3f79.png','https://steamcdn-a.akamaihd.net/apps/583950/icons/set01/10031_large_koreana.4a41e970bf753c154edd37adef033806a7b7256a.png','https://steamcdn-a.akamaihd.net/apps/583950/icons/set01/10031_large_spanish.6a851984a982dee8b50d8b3f9c0051b3fec18abd.png','https://steamcdn-a.akamaihd.net/apps/583950/icons/set01/10031_large_schinese.e1be2774386347d3fb7edd251d74002369c0253e.png','https://steamcdn-a.akamaihd.net/apps/583950/icons/set01/10031_large_tchinese.9460575ddd398de6a6cdeb436fa5d35cd77ba52e.png','https://steamcdn-a.akamaihd.net/apps/583950/icons/set01/10031_large_russian.44c700d83eec3c8eef52189105450bcc89a05060.png','https://steamcdn-a.akamaihd.net/apps/583950/icons/set01/10031_large_japanese.28f44fd0ccbc566df044c8f0f59826c34d5d60bf.png','https://steamcdn-a.akamaihd.net/apps/583950/icons/set01/10031_large_brazilian.b3af635fb7e6635e4121844d44a39b002a52c81f.png','https://steamcdn-a.akamaihd.net/apps/583950/icons/set01/10031_large_latam.0369f2819e2de8e970f7afe185dfc50a199b2ee2.png');
INSERT INTO Cartas VALUES (10032,'Hero','Livia Prima','Rare',110032);
INSERT INTO CardName VALUES(10032,"Drow Ranger","Waldhüterin der Drow","Rôdeuse drow","Guardaboschi Drow","드로우 레인저","Arquera Drow","卓尔游侠","卓爾遊俠","Дроу-стражница","Drow Ranger","ドラウレンジャー","Drow Ranger","Drow Ranger","Drow Ranger","Drow Ranger","Drow Ranger","Drow Ranger","Drow Ranger","Drow Ranger","Drow Ranger","Drow Ranger","Drow Ranger","Patrulheira Drow","Drow Ranger","Drow Ranger","Drow Ranger","Arquera Drow","Drow Ranger");
INSERT INTO LargeImage VALUES(10032,'https://steamcdn-a.akamaihd.net/apps/583950/icons/set01/10032_large_english.760a74718fa8175604d4dd1f77955b5c975262ad.png','https://steamcdn-a.akamaihd.net/apps/583950/icons/set01/10032_large_german.0883d7533c515c7a61b488999c9ccae4edd39772.png','https://steamcdn-a.akamaihd.net/apps/583950/icons/set01/10032_large_french.75692fc330ebc2b65d13281504a03e15a11082ee.png','https://steamcdn-a.akamaihd.net/apps/583950/icons/set01/10032_large_italian.22880133c70fd0233363b7b68b371e21a33ec8a6.png','https://steamcdn-a.akamaihd.net/apps/583950/icons/set01/10032_large_koreana.2a68a018380008c342ac784976bc8686fa6bc226.png','https://steamcdn-a.akamaihd.net/apps/583950/icons/set01/10032_large_spanish.0561bccb71483706f56af89c3b97d88488bccffe.png','https://steamcdn-a.akamaihd.net/apps/583950/icons/set01/10032_large_schinese.9feec9b20bab7c47a5fbb48ef87e9c1097ca4ec7.png','https://steamcdn-a.akamaihd.net/apps/583950/icons/set01/10032_large_tchinese.30bde06b1c4a4df907ac9e07ac514535c91b10d4.png','https://steamcdn-a.akamaihd.net/apps/583950/icons/set01/10032_large_russian.f19f4866041b51a1e7da0646e6c52dc57f865e86.png','https://steamcdn-a.akamaihd.net/apps/583950/icons/set01/10032_large_japanese.45efae8158a0fe694e97b2291e4c22a753d65766.png','https://steamcdn-a.akamaihd.net/apps/583950/icons/set01/10032_large_brazilian.db6952772ccb0e298142c0c6e9568444c3c96728.png','https://steamcdn-a.akamaihd.net/apps/583950/icons/set01/10032_large_latam.71d355326ced6772507e4b73b6e4cc0ea6d38693.png');
INSERT INTO Cartas VALUES (10033,'Hero','Forrest Imel','Rare',110033);
INSERT INTO CardName VALUES(10033,"Earthshaker","Erdrüttler","Trembleterre","Scuotiterra","지진술사","Rompetierra","撼地者","撼地者","Землевержец","Earthshaker","アースシェイカー","Earthshaker","Earthshaker","Earthshaker","Earthshaker","Earthshaker","Earthshaker","Earthshaker","Earthshaker","Earthshaker","Earthshaker","Earthshaker","Terremoto","Earthshaker","Earthshaker","Earthshaker","Rompetierra","Earthshaker");
INSERT INTO LargeImage VALUES(10033,'https://steamcdn-a.akamaihd.net/apps/583950/icons/set01/10033_large_english.d3fc39744619f77fd6e95306dc0deb7315d17816.png','https://steamcdn-a.akamaihd.net/apps/583950/icons/set01/10033_large_german.1efd0aeb92989e6082ca12f31e6243d0717415a4.png','https://steamcdn-a.akamaihd.net/apps/583950/icons/set01/10033_large_french.9df49c85f6c56c4bdf7bc130943c258e62c17ec3.png','https://steamcdn-a.akamaihd.net/apps/583950/icons/set01/10033_large_italian.9f60abb652b14a72b2e37cace6587a113f4e711b.png','https://steamcdn-a.akamaihd.net/apps/583950/icons/set01/10033_large_koreana.63e0ead68c79beea737429c44ac1725b0bb835ae.png','https://steamcdn-a.akamaihd.net/apps/583950/icons/set01/10033_large_spanish.6692f3f4f09177a720f9414baeb3713639a594ba.png','https://steamcdn-a.akamaihd.net/apps/583950/icons/set01/10033_large_schinese.5a0d44d1768d35ea2c1073b3441c3924bdef1bc6.png','https://steamcdn-a.akamaihd.net/apps/583950/icons/set01/10033_large_tchinese.e97e73f4cc7319824565ac214a0dd65339e66080.png','https://steamcdn-a.akamaihd.net/apps/583950/icons/set01/10033_large_russian.880355e53ab2522f52449df3a7c1601d329c1a1d.png','https://steamcdn-a.akamaihd.net/apps/583950/icons/set01/10033_large_japanese.74f41a5da47580031446b71b40cf7a4969b83e6a.png','https://steamcdn-a.akamaihd.net/apps/583950/icons/set01/10033_large_brazilian.0005fc3780a9858a42da4c152b648318175e123b.png','https://steamcdn-a.akamaihd.net/apps/583950/icons/set01/10033_large_latam.0c5ffbdb54a48ece067de8f0aa923a5d1c490923.png');
INSERT INTO Cartas VALUES (10036,'Hero','Randy Vargas','Common',110036);
INSERT INTO CardName VALUES(10036,"Enchantress","Verzauberin","Enchanteresse","Incantatrice","요술사","Hechicera","魅惑魔女","魅惑魔女","Чаровница","Enchantress","エンチャントレス","Enchantress","Enchantress","Enchantress","Enchantress","Enchantress","Enchantress","Enchantress","Enchantress","Enchantress","Enchantress","Enchantress","Encantadora","Enchantress","Enchantress","Enchantress","Hechicera","Enchantress");
INSERT INTO LargeImage VALUES(10036,'https://steamcdn-a.akamaihd.net/apps/583950/icons/set01/10036_large_english.c39e5cc298f9f90abfc2e439e0902e943781be2f.png','https://steamcdn-a.akamaihd.net/apps/583950/icons/set01/10036_large_german.24a0b742ddbef7bf79042ae88609455bdb2b775c.png','https://steamcdn-a.akamaihd.net/apps/583950/icons/set01/10036_large_french.3977819983053f2901118f01e03fabb42a5e6568.png','https://steamcdn-a.akamaihd.net/apps/583950/icons/set01/10036_large_italian.17961a8f9e8e83d58f79f3e0666d69c16fa7c39d.png','https://steamcdn-a.akamaihd.net/apps/583950/icons/set01/10036_large_koreana.03740f3ba5f1b14db1f38415828e1fc029017e8c.png','https://steamcdn-a.akamaihd.net/apps/583950/icons/set01/10036_large_spanish.5ebb45d01aaf5a79ce39143577a1e9d51b55780f.png','https://steamcdn-a.akamaihd.net/apps/583950/icons/set01/10036_large_schinese.dbc120291f76be5bbc63bd75e92cfd75fb6566a0.png','https://steamcdn-a.akamaihd.net/apps/583950/icons/set01/10036_large_tchinese.7c3fa8f45f26457e15a5fae66ebf5951790f17ae.png','https://steamcdn-a.akamaihd.net/apps/583950/icons/set01/10036_large_russian.08c6a93080aaddfe8767e894e0610dcfad402b0d.png','https://steamcdn-a.akamaihd.net/apps/583950/icons/set01/10036_large_japanese.a22612df9133a45f968a2c94bf69caddeb519a84.png','https://steamcdn-a.akamaihd.net/apps/583950/icons/set01/10036_large_brazilian.d068d38a0cd719af5b8c946bbe7162f3fe4ca862.png','https://steamcdn-a.akamaihd.net/apps/583950/icons/set01/10036_large_latam.f4f96ba3d2171503846a9952a50c101b6a2b7f76.png');
INSERT INTO Cartas VALUES (10038,'Hero','Wisnu Tan','Rare',110038);
INSERT INTO CardName VALUES(10038,"Lich","Lich","Mage-liche","Lich","리치","Liche","巫妖","巫妖","Лич","Lich","リッチ","Lich","Lich","Lich","Lich","Lich","Lich","Lich","Lich","Lich","Lich","Lich","Lich","Lich","Lich","Lich","Liche","Lich");
INSERT INTO LargeImage VALUES(10038,'https://steamcdn-a.akamaihd.net/apps/583950/icons/set01/10038_large_english.cbc393ff341db8d489019a02a4593b41325716c3.png','https://steamcdn-a.akamaihd.net/apps/583950/icons/set01/10038_large_german.9e9a06b3cc892c0149bc0c9ccc68ad754434e9c3.png','https://steamcdn-a.akamaihd.net/apps/583950/icons/set01/10038_large_french.d3e4327dd22236c26000327564ff81cbd5aaf4e3.png','https://steamcdn-a.akamaihd.net/apps/583950/icons/set01/10038_large_italian.9e9a06b3cc892c0149bc0c9ccc68ad754434e9c3.png','https://steamcdn-a.akamaihd.net/apps/583950/icons/set01/10038_large_koreana.02c4a65cb85e90d21310029f0730a2997a49508d.png','https://steamcdn-a.akamaihd.net/apps/583950/icons/set01/10038_large_spanish.c2d86ecdc129b48031ff4b48cd1e706e364c2e23.png','https://steamcdn-a.akamaihd.net/apps/583950/icons/set01/10038_large_schinese.3f099bb914d36d5908875fbabb3f32f4faa381d6.png','https://steamcdn-a.akamaihd.net/apps/583950/icons/set01/10038_large_tchinese.9b12b9f92e16ce740896f4e2a4cbd5417726d4e4.png','https://steamcdn-a.akamaihd.net/apps/583950/icons/set01/10038_large_russian.96bd741fe813ed644911e3b07c11e5a5aaf48d8f.png','https://steamcdn-a.akamaihd.net/apps/583950/icons/set01/10038_large_japanese.81c065eeb08790bad97e6fe17b9022b6feaf1d5f.png','https://steamcdn-a.akamaihd.net/apps/583950/icons/set01/10038_large_brazilian.a0f4cfb19cbcf7fda58facd21846a5e08232d32f.png','https://steamcdn-a.akamaihd.net/apps/583950/icons/set01/10038_large_latam.be87ff1287ab2d4271323dce1b09d4cdf9168b20.png');
INSERT INTO Cartas VALUES (10043,'Hero','Randy Vargas','Common',110043);
INSERT INTO CardName VALUES(10043,"Ogre Magi","Ogermagier","Ogre mage","Ogre Magi","오거 마법사","Ogro Mago","食人魔魔法师","食人魔法師","Огр-маг","Ogre Magi","オーガマギ","Ogre Magi","Ogre Magi","Ogre Magi","Ogre Magi","Ogre Magi","Ogre Magi","Ogre Magi","Ogre Magi","Ogre Magi","Ogre Magi","Ogre Magi","Ogro Magi","Ogre Magi","Ogre Magi","Ogre Magi","Ogro Mago","Ogre Magi");
INSERT INTO LargeImage VALUES(10043,'https://steamcdn-a.akamaihd.net/apps/583950/icons/set01/10043_large_english.a5b2bfa21b51c7d06fdba959b6f14dbf6bb26839.png','https://steamcdn-a.akamaihd.net/apps/583950/icons/set01/10043_large_german.bf0570191769301b8926a87faf4532980e5163c4.png','https://steamcdn-a.akamaihd.net/apps/583950/icons/set01/10043_large_french.3d757cea8cb34edeba4178bb255d22aeadc82aea.png','https://steamcdn-a.akamaihd.net/apps/583950/icons/set01/10043_large_italian.8ae340d8d40f107d82ac8f7f99ae7faa749015f6.png','https://steamcdn-a.akamaihd.net/apps/583950/icons/set01/10043_large_koreana.6ddbf297d9ebf64e39cdb542ebb12eefe4b482cb.png','https://steamcdn-a.akamaihd.net/apps/583950/icons/set01/10043_large_spanish.88624c81613168629a8ea724aac4712021b3f007.png','https://steamcdn-a.akamaihd.net/apps/583950/icons/set01/10043_large_schinese.b1ea9b4dc730c1636624fc87c948cd930bc48897.png','https://steamcdn-a.akamaihd.net/apps/583950/icons/set01/10043_large_tchinese.7d090ee7ed30d1c5c37c1682763331a4c44dc4fc.png','https://steamcdn-a.akamaihd.net/apps/583950/icons/set01/10043_large_russian.8d5d60c57d734ef6455c272ceb012b22d6f998cd.png','https://steamcdn-a.akamaihd.net/apps/583950/icons/set01/10043_large_japanese.27d91393160c0d40348640dfce3a508368b7b7ec.png','https://steamcdn-a.akamaihd.net/apps/583950/icons/set01/10043_large_brazilian.cada3bc88c6a34c77190bf5f3b6fe698124b18cf.png','https://steamcdn-a.akamaihd.net/apps/583950/icons/set01/10043_large_latam.46a55e44cfef40bccdd86acab772ef1cd3e6f1a6.png');
INSERT INTO Cartas VALUES (10044,'Hero','Sam Carr','Rare',110044);
INSERT INTO CardName VALUES(10044,"Omniknight","Omniritter","Omnichevalier","Onnicavaliere","전능기사","Omnipaladín","全知骑士","全知騎士","Рыцарь Всезнания","Omniknight","オムニナイト","Omniknight","Omniknight","Omniknight","Omniknight","Omniknight","Omniknight","Omniknight","Omniknight","Omniknight","Omniknight","Omniknight","Onitemplário","Omniknight","Omniknight","Omniknight","Omnipaladín","Omniknight");
INSERT INTO LargeImage VALUES(10044,'https://steamcdn-a.akamaihd.net/apps/583950/icons/set01/10044_large_english.df491745648d452c33cf48487ba89c13129d26b4.png','https://steamcdn-a.akamaihd.net/apps/583950/icons/set01/10044_large_german.13e72e81b8493562cd0a07a68b026b205c19a172.png','https://steamcdn-a.akamaihd.net/apps/583950/icons/set01/10044_large_french.9a8c0af10f7b6d6aa8c42277e6b88a38b4e0d862.png','https://steamcdn-a.akamaihd.net/apps/583950/icons/set01/10044_large_italian.4e22320a524b37369e02080bd244c37b4334df9a.png','https://steamcdn-a.akamaihd.net/apps/583950/icons/set01/10044_large_koreana.92a7cfec7a3cf9e083ff7deb6637ca853ea7654b.png','https://steamcdn-a.akamaihd.net/apps/583950/icons/set01/10044_large_spanish.57e410a2f2b5ffa46905dc42a50851a6b41e6963.png','https://steamcdn-a.akamaihd.net/apps/583950/icons/set01/10044_large_schinese.9d200cd64e537004b8d262d46503da16c7173c4f.png','https://steamcdn-a.akamaihd.net/apps/583950/icons/set01/10044_large_tchinese.8172034c95728edb2a1a12309220a6abe2d61f80.png','https://steamcdn-a.akamaihd.net/apps/583950/icons/set01/10044_large_russian.ad6d52db4a372d0fdc6eb4c2e64216a9a19eeac1.png','https://steamcdn-a.akamaihd.net/apps/583950/icons/set01/10044_large_japanese.d8c7ee23e1ce1c57da389dda44a33ed80d2816c3.png','https://steamcdn-a.akamaihd.net/apps/583950/icons/set01/10044_large_brazilian.42e63bebfe9d84abc8c0d9134fbd001c85e8e70d.png','https://steamcdn-a.akamaihd.net/apps/583950/icons/set01/10044_large_latam.f4410477ff6c21857bd61db7d3bc73ee0604f439.png');
INSERT INTO Cartas VALUES (10046,'Hero','Joseph Meehan','Uncommon',110046);
INSERT INTO CardName VALUES(10046,"Outworld Devourer","Verschlinger der Außenwelten","Dévoreur de l'Autremonde","Divoratore dell'Oltremondo","외계 침략자","Devorador del Extramundo","殁境神蚀者","歿境毀滅者","Поглотитель Внемирья","Outworld Devourer","外世界のデバウアラー","Outworld Devourer","Outworld Devourer","Outworld Devourer","Outworld Devourer","Outworld Devourer","Outworld Devourer","Outworld Devourer","Outworld Devourer","Outworld Devourer","Outworld Devourer","Outworld Devourer","Devorador D'outromundo","Outworld Devourer","Outworld Devourer","Outworld Devourer","Devorador del Extramundo","Outworld Devourer");
INSERT INTO LargeImage VALUES(10046,'https://steamcdn-a.akamaihd.net/apps/583950/icons/set01/10046_large_english.2836362043d239d59eeecf356ed6fd90ebb56c54.png','https://steamcdn-a.akamaihd.net/apps/583950/icons/set01/10046_large_german.aab9a230fe8eeeb114c4d7ac82454c354422f80c.png','https://steamcdn-a.akamaihd.net/apps/583950/icons/set01/10046_large_french.2af6d781c0304acadd2689dfd9da996d79123b00.png','https://steamcdn-a.akamaihd.net/apps/583950/icons/set01/10046_large_italian.0a66c7d4487f30be789ee626b98faf6e91a19e57.png','https://steamcdn-a.akamaihd.net/apps/583950/icons/set01/10046_large_koreana.c4fbac936bc6a0c570494b5d9136e6174a00875e.png','https://steamcdn-a.akamaihd.net/apps/583950/icons/set01/10046_large_spanish.f9ab4f1726658a68050c666e378468b7b012710a.png','https://steamcdn-a.akamaihd.net/apps/583950/icons/set01/10046_large_schinese.0003d9db2a379f56c04cf03d0810a3d7286c83ff.png','https://steamcdn-a.akamaihd.net/apps/583950/icons/set01/10046_large_tchinese.0b9552ad2a339c242d90d9fc771f1266246d3346.png','https://steamcdn-a.akamaihd.net/apps/583950/icons/set01/10046_large_russian.5cb92b14609fbc67983d769b58037dbdc00b3c1f.png','https://steamcdn-a.akamaihd.net/apps/583950/icons/set01/10046_large_japanese.5a7f51d38b267672bc6a5baafa595373029cd7fd.png','https://steamcdn-a.akamaihd.net/apps/583950/icons/set01/10046_large_brazilian.8a5cc09402e584ef0bce8ba2c4066b9dc1807bc7.png','https://steamcdn-a.akamaihd.net/apps/583950/icons/set01/10046_large_latam.8f473c40acbca5b8f9bab4d2b373a82caf63ccbd.png');
INSERT INTO Cartas VALUES (10047,'Hero','Greg Opalinski','Common',110047);
INSERT INTO CardName VALUES(10047,"Phantom Assassin","Phantomassassine","Lame fantôme","Spettro Assassino","유령 자객","Asesina Fantasma","幻影刺客","幻影刺客","Фантомная убийца","Phantom Assassin","ファントムアサシン","Phantom Assassin","Phantom Assassin","Phantom Assassin","Phantom Assassin","Phantom Assassin","Phantom Assassin","Phantom Assassin","Phantom Assassin","Phantom Assassin","Phantom Assassin","Phantom Assassin","Assassina Fantasma","Phantom Assassin","Phantom Assassin","Phantom Assassin","Asesina Fantasma","Phantom Assassin");
INSERT INTO LargeImage VALUES(10047,'https://steamcdn-a.akamaihd.net/apps/583950/icons/set01/10047_large_english.32b3935783f9817f4aa750a11f0a1f1ee4b3708e.png','https://steamcdn-a.akamaihd.net/apps/583950/icons/set01/10047_large_german.b20d3cbf3e9c8c6a9e4144286c53f210dcba2542.png','https://steamcdn-a.akamaihd.net/apps/583950/icons/set01/10047_large_french.6f0d11323d97d3ae4f3ee2ab6486c79755c0b873.png','https://steamcdn-a.akamaihd.net/apps/583950/icons/set01/10047_large_italian.3be625c531da120c365e6ed984d6e74a4b8c2beb.png','https://steamcdn-a.akamaihd.net/apps/583950/icons/set01/10047_large_koreana.986dfe670105a5609a7abd73d243d45de938eca9.png','https://steamcdn-a.akamaihd.net/apps/583950/icons/set01/10047_large_spanish.4891d8e9101b02447cebd90c108afc76413e9397.png','https://steamcdn-a.akamaihd.net/apps/583950/icons/set01/10047_large_schinese.928942c64636b9308c3a4b8fcd3cd0e12953fcde.png','https://steamcdn-a.akamaihd.net/apps/583950/icons/set01/10047_large_tchinese.f37ccdeaf16b06ef2d3f723882d67b4d8422264a.png','https://steamcdn-a.akamaihd.net/apps/583950/icons/set01/10047_large_russian.af11d0161f18bab81987035e003b315fec075202.png','https://steamcdn-a.akamaihd.net/apps/583950/icons/set01/10047_large_japanese.c70bde54afc0e21ade4d088313ed570dbbfdc159.png','https://steamcdn-a.akamaihd.net/apps/583950/icons/set01/10047_large_brazilian.320962e62e8f87a2ac2f008050037a65c049123d.png','https://steamcdn-a.akamaihd.net/apps/583950/icons/set01/10047_large_latam.4adfcc8b42a281c4683900851784a225c46db2c0.png');
INSERT INTO Cartas VALUES (10048,'Hero','Randy Vargas','Rare',110048);
INSERT INTO CardName VALUES(10048,"Pugna","Pugna","Pugna","Pugna","퍼그나","Pugna","帕格纳","帕格納","Пугна","Pugna","パグナ","Pugna","Pugna","Pugna","Pugna","Pugna","Pugna","Pugna","Pugna","Pugna","Pugna","Pugna","Pugna","Pugna","Pugna","Pugna","Pugna","Pugna");
INSERT INTO LargeImage VALUES(10048,'https://steamcdn-a.akamaihd.net/apps/583950/icons/set01/10048_large_english.97dbde314949a0de161ed7276d3b164a2b7b8bb3.png','https://steamcdn-a.akamaihd.net/apps/583950/icons/set01/10048_large_german.c656b2d44fbfa87c00d5978b76f7e5b75c3b0be8.png','https://steamcdn-a.akamaihd.net/apps/583950/icons/set01/10048_large_french.8347af5ab4abe4634c7d644eba267d023f3e2e63.png','https://steamcdn-a.akamaihd.net/apps/583950/icons/set01/10048_large_italian.c656b2d44fbfa87c00d5978b76f7e5b75c3b0be8.png','https://steamcdn-a.akamaihd.net/apps/583950/icons/set01/10048_large_koreana.8a05e75048b73c43e81846f3291d5afa3267fdd5.png','https://steamcdn-a.akamaihd.net/apps/583950/icons/set01/10048_large_spanish.6db927bc907298055f4aea73dd798456c261e1aa.png','https://steamcdn-a.akamaihd.net/apps/583950/icons/set01/10048_large_schinese.4274bdfed4d603588124030d55e85cf26c857ddf.png','https://steamcdn-a.akamaihd.net/apps/583950/icons/set01/10048_large_tchinese.a9db6f81a6fdf49088b3142a8a56a35354141668.png','https://steamcdn-a.akamaihd.net/apps/583950/icons/set01/10048_large_russian.77545a15e285909ca5632208850bddd704c8759e.png','https://steamcdn-a.akamaihd.net/apps/583950/icons/set01/10048_large_japanese.603d63e7e7daca61f7d9a965dafe76fc62949cc6.png','https://steamcdn-a.akamaihd.net/apps/583950/icons/set01/10048_large_brazilian.8347af5ab4abe4634c7d644eba267d023f3e2e63.png','https://steamcdn-a.akamaihd.net/apps/583950/icons/set01/10048_large_latam.a3a3e580c9fe540f16bf37c22ccd0275082cc244.png');
INSERT INTO Cartas VALUES (10050,'Hero','Forrest Imel','Uncommon',110050);
INSERT INTO CardName VALUES(10050,"Sniper","Scharfschütze","Sniper","Cecchino","저격수","Francotirador","狙击手","狙擊手","Снайпер","Sniper","スナイパー","Sniper","Sniper","Sniper","Sniper","Sniper","Sniper","Sniper","Sniper","Sniper","Sniper","Sniper","Franco-atirador","Sniper","Sniper","Sniper","Francotirador","Sniper");
INSERT INTO LargeImage VALUES(10050,'https://steamcdn-a.akamaihd.net/apps/583950/icons/set01/10050_large_english.21ad237425cc9eb7b76b2a2d6bbf63913281a3b8.png','https://steamcdn-a.akamaihd.net/apps/583950/icons/set01/10050_large_german.4ff92cd6180d19d575d89ef2303c1029d3e5ade3.png','https://steamcdn-a.akamaihd.net/apps/583950/icons/set01/10050_large_french.9e1b6bfd98f569769e7d252ed98f6ce41c6f21e3.png','https://steamcdn-a.akamaihd.net/apps/583950/icons/set01/10050_large_italian.865b37a69854d125b53cd36078a087c90a05628e.png','https://steamcdn-a.akamaihd.net/apps/583950/icons/set01/10050_large_koreana.44ed33bc7b9d65a608e555cac81bdfe5208ec582.png','https://steamcdn-a.akamaihd.net/apps/583950/icons/set01/10050_large_spanish.79bd4656bb08c5d21434fae6317c4e4544b7a112.png','https://steamcdn-a.akamaihd.net/apps/583950/icons/set01/10050_large_schinese.674590deee746f5a099f80410a0899d239e1d9ae.png','https://steamcdn-a.akamaihd.net/apps/583950/icons/set01/10050_large_tchinese.e83d89074449af761e3b53dbfb9f9c4733d17481.png','https://steamcdn-a.akamaihd.net/apps/583950/icons/set01/10050_large_russian.0393be72d20386befe9d34ba63466cfeea68e890.png','https://steamcdn-a.akamaihd.net/apps/583950/icons/set01/10050_large_japanese.1915cd9751ee533ea289ce97eef9d94e0a3a6782.png','https://steamcdn-a.akamaihd.net/apps/583950/icons/set01/10050_large_brazilian.7145c5d8da3c95538ccda600101ce128765ef412.png','https://steamcdn-a.akamaihd.net/apps/583950/icons/set01/10050_large_latam.4dc77e265c0495eafe747c609a01bcb5b1e5aff4.png');
INSERT INTO Cartas VALUES (10052,'Hero','Lius Lasahido','Common',110052);
INSERT INTO CardName VALUES(10052,"Mazzie","Mazzie","Mazzie","Mazzie","매지","Mazi","梅兹","梅茲","Маззи","Mazzie","マズィー","Mazzie","Mazzie","Mazzie","Mazzie","Mazzie","Mazzie","Mazzie","Mazzie","Mazzie","Mazzie","Mazzie","Mazzie","Mazzie","Mazzie","Mazzie","Mazi","Mazzie");
INSERT INTO LargeImage VALUES(10052,'https://steamcdn-a.akamaihd.net/apps/583950/icons/set01/10052_large_english.91ffd6e74b18310a4d0c4a7c2df3de2514d7d2fa.png','https://steamcdn-a.akamaihd.net/apps/583950/icons/set01/10052_large_german.a8d6f66974ad1fa0c65f58afca6eeff1ca6b7c71.png','https://steamcdn-a.akamaihd.net/apps/583950/icons/set01/10052_large_french.7881f96921a1adb6440dadf3086fc39c0232c0b4.png','https://steamcdn-a.akamaihd.net/apps/583950/icons/set01/10052_large_italian.a8d6f66974ad1fa0c65f58afca6eeff1ca6b7c71.png','https://steamcdn-a.akamaihd.net/apps/583950/icons/set01/10052_large_koreana.bbf6711c5c2388f5e6b19391f2b9eb0732aea674.png','https://steamcdn-a.akamaihd.net/apps/583950/icons/set01/10052_large_spanish.dbc4525368a1085ba1a786929dd7a25e20179200.png','https://steamcdn-a.akamaihd.net/apps/583950/icons/set01/10052_large_schinese.9bd4b2cffd32563c3b8430b80ea9139c3349dbc2.png','https://steamcdn-a.akamaihd.net/apps/583950/icons/set01/10052_large_tchinese.54fd0c903d09cb89bf08a7eecefe7043655b3a12.png','https://steamcdn-a.akamaihd.net/apps/583950/icons/set01/10052_large_russian.1dc20d7e44e150f6edcc6c6316aa32f0427f37a6.png','https://steamcdn-a.akamaihd.net/apps/583950/icons/set01/10052_large_japanese.6f62d999b38dff038f2e6c6e2d18ed2f51f214c5.png','https://steamcdn-a.akamaihd.net/apps/583950/icons/set01/10052_large_brazilian.7881f96921a1adb6440dadf3086fc39c0232c0b4.png','https://steamcdn-a.akamaihd.net/apps/583950/icons/set01/10052_large_latam.c2ade7a6b12583a2e07ef1fe062c6188f87deb98.png');
INSERT INTO Cartas VALUES (10053,'Hero','Lius Lasahido','Uncommon',110053);
INSERT INTO CardName VALUES(10053,"Prellex","Prellex","Prellex","Prellex","프렐렉스","Prélex","普瑞蕾斯","普瑞蕾斯","Преллекс","Prellex","プレレックス","Prellex","Prellex","Prellex","Prellex","Prellex","Prellex","Prellex","Prellex","Prellex","Prellex","Prellex","Prellex","Prellex","Prellex","Prellex","Prélex","Prellex");
INSERT INTO LargeImage VALUES(10053,'https://steamcdn-a.akamaihd.net/apps/583950/icons/set01/10053_large_english.986a79a5706e263a398c2b933b1c6f297ae73fc5.png','https://steamcdn-a.akamaihd.net/apps/583950/icons/set01/10053_large_german.1598b689551816a7ed8764e00e62745f56f10f60.png','https://steamcdn-a.akamaihd.net/apps/583950/icons/set01/10053_large_french.42a24d168f19d373f5f874c96da85ec8476de883.png','https://steamcdn-a.akamaihd.net/apps/583950/icons/set01/10053_large_italian.1598b689551816a7ed8764e00e62745f56f10f60.png','https://steamcdn-a.akamaihd.net/apps/583950/icons/set01/10053_large_koreana.fd4ca30fe952318355489b8358f6ccb0af6cb54e.png','https://steamcdn-a.akamaihd.net/apps/583950/icons/set01/10053_large_spanish.90584618d89461cac4d67f45826af318d1a9ddfe.png','https://steamcdn-a.akamaihd.net/apps/583950/icons/set01/10053_large_schinese.80c2e3987e33d7dfcb50b246ed8ad1d80276a72c.png','https://steamcdn-a.akamaihd.net/apps/583950/icons/set01/10053_large_tchinese.249ce8c7a683d4e4a70dac6c056797a9c82ddc15.png','https://steamcdn-a.akamaihd.net/apps/583950/icons/set01/10053_large_russian.fc8c890c919f70cdf23082ec40cd918571f71e53.png','https://steamcdn-a.akamaihd.net/apps/583950/icons/set01/10053_large_japanese.3b9c6a03b5409c14cf1977daeab64ecbfb817f23.png','https://steamcdn-a.akamaihd.net/apps/583950/icons/set01/10053_large_brazilian.42a24d168f19d373f5f874c96da85ec8476de883.png','https://steamcdn-a.akamaihd.net/apps/583950/icons/set01/10053_large_latam.fe3616cc2cc05d5f54e6faa9d0b6aa26e57f9810.png');
INSERT INTO Cartas VALUES (10054,'Hero','Yongjae Choi','Common',110054);
INSERT INTO CardName VALUES(10054,"Sven","Sven","Sven","Sven","스벤","Sven","斯温","斯溫","Свен","Sven","スヴェン","Sven","Sven","Sven","Sven","Sven","Sven","Sven","Sven","Sven","Sven","Sven","Sven","Sven","Sven","Sven","Sven","Sven");
INSERT INTO LargeImage VALUES(10054,'https://steamcdn-a.akamaihd.net/apps/583950/icons/set01/10054_large_english.6a4fc1857433289a3777572c7860b0d00aa34712.png','https://steamcdn-a.akamaihd.net/apps/583950/icons/set01/10054_large_german.0c0845863c2fa16afb43090e6a9f9f1f41175f06.png','https://steamcdn-a.akamaihd.net/apps/583950/icons/set01/10054_large_french.b217405d5e813028d942b5bd301e486f176fb330.png','https://steamcdn-a.akamaihd.net/apps/583950/icons/set01/10054_large_italian.0c0845863c2fa16afb43090e6a9f9f1f41175f06.png','https://steamcdn-a.akamaihd.net/apps/583950/icons/set01/10054_large_koreana.cba8834816dd67b18e05cd8290b86acb9a2f3423.png','https://steamcdn-a.akamaihd.net/apps/583950/icons/set01/10054_large_spanish.c6b5e466e94366548c9f4e9620a49d82ba6e55be.png','https://steamcdn-a.akamaihd.net/apps/583950/icons/set01/10054_large_schinese.b92f1c739eebe361894b2d8535ff2677aa4e7123.png','https://steamcdn-a.akamaihd.net/apps/583950/icons/set01/10054_large_tchinese.44b95ff61d5a471d1c5615e9fd3a372027235a54.png','https://steamcdn-a.akamaihd.net/apps/583950/icons/set01/10054_large_russian.317eeb73b022e18030d6db7d95ed6aeea2df31b9.png','https://steamcdn-a.akamaihd.net/apps/583950/icons/set01/10054_large_japanese.5cb0eee3cb2bfa780aa358117c6224f65622aa99.png','https://steamcdn-a.akamaihd.net/apps/583950/icons/set01/10054_large_brazilian.b217405d5e813028d942b5bd301e486f176fb330.png','https://steamcdn-a.akamaihd.net/apps/583950/icons/set01/10054_large_latam.d16020f4a4ba2348c320c1b340a0351477af6d6b.png');
INSERT INTO Cartas VALUES (10056,'Hero','Alix Branwyn','Common',110056);
INSERT INTO CardName VALUES(10056,"Treant Protector","Treant-Beschützer","Protecteur tréant","Treant Protettore","나무정령 수호자","Protector Ent","树精卫士","樹精衛士","Энт-защитник","Treant Protector","トレントプロテクター","Treant Protector","Treant Protector","Treant Protector","Treant Protector","Treant Protector","Treant Protector","Treant Protector","Treant Protector","Treant Protector","Treant Protector","Treant Protector","Protetor Arvoroso","Treant Protector","Treant Protector","Treant Protector","Protector Ent","Treant Protector");
INSERT INTO LargeImage VALUES(10056,'https://steamcdn-a.akamaihd.net/apps/583950/icons/set01/10056_large_english.67a59070be3f2650c6344a6b63a119442756fc03.png','https://steamcdn-a.akamaihd.net/apps/583950/icons/set01/10056_large_german.e47ec3a36167717a00c13b3a8bca9f585942dfb7.png','https://steamcdn-a.akamaihd.net/apps/583950/icons/set01/10056_large_french.1ca4cc4c775a12bdb861ebb7294f7716b462b039.png','https://steamcdn-a.akamaihd.net/apps/583950/icons/set01/10056_large_italian.b0c9b4a11251bc92d04836e83f137caf7f0e122a.png','https://steamcdn-a.akamaihd.net/apps/583950/icons/set01/10056_large_koreana.fc0111ba0f9e5a695a7359719abe058e042b6bb9.png','https://steamcdn-a.akamaihd.net/apps/583950/icons/set01/10056_large_spanish.0dbfe4d0d8139e3e34ea764bab3b074a84ea8275.png','https://steamcdn-a.akamaihd.net/apps/583950/icons/set01/10056_large_schinese.07042e671fb13a55cda875c8ff68bb2c17ebc462.png','https://steamcdn-a.akamaihd.net/apps/583950/icons/set01/10056_large_tchinese.7178d8d3d7099f84f0d8b6b2b0e02a4c9f5cd660.png','https://steamcdn-a.akamaihd.net/apps/583950/icons/set01/10056_large_russian.23ac79806627871311bc5bb4ce39747ba1ec532c.png','https://steamcdn-a.akamaihd.net/apps/583950/icons/set01/10056_large_japanese.1fb8a38d8b93ed963f6f84b4fcba4203770ae5c7.png','https://steamcdn-a.akamaihd.net/apps/583950/icons/set01/10056_large_brazilian.6e240002be4b16e60a902f863e96c39f6244f2d7.png','https://steamcdn-a.akamaihd.net/apps/583950/icons/set01/10056_large_latam.f1a61ce8de75e86b244333592fb9d28923d5b737.png');
INSERT INTO Cartas VALUES (10058,'Hero','Tyler Jacobson','Uncommon',110058);
INSERT INTO CardName VALUES(10058,"Sorla Khan","Sorla Khan","Sorla Khan","Sorla Khan","솔라 칸","Sorla Khan","索尔拉可汗","索爾拉可汗","Сорла-хан","Sorla Khan","ソーラ・カーン","Sorla Khan","Sorla Khan","Sorla Khan","Sorla Khan","Sorla Khan","Sorla Khan","Sorla Khan","Sorla Khan","Sorla Khan","Sorla Khan","Sorla Khan","Sorla Khan","Sorla Khan","Sorla Khan","Sorla Khan","Sorla Khan","Sorla Khan");
INSERT INTO LargeImage VALUES(10058,'https://steamcdn-a.akamaihd.net/apps/583950/icons/set01/10058_large_english.bc8edede0e958a9c60bf151cb8d0da7b3080334d.png','https://steamcdn-a.akamaihd.net/apps/583950/icons/set01/10058_large_german.5dd14afc56f834388f35a96ac902e8fa0438b8da.png','https://steamcdn-a.akamaihd.net/apps/583950/icons/set01/10058_large_french.2af4a24b56610eaea13a9bba1e134f1af79a91b6.png','https://steamcdn-a.akamaihd.net/apps/583950/icons/set01/10058_large_italian.5dd14afc56f834388f35a96ac902e8fa0438b8da.png','https://steamcdn-a.akamaihd.net/apps/583950/icons/set01/10058_large_koreana.7c153d097dc968185f70e948f53fd403613e5d94.png','https://steamcdn-a.akamaihd.net/apps/583950/icons/set01/10058_large_spanish.030941f5fdc732dadddc05b895012e85069f926e.png','https://steamcdn-a.akamaihd.net/apps/583950/icons/set01/10058_large_schinese.a405b106ea149b1be58ec03c8299aa262d7245d1.png','https://steamcdn-a.akamaihd.net/apps/583950/icons/set01/10058_large_tchinese.d2b38dc3c017c164fbab88071ad16c30708eb09c.png','https://steamcdn-a.akamaihd.net/apps/583950/icons/set01/10058_large_russian.6586c32745db7eaf103652d11e9060a63fee11bb.png','https://steamcdn-a.akamaihd.net/apps/583950/icons/set01/10058_large_japanese.3f5ac2da25f1bc3ccffe3319f757e4a21395fc8d.png','https://steamcdn-a.akamaihd.net/apps/583950/icons/set01/10058_large_brazilian.2af4a24b56610eaea13a9bba1e134f1af79a91b6.png','https://steamcdn-a.akamaihd.net/apps/583950/icons/set01/10058_large_latam.54e7bf250a2138475dda9364ed8b869b2b5e87a2.png');
INSERT INTO Cartas VALUES (10059,'Hero','Kieran Yanner','Common',110059);
INSERT INTO CardName VALUES(10059,"Necrophos","Nekrophos","Nécrophos","Necrophos","강령사제","Necrofos","瘟疫法师","死靈法師","Некрофос","Necrophos","ネクロフォス","Necrophos","Necrophos","Necrophos","Necrophos","Necrophos","Necrophos","Necrophos","Necrophos","Necrophos","Necrophos","Necrophos","Nécrofos","Necrophos","Necrophos","Necrophos","Necrofos","Necrophos");
INSERT INTO LargeImage VALUES(10059,'https://steamcdn-a.akamaihd.net/apps/583950/icons/set01/10059_large_english.207654d5396dfc715bdeaa28367007346653110c.png','https://steamcdn-a.akamaihd.net/apps/583950/icons/set01/10059_large_german.96fd307f87e0d9ab8d38db5b3f226dc7719d3a0d.png','https://steamcdn-a.akamaihd.net/apps/583950/icons/set01/10059_large_french.7b4ac462ce33045485ee3ac569b63aa15b88e422.png','https://steamcdn-a.akamaihd.net/apps/583950/icons/set01/10059_large_italian.cefdb7bc34516fe7236ab2d6dbadef3cfb70e0be.png','https://steamcdn-a.akamaihd.net/apps/583950/icons/set01/10059_large_koreana.3f1f602ff7094e84a43a0010e0e2da32e7410de6.png','https://steamcdn-a.akamaihd.net/apps/583950/icons/set01/10059_large_spanish.8523d509c4c8e19b97625308226e2b1d6c8bcc6c.png','https://steamcdn-a.akamaihd.net/apps/583950/icons/set01/10059_large_schinese.2339b12cfd9722757a7ec08db2b459478cf81890.png','https://steamcdn-a.akamaihd.net/apps/583950/icons/set01/10059_large_tchinese.eddc6f70ae061e99f8fe209a958e7dcd4493de84.png','https://steamcdn-a.akamaihd.net/apps/583950/icons/set01/10059_large_russian.01802d3c988ffadc3bac3f112863f2f793ed2a33.png','https://steamcdn-a.akamaihd.net/apps/583950/icons/set01/10059_large_japanese.4b3584bcf8ed928d20fea66b5f2a53919e96b682.png','https://steamcdn-a.akamaihd.net/apps/583950/icons/set01/10059_large_brazilian.be7618319f09f6fce09ecc26435524bb1ba69863.png','https://steamcdn-a.akamaihd.net/apps/583950/icons/set01/10059_large_latam.59b6c18548e602be6f211d3c646a84b49839f0ff.png');
INSERT INTO Cartas VALUES (10060,'Hero','Stepan Alekseev','Common',110060);
INSERT INTO CardName VALUES(10060,"Lion","Lion","Lion","Lion","라이온","León","莱恩","萊恩","Лайон","Lion","ライオン","Lion","Lion","Lion","Lion","Lion","Lion","Lion","Lion","Lion","Lion","Lion","Lion","Lion","Lion","Lion","León","Lion");
INSERT INTO LargeImage VALUES(10060,'https://steamcdn-a.akamaihd.net/apps/583950/icons/set01/10060_large_english.77d466a9c6d80b1485209043de8a05e2fe4f0012.png','https://steamcdn-a.akamaihd.net/apps/583950/icons/set01/10060_large_german.4b8c354026f893d30e6d3e3a3ec99f7244d7e0b2.png','https://steamcdn-a.akamaihd.net/apps/583950/icons/set01/10060_large_french.24e35c7f6eac63dd0f65cdf2289bace6f7e79bf8.png','https://steamcdn-a.akamaihd.net/apps/583950/icons/set01/10060_large_italian.4b8c354026f893d30e6d3e3a3ec99f7244d7e0b2.png','https://steamcdn-a.akamaihd.net/apps/583950/icons/set01/10060_large_koreana.91b9ff49172cc992188849e598caf2310a32cc86.png','https://steamcdn-a.akamaihd.net/apps/583950/icons/set01/10060_large_spanish.fb7df931610b499e15a052e2b425f6d27e5fe33d.png','https://steamcdn-a.akamaihd.net/apps/583950/icons/set01/10060_large_schinese.50eca768e83f1ec578c9e8ec3e87cb9d566d6e1c.png','https://steamcdn-a.akamaihd.net/apps/583950/icons/set01/10060_large_tchinese.553f08ae36159a64ddd64eb26bb10274a36a51eb.png','https://steamcdn-a.akamaihd.net/apps/583950/icons/set01/10060_large_russian.2f4a5374379ecac1ec84e45d2a5e0c7d2316f8df.png','https://steamcdn-a.akamaihd.net/apps/583950/icons/set01/10060_large_japanese.fef5c9553f46fe19ff3efa31845f54b279582544.png','https://steamcdn-a.akamaihd.net/apps/583950/icons/set01/10060_large_brazilian.24e35c7f6eac63dd0f65cdf2289bace6f7e79bf8.png','https://steamcdn-a.akamaihd.net/apps/583950/icons/set01/10060_large_latam.304528c4a45ace0ba67c47fc0a8d96cded84f05b.png');
INSERT INTO Cartas VALUES (10062,'Hero','Greg Opalinski','Common',110062);
INSERT INTO CardName VALUES(10062,"Skywrath Mage","Himmelszornmagier","Mage de l'Ire céleste","Mago Skywrath","하늘분노 마법사","Mago Furiaceleste","天怒法师","天怒法師","Скайрас-маг","Skywrath Mage","スカイラスメイジ","Skywrath Mage","Skywrath Mage","Skywrath Mage","Skywrath Mage","Skywrath Mage","Skywrath Mage","Skywrath Mage","Skywrath Mage","Skywrath Mage","Skywrath Mage","Skywrath Mage","Mago Celestifúria","Skywrath Mage","Skywrath Mage","Skywrath Mage","Mago Furiaceleste","Skywrath Mage");
INSERT INTO LargeImage VALUES(10062,'https://steamcdn-a.akamaihd.net/apps/583950/icons/set01/10062_large_english.dfcf9f1fde7e50c30a5dfc6e4b49afaf0bcc4fe8.png','https://steamcdn-a.akamaihd.net/apps/583950/icons/set01/10062_large_german.276035d1e33339374994c170a0f451ac7562296d.png','https://steamcdn-a.akamaihd.net/apps/583950/icons/set01/10062_large_french.8e5b30e5a4337e6a5fcfe68d161006e4c46dd986.png','https://steamcdn-a.akamaihd.net/apps/583950/icons/set01/10062_large_italian.30f04e4f139824f1e89edadde28719d00bcdd2fe.png','https://steamcdn-a.akamaihd.net/apps/583950/icons/set01/10062_large_koreana.42747fa3939517f31c97d59bd826f02dd14aff81.png','https://steamcdn-a.akamaihd.net/apps/583950/icons/set01/10062_large_spanish.f6c489343ac5294d5697bad1f50e03ae94f3f2c2.png','https://steamcdn-a.akamaihd.net/apps/583950/icons/set01/10062_large_schinese.3fce088a10a3efcde1876e53f50a215ae0fdb1e4.png','https://steamcdn-a.akamaihd.net/apps/583950/icons/set01/10062_large_tchinese.398a0a27b60e0ebd90bd5ec89f9a7d61cc07641f.png','https://steamcdn-a.akamaihd.net/apps/583950/icons/set01/10062_large_russian.6def0635fba719c96b3b5dcff515cea4cb045b45.png','https://steamcdn-a.akamaihd.net/apps/583950/icons/set01/10062_large_japanese.9f9617bb47ffb2395f8979fba6f17210ae8bde21.png','https://steamcdn-a.akamaihd.net/apps/583950/icons/set01/10062_large_brazilian.d46f9e6a075f9ba4315568e9d526032ff532c19d.png','https://steamcdn-a.akamaihd.net/apps/583950/icons/set01/10062_large_latam.095f36658c94d26beca3f05eb3e3f9c8803b6811.png');
INSERT INTO Cartas VALUES (10064,'Hero','Stepan Alekseev','Common',110064);
INSERT INTO CardName VALUES(10064,"Crystal Maiden","Kristallmaid","Vierge de cristal","Fanciulla di Cristallo","수정의 여인","Doncella Glacial","冰晶圣女","冰晶聖女","Кристальная дева","Crystal Maiden","クリスタルメイデン","Crystal Maiden","Crystal Maiden","Crystal Maiden","Crystal Maiden","Crystal Maiden","Crystal Maiden","Crystal Maiden","Crystal Maiden","Crystal Maiden","Crystal Maiden","Crystal Maiden","Donzela Cristalina","Crystal Maiden","Crystal Maiden","Crystal Maiden","Doncella Glacial","Crystal Maiden");
INSERT INTO LargeImage VALUES(10064,'https://steamcdn-a.akamaihd.net/apps/583950/icons/set01/10064_large_english.0ce2db2519365e04e44a47592e50239a7c3b0646.png','https://steamcdn-a.akamaihd.net/apps/583950/icons/set01/10064_large_german.26b28835a723d595d4c347be13d70b9d99f5ac7c.png','https://steamcdn-a.akamaihd.net/apps/583950/icons/set01/10064_large_french.31043c4c11b4e0f977f2f20d11f84ab3286db26f.png','https://steamcdn-a.akamaihd.net/apps/583950/icons/set01/10064_large_italian.92a10633434ce6721a67b27b4a173816a7340f18.png','https://steamcdn-a.akamaihd.net/apps/583950/icons/set01/10064_large_koreana.d88806d1265fc786ef8ac3d481c7ae57934bc041.png','https://steamcdn-a.akamaihd.net/apps/583950/icons/set01/10064_large_spanish.bb7b39b5311729e968358fcb7359858a79fcd310.png','https://steamcdn-a.akamaihd.net/apps/583950/icons/set01/10064_large_schinese.1f7636ce90f65e9dc929ffffa103900093029293.png','https://steamcdn-a.akamaihd.net/apps/583950/icons/set01/10064_large_tchinese.aaad66e8b99c3cee16a2f3f4077fc911cfdb8d64.png','https://steamcdn-a.akamaihd.net/apps/583950/icons/set01/10064_large_russian.159c30aa5d81460653e62fcc6ab831ae112077f7.png','https://steamcdn-a.akamaihd.net/apps/583950/icons/set01/10064_large_japanese.7a53bc572031a9172cd744cfb64e17a59258e7fe.png','https://steamcdn-a.akamaihd.net/apps/583950/icons/set01/10064_large_brazilian.d5f832855fa9ee11a288b990e417c5dd9db84e8f.png','https://steamcdn-a.akamaihd.net/apps/583950/icons/set01/10064_large_latam.834de9eb5acbefc86794b49e202119913c96d3cd.png');
INSERT INTO Cartas VALUES (10065,'Hero','David Palumbo','Common',110065);
INSERT INTO CardName VALUES(10065,"Zeus","Zeus","Zeus","Zeus","제우스","Zeus","宙斯","宙斯","Зевс","Zeus","ゼウス","Zeus","Zeus","Zeus","Zeus","Zeus","Zeus","Zeus","Zeus","Zeus","Zeus","Zeus","Zeus","Zeus","Zeus","Zeus","Zeus","Zeus");
INSERT INTO LargeImage VALUES(10065,'https://steamcdn-a.akamaihd.net/apps/583950/icons/set01/10065_large_english.e8c2c20ebd42b4db6a435353c8cbc2013b294176.png','https://steamcdn-a.akamaihd.net/apps/583950/icons/set01/10065_large_german.3952bcf109556ffa48166c054ebd2a74ee4782e1.png','https://steamcdn-a.akamaihd.net/apps/583950/icons/set01/10065_large_french.f928853ed9bc4519971ea9adf107c8142103db95.png','https://steamcdn-a.akamaihd.net/apps/583950/icons/set01/10065_large_italian.3952bcf109556ffa48166c054ebd2a74ee4782e1.png','https://steamcdn-a.akamaihd.net/apps/583950/icons/set01/10065_large_koreana.d94cdd1292a9e4b074a4a84349b3f6f4c89446b2.png','https://steamcdn-a.akamaihd.net/apps/583950/icons/set01/10065_large_spanish.5ab7a1d4703732cf6e07f4046dc9daecca923132.png','https://steamcdn-a.akamaihd.net/apps/583950/icons/set01/10065_large_schinese.79e5101ff2dcb7fe3acd37c31bbebb603eb263c2.png','https://steamcdn-a.akamaihd.net/apps/583950/icons/set01/10065_large_tchinese.1234f285c019316dcec087f693b501ced3ac4264.png','https://steamcdn-a.akamaihd.net/apps/583950/icons/set01/10065_large_russian.f8ff072c234a43326fb9bf6d563095ebe7c0b6f9.png','https://steamcdn-a.akamaihd.net/apps/583950/icons/set01/10065_large_japanese.d245df1e75b1eb029e59e5c929fe40c3b7ad7b63.png','https://steamcdn-a.akamaihd.net/apps/583950/icons/set01/10065_large_brazilian.f928853ed9bc4519971ea9adf107c8142103db95.png','https://steamcdn-a.akamaihd.net/apps/583950/icons/set01/10065_large_latam.f8b799f3499f73c4b8de4ebe61ace59b2f5524de.png');
INSERT INTO Cartas VALUES (10067,'Hero','Magali Villeneuve','Common',110067);
INSERT INTO CardName VALUES(10067,"Magnus","Magnus","Magnus","Magnus","마그누스","Magnus","马格纳斯","馬格納斯","Магнус","Magnus","マグナス","Magnus","Magnus","Magnus","Magnus","Magnus","Magnus","Magnus","Magnus","Magnus","Magnus","Magnus","Magnus","Magnus","Magnus","Magnus","Magnus","Magnus");
INSERT INTO LargeImage VALUES(10067,'https://steamcdn-a.akamaihd.net/apps/583950/icons/set01/10067_large_english.33f50cfbfff888a95840a018d4bfa87b11a4d076.png','https://steamcdn-a.akamaihd.net/apps/583950/icons/set01/10067_large_german.bdf5ae19008e808a7500cc3c4684dbb8331a8106.png','https://steamcdn-a.akamaihd.net/apps/583950/icons/set01/10067_large_french.6a468d10c64405c8d4ab77352e42880e5b3b4eaa.png','https://steamcdn-a.akamaihd.net/apps/583950/icons/set01/10067_large_italian.bdf5ae19008e808a7500cc3c4684dbb8331a8106.png','https://steamcdn-a.akamaihd.net/apps/583950/icons/set01/10067_large_koreana.cfb0c22cb7b6fc35d5538d41777fef617463cc92.png','https://steamcdn-a.akamaihd.net/apps/583950/icons/set01/10067_large_spanish.3c820d2a5eef3bca0fee7467c7fe8f64d2837582.png','https://steamcdn-a.akamaihd.net/apps/583950/icons/set01/10067_large_schinese.76e8db33e1d1dd393f5f1ce3231db5d41e4c3b10.png','https://steamcdn-a.akamaihd.net/apps/583950/icons/set01/10067_large_tchinese.07170ef4194eb355cc0f0cf0cab0e6064c1157e3.png','https://steamcdn-a.akamaihd.net/apps/583950/icons/set01/10067_large_russian.15ed116cc467600db2b7dc30f4b36983a3effbfd.png','https://steamcdn-a.akamaihd.net/apps/583950/icons/set01/10067_large_japanese.15eb71c0420dbed8075a523f1a60bf8d59e68f72.png','https://steamcdn-a.akamaihd.net/apps/583950/icons/set01/10067_large_brazilian.6a468d10c64405c8d4ab77352e42880e5b3b4eaa.png','https://steamcdn-a.akamaihd.net/apps/583950/icons/set01/10067_large_latam.298426722cbc3b4607bfd2d692dbf66d9eb60870.png');
INSERT INTO Cartas VALUES (10068,'Hero','Stepan Alekseev','Common',110068);
INSERT INTO CardName VALUES(10068,"Dark Seer","Dunkler Seher","Oracle de l'ombre","Veggente Oscuro","어둠 현자","Vidente Oscuro","黑暗贤者","黑暗賢者","Тёмный провидец","Dark Seer","ダークシアー","Dark Seer","Dark Seer","Dark Seer","Dark Seer","Dark Seer","Dark Seer","Dark Seer","Dark Seer","Dark Seer","Dark Seer","Dark Seer","Áugure Sombrio","Dark Seer","Dark Seer","Dark Seer","Vidente Oscuro","Dark Seer");
INSERT INTO LargeImage VALUES(10068,'https://steamcdn-a.akamaihd.net/apps/583950/icons/set01/10068_large_english.f5329d3893ea8faac67992b4ea4a786e053a48f6.png','https://steamcdn-a.akamaihd.net/apps/583950/icons/set01/10068_large_german.83e0328d513e6b8c5eb25fc8d52d331143f07e8c.png','https://steamcdn-a.akamaihd.net/apps/583950/icons/set01/10068_large_french.1fd692d2d73f121ed520df9265a29344b21b47ac.png','https://steamcdn-a.akamaihd.net/apps/583950/icons/set01/10068_large_italian.e305265188708ec8f062f717ecf062bd57c6344e.png','https://steamcdn-a.akamaihd.net/apps/583950/icons/set01/10068_large_koreana.c26b396cb0d7264b2c7f77233802219baab199a4.png','https://steamcdn-a.akamaihd.net/apps/583950/icons/set01/10068_large_spanish.92334898462c98b922fb563c6676a5cbd58a8396.png','https://steamcdn-a.akamaihd.net/apps/583950/icons/set01/10068_large_schinese.f06bfa9aa304ee13a6679d7e18a9c655a5064cc6.png','https://steamcdn-a.akamaihd.net/apps/583950/icons/set01/10068_large_tchinese.287f05a329b15216954358a02305f0d694b163df.png','https://steamcdn-a.akamaihd.net/apps/583950/icons/set01/10068_large_russian.e3e085d84035669bbf3fa4c93782fab8542a70b8.png','https://steamcdn-a.akamaihd.net/apps/583950/icons/set01/10068_large_japanese.71bcf7e6159e548c74032a3024496a3bad4d9825.png','https://steamcdn-a.akamaihd.net/apps/583950/icons/set01/10068_large_brazilian.e8003b08cb6fe0e15188a8ec9878da6af3b8dc3a.png','https://steamcdn-a.akamaihd.net/apps/583950/icons/set01/10068_large_latam.f574e22438ee1856fbf7935ce5475e00238a6767.png');
INSERT INTO Cartas VALUES (10069,'Hero','Randy Vargas','Uncommon',110069);
INSERT INTO CardName VALUES(10069,"Legion Commander","Legionskommandantin","Commandante de la Légion","Comandante della Legione","군단 사령관","Comandante Legionaria","军团指挥官","軍團指揮官","Командир легиона","Legion Commander","レギオンコマンダー","Legion Commander","Legion Commander","Legion Commander","Legion Commander","Legion Commander","Legion Commander","Legion Commander","Legion Commander","Legion Commander","Legion Commander","Legion Commander","Comandante da Legião","Legion Commander","Legion Commander","Legion Commander","Comandante Legionaria","Legion Commander");
INSERT INTO LargeImage VALUES(10069,'https://steamcdn-a.akamaihd.net/apps/583950/icons/set01/10069_large_english.bfa69a242695ccf9fd6beb79dc1bc84439f2ea9f.png','https://steamcdn-a.akamaihd.net/apps/583950/icons/set01/10069_large_german.f2b13d64f0636993c0f3fe1a29fa116bedaa769b.png','https://steamcdn-a.akamaihd.net/apps/583950/icons/set01/10069_large_french.1832d7f395ce99975bee9bcb14b0875e09b7c9a2.png','https://steamcdn-a.akamaihd.net/apps/583950/icons/set01/10069_large_italian.0963fdd480fc2af55a6ee46cce7275308f94409d.png','https://steamcdn-a.akamaihd.net/apps/583950/icons/set01/10069_large_koreana.6bc0fad1ae978eb19d9bc9d06fd6708c6531977a.png','https://steamcdn-a.akamaihd.net/apps/583950/icons/set01/10069_large_spanish.5f6e1048e0b1112cfb9f0034959ff6925f65c9b4.png','https://steamcdn-a.akamaihd.net/apps/583950/icons/set01/10069_large_schinese.4085a4766722a46fab376c443aa9fc095192227e.png','https://steamcdn-a.akamaihd.net/apps/583950/icons/set01/10069_large_tchinese.8c27668da7c4183b90d102cf94d3e545e3ba0cc3.png','https://steamcdn-a.akamaihd.net/apps/583950/icons/set01/10069_large_russian.041a87a0c4091e21c7d7ba6b5c219db35f3d799f.png','https://steamcdn-a.akamaihd.net/apps/583950/icons/set01/10069_large_japanese.7ddd526ec5e65829c75430f0a75f8ff34131a494.png','https://steamcdn-a.akamaihd.net/apps/583950/icons/set01/10069_large_brazilian.12f5ccecd26f3a5380cb17eed881cbeb0ba5960e.png','https://steamcdn-a.akamaihd.net/apps/583950/icons/set01/10069_large_latam.afa3a06689e4c8e8bf7d0c2a1ab7878955a4f96d.png');
INSERT INTO Cartas VALUES (10070,'Hero','Forrest Imel','Common',110070);
INSERT INTO CardName VALUES(10070,"Ursa","Ursa","Ourso","Ursa","우르사","Ursa","熊战士","烏爾薩","Урса","Ursa","ウルサ","Ursa","Ursa","Ursa","Ursa","Ursa","Ursa","Ursa","Ursa","Ursa","Ursa","Ursa","Ursa","Ursa","Ursa","Ursa","Ursa","Ursa");
INSERT INTO LargeImage VALUES(10070,'https://steamcdn-a.akamaihd.net/apps/583950/icons/set01/10070_large_english.05b4a0bd1eef5870a858f640ca75f333cbae2621.png','https://steamcdn-a.akamaihd.net/apps/583950/icons/set01/10070_large_german.564141fb7b3d8a19f96783fe1143cf7059969b94.png','https://steamcdn-a.akamaihd.net/apps/583950/icons/set01/10070_large_french.93fc834201839c968a248b105f603b69e9faca42.png','https://steamcdn-a.akamaihd.net/apps/583950/icons/set01/10070_large_italian.564141fb7b3d8a19f96783fe1143cf7059969b94.png','https://steamcdn-a.akamaihd.net/apps/583950/icons/set01/10070_large_koreana.3dd2bc885f84bbac5abfdb16dc829b5af9fca193.png','https://steamcdn-a.akamaihd.net/apps/583950/icons/set01/10070_large_spanish.71150ad7caf6c79b6416f7849aabb62082a946c9.png','https://steamcdn-a.akamaihd.net/apps/583950/icons/set01/10070_large_schinese.08d1606f673068dbc2a2abd7174559f0c65d4312.png','https://steamcdn-a.akamaihd.net/apps/583950/icons/set01/10070_large_tchinese.0d90df976b5ed55de7a73497b18b27ebab9a47f6.png','https://steamcdn-a.akamaihd.net/apps/583950/icons/set01/10070_large_russian.c0944ca0b34fcb53b6bbf4d537ce41ba345d8945.png','https://steamcdn-a.akamaihd.net/apps/583950/icons/set01/10070_large_japanese.1d1541d1126ee9e68d25d97e596a9639f90bccd2.png','https://steamcdn-a.akamaihd.net/apps/583950/icons/set01/10070_large_brazilian.0205aa5c28df87ae2462f4b3baab1006164cdbc1.png','https://steamcdn-a.akamaihd.net/apps/583950/icons/set01/10070_large_latam.4fc2cdb0116b15416442a3e1150fb36bb1932654.png');
INSERT INTO Cartas VALUES (10076,'Creep','Mike Azevedo','Uncommon',110076);
INSERT INTO CardName VALUES(10076,"Smeevil Armsmaster","Smibel-Waffenmeister","Maître d'armes Artidémon","Maestro d'armi Smeevil","스미빌 무기 대가","Armero de Smeevil","打铁小魔武器大师","惡魔鐵匠武器大師","Смявол-оружейник","Smeevil Armsmaster","スミーヴルの武器職人","Smeevil Armsmaster","Smeevil Armsmaster","Smeevil Armsmaster","Smeevil Armsmaster","Smeevil Armsmaster","Smeevil Armsmaster","Smeevil Armsmaster","Smeevil Armsmaster","Smeevil Armsmaster","Smeevil Armsmaster","Smeevil Armsmaster","Smeevil Mestre Armeiro","Smeevil Armsmaster","Smeevil Armsmaster","Smeevil Armsmaster","Armero Smeevil","Smeevil Armsmaster");
INSERT INTO LargeImage VALUES(10076,'https://steamcdn-a.akamaihd.net/apps/583950/icons/set01/10076_large_english.411ba3e966b8fb420bb2667bc06c2925d03bef05.png','https://steamcdn-a.akamaihd.net/apps/583950/icons/set01/10076_large_german.35b0d7aa61c31667ab0e923f95df0ad0b926564c.png','https://steamcdn-a.akamaihd.net/apps/583950/icons/set01/10076_large_french.3868d7eaa877d29c2d34da79aeec304f6ba6f83a.png','https://steamcdn-a.akamaihd.net/apps/583950/icons/set01/10076_large_italian.336b090a63176c2ffc0ad4ce0e50fe0373a34d25.png','https://steamcdn-a.akamaihd.net/apps/583950/icons/set01/10076_large_koreana.de37c54812ada92b0cb8f030e035bc5fc0dbdeac.png','https://steamcdn-a.akamaihd.net/apps/583950/icons/set01/10076_large_spanish.ed26f3e1b9b3e53fb2c70d446bc46655b5e2a9aa.png','https://steamcdn-a.akamaihd.net/apps/583950/icons/set01/10076_large_schinese.bc286923b679bd87847e6ce78f87a59fca3fe2d2.png','https://steamcdn-a.akamaihd.net/apps/583950/icons/set01/10076_large_tchinese.698cc223844db1da392bcd939f24f18635891771.png','https://steamcdn-a.akamaihd.net/apps/583950/icons/set01/10076_large_russian.6c1e930b27d0ffc397256975f9f823845581a9df.png','https://steamcdn-a.akamaihd.net/apps/583950/icons/set01/10076_large_japanese.dfc0a6012660d131b28950240f88b9f91e3106bf.png','https://steamcdn-a.akamaihd.net/apps/583950/icons/set01/10076_large_brazilian.fe96b6217403e7fa4afc76fe14ead0bdcd9d1d59.png','https://steamcdn-a.akamaihd.net/apps/583950/icons/set01/10076_large_latam.02f4c4b8dc5a3d9488e570a643943bebf0558925.png');
INSERT INTO Cartas VALUES (10077,'Creep','Anthony Palumbo','Uncommon',110077);
INSERT INTO CardName VALUES(10077,"Sister of the Veil","Schwester des Schleiers","Sœur du voile","Sorella del Velo","장막의 자매","Hermana del Velo","魅影之纱刺客","魅影之紗刺客","Сестра Вуали","Sister of the Veil","ベールの教団","Sister of the Veil","Sister of the Veil","Sister of the Veil","Sister of the Veil","Sister of the Veil","Sister of the Veil","Sister of the Veil","Sister of the Veil","Sister of the Veil","Sister of the Veil","Sister of the Veil","Irmã do Véu","Sister of the Veil","Sister of the Veil","Sister of the Veil","Hermana del Velo","Sister of the Veil");
INSERT INTO LargeImage VALUES(10077,'https://steamcdn-a.akamaihd.net/apps/583950/icons/set01/10077_large_english.824ee793588d27e89dbdc097a95ee59d7a09e95c.png','https://steamcdn-a.akamaihd.net/apps/583950/icons/set01/10077_large_german.567d75ad8e84a9c71a8ec51cf9ac4e9c43743610.png','https://steamcdn-a.akamaihd.net/apps/583950/icons/set01/10077_large_french.bbb6747eccf48fc35900bba4cd0ef01f3c856dad.png','https://steamcdn-a.akamaihd.net/apps/583950/icons/set01/10077_large_italian.f41a3d076debbaa58660ecb4d15a30bad3433f55.png','https://steamcdn-a.akamaihd.net/apps/583950/icons/set01/10077_large_koreana.17b1ffc8b9fcdf6ab7505e93545989cf13d6e772.png','https://steamcdn-a.akamaihd.net/apps/583950/icons/set01/10077_large_spanish.3d16df446d3b7df7c2c3a5afeb006786cfce168c.png','https://steamcdn-a.akamaihd.net/apps/583950/icons/set01/10077_large_schinese.a1666e6daaec955d8b1a22c59e5bf89499bee0b7.png','https://steamcdn-a.akamaihd.net/apps/583950/icons/set01/10077_large_tchinese.e3c796b9b1bd2aaa93ef8438e8177db3428333d0.png','https://steamcdn-a.akamaihd.net/apps/583950/icons/set01/10077_large_russian.1194d67e2f54632fcb5820dac70d5abc9cda9a69.png','https://steamcdn-a.akamaihd.net/apps/583950/icons/set01/10077_large_japanese.74c9dcd513d826d8cc35d4e3205cc8dccfad00fe.png','https://steamcdn-a.akamaihd.net/apps/583950/icons/set01/10077_large_brazilian.5eb42c111294350de73cbb030a8a6bd9bf897f27.png','https://steamcdn-a.akamaihd.net/apps/583950/icons/set01/10077_large_latam.d4a3689c3b5f4e6ea43adacbc7ebf3600b4dd015.png');
INSERT INTO Cartas VALUES (10078,'Creep','James Paick','Uncommon',110078);
INSERT INTO CardName VALUES(10078,"Tyler Estate Censor","Zensor des Tyler-Anwesens","Censeur du domaine de Tyler","Censore della tenuta Tyler","타일러 영지 파수꾼","Perito de la finca Tyler","泰勒庄园巡检","泰勒莊園巡檢","Цензор поместья Тайлер","Tyler Estate Censor","タイラーエステート調査官","Tyler Estate Censor","Tyler Estate Censor","Tyler Estate Censor","Tyler Estate Censor","Tyler Estate Censor","Tyler Estate Censor","Tyler Estate Censor","Tyler Estate Censor","Tyler Estate Censor","Tyler Estate Censor","Tyler Estate Censor","Censor da Mansão Tyler","Tyler Estate Censor","Tyler Estate Censor","Tyler Estate Censor","Perito de la Hacienda Tyler","Tyler Estate Censor");
INSERT INTO LargeImage VALUES(10078,'https://steamcdn-a.akamaihd.net/apps/583950/icons/set01/10078_large_english.e8e7e615e3cf1223c561685e92d6d150532ab8e8.png','https://steamcdn-a.akamaihd.net/apps/583950/icons/set01/10078_large_german.5866fff2cacefc1f62a84d16ea58476caf348576.png','https://steamcdn-a.akamaihd.net/apps/583950/icons/set01/10078_large_french.09d4626a97bdc3e1114129db2dd12527edcf46fe.png','https://steamcdn-a.akamaihd.net/apps/583950/icons/set01/10078_large_italian.c37ceae3b6275b14baab712d51359f78de2d7012.png','https://steamcdn-a.akamaihd.net/apps/583950/icons/set01/10078_large_koreana.10912b94cf8d1082b12f6b554c2e04e61ffea8b5.png','https://steamcdn-a.akamaihd.net/apps/583950/icons/set01/10078_large_spanish.7fd5ad04f70742f6bba03d727fbfb7ee12721938.png','https://steamcdn-a.akamaihd.net/apps/583950/icons/set01/10078_large_schinese.f68492ba9f3d10b0adb6aec25f13296170aa1058.png','https://steamcdn-a.akamaihd.net/apps/583950/icons/set01/10078_large_tchinese.c66d369a12410fc9cdf685e88616cc44d2d2aa37.png','https://steamcdn-a.akamaihd.net/apps/583950/icons/set01/10078_large_russian.8c6b899fb221fbe208b9ae0a911afa36aae260ab.png','https://steamcdn-a.akamaihd.net/apps/583950/icons/set01/10078_large_japanese.8ea072e8d05503ece156c609ba1bcaceb1e051f2.png','https://steamcdn-a.akamaihd.net/apps/583950/icons/set01/10078_large_brazilian.f8378f191abf8698f7d621b6c731e0c14ba1ad1f.png','https://steamcdn-a.akamaihd.net/apps/583950/icons/set01/10078_large_latam.be9235a35587c60b65541ddf19acf18ac3934bde.png');
INSERT INTO Cartas VALUES (10079,'Creep','Izzy','Uncommon',110079);
INSERT INTO CardName VALUES(10079,"Smeevil Blacksmith","Smibel-Schmied","Forgeronne Artidémon","Fabbro Smeevil","스미빌 대장장이","Forjadora de Smeevil","打铁小魔铁匠","打鐵惡魔鐵匠","Смявол-кузнец","Smeevil Blacksmith","スミーヴルの鍛冶","Smeevil Blacksmith","Smeevil Blacksmith","Smeevil Blacksmith","Smeevil Blacksmith","Smeevil Blacksmith","Smeevil Blacksmith","Smeevil Blacksmith","Smeevil Blacksmith","Smeevil Blacksmith","Smeevil Blacksmith","Smeevil Blacksmith","Smeevil Ferreira","Smeevil Blacksmith","Smeevil Blacksmith","Smeevil Blacksmith","Forjadora Smeevil","Smeevil Blacksmith");
INSERT INTO LargeImage VALUES(10079,'https://steamcdn-a.akamaihd.net/apps/583950/icons/set01/10079_large_english.e0a7fbc933b7d2c3ad849685da633f95889df865.png','https://steamcdn-a.akamaihd.net/apps/583950/icons/set01/10079_large_german.1cd306ff14d7df74091074b31e3453bb57dc8e1d.png','https://steamcdn-a.akamaihd.net/apps/583950/icons/set01/10079_large_french.4661a0ac6fb6b0504277bd286350c658181055b4.png','https://steamcdn-a.akamaihd.net/apps/583950/icons/set01/10079_large_italian.72fe663a71ffcc9b242bceae54fb1822b3f45aa6.png','https://steamcdn-a.akamaihd.net/apps/583950/icons/set01/10079_large_koreana.769cd17471465447c00eb318b981ce8cedf97bd9.png','https://steamcdn-a.akamaihd.net/apps/583950/icons/set01/10079_large_spanish.87c6a40ae5bdc4b03770ba48ea7b4ca0f67b8770.png','https://steamcdn-a.akamaihd.net/apps/583950/icons/set01/10079_large_schinese.808a7e0cb03c13ef2c4a5905c2d28cccef412dba.png','https://steamcdn-a.akamaihd.net/apps/583950/icons/set01/10079_large_tchinese.a1db486b81a700fe4e6604fa4f4b0dc8702987bd.png','https://steamcdn-a.akamaihd.net/apps/583950/icons/set01/10079_large_russian.4c4683bec0c634c3d4b75f8e2ba50db0650c73d3.png','https://steamcdn-a.akamaihd.net/apps/583950/icons/set01/10079_large_japanese.9a3476a5a9914cf0297d4505b4b9d2b09adcc071.png','https://steamcdn-a.akamaihd.net/apps/583950/icons/set01/10079_large_brazilian.d751173ecb1aabcc3cd033fbe53ceeb21a61a29c.png','https://steamcdn-a.akamaihd.net/apps/583950/icons/set01/10079_large_latam.d753f1e251da6a0f951c351d22bee8be4d4f4e33.png');
INSERT INTO Cartas VALUES (10080,'Creep','Jason Kang','Common',110080);
INSERT INTO CardName VALUES(10080,"Rebel Decoy","Rebellenköder","Leurre rebelle","Esca ribelle","유인하는 반역자","Señuelo rebelde","叛军诱饵","叛軍誘餌","Шустрая мятежница","Rebel Decoy","反逆者のおとり","Rebel Decoy","Rebel Decoy","Rebel Decoy","Rebel Decoy","Rebel Decoy","Rebel Decoy","Rebel Decoy","Rebel Decoy","Rebel Decoy","Rebel Decoy","Rebel Decoy","Chamariz Rebelde","Rebel Decoy","Rebel Decoy","Rebel Decoy","Señuelo rebelde","Rebel Decoy");
INSERT INTO LargeImage VALUES(10080,'https://steamcdn-a.akamaihd.net/apps/583950/icons/set01/10080_large_english.22a6f5169b9e1145ddd3d7c679b7484653c422ca.png','https://steamcdn-a.akamaihd.net/apps/583950/icons/set01/10080_large_german.98ad4395420adf92374f82ba33d5f55352cb94f4.png','https://steamcdn-a.akamaihd.net/apps/583950/icons/set01/10080_large_french.a075d437f11a0cf8fb6091acf4d676d5643c5eba.png','https://steamcdn-a.akamaihd.net/apps/583950/icons/set01/10080_large_italian.6e4d66c26ca10cc579161b533cb1eb3191f7b9bc.png','https://steamcdn-a.akamaihd.net/apps/583950/icons/set01/10080_large_koreana.01e9c45386ee08107890d32c6f828d31302fc476.png','https://steamcdn-a.akamaihd.net/apps/583950/icons/set01/10080_large_spanish.babf55369ef199d257f54c99f12ab60423e9ee20.png','https://steamcdn-a.akamaihd.net/apps/583950/icons/set01/10080_large_schinese.11c2d928dbaec1960c819fdf06fac62a2aa2a4a8.png','https://steamcdn-a.akamaihd.net/apps/583950/icons/set01/10080_large_tchinese.a74f45ec0c118bf0e9c2dac23f214770a616da04.png','https://steamcdn-a.akamaihd.net/apps/583950/icons/set01/10080_large_russian.a189e3731f76cc8361d3b1166118b075d7d275cb.png','https://steamcdn-a.akamaihd.net/apps/583950/icons/set01/10080_large_japanese.4c507491d8941ec9a53b6ab4eeb16781ac525141.png','https://steamcdn-a.akamaihd.net/apps/583950/icons/set01/10080_large_brazilian.0aae37b09c4e7d47300a1dd92df804346ef6a948.png','https://steamcdn-a.akamaihd.net/apps/583950/icons/set01/10080_large_latam.6dadc1325abf94768052bfc32dda365ecb0ae5b2.png');
INSERT INTO Cartas VALUES (10083,'Creep','Daarken','Rare',110083);
INSERT INTO CardName VALUES(10083,"Pit Fighter of Quoidge","Grubenkämpfer aus Quoidge","Combattant de Quoidge","Gladiatore di Quoidge","쿠오이지의 구덩이 싸움꾼","Luchador de Quoidge","囚尸岭绝命斗士","囚屍嶺絕命鬥士","Гладиатор из Квойджа","Pit Fighter of Quoidge","クオイジのピットファイター","Pit Fighter of Quoidge","Pit Fighter of Quoidge","Pit Fighter of Quoidge","Pit Fighter of Quoidge","Pit Fighter of Quoidge","Pit Fighter of Quoidge","Pit Fighter of Quoidge","Pit Fighter of Quoidge","Pit Fighter of Quoidge","Pit Fighter of Quoidge","Pit Fighter of Quoidge","Gladiador de Quoidge","Pit Fighter of Quoidge","Pit Fighter of Quoidge","Pit Fighter of Quoidge","Luchador de Quoidge","Pit Fighter of Quoidge");
INSERT INTO LargeImage VALUES(10083,'https://steamcdn-a.akamaihd.net/apps/583950/icons/set01/10083_large_english.4ad7efe3f45ccebdd3f8536eeb3718bb368bed3a.png','https://steamcdn-a.akamaihd.net/apps/583950/icons/set01/10083_large_german.1a1bd655ee054089fdce30fe74228eeb1049b471.png','https://steamcdn-a.akamaihd.net/apps/583950/icons/set01/10083_large_french.1e4451265cbc37434da45e374164c0f9ff0a840e.png','https://steamcdn-a.akamaihd.net/apps/583950/icons/set01/10083_large_italian.9a45f86ca311089785dc1c50b1fb238a11317668.png','https://steamcdn-a.akamaihd.net/apps/583950/icons/set01/10083_large_koreana.665859e81d7cca4113beb30ab3ede041ef83d33f.png','https://steamcdn-a.akamaihd.net/apps/583950/icons/set01/10083_large_spanish.596ef5d04931fd0345738922b4b7e2ce114c8452.png','https://steamcdn-a.akamaihd.net/apps/583950/icons/set01/10083_large_schinese.71ef21b8a67ae17ae2b3134e63a0d52a96f3dc7c.png','https://steamcdn-a.akamaihd.net/apps/583950/icons/set01/10083_large_tchinese.35cc111b9cf1df2275a95a29e384c261f74a382f.png','https://steamcdn-a.akamaihd.net/apps/583950/icons/set01/10083_large_russian.b7b8afa2f31a7c08fcfa76c44ca9533a0e681a63.png','https://steamcdn-a.akamaihd.net/apps/583950/icons/set01/10083_large_japanese.69c815e4e6201500c79ff2b649515209e7273677.png','https://steamcdn-a.akamaihd.net/apps/583950/icons/set01/10083_large_brazilian.b3661d1953d0422e904b20e97ab3397bcc9e5d90.png','https://steamcdn-a.akamaihd.net/apps/583950/icons/set01/10083_large_latam.bbec4f037dbc0c70f3b1550034ad34cc3273e71c.png');
INSERT INTO Cartas VALUES (10084,'Creep','Forrest Imel','Uncommon',110084);
INSERT INTO CardName VALUES(10084,"Rebel Instigator","Rebellenanstifter","Instigateur rebelle","Istigatore ribelle","반역 선동가","Instigador Rebelde","叛乱煽动者","叛亂煽動者","Зачинщик мятежа","Rebel Instigator","反逆扇動者","Rebel Instigator","Rebel Instigator","Rebel Instigator","Rebel Instigator","Rebel Instigator","Rebel Instigator","Rebel Instigator","Rebel Instigator","Rebel Instigator","Rebel Instigator","Rebel Instigator","Instigador Rebelde","Rebel Instigator","Rebel Instigator","Rebel Instigator","Instigador Rebelde","Rebel Instigator");
INSERT INTO LargeImage VALUES(10084,'https://steamcdn-a.akamaihd.net/apps/583950/icons/set01/10084_large_english.cff05e4ab2b01919819a79de0f33adb46cf27509.png','https://steamcdn-a.akamaihd.net/apps/583950/icons/set01/10084_large_german.0caad6e12c019b598357689628a922521d6c29d0.png','https://steamcdn-a.akamaihd.net/apps/583950/icons/set01/10084_large_french.c72914ffb47c345365ff09cb9751697a1ede001f.png','https://steamcdn-a.akamaihd.net/apps/583950/icons/set01/10084_large_italian.e47040b4c918c620fa1efdb84a3d1426c7d73951.png','https://steamcdn-a.akamaihd.net/apps/583950/icons/set01/10084_large_koreana.2c40556ccb493f2f5f7ce3bb4c2282eb7c85de3c.png','https://steamcdn-a.akamaihd.net/apps/583950/icons/set01/10084_large_spanish.da4f4200c67244182ddf4dbf620b07d30e8ae983.png','https://steamcdn-a.akamaihd.net/apps/583950/icons/set01/10084_large_schinese.695ff46efe1b3328bb6e45713fd3b63bb7919240.png','https://steamcdn-a.akamaihd.net/apps/583950/icons/set01/10084_large_tchinese.467f10b55ae1b695a0f41c2150695e96ca4e89aa.png','https://steamcdn-a.akamaihd.net/apps/583950/icons/set01/10084_large_russian.b528bf4fe73d31e8529b9dc7369ac2dfb36d75b5.png','https://steamcdn-a.akamaihd.net/apps/583950/icons/set01/10084_large_japanese.7752e75f58673715d79db80dda07db27c51dd112.png','https://steamcdn-a.akamaihd.net/apps/583950/icons/set01/10084_large_brazilian.ba062fde8362c32bea6f76a8750122d5e87eea0d.png','https://steamcdn-a.akamaihd.net/apps/583950/icons/set01/10084_large_latam.15e214e01c9c81a550456f5ebe2dbc1216764305.png');
INSERT INTO Cartas VALUES (10085,'Creep','Daniel Romanovsky','Rare',110085);
INSERT INTO CardName VALUES(10085,"Assassin's Shadow","Assassinenschatten","Ombre assassine","Ombra dell'assassina","자객의 그림자","Sombra Asesina","刺客暗影","刺客暗影","Тень убийцы","Assassin's Shadow","暗殺者の影","Assassin's Shadow","Assassin's Shadow","Assassin's Shadow","Assassin's Shadow","Assassin's Shadow","Assassin's Shadow","Assassin's Shadow","Assassin's Shadow","Assassin's Shadow","Assassin's Shadow","Assassin's Shadow","Sombra da Assassina","Assassin's Shadow","Assassin's Shadow","Assassin's Shadow","Sombra Asesina","Assassin's Shadow");
INSERT INTO LargeImage VALUES(10085,'https://steamcdn-a.akamaihd.net/apps/583950/icons/set01/10085_large_english.cd928cdc0611623b76019790e303bc4ab02ef299.png','https://steamcdn-a.akamaihd.net/apps/583950/icons/set01/10085_large_german.e48d16460880f276fda998363e72ac3544bee023.png','https://steamcdn-a.akamaihd.net/apps/583950/icons/set01/10085_large_french.da5cfe3231725c28a6ba19d930de5ec1e5e91ea2.png','https://steamcdn-a.akamaihd.net/apps/583950/icons/set01/10085_large_italian.0450139822c32cd57e8401a8ec6467b05c03427e.png','https://steamcdn-a.akamaihd.net/apps/583950/icons/set01/10085_large_koreana.6205e37583febf464250c25b8b38b62c477d4b87.png','https://steamcdn-a.akamaihd.net/apps/583950/icons/set01/10085_large_spanish.a1726389281663352c1c228c6df30cd8cf3f08aa.png','https://steamcdn-a.akamaihd.net/apps/583950/icons/set01/10085_large_schinese.0cd8c12d12058d1a4cbfa5243b8e7bf62a38156b.png','https://steamcdn-a.akamaihd.net/apps/583950/icons/set01/10085_large_tchinese.585c7f49e0cd07791dc5b68f9b28bab60d42e69c.png','https://steamcdn-a.akamaihd.net/apps/583950/icons/set01/10085_large_russian.4a55375f8c27d95965bb58038565d7e4d5201b14.png','https://steamcdn-a.akamaihd.net/apps/583950/icons/set01/10085_large_japanese.54f7e71561cd31278288720104281bb0cdc403cf.png','https://steamcdn-a.akamaihd.net/apps/583950/icons/set01/10085_large_brazilian.6ec48e40c3921fb5985292dcd8998b9be9bc0209.png','https://steamcdn-a.akamaihd.net/apps/583950/icons/set01/10085_large_latam.665c52ecee23fce0f2f5d8fd24e7d492bd0e3af7.png');
INSERT INTO Cartas VALUES (10086,'Creep','Lius Lasahido','Common',110086);
INSERT INTO CardName VALUES(10086,"Disciple of Nevermore","Jüngerin von Nevermore","Disciple de Ténébris","Discepolo di Maipiù","네버모어의 신봉자","Discípula de Nevermore","奈文摩尔的信徒","奈文摩爾的信徒","Адепт Невермора","Disciple of Nevermore","ネバーモアの使徒","Disciple of Nevermore","Disciple of Nevermore","Disciple of Nevermore","Disciple of Nevermore","Disciple of Nevermore","Disciple of Nevermore","Disciple of Nevermore","Disciple of Nevermore","Disciple of Nevermore","Disciple of Nevermore","Disciple of Nevermore","Discípula de Nuncamais","Disciple of Nevermore","Disciple of Nevermore","Disciple of Nevermore","Discípula de Nevermore","Disciple of Nevermore");
INSERT INTO LargeImage VALUES(10086,'https://steamcdn-a.akamaihd.net/apps/583950/icons/set01/10086_large_english.29fd3260c73b53b09c4a7d3020341111fad99cb1.png','https://steamcdn-a.akamaihd.net/apps/583950/icons/set01/10086_large_german.5373c7b1c05bcf7775676cce39bbc5f2b947dc11.png','https://steamcdn-a.akamaihd.net/apps/583950/icons/set01/10086_large_french.78dd2e864969065be220502793f12c4475c217cc.png','https://steamcdn-a.akamaihd.net/apps/583950/icons/set01/10086_large_italian.af103ac8e5b31d81ca3d029d6aecd96182c86dc2.png','https://steamcdn-a.akamaihd.net/apps/583950/icons/set01/10086_large_koreana.177252d6121f5a848f4636662346e5cef8068f1c.png','https://steamcdn-a.akamaihd.net/apps/583950/icons/set01/10086_large_spanish.d2f994e52259625cbc384650eda8438f9df5b47d.png','https://steamcdn-a.akamaihd.net/apps/583950/icons/set01/10086_large_schinese.ddff78f65c19793e64ea2ada0aa342dadf964349.png','https://steamcdn-a.akamaihd.net/apps/583950/icons/set01/10086_large_tchinese.aabfe78fc0a6c35be92a7745b358ed865530115d.png','https://steamcdn-a.akamaihd.net/apps/583950/icons/set01/10086_large_russian.2f6c40a6b7b1df71fd2457be984da675f17ac168.png','https://steamcdn-a.akamaihd.net/apps/583950/icons/set01/10086_large_japanese.972fa86715820d2520a7f68b967d673495db305d.png','https://steamcdn-a.akamaihd.net/apps/583950/icons/set01/10086_large_brazilian.a88735a9675ee31844e6ec84a84e99b8587a4cb8.png','https://steamcdn-a.akamaihd.net/apps/583950/icons/set01/10086_large_latam.69d2bb42b8e938d983c746e6f491975f12a058f5.png');
INSERT INTO Cartas VALUES (10087,'Creep','Wisnu Tan','Uncommon',110087);
INSERT INTO CardName VALUES(10087,"Legion Standard Bearer","Standartenträger der Legion","Porte-étendard de la Légion","Stendardiere della legione","군단기 기수","Portaestandartes de la Legión","军团旗手","軍團旗手","Знаменосец легиона","Legion Standard Bearer","軍団の旗手","Legion Standard Bearer","Legion Standard Bearer","Legion Standard Bearer","Legion Standard Bearer","Legion Standard Bearer","Legion Standard Bearer","Legion Standard Bearer","Legion Standard Bearer","Legion Standard Bearer","Legion Standard Bearer","Legion Standard Bearer","Porta-estandarte da Legião","Legion Standard Bearer","Legion Standard Bearer","Legion Standard Bearer","Portaestandartes de la Legión","Legion Standard Bearer");
INSERT INTO LargeImage VALUES(10087,'https://steamcdn-a.akamaihd.net/apps/583950/icons/set01/10087_large_english.a239a58cfbf763eff2f0cac92ef84ff4566c7f4d.png','https://steamcdn-a.akamaihd.net/apps/583950/icons/set01/10087_large_german.2766e98f8f538158342d2d1272dad6c219969454.png','https://steamcdn-a.akamaihd.net/apps/583950/icons/set01/10087_large_french.3e3bffc0257d701b2d16cee57aa37bad082d3b89.png','https://steamcdn-a.akamaihd.net/apps/583950/icons/set01/10087_large_italian.648a0de995012afde6292b0c1abae88379bb43b8.png','https://steamcdn-a.akamaihd.net/apps/583950/icons/set01/10087_large_koreana.c2a87efd7153fbee5df5cf9f70e8d31854e88763.png','https://steamcdn-a.akamaihd.net/apps/583950/icons/set01/10087_large_spanish.2bec568f242ee8ee391ee6f704506210c2bb89c3.png','https://steamcdn-a.akamaihd.net/apps/583950/icons/set01/10087_large_schinese.9065f28a458f22d87b3579267ed2f098763bc350.png','https://steamcdn-a.akamaihd.net/apps/583950/icons/set01/10087_large_tchinese.3d1b4887d4bd5e86558f31c54c23c85f1397b668.png','https://steamcdn-a.akamaihd.net/apps/583950/icons/set01/10087_large_russian.0e456e21dbfa7119a01fa2b50eed80c121d59515.png','https://steamcdn-a.akamaihd.net/apps/583950/icons/set01/10087_large_japanese.663209923fdbcac70d86755847ff1f6d02cd9706.png','https://steamcdn-a.akamaihd.net/apps/583950/icons/set01/10087_large_brazilian.a7a5fc938812b66d5ebb55713747cbe05035f190.png','https://steamcdn-a.akamaihd.net/apps/583950/icons/set01/10087_large_latam.8733a4f9aa0e48dfd4907c9b8b9693f3f94176f8.png');
INSERT INTO Cartas VALUES (10090,'Creep','Lars Grant-West','Common',110090);
INSERT INTO CardName VALUES(10090,"Relentless Zombie","Gnadenloser Zombie","Zombie impitoyable","Zombi inarrestabile","끈질긴 좀비","Zombi Implacable","不屈僵尸","不屈殭屍","Неутомимый зомби","Relentless Zombie","容赦なきゾンビ","Relentless Zombie","Relentless Zombie","Relentless Zombie","Relentless Zombie","Relentless Zombie","Relentless Zombie","Relentless Zombie","Relentless Zombie","Relentless Zombie","Relentless Zombie","Relentless Zombie","Zumbi Irrefreável","Relentless Zombie","Relentless Zombie","Relentless Zombie","Zombi Implacable","Relentless Zombie");
INSERT INTO LargeImage VALUES(10090,'https://steamcdn-a.akamaihd.net/apps/583950/icons/set01/10090_large_english.61410876283a4570ccd5b44bf61bb857622314ee.png','https://steamcdn-a.akamaihd.net/apps/583950/icons/set01/10090_large_german.06094e4bdc89f69623e9e0db234d636478d79486.png','https://steamcdn-a.akamaihd.net/apps/583950/icons/set01/10090_large_french.96327dca696b0f8c3494b207f3fcd4f73ecbec69.png','https://steamcdn-a.akamaihd.net/apps/583950/icons/set01/10090_large_italian.76a36bbd990c77c3b394ad24f3baf76952726b97.png','https://steamcdn-a.akamaihd.net/apps/583950/icons/set01/10090_large_koreana.ecbf151d5ab25cfa980089a2477c5738e9e49ab8.png','https://steamcdn-a.akamaihd.net/apps/583950/icons/set01/10090_large_spanish.1a2e2cd8616bcd1a8aa2bbccff4cdac5f9934fbf.png','https://steamcdn-a.akamaihd.net/apps/583950/icons/set01/10090_large_schinese.887c675f32ac8b60f0d8e9bd3335ab2da0c77ecc.png','https://steamcdn-a.akamaihd.net/apps/583950/icons/set01/10090_large_tchinese.7079a7b1ad0f3e89afda94c54e2136c6f64f6534.png','https://steamcdn-a.akamaihd.net/apps/583950/icons/set01/10090_large_russian.477ab519dbf6e2d623f4e23844a63d5f363bcd4f.png','https://steamcdn-a.akamaihd.net/apps/583950/icons/set01/10090_large_japanese.1c9dc7448c08e47ba65e6dfcee45788d7cfa0c0e.png','https://steamcdn-a.akamaihd.net/apps/583950/icons/set01/10090_large_brazilian.49a8f90505960ae4d047e8976ae32272d6c96638.png','https://steamcdn-a.akamaihd.net/apps/583950/icons/set01/10090_large_latam.3194707a5a8a66b2346678e21079b9fa0ceba14b.png');
INSERT INTO Cartas VALUES (10091,'Creep','Darek Zabrocki','Rare',110091);
INSERT INTO CardName VALUES(10091,"Revtel Convoy","Revtel-Konvoi","Convoi de Revtel","Convoglio di Revtel","레브텔 수송대","Convoy de Revtel","瑞文泰尔护卫队","瑞文泰爾護衛隊","Ревтельский конвой","Revtel Convoy","レヴテルの商隊護衛","Revtel Convoy","Revtel Convoy","Revtel Convoy","Revtel Convoy","Revtel Convoy","Revtel Convoy","Revtel Convoy","Revtel Convoy","Revtel Convoy","Revtel Convoy","Revtel Convoy","Comboio de Revtel","Revtel Convoy","Revtel Convoy","Revtel Convoy","Convoy de Revtel","Revtel Convoy");
INSERT INTO LargeImage VALUES(10091,'https://steamcdn-a.akamaihd.net/apps/583950/icons/set01/10091_large_english.7de39d1c7318bc8a2c118acf5199980f26dbf9ed.png','https://steamcdn-a.akamaihd.net/apps/583950/icons/set01/10091_large_german.cf013cece88431b882a3aeb42dbb1445ab0aaaf2.png','https://steamcdn-a.akamaihd.net/apps/583950/icons/set01/10091_large_french.afdd45b6cc2858496647c721bd85361974a79ae4.png','https://steamcdn-a.akamaihd.net/apps/583950/icons/set01/10091_large_italian.e3185d0be4e403368473c2e4175da2adaddd0da8.png','https://steamcdn-a.akamaihd.net/apps/583950/icons/set01/10091_large_koreana.e5236167adcb2d026261998ac0bbde3c5c4933b1.png','https://steamcdn-a.akamaihd.net/apps/583950/icons/set01/10091_large_spanish.3e38dc5be9963ab06ab43b8ee01bd0b7970c32b8.png','https://steamcdn-a.akamaihd.net/apps/583950/icons/set01/10091_large_schinese.19379b5c047952037ab27261b2736cc9ec70aae6.png','https://steamcdn-a.akamaihd.net/apps/583950/icons/set01/10091_large_tchinese.ddffd1082f3af18060f222ec0dabf59155a3f91d.png','https://steamcdn-a.akamaihd.net/apps/583950/icons/set01/10091_large_russian.6a7d5233abd08d5bcc5c2921d2ccf7d081377c21.png','https://steamcdn-a.akamaihd.net/apps/583950/icons/set01/10091_large_japanese.921878d499353537482c3404b148ec3ec347098f.png','https://steamcdn-a.akamaihd.net/apps/583950/icons/set01/10091_large_brazilian.c63f9d0eb80b6ba95df373023ad2ff80da46a5fb.png','https://steamcdn-a.akamaihd.net/apps/583950/icons/set01/10091_large_latam.32907ee101e1a61b410c3aa31173c31f654896a8.png');
INSERT INTO Cartas VALUES (10092,'Creep','JiHun Lee','Common',110092);
INSERT INTO CardName VALUES(10092,"Oglodi Vandal","Oglodi-Vandale","Vandale oglodi","Vandalo Oglodi","오글로디 훼손자","Vándalo Oglodi","高地人破坏者","歐格羅迪破壞者","Оглоди-вандал","Oglodi Vandal","オグローディの破壊屋","Oglodi Vandal","Oglodi Vandal","Oglodi Vandal","Oglodi Vandal","Oglodi Vandal","Oglodi Vandal","Oglodi Vandal","Oglodi Vandal","Oglodi Vandal","Oglodi Vandal","Oglodi Vandal","Vândalo Oglodi","Oglodi Vandal","Oglodi Vandal","Oglodi Vandal","Vándalo Oglodi","Oglodi Vandal");
INSERT INTO LargeImage VALUES(10092,'https://steamcdn-a.akamaihd.net/apps/583950/icons/set01/10092_large_english.d159092be5cfb631386b47680752cb1d9b274482.png','https://steamcdn-a.akamaihd.net/apps/583950/icons/set01/10092_large_german.e6d32cf83aed52d4f89c35d974b39112d58a859f.png','https://steamcdn-a.akamaihd.net/apps/583950/icons/set01/10092_large_french.409824712cc45d731f85a86b2df96375083754a5.png','https://steamcdn-a.akamaihd.net/apps/583950/icons/set01/10092_large_italian.3740a540dcd60bf82e5de40bb4af099b57d6bf3a.png','https://steamcdn-a.akamaihd.net/apps/583950/icons/set01/10092_large_koreana.5cc1c9f1c4ec75f46addca1acb7a913071af08ee.png','https://steamcdn-a.akamaihd.net/apps/583950/icons/set01/10092_large_spanish.c10d4c31338e1d159e3244312ea7f8f620faa46c.png','https://steamcdn-a.akamaihd.net/apps/583950/icons/set01/10092_large_schinese.e415537304299fa49585226b208aab0d8c8ee3fc.png','https://steamcdn-a.akamaihd.net/apps/583950/icons/set01/10092_large_tchinese.365bf2a69f28c364498aed2523512f6e4e87be64.png','https://steamcdn-a.akamaihd.net/apps/583950/icons/set01/10092_large_russian.6731e51066487f992115ea4053cb88a2407fc06b.png','https://steamcdn-a.akamaihd.net/apps/583950/icons/set01/10092_large_japanese.78ef7776469a8a7481f7de7a5212688a6d921744.png','https://steamcdn-a.akamaihd.net/apps/583950/icons/set01/10092_large_brazilian.e1e0be9757598214df1232bfe77aa72d04bc358f.png','https://steamcdn-a.akamaihd.net/apps/583950/icons/set01/10092_large_latam.eb99e1886c2ac5f7de2724b6598acbe4eb9f8fbd.png');
INSERT INTO Cartas VALUES (10094,'Creep','John Stanko','Rare',110094);
INSERT INTO CardName VALUES(10094,"Mercenary Exiles","Ausgestoßene Söldner","Mercenaires exilés","Esiliati mercenari","추방된 용병","Exiliados mercenarios","亡命佣兵","亡命傭兵","Наёмный отряд","Mercenary Exiles","追放者たちの傭兵団","Mercenary Exiles","Mercenary Exiles","Mercenary Exiles","Mercenary Exiles","Mercenary Exiles","Mercenary Exiles","Mercenary Exiles","Mercenary Exiles","Mercenary Exiles","Mercenary Exiles","Mercenary Exiles","Exilados Mercenários","Mercenary Exiles","Mercenary Exiles","Mercenary Exiles","Exiliados Mercenarios","Mercenary Exiles");
INSERT INTO LargeImage VALUES(10094,'https://steamcdn-a.akamaihd.net/apps/583950/icons/set01/10094_large_english.083046f553c7ebc5e9174a6fbc2f3e7dc29c8855.png','https://steamcdn-a.akamaihd.net/apps/583950/icons/set01/10094_large_german.7d37da687ad0924badca58702199d614acbd4837.png','https://steamcdn-a.akamaihd.net/apps/583950/icons/set01/10094_large_french.7c15e16ec91a68c5bfaf2cdcd6edb10655c9ed7b.png','https://steamcdn-a.akamaihd.net/apps/583950/icons/set01/10094_large_italian.d0a07937ea1360ca40228ed4868df28a303f3e52.png','https://steamcdn-a.akamaihd.net/apps/583950/icons/set01/10094_large_koreana.7a860043a6a941bf3057d5cc5b0e72e7b7ce9a66.png','https://steamcdn-a.akamaihd.net/apps/583950/icons/set01/10094_large_spanish.efaa2efa9957c80fb5d74d4cee8148f928112ecd.png','https://steamcdn-a.akamaihd.net/apps/583950/icons/set01/10094_large_schinese.43536b6917fe54bb000391747c02d1503e6c4255.png','https://steamcdn-a.akamaihd.net/apps/583950/icons/set01/10094_large_tchinese.232b14f90ab58a7ff39acaa83d10e96f095f30d3.png','https://steamcdn-a.akamaihd.net/apps/583950/icons/set01/10094_large_russian.457e77a3aa54cbdec9796542c89ad0b7b6f06996.png','https://steamcdn-a.akamaihd.net/apps/583950/icons/set01/10094_large_japanese.97fe154f90c3cee896602d05667166e3c1b71ac8.png','https://steamcdn-a.akamaihd.net/apps/583950/icons/set01/10094_large_brazilian.9f70ecb7e60534fef809b1b8b5e8bb0101b600cd.png','https://steamcdn-a.akamaihd.net/apps/583950/icons/set01/10094_large_latam.1b31d4f05f2e6e7cf883e130440c950ae955f270.png');
INSERT INTO Cartas VALUES (10095,'Creep','Wisnu Tan','Rare',110095);
INSERT INTO CardName VALUES(10095,"Keenfolk Golem","Keenvolk-Golem","Golem keen","Golem degli Smilzi","단신족 골렘","Gólem de los ingeniosos","基恩巨傀儡","基恩巨傀儡","Голем смышлёнцев","Keenfolk Golem","キーンフォークのゴーレム","Keenfolk Golem","Keenfolk Golem","Keenfolk Golem","Keenfolk Golem","Keenfolk Golem","Keenfolk Golem","Keenfolk Golem","Keenfolk Golem","Keenfolk Golem","Keenfolk Golem","Keenfolk Golem","Golem dos Keen","Keenfolk Golem","Keenfolk Golem","Keenfolk Golem","Gólem de los ingeniosos","Keenfolk Golem");
INSERT INTO LargeImage VALUES(10095,'https://steamcdn-a.akamaihd.net/apps/583950/icons/set01/10095_large_english.fe3e46468564c62cef2d7e642ff89a5cc15dce9f.png','https://steamcdn-a.akamaihd.net/apps/583950/icons/set01/10095_large_german.227d694bc2e65392033db21e0ac772874347568a.png','https://steamcdn-a.akamaihd.net/apps/583950/icons/set01/10095_large_french.f12da2321d6bfbefac20d27a50cb80fca4cc6f4f.png','https://steamcdn-a.akamaihd.net/apps/583950/icons/set01/10095_large_italian.0c5e911e312bae1993a3a303db60476d31b372f1.png','https://steamcdn-a.akamaihd.net/apps/583950/icons/set01/10095_large_koreana.4db577efa5ef39e5858c27cce0efaaf213a3c1ab.png','https://steamcdn-a.akamaihd.net/apps/583950/icons/set01/10095_large_spanish.0a78c635dbab757eb0bac8e617a0b0e484fd0357.png','https://steamcdn-a.akamaihd.net/apps/583950/icons/set01/10095_large_schinese.b7855882f67da703c9756e738b9adb229d907d3f.png','https://steamcdn-a.akamaihd.net/apps/583950/icons/set01/10095_large_tchinese.8a2e8ab0c8b27ec910e29f95a50a918cf4870a14.png','https://steamcdn-a.akamaihd.net/apps/583950/icons/set01/10095_large_russian.be2edd4b19b34fe96c791979449790d0d149461f.png','https://steamcdn-a.akamaihd.net/apps/583950/icons/set01/10095_large_japanese.a5aefb3ff39d4c8a41e6217ee19ddd580a9c0538.png','https://steamcdn-a.akamaihd.net/apps/583950/icons/set01/10095_large_brazilian.658787e289766d52b49dd808b82fc8bd53b11597.png','https://steamcdn-a.akamaihd.net/apps/583950/icons/set01/10095_large_latam.88b7e316f5df9aa6e53e5ac7545d2e9978a9a66d.png');
INSERT INTO Cartas VALUES (10096,'Creep','Kieran Yanner','Rare',110096);
INSERT INTO CardName VALUES(10096,"Emissary of the Quorum","Gesandter des Quorums","Émissaire du Quorum","Emissario del Quorum","의결회 특사","Emisaria de los Cuórum","评议团密使","評議團密使","Посланница Совета","Emissary of the Quorum","クオーラムの使者","Emissary of the Quorum","Emissary of the Quorum","Emissary of the Quorum","Emissary of the Quorum","Emissary of the Quorum","Emissary of the Quorum","Emissary of the Quorum","Emissary of the Quorum","Emissary of the Quorum","Emissary of the Quorum","Emissary of the Quorum","Emissária do Quórum","Emissary of the Quorum","Emissary of the Quorum","Emissary of the Quorum","Emisaria de los Cuórum","Emissary of the Quorum");
INSERT INTO LargeImage VALUES(10096,'https://steamcdn-a.akamaihd.net/apps/583950/icons/set01/10096_large_english.bcb9650dac35c3cc4e15090ce78c49719b013517.png','https://steamcdn-a.akamaihd.net/apps/583950/icons/set01/10096_large_german.d252ff688c74abf16fab3b76df7ba56671a9287e.png','https://steamcdn-a.akamaihd.net/apps/583950/icons/set01/10096_large_french.362caacf00b6df17fd7cdde90901d44d3fce59ed.png','https://steamcdn-a.akamaihd.net/apps/583950/icons/set01/10096_large_italian.7bc1eab7c5c8d56e870cec95d974493aa3b12bda.png','https://steamcdn-a.akamaihd.net/apps/583950/icons/set01/10096_large_koreana.4197cb5c6240d252d9e5d1ae90bca6baf29477cb.png','https://steamcdn-a.akamaihd.net/apps/583950/icons/set01/10096_large_spanish.5ffb85ba74f0bf7a66a2b87dcc1dc3df0722cddd.png','https://steamcdn-a.akamaihd.net/apps/583950/icons/set01/10096_large_schinese.1708380b50bf97daee860b2e7646a87217bf60e9.png','https://steamcdn-a.akamaihd.net/apps/583950/icons/set01/10096_large_tchinese.276484573f7dc53bac3d3024c7c05cdf5aac3f82.png','https://steamcdn-a.akamaihd.net/apps/583950/icons/set01/10096_large_russian.0058211f472446161a54ec7fd06ab896ef7d9ae5.png','https://steamcdn-a.akamaihd.net/apps/583950/icons/set01/10096_large_japanese.f46a787f1a9952b9e27625660e65b97a9007e480.png','https://steamcdn-a.akamaihd.net/apps/583950/icons/set01/10096_large_brazilian.39a89e1fa79abe974beffb10b59a67a68b014b6d.png','https://steamcdn-a.akamaihd.net/apps/583950/icons/set01/10096_large_latam.dbbde5d1ce63fbf473d19aef65b6f9cf2f1f0f30.png');
INSERT INTO Cartas VALUES (10097,'Creep','Vance Kovacs','Rare',110097);
INSERT INTO CardName VALUES(10097,"Marrowfell Brawler","Markfell-Raufbold","Combattant brise-moelle","Rissoso di Marrowfell","골수단절 난동꾼","Camorrista de Cerrotuétano","断骨格斗士","斷骨格鬥士","Боец клана костогромов","Marrowfell Brawler","マロウフェルの荒くれ","Marrowfell Brawler","Marrowfell Brawler","Marrowfell Brawler","Marrowfell Brawler","Marrowfell Brawler","Marrowfell Brawler","Marrowfell Brawler","Marrowfell Brawler","Marrowfell Brawler","Marrowfell Brawler","Marrowfell Brawler","Combatente Medulévola","Marrowfell Brawler","Marrowfell Brawler","Marrowfell Brawler","Camorrista de Cerrotuétano","Marrowfell Brawler");
INSERT INTO LargeImage VALUES(10097,'https://steamcdn-a.akamaihd.net/apps/583950/icons/set01/10097_large_english.6cac633d0de7ac2b7560f7009403d31514180d04.png','https://steamcdn-a.akamaihd.net/apps/583950/icons/set01/10097_large_german.02bc4bbc50c7085710e0ad809bec29f54cb20357.png','https://steamcdn-a.akamaihd.net/apps/583950/icons/set01/10097_large_french.c1f3fed75046e03f17eb6e4cbb3f9349dfc51190.png','https://steamcdn-a.akamaihd.net/apps/583950/icons/set01/10097_large_italian.df486c3f82992c09c1c3f3b787b436169b7587fa.png','https://steamcdn-a.akamaihd.net/apps/583950/icons/set01/10097_large_koreana.441dd952bea14842845243ddbe9e53abea7411a8.png','https://steamcdn-a.akamaihd.net/apps/583950/icons/set01/10097_large_spanish.b11f42102692a5cd65195255bca5390b5e39f1c3.png','https://steamcdn-a.akamaihd.net/apps/583950/icons/set01/10097_large_schinese.faac7557d747b5d0e53f3277e5da7a73637b929d.png','https://steamcdn-a.akamaihd.net/apps/583950/icons/set01/10097_large_tchinese.6ec54701f19af0dcec60a0ea65840adee9fbdba4.png','https://steamcdn-a.akamaihd.net/apps/583950/icons/set01/10097_large_russian.75f1f79a65443c888acbe24a93679cd2350a88b5.png','https://steamcdn-a.akamaihd.net/apps/583950/icons/set01/10097_large_japanese.5194ccf89b447d96f6427dc6f66e2cbf85456795.png','https://steamcdn-a.akamaihd.net/apps/583950/icons/set01/10097_large_brazilian.f35e81c54c8ed20c4c8bb29f7e5c7cf6c8ec44fc.png','https://steamcdn-a.akamaihd.net/apps/583950/icons/set01/10097_large_latam.288ae73adb46ad673078dc346161e8bd4585d518.png');
INSERT INTO Cartas VALUES (10102,'Creep','Lars Grant-West','Common',110102);
INSERT INTO CardName VALUES(10102,"Thunderhide Pack","Blitzhautrudel","Meute de mastodontes","Branco di Lucertole del tuono","천둥도마뱀 무리","Manada de Corazatruenos","雷肤兽群","雷隱獸群","Стадо громозавров","Thunderhide Pack","サンダーハイドの群れ","Thunderhide Pack","Thunderhide Pack","Thunderhide Pack","Thunderhide Pack","Thunderhide Pack","Thunderhide Pack","Thunderhide Pack","Thunderhide Pack","Thunderhide Pack","Thunderhide Pack","Thunderhide Pack","Manada de Couros-de-Trovão","Thunderhide Pack","Thunderhide Pack","Thunderhide Pack","Manada de Corazatruenos","Thunderhide Pack");
INSERT INTO LargeImage VALUES(10102,'https://steamcdn-a.akamaihd.net/apps/583950/icons/set01/10102_large_english.7c027c4466623134ba71f00a4e8cb6e694f495a7.png','https://steamcdn-a.akamaihd.net/apps/583950/icons/set01/10102_large_german.1c889f5a71ba6294a76c9af419b729b56b73e2f5.png','https://steamcdn-a.akamaihd.net/apps/583950/icons/set01/10102_large_french.6e58f4e5403f9f955d64275555a8079efcfd0ea8.png','https://steamcdn-a.akamaihd.net/apps/583950/icons/set01/10102_large_italian.372d589faf97c829e802750ba17089ab84c6d467.png','https://steamcdn-a.akamaihd.net/apps/583950/icons/set01/10102_large_koreana.1fa510dcb296f97415c48a710bb8bd8854485d8c.png','https://steamcdn-a.akamaihd.net/apps/583950/icons/set01/10102_large_spanish.4f4646daeecdfcb08cd1b967da1ad12d6176a1c5.png','https://steamcdn-a.akamaihd.net/apps/583950/icons/set01/10102_large_schinese.736027f7e7fe8464b28be47224da1698279149f8.png','https://steamcdn-a.akamaihd.net/apps/583950/icons/set01/10102_large_tchinese.b3ca0209e1fdb30f86a4fae12013939c22617cf9.png','https://steamcdn-a.akamaihd.net/apps/583950/icons/set01/10102_large_russian.34ff85fc246b43913bd17df415cdd48a2576d0db.png','https://steamcdn-a.akamaihd.net/apps/583950/icons/set01/10102_large_japanese.e6f84d9467642bd9d54022f6efe3623b7848fb1d.png','https://steamcdn-a.akamaihd.net/apps/583950/icons/set01/10102_large_brazilian.590563629ec847a39f52285ef56f4e5cc70355bd.png','https://steamcdn-a.akamaihd.net/apps/583950/icons/set01/10102_large_latam.00efc3ef6de9f1e7e7a2249d7ebddd5acf5368ff.png');
INSERT INTO Cartas VALUES (10103,'Creep','Bayard Wu','Rare',110103);
INSERT INTO CardName VALUES(10103,"Ogre Corpse Tosser","Oger-Leichenwerfer","Ogre lanceur de cadavres","Ogre lanciacorpi","오거 시체 투척가","Ogro lanzacadáveres","食人魔投尸手","食人魔投屍手","Огр-трупомёт","Ogre Corpse Tosser","オーガの死体投げ","Ogre Corpse Tosser","Ogre Corpse Tosser","Ogre Corpse Tosser","Ogre Corpse Tosser","Ogre Corpse Tosser","Ogre Corpse Tosser","Ogre Corpse Tosser","Ogre Corpse Tosser","Ogre Corpse Tosser","Ogre Corpse Tosser","Ogre Corpse Tosser","Ogro Atirador de Corpos","Ogre Corpse Tosser","Ogre Corpse Tosser","Ogre Corpse Tosser","Ogro Lanzacadáveres","Ogre Corpse Tosser");
INSERT INTO LargeImage VALUES(10103,'https://steamcdn-a.akamaihd.net/apps/583950/icons/set01/10103_large_english.dc914b9803f711b1d6460812edd8073e6ef1ab89.png','https://steamcdn-a.akamaihd.net/apps/583950/icons/set01/10103_large_german.14f2c58c195bb9574c7df1c11fa10124da4fa66a.png','https://steamcdn-a.akamaihd.net/apps/583950/icons/set01/10103_large_french.e06f08b9ad185c3f8faef57ea06cef3c8da85568.png','https://steamcdn-a.akamaihd.net/apps/583950/icons/set01/10103_large_italian.feba2f70f09c5fb8fd7c6821aea35ba6f7083279.png','https://steamcdn-a.akamaihd.net/apps/583950/icons/set01/10103_large_koreana.5df86dfe26a501b3b849c26e34b3657d2d2b1c32.png','https://steamcdn-a.akamaihd.net/apps/583950/icons/set01/10103_large_spanish.1b4ebfe8fcdf65b5d5fea30bc1a26c5bb1711e73.png','https://steamcdn-a.akamaihd.net/apps/583950/icons/set01/10103_large_schinese.358367543b953f4635cf7f166274c43454ef803c.png','https://steamcdn-a.akamaihd.net/apps/583950/icons/set01/10103_large_tchinese.5840d1c6a60c7a6a79f84784b07e13337c68360c.png','https://steamcdn-a.akamaihd.net/apps/583950/icons/set01/10103_large_russian.3121d48b751ea565e842b84e3d25134fee0a555d.png','https://steamcdn-a.akamaihd.net/apps/583950/icons/set01/10103_large_japanese.5d27787c5f4674777f70b72a295e63b573f6818c.png','https://steamcdn-a.akamaihd.net/apps/583950/icons/set01/10103_large_brazilian.1d1a3060ff76838283c6e11ce7bc70fe1fd3a507.png','https://steamcdn-a.akamaihd.net/apps/583950/icons/set01/10103_large_latam.01b7d33ea42eceb8036545d6c41028eb6b5154b5.png');
INSERT INTO Cartas VALUES (10104,'Creep','Stepan Alekseev','Common',110104);
INSERT INTO CardName VALUES(10104,"Bronze Legionnaire","Bronzelegionär","Légionnaire de bronze","Legionario bronzeo","청동 군단병","Legionario de Bronce","古铜军团士兵","古銅軍團士兵","Бронзовый легионер","Bronze Legionnaire","青銅の軍団兵","Bronze Legionnaire","Bronze Legionnaire","Bronze Legionnaire","Bronze Legionnaire","Bronze Legionnaire","Bronze Legionnaire","Bronze Legionnaire","Bronze Legionnaire","Bronze Legionnaire","Bronze Legionnaire","Bronze Legionnaire","Legionário de Bronze","Bronze Legionnaire","Bronze Legionnaire","Bronze Legionnaire","Legionario de Bronce","Bronze Legionnaire");
INSERT INTO LargeImage VALUES(10104,'https://steamcdn-a.akamaihd.net/apps/583950/icons/set01/10104_large_english.011e36021a2fe1037c164ecb7d9e8fd8c0ae5ad3.png','https://steamcdn-a.akamaihd.net/apps/583950/icons/set01/10104_large_german.2e77466f53226757c0e8a9f5e314da959a78828b.png','https://steamcdn-a.akamaihd.net/apps/583950/icons/set01/10104_large_french.d67d962ac85676c818a806749f949ac3cbfba6fd.png','https://steamcdn-a.akamaihd.net/apps/583950/icons/set01/10104_large_italian.e329bb8027126b27f7c0f64e87222ccb036b973d.png','https://steamcdn-a.akamaihd.net/apps/583950/icons/set01/10104_large_koreana.5a1f8853dbbb2514d1e5ebd6d48030d649d41f3c.png','https://steamcdn-a.akamaihd.net/apps/583950/icons/set01/10104_large_spanish.359a23d70c448e56d7d84092a57aaa2550d3f86d.png','https://steamcdn-a.akamaihd.net/apps/583950/icons/set01/10104_large_schinese.8bf203ecc7e97c2b21f582a094ded369302e9ecc.png','https://steamcdn-a.akamaihd.net/apps/583950/icons/set01/10104_large_tchinese.bb56e95ebc0a57f8bcff902edfd9ddfd07138d83.png','https://steamcdn-a.akamaihd.net/apps/583950/icons/set01/10104_large_russian.f9c4d873670989f12d5dc42047cab6983cfdfddf.png','https://steamcdn-a.akamaihd.net/apps/583950/icons/set01/10104_large_japanese.be2718e2e35d10c2a5742323068b46178ca7e218.png','https://steamcdn-a.akamaihd.net/apps/583950/icons/set01/10104_large_brazilian.e55ad0d62813f1a6227de74043c957d0f6a68bbe.png','https://steamcdn-a.akamaihd.net/apps/583950/icons/set01/10104_large_latam.b3ad701f6d9d3e396c3ed835987f49f16d26a9dc.png');
INSERT INTO Cartas VALUES (10106,'Creep','Anthony Palumbo','Rare',110106);
INSERT INTO CardName VALUES(10106,"Incarnation of Selemene","Selemenes Inkarnation","Incarnation de Sélémène","Incarnazione di Selemene","셀레메네의 화신","Encarnación de Selemene","赛莉蒙妮的化身","賽莉蒙娜的化身","Воплощение Селемине","Incarnation of Selemene","セレメネの化身","Incarnation of Selemene","Incarnation of Selemene","Incarnation of Selemene","Incarnation of Selemene","Incarnation of Selemene","Incarnation of Selemene","Incarnation of Selemene","Incarnation of Selemene","Incarnation of Selemene","Incarnation of Selemene","Incarnation of Selemene","Encarnação de Selemene","Incarnation of Selemene","Incarnation of Selemene","Incarnation of Selemene","Encarnación de Selemene","Incarnation of Selemene");
INSERT INTO LargeImage VALUES(10106,'https://steamcdn-a.akamaihd.net/apps/583950/icons/set01/10106_large_english.7f6b2685fbf8ac89478474916d4ce518d7ce8b8e.png','https://steamcdn-a.akamaihd.net/apps/583950/icons/set01/10106_large_german.7fe9f6a52a35e25712449cbb3c69a62ab840bb89.png','https://steamcdn-a.akamaihd.net/apps/583950/icons/set01/10106_large_french.271a678c3d700fb5ac17032aa703b8f20668e64a.png','https://steamcdn-a.akamaihd.net/apps/583950/icons/set01/10106_large_italian.acdbcdc1b13ecca1806fe438914fbfbf46d4681d.png','https://steamcdn-a.akamaihd.net/apps/583950/icons/set01/10106_large_koreana.cecaa5ff511e495b592e2686f7e76fa19ce6df38.png','https://steamcdn-a.akamaihd.net/apps/583950/icons/set01/10106_large_spanish.0aa24bf42096225fef10dd60295f3ff349716975.png','https://steamcdn-a.akamaihd.net/apps/583950/icons/set01/10106_large_schinese.a4797d5689c81515f0e7918e168e038c00477bee.png','https://steamcdn-a.akamaihd.net/apps/583950/icons/set01/10106_large_tchinese.721e92f2540b0afeb2b62873d4b8d3478773acb9.png','https://steamcdn-a.akamaihd.net/apps/583950/icons/set01/10106_large_russian.7ff0bcab23d202a460cc8a765a557c88b9a01536.png','https://steamcdn-a.akamaihd.net/apps/583950/icons/set01/10106_large_japanese.e8f845bfbddd361b10054275f4afc0946b6d23e7.png','https://steamcdn-a.akamaihd.net/apps/583950/icons/set01/10106_large_brazilian.8bb7f0545cbd39147c03f7714a22d33b8327409a.png','https://steamcdn-a.akamaihd.net/apps/583950/icons/set01/10106_large_latam.5a6ceed08bd77d98c92da0c20d4415a957b07b88.png');
INSERT INTO Cartas VALUES (10107,'Creep','Jakub Kasper','Common',110107);
INSERT INTO CardName VALUES(10107,"Vhoul Martyr","Vhoul-Märtyrer","Martyr Vhoul","Vhoul martire","부울 순교자","Vhoul Mártir","豺狼人殉道者","豺狼人殉道者","Воул-мученик","Vhoul Martyr","ヴールの殉教者","Vhoul Martyr","Vhoul Martyr","Vhoul Martyr","Vhoul Martyr","Vhoul Martyr","Vhoul Martyr","Vhoul Martyr","Vhoul Martyr","Vhoul Martyr","Vhoul Martyr","Vhoul Martyr","Mártir Vhoul","Vhoul Martyr","Vhoul Martyr","Vhoul Martyr","Mártir Vhoul","Vhoul Martyr");
INSERT INTO LargeImage VALUES(10107,'https://steamcdn-a.akamaihd.net/apps/583950/icons/set01/10107_large_english.92c4a9156ff1323635658cb595978c9a89d66369.png','https://steamcdn-a.akamaihd.net/apps/583950/icons/set01/10107_large_german.3891630c28407bfa9fbb0d844f556bdf9edaab66.png','https://steamcdn-a.akamaihd.net/apps/583950/icons/set01/10107_large_french.176b7a4ad90400a54084575a4eb280071b1415ef.png','https://steamcdn-a.akamaihd.net/apps/583950/icons/set01/10107_large_italian.ac0970b69850d3f76066ac89b7208cb6e7bc5511.png','https://steamcdn-a.akamaihd.net/apps/583950/icons/set01/10107_large_koreana.6f8bc8edf50b5ff5944d2438a3c5c5c70ef3df15.png','https://steamcdn-a.akamaihd.net/apps/583950/icons/set01/10107_large_spanish.a391ed29a42d26ba952ba0267af4c27dd8076ed1.png','https://steamcdn-a.akamaihd.net/apps/583950/icons/set01/10107_large_schinese.e83cf3d89219f0be233ec6d99c0128fcb57cd397.png','https://steamcdn-a.akamaihd.net/apps/583950/icons/set01/10107_large_tchinese.a9828cc506a00f68463ff19c8fd694b39840472a.png','https://steamcdn-a.akamaihd.net/apps/583950/icons/set01/10107_large_russian.efee93579d051f84e5000111f7b68cd271be913b.png','https://steamcdn-a.akamaihd.net/apps/583950/icons/set01/10107_large_japanese.69cd350a08061a512c45104d4be7fe749b8b9e94.png','https://steamcdn-a.akamaihd.net/apps/583950/icons/set01/10107_large_brazilian.1351ee62cb3d3ce84b250556851dc590f3821592.png','https://steamcdn-a.akamaihd.net/apps/583950/icons/set01/10107_large_latam.7b6ac06e7fe367d4380b4733c51eeb4c46e6dd03.png');
INSERT INTO Cartas VALUES (10108,'Creep','Vance Kovacs','Rare',110108);
INSERT INTO CardName VALUES(10108,"Thunderhide Alpha","Blitzhautalpha","Mastodonte alpha","Lucertola del tuono alfa","천둥도마뱀 우두머리","Corazatrueno Alfa","雷肤兽领袖","雷隱獸領袖","Громозавр-вожак","Thunderhide Alpha","サンダーハイドアルファ","Thunderhide Alpha","Thunderhide Alpha","Thunderhide Alpha","Thunderhide Alpha","Thunderhide Alpha","Thunderhide Alpha","Thunderhide Alpha","Thunderhide Alpha","Thunderhide Alpha","Thunderhide Alpha","Thunderhide Alpha","Couro-de-Trovão Alfa","Thunderhide Alpha","Thunderhide Alpha","Thunderhide Alpha","Corazatrueno Alfa","Thunderhide Alpha");
INSERT INTO LargeImage VALUES(10108,'https://steamcdn-a.akamaihd.net/apps/583950/icons/set01/10108_large_english.fd82e3f2ff814d8d6370ddd731b18d87e56aa57f.png','https://steamcdn-a.akamaihd.net/apps/583950/icons/set01/10108_large_german.b49ccf4848c830ba5adf77835258eb3f1aa0e3e3.png','https://steamcdn-a.akamaihd.net/apps/583950/icons/set01/10108_large_french.f851fb704472c6b67657575d1e44377eaf5b9209.png','https://steamcdn-a.akamaihd.net/apps/583950/icons/set01/10108_large_italian.c67f73d0db9fc52fb6e60351c46fb13ecb77838e.png','https://steamcdn-a.akamaihd.net/apps/583950/icons/set01/10108_large_koreana.d8210fcd499223dea8d985af266663e9928ff994.png','https://steamcdn-a.akamaihd.net/apps/583950/icons/set01/10108_large_spanish.4cf5b80e257398967714ea0fbfdbae4e67b65094.png','https://steamcdn-a.akamaihd.net/apps/583950/icons/set01/10108_large_schinese.d9de84cca90bec789bddcd63860e19ef5158dcaa.png','https://steamcdn-a.akamaihd.net/apps/583950/icons/set01/10108_large_tchinese.e18f00f62b0a24140dff54591aed09881b81ea30.png','https://steamcdn-a.akamaihd.net/apps/583950/icons/set01/10108_large_russian.ee597c975509f6252c78f4f03d69cd8bb8a202ea.png','https://steamcdn-a.akamaihd.net/apps/583950/icons/set01/10108_large_japanese.37388438dfdee88824954d369c9291c41c0373f2.png','https://steamcdn-a.akamaihd.net/apps/583950/icons/set01/10108_large_brazilian.6c8a85929327e4b99bb98687365c80459af55578.png','https://steamcdn-a.akamaihd.net/apps/583950/icons/set01/10108_large_latam.4454e36d3e36b59faa205adaeaefbfe631e14b25.png');
INSERT INTO Cartas VALUES (10111,'Creep','Wisnu Tan','Common',110111);
INSERT INTO CardName VALUES(10111,"Satyr Duelist","Satyrduellant","Satyre duelliste","Satiro duellante","사티로스 결투자","Sátiro Duelista","萨特决斗家","薩特決鬥家","Сатир-дуэлянт","Satyr Duelist","サテュロスの決闘者","Satyr Duelist","Satyr Duelist","Satyr Duelist","Satyr Duelist","Satyr Duelist","Satyr Duelist","Satyr Duelist","Satyr Duelist","Satyr Duelist","Satyr Duelist","Satyr Duelist","Sátiro Duelista","Satyr Duelist","Satyr Duelist","Satyr Duelist","Sátiro Duelista","Satyr Duelist");
INSERT INTO LargeImage VALUES(10111,'https://steamcdn-a.akamaihd.net/apps/583950/icons/set01/10111_large_english.ba0abf34a9c88216532e1098f14d5c620c3c5e6f.png','https://steamcdn-a.akamaihd.net/apps/583950/icons/set01/10111_large_german.d087d0f2e79b0835ea288dcac4f2dc82ebf054c7.png','https://steamcdn-a.akamaihd.net/apps/583950/icons/set01/10111_large_french.6a2063b05b446f0ec64c7682560c04b4da642472.png','https://steamcdn-a.akamaihd.net/apps/583950/icons/set01/10111_large_italian.80f6a9e717bac61ccdefa6fe5b7b0482c1b2a930.png','https://steamcdn-a.akamaihd.net/apps/583950/icons/set01/10111_large_koreana.ac5c233c4b664145bfaf9afab61402aafc5c3c41.png','https://steamcdn-a.akamaihd.net/apps/583950/icons/set01/10111_large_spanish.b3708899800bdb549f23510dd8817ac3cf38c7fb.png','https://steamcdn-a.akamaihd.net/apps/583950/icons/set01/10111_large_schinese.77c8dadd24947c556f13cdbf280e17b15f65d016.png','https://steamcdn-a.akamaihd.net/apps/583950/icons/set01/10111_large_tchinese.654ba50d13272f436fb218c5b805bee9d86fdf8b.png','https://steamcdn-a.akamaihd.net/apps/583950/icons/set01/10111_large_russian.eda35f5201429ef775b7670eb8ac8a5b7a08c089.png','https://steamcdn-a.akamaihd.net/apps/583950/icons/set01/10111_large_japanese.403a2f876baf2636e4257185cc7187a0f7ba969d.png','https://steamcdn-a.akamaihd.net/apps/583950/icons/set01/10111_large_brazilian.caade44711eef1656278523efc1ccfa15c27de58.png','https://steamcdn-a.akamaihd.net/apps/583950/icons/set01/10111_large_latam.dec0124be6982bb577b255e6608b1e21fa751281.png');
INSERT INTO Cartas VALUES (10113,'Creep','Vance Kovacs','Rare',110113);
INSERT INTO CardName VALUES(10113,"Rampaging Hellbear","Tobender Höllenbär","Wendigo enragé","Orso infernale infuriato","광란의 지옥곰","Oso Infernal Arrasador","暴走地狱熊怪","暴走地獄熊怪","Буйный медведемон","Rampaging Hellbear","暴れまわるヘルベア","Rampaging Hellbear","Rampaging Hellbear","Rampaging Hellbear","Rampaging Hellbear","Rampaging Hellbear","Rampaging Hellbear","Rampaging Hellbear","Rampaging Hellbear","Rampaging Hellbear","Rampaging Hellbear","Rampaging Hellbear","Urso Infernal Assolador","Rampaging Hellbear","Rampaging Hellbear","Rampaging Hellbear","Oso Infernal Arrasador","Rampaging Hellbear");
INSERT INTO LargeImage VALUES(10113,'https://steamcdn-a.akamaihd.net/apps/583950/icons/set01/10113_large_english.79990c936671697c1e20564df27c44cd469a10d0.png','https://steamcdn-a.akamaihd.net/apps/583950/icons/set01/10113_large_german.74c043f349f293e2a4a6097bbf79cd35c5a4e924.png','https://steamcdn-a.akamaihd.net/apps/583950/icons/set01/10113_large_french.571bbd01471c86c70bf3e1a8cf191bcc5f33747d.png','https://steamcdn-a.akamaihd.net/apps/583950/icons/set01/10113_large_italian.52c39d5727559f858635412431e49c927bdcbd02.png','https://steamcdn-a.akamaihd.net/apps/583950/icons/set01/10113_large_koreana.7af26c89015435204b8013c8a5e54cd709bfd4c2.png','https://steamcdn-a.akamaihd.net/apps/583950/icons/set01/10113_large_spanish.24482472db2c1e280530dd65354364c48334dda1.png','https://steamcdn-a.akamaihd.net/apps/583950/icons/set01/10113_large_schinese.81706d723141f2577db63f2ecb17a5132a41a446.png','https://steamcdn-a.akamaihd.net/apps/583950/icons/set01/10113_large_tchinese.f380ab0dc895db04a34ca2c679f4f2023ecf67e1.png','https://steamcdn-a.akamaihd.net/apps/583950/icons/set01/10113_large_russian.6fc8c910645e085c4792e13e7103fcfeb90a5581.png','https://steamcdn-a.akamaihd.net/apps/583950/icons/set01/10113_large_japanese.2612a16723d52c4d3e1c56bc51154bcddfce639d.png','https://steamcdn-a.akamaihd.net/apps/583950/icons/set01/10113_large_brazilian.cbfafee3e6e7c4933c5eefae8eb199338f3bfed3.png','https://steamcdn-a.akamaihd.net/apps/583950/icons/set01/10113_large_latam.06e7336c54c458f364f637fccff1ba06599a6fa5.png');
INSERT INTO Cartas VALUES (10114,'Creep','Jakub Kasper','Uncommon',110114);
INSERT INTO CardName VALUES(10114,"Cursed Satyr","Verfluchter Satyr","Satyre maudit","Satiro maledetto","저주받은 사티로스","Sátiro Maldito","被诅咒的萨特","被詛咒的薩特","Проклятая сатирка","Cursed Satyr","呪われたサテュロス","Cursed Satyr","Cursed Satyr","Cursed Satyr","Cursed Satyr","Cursed Satyr","Cursed Satyr","Cursed Satyr","Cursed Satyr","Cursed Satyr","Cursed Satyr","Cursed Satyr","Sátira Amaldiçoada","Cursed Satyr","Cursed Satyr","Cursed Satyr","Sátira Maldita","Cursed Satyr");
INSERT INTO LargeImage VALUES(10114,'https://steamcdn-a.akamaihd.net/apps/583950/icons/set01/10114_large_english.8b2cbdbebfbc4f5b8fe5fcc5e66d66bd75f8fed0.png','https://steamcdn-a.akamaihd.net/apps/583950/icons/set01/10114_large_german.d3b0155b5596d26aba344a9f295997657fb86ea1.png','https://steamcdn-a.akamaihd.net/apps/583950/icons/set01/10114_large_french.49556fab3aaa12279fe8c6b8988b13d2788b9520.png','https://steamcdn-a.akamaihd.net/apps/583950/icons/set01/10114_large_italian.ffe215b8c35db43e8bda805c2e0945135a8257c0.png','https://steamcdn-a.akamaihd.net/apps/583950/icons/set01/10114_large_koreana.525bcfb4dae37358ef3794f225b6709bad61612a.png','https://steamcdn-a.akamaihd.net/apps/583950/icons/set01/10114_large_spanish.d07cce94da1d0e7b0e033ecc8fb026d280722ed8.png','https://steamcdn-a.akamaihd.net/apps/583950/icons/set01/10114_large_schinese.52afd7c8053e21e1419d35d8debb8b78762973ee.png','https://steamcdn-a.akamaihd.net/apps/583950/icons/set01/10114_large_tchinese.f21c344a27218a212bd98e39026503413e61d172.png','https://steamcdn-a.akamaihd.net/apps/583950/icons/set01/10114_large_russian.c896ca2b47abf6d47715d400c22237541f8f7856.png','https://steamcdn-a.akamaihd.net/apps/583950/icons/set01/10114_large_japanese.2633a8eb2b38ffcaed1a8bb5a1572f90fddfef17.png','https://steamcdn-a.akamaihd.net/apps/583950/icons/set01/10114_large_brazilian.16f3bdcba3e746000c06dc4aae079ae2e5ae7994.png','https://steamcdn-a.akamaihd.net/apps/583950/icons/set01/10114_large_latam.f3d015fcf16b30d4b28f13af10cbdc69572cb245.png');
INSERT INTO Cartas VALUES (10115,'Creep','Heonhwa Choe','Rare',110115);
INSERT INTO CardName VALUES(10115,"Ravenhook","Rabenbuckel","Corbec","Corvonero","레이븐후크","Garricórvido","勾财黑鸦","勾財黑鴉","Ворон-вор","Ravenhook","レイブンフック","Ravenhook","Ravenhook","Ravenhook","Ravenhook","Ravenhook","Ravenhook","Ravenhook","Ravenhook","Ravenhook","Ravenhook","Ravenhook","Garrapinante","Ravenhook","Ravenhook","Ravenhook","Garricórvido","Ravenhook");
INSERT INTO LargeImage VALUES(10115,'https://steamcdn-a.akamaihd.net/apps/583950/icons/set01/10115_large_english.1e68808501e8cfb039544987605d03c786cf6b9c.png','https://steamcdn-a.akamaihd.net/apps/583950/icons/set01/10115_large_german.d3f9775034e0bc4c2a793a7f989459bd40d36e1c.png','https://steamcdn-a.akamaihd.net/apps/583950/icons/set01/10115_large_french.01f03199900d2571abdbbd2930e890f512d3f735.png','https://steamcdn-a.akamaihd.net/apps/583950/icons/set01/10115_large_italian.c3d69732eca22b3ef18286d86a1587024dae43e0.png','https://steamcdn-a.akamaihd.net/apps/583950/icons/set01/10115_large_koreana.033c333818760e03b6c569db25f7e3e6e6fed0c1.png','https://steamcdn-a.akamaihd.net/apps/583950/icons/set01/10115_large_spanish.d2a5d05d94d389b47f261b2d50b275043af0ef08.png','https://steamcdn-a.akamaihd.net/apps/583950/icons/set01/10115_large_schinese.5aed74a63c6f35a7313838a833a06348813a2724.png','https://steamcdn-a.akamaihd.net/apps/583950/icons/set01/10115_large_tchinese.7bec1793bbcf0b325a333d4e32e3dc15d7f1e713.png','https://steamcdn-a.akamaihd.net/apps/583950/icons/set01/10115_large_russian.258eafed0aca17119591f1c420eca9210a1602f4.png','https://steamcdn-a.akamaihd.net/apps/583950/icons/set01/10115_large_japanese.15721a9c427073b736e481e65ba2aafb6b2396c3.png','https://steamcdn-a.akamaihd.net/apps/583950/icons/set01/10115_large_brazilian.99ce919dc27d08d0b2d2ba1ae346117aa691d8c1.png','https://steamcdn-a.akamaihd.net/apps/583950/icons/set01/10115_large_latam.5150bd619820c74ec4df74683fb0033f53e82988.png');
INSERT INTO Cartas VALUES (10116,'Creep','Mike Azevedo','Rare',110116);
INSERT INTO CardName VALUES(10116,"Ravenous Mass","Gefräßige Masse","Masse dévorante","Massa affamata","게걸스러운 덩어리","Masa voraz","贪婪众生","貪婪眾生","Прожорливая куча","Ravenous Mass","飢えた塊","Ravenous Mass","Ravenous Mass","Ravenous Mass","Ravenous Mass","Ravenous Mass","Ravenous Mass","Ravenous Mass","Ravenous Mass","Ravenous Mass","Ravenous Mass","Ravenous Mass","Multidão Voraz","Ravenous Mass","Ravenous Mass","Ravenous Mass","Masa Voraz","Ravenous Mass");
INSERT INTO LargeImage VALUES(10116,'https://steamcdn-a.akamaihd.net/apps/583950/icons/set01/10116_large_english.0cc693b888c77f2cbd00221013bda3db030e417d.png','https://steamcdn-a.akamaihd.net/apps/583950/icons/set01/10116_large_german.a01098d67d56067a445966943360823cedbbd712.png','https://steamcdn-a.akamaihd.net/apps/583950/icons/set01/10116_large_french.46a8337c6b1da24e2e71049a08cdc4ee261095d0.png','https://steamcdn-a.akamaihd.net/apps/583950/icons/set01/10116_large_italian.ceb3c96d685c34f7d6ea88181bcba42c2737da91.png','https://steamcdn-a.akamaihd.net/apps/583950/icons/set01/10116_large_koreana.828b5b973878683e6f2dbaf5b9020c2af0502089.png','https://steamcdn-a.akamaihd.net/apps/583950/icons/set01/10116_large_spanish.a215b539cdb6857532ac341a1eef04059283ef41.png','https://steamcdn-a.akamaihd.net/apps/583950/icons/set01/10116_large_schinese.50c368e593dfc35549608e0991775e0c4186a39f.png','https://steamcdn-a.akamaihd.net/apps/583950/icons/set01/10116_large_tchinese.73c84b9a70fd74fa5b930e7aa78687a3d59b16e1.png','https://steamcdn-a.akamaihd.net/apps/583950/icons/set01/10116_large_russian.47b7f7d71f6948d5fb5a22898ae688a29fe34cfa.png','https://steamcdn-a.akamaihd.net/apps/583950/icons/set01/10116_large_japanese.b417a5b5b6947c0fdd6d39ac22532fb0bfae0146.png','https://steamcdn-a.akamaihd.net/apps/583950/icons/set01/10116_large_brazilian.96135c2fa6705e171f97dc07e0dca225dd4e11e7.png','https://steamcdn-a.akamaihd.net/apps/583950/icons/set01/10116_large_latam.edf2bd8b929b6f0d4a2f738a139db50b19760fdc.png');
INSERT INTO Cartas VALUES (10118,'Creep','Vance Kovacs','Common',110118);
INSERT INTO CardName VALUES(10118,"Hellbear Crippler","Höllenbär-Verkrüppler","Découpeur wendigo","Orso infernale mutilatore","지옥곰 파괴자","Oso Infernal Paralizante","地狱熊怪摧残者","地獄熊怪摧殘者","Медведемон-крушитель","Hellbear Crippler","ヘルベアクリップラー","Hellbear Crippler","Hellbear Crippler","Hellbear Crippler","Hellbear Crippler","Hellbear Crippler","Hellbear Crippler","Hellbear Crippler","Hellbear Crippler","Hellbear Crippler","Hellbear Crippler","Hellbear Crippler","Urso Infernal Mutilador","Hellbear Crippler","Hellbear Crippler","Hellbear Crippler","Oso Infernal Paralizante","Hellbear Crippler");
INSERT INTO LargeImage VALUES(10118,'https://steamcdn-a.akamaihd.net/apps/583950/icons/set01/10118_large_english.af0115d47c3d0876e324ecad2e9faa126a751944.png','https://steamcdn-a.akamaihd.net/apps/583950/icons/set01/10118_large_german.18d4f8306f400b6135f87f8c0dfb5902547c3110.png','https://steamcdn-a.akamaihd.net/apps/583950/icons/set01/10118_large_french.83c8d65d91f2144dc7f0c597a4710d167248d169.png','https://steamcdn-a.akamaihd.net/apps/583950/icons/set01/10118_large_italian.a179942f97ba85d5f450f317c96d763317527fc8.png','https://steamcdn-a.akamaihd.net/apps/583950/icons/set01/10118_large_koreana.299d13def2be257c215e664e8a7f83020aa518ee.png','https://steamcdn-a.akamaihd.net/apps/583950/icons/set01/10118_large_spanish.49e4d69f465c869c165b2dff0e37fa75770358fa.png','https://steamcdn-a.akamaihd.net/apps/583950/icons/set01/10118_large_schinese.fe24639f6129b0d57eeabf7ba3b3078b0ffd082a.png','https://steamcdn-a.akamaihd.net/apps/583950/icons/set01/10118_large_tchinese.340679250ff328e7a4a9a948d1952bddc8bdf4aa.png','https://steamcdn-a.akamaihd.net/apps/583950/icons/set01/10118_large_russian.ea78a37b090169ea1591af910de3aec56936789f.png','https://steamcdn-a.akamaihd.net/apps/583950/icons/set01/10118_large_japanese.5199fbd06a2122e51cefd6a2a47bcd351a8d5212.png','https://steamcdn-a.akamaihd.net/apps/583950/icons/set01/10118_large_brazilian.fbbc3db2d8dfddd253e0211cba00ea6a919e2781.png','https://steamcdn-a.akamaihd.net/apps/583950/icons/set01/10118_large_latam.b0e3735c2d543b3b1a26b439a8cb27f05de76987.png');
INSERT INTO Cartas VALUES (10119,'Creep','John Stanko','Common',110119);
INSERT INTO CardName VALUES(10119,"Selfish Cleric","Selbstsüchtiger Kleriker","Clerc égoïste","Chierico egoista","이기적인 성직자","Clérigo Egoísta","自私教士","自私教士","Скупой клирик","Selfish Cleric","利己的な僧侶","Selfish Cleric","Selfish Cleric","Selfish Cleric","Selfish Cleric","Selfish Cleric","Selfish Cleric","Selfish Cleric","Selfish Cleric","Selfish Cleric","Selfish Cleric","Selfish Cleric","Clérigo Egoísta","Selfish Cleric","Selfish Cleric","Selfish Cleric","Clérigo Egoísta","Selfish Cleric");
INSERT INTO LargeImage VALUES(10119,'https://steamcdn-a.akamaihd.net/apps/583950/icons/set01/10119_large_english.5a01d4471368ac2f718dd22d9af6daeb93e92058.png','https://steamcdn-a.akamaihd.net/apps/583950/icons/set01/10119_large_german.3ba185c357f852064134b982714020bfc2de2013.png','https://steamcdn-a.akamaihd.net/apps/583950/icons/set01/10119_large_french.fbd02c8ae3519ceaaf11f9cb089df584856a7018.png','https://steamcdn-a.akamaihd.net/apps/583950/icons/set01/10119_large_italian.a3b0137809f206922f0ef705cd8924812db50fd0.png','https://steamcdn-a.akamaihd.net/apps/583950/icons/set01/10119_large_koreana.de8b28e4e43137cb09cce7b3a19e34cd00de11f4.png','https://steamcdn-a.akamaihd.net/apps/583950/icons/set01/10119_large_spanish.a8181412ed6abe26edb1caebfef050917125a361.png','https://steamcdn-a.akamaihd.net/apps/583950/icons/set01/10119_large_schinese.c7181c1ccc181922fd7a64bdcf08972e3867505c.png','https://steamcdn-a.akamaihd.net/apps/583950/icons/set01/10119_large_tchinese.00c4b7aba68bf6cd645648bd10235cbfac5bec9d.png','https://steamcdn-a.akamaihd.net/apps/583950/icons/set01/10119_large_russian.caad61c038b301160c7f90b0223fe3ffc913dba4.png','https://steamcdn-a.akamaihd.net/apps/583950/icons/set01/10119_large_japanese.f68396a0837a5c36b48caead0c5e1045ad17f034.png','https://steamcdn-a.akamaihd.net/apps/583950/icons/set01/10119_large_brazilian.71eb3918d30360f4b78f15dfc0c98b89f8753552.png','https://steamcdn-a.akamaihd.net/apps/583950/icons/set01/10119_large_latam.602ef1e3a4fbb31253045529651c5fa428f1bc54.png');
INSERT INTO Cartas VALUES (10127,'Creep','Lius Lasahido','Common',110127);
INSERT INTO CardName VALUES(10127,"Ogre Conscript","Ogerrekrut","Ogre conscrit","Ogre apprendista","오거 징집병","Ogro Recluta","食人魔士兵","食人魔士兵","Огр-солдат","Ogre Conscript","オーガの徴集兵","Ogre Conscript","Ogre Conscript","Ogre Conscript","Ogre Conscript","Ogre Conscript","Ogre Conscript","Ogre Conscript","Ogre Conscript","Ogre Conscript","Ogre Conscript","Ogre Conscript","Ogro Conscrito","Ogre Conscript","Ogre Conscript","Ogre Conscript","Ogro Recluta","Ogre Conscript");
INSERT INTO LargeImage VALUES(10127,'https://steamcdn-a.akamaihd.net/apps/583950/icons/set01/10127_large_english.fb540e1a4a35e8fae291f1d54333cf6193dc2d0d.png','https://steamcdn-a.akamaihd.net/apps/583950/icons/set01/10127_large_german.d44a58422e473b6839d8d04aeed5eb5cc0a72305.png','https://steamcdn-a.akamaihd.net/apps/583950/icons/set01/10127_large_french.09db8c96f1fbb2aae7f3de2bc3ad0189368ca826.png','https://steamcdn-a.akamaihd.net/apps/583950/icons/set01/10127_large_italian.03a7d74b131249b17cb4b9be80ae044e12ac9eb2.png','https://steamcdn-a.akamaihd.net/apps/583950/icons/set01/10127_large_koreana.67929970f3ae54530a82add38ff0018fde9cae63.png','https://steamcdn-a.akamaihd.net/apps/583950/icons/set01/10127_large_spanish.142418954d72bdd1046d7e0c948482d1b072772a.png','https://steamcdn-a.akamaihd.net/apps/583950/icons/set01/10127_large_schinese.ace1479c9db9b6487d28a6572e9f40ecc813b3ca.png','https://steamcdn-a.akamaihd.net/apps/583950/icons/set01/10127_large_tchinese.99825d61c617874078288fcefd02c916687c9193.png','https://steamcdn-a.akamaihd.net/apps/583950/icons/set01/10127_large_russian.5187191c256446971bcfc97618db6955bc3d13d4.png','https://steamcdn-a.akamaihd.net/apps/583950/icons/set01/10127_large_japanese.684b15e3b0320ec8a2d620dff67f4ffce62a5c9a.png','https://steamcdn-a.akamaihd.net/apps/583950/icons/set01/10127_large_brazilian.01d5dbc4d6bea4200b8317321c1ead686efaf554.png','https://steamcdn-a.akamaihd.net/apps/583950/icons/set01/10127_large_latam.6895cdce0270dc282251efb7c920edea5bdff0b6.png');
INSERT INTO Cartas VALUES (10128,'Creep','Jason Kang','Common',110128);
INSERT INTO CardName VALUES(10128,"Untested Grunt","Unerfahrener Soldat","Soldat néophyte","Soldato principiante","검증되지 않은 졸병","Novato Gruñón","未经考验的士兵","未經考驗的士兵","Неопытный пехотинец","Untested Grunt","駆け出しの歩兵","Untested Grunt","Untested Grunt","Untested Grunt","Untested Grunt","Untested Grunt","Untested Grunt","Untested Grunt","Untested Grunt","Untested Grunt","Untested Grunt","Untested Grunt","Bruto Inexperiente","Untested Grunt","Untested Grunt","Untested Grunt","Novato Gruñón","Untested Grunt");
INSERT INTO LargeImage VALUES(10128,'https://steamcdn-a.akamaihd.net/apps/583950/icons/set01/10128_large_english.11eef2f371f9c87ed9d5c8a12eb6ad77c349ea10.png','https://steamcdn-a.akamaihd.net/apps/583950/icons/set01/10128_large_german.a1ba741909cd264ff910b1043faad99bc1d27c01.png','https://steamcdn-a.akamaihd.net/apps/583950/icons/set01/10128_large_french.fa029899f1a4b5119e4c11b11623105d5939748d.png','https://steamcdn-a.akamaihd.net/apps/583950/icons/set01/10128_large_italian.76dd3b1750754af75ca034baffc0c01943b2c26d.png','https://steamcdn-a.akamaihd.net/apps/583950/icons/set01/10128_large_koreana.dc55da551cb9554fb29599136dec05bf16318539.png','https://steamcdn-a.akamaihd.net/apps/583950/icons/set01/10128_large_spanish.6baa8c0848a8164d5e8f801ad8508573fcfe895d.png','https://steamcdn-a.akamaihd.net/apps/583950/icons/set01/10128_large_schinese.49010e53601a6c4cc93400a159156358447bbe78.png','https://steamcdn-a.akamaihd.net/apps/583950/icons/set01/10128_large_tchinese.2757b1781a346e787477bfbec916b659e9b79951.png','https://steamcdn-a.akamaihd.net/apps/583950/icons/set01/10128_large_russian.5273ba310ce57418a61095fe0a9795babc0f98ae.png','https://steamcdn-a.akamaihd.net/apps/583950/icons/set01/10128_large_japanese.16924715248473ecb655960657388a3df54190ed.png','https://steamcdn-a.akamaihd.net/apps/583950/icons/set01/10128_large_brazilian.ef1740b5b5a757ebe0904808b6f0a6c50ba26bb7.png','https://steamcdn-a.akamaihd.net/apps/583950/icons/set01/10128_large_latam.84c0ae5d775dc03c8d936ab7125ad6cf0c8eca53.png');
INSERT INTO Cartas VALUES (10129,'Creep','David Palumbo','Common',110129);
INSERT INTO CardName VALUES(10129,"Assassin's Apprentice","Assassinenschülerin","Apprentie assassine","Apprendista dell'assassina","자객의 수습생","Aprendiza de Asesino","刺客学徒","刺客學徒","Ученица убийцы","Assassin's Apprentice","暗殺者の弟子","Assassin's Apprentice","Assassin's Apprentice","Assassin's Apprentice","Assassin's Apprentice","Assassin's Apprentice","Assassin's Apprentice","Assassin's Apprentice","Assassin's Apprentice","Assassin's Apprentice","Assassin's Apprentice","Assassin's Apprentice","Aprendiz da Assassina","Assassin's Apprentice","Assassin's Apprentice","Assassin's Apprentice","Aprendiza de Asesino","Assassin's Apprentice");
INSERT INTO LargeImage VALUES(10129,'https://steamcdn-a.akamaihd.net/apps/583950/icons/set01/10129_large_english.0dff50721422f024352447bdf129de8266195db3.png','https://steamcdn-a.akamaihd.net/apps/583950/icons/set01/10129_large_german.4e3e1ae6b50a3dfa2171a43a8886c70a703dae8a.png','https://steamcdn-a.akamaihd.net/apps/583950/icons/set01/10129_large_french.6086f762eda7dfc0a79146ed2f01750657b6075c.png','https://steamcdn-a.akamaihd.net/apps/583950/icons/set01/10129_large_italian.99fd822322948e8db74165c0847517093acf0c2e.png','https://steamcdn-a.akamaihd.net/apps/583950/icons/set01/10129_large_koreana.7e63e80f390bb8c1e854c7f7821a879ab86a2b3f.png','https://steamcdn-a.akamaihd.net/apps/583950/icons/set01/10129_large_spanish.ac6efd8a3dee6898d66345d79112dbaab6d704bb.png','https://steamcdn-a.akamaihd.net/apps/583950/icons/set01/10129_large_schinese.f69418e8b46ef2e56d7f4e437ed8ebb79a027b48.png','https://steamcdn-a.akamaihd.net/apps/583950/icons/set01/10129_large_tchinese.6668ef335be6b6e8ed8c9af1ef4609559a8f56b9.png','https://steamcdn-a.akamaihd.net/apps/583950/icons/set01/10129_large_russian.26708b5df03ce38b881bfac390187564eb10fe6c.png','https://steamcdn-a.akamaihd.net/apps/583950/icons/set01/10129_large_japanese.262a4bf4807352916ade7c97b9a67cf2f17006a0.png','https://steamcdn-a.akamaihd.net/apps/583950/icons/set01/10129_large_brazilian.e64465f106977cc32d14554af3cc278f3372ed7f.png','https://steamcdn-a.akamaihd.net/apps/583950/icons/set01/10129_large_latam.efbc5c6d3d35cd0f58ecbd19776d613e7b34cb82.png');
INSERT INTO Cartas VALUES (10131,'Creep','Jason Kang','Uncommon',110131);
INSERT INTO CardName VALUES(10131,"Stonehall Elite","Elite von Steinhalle","Élite de Pierrefort","Élite di Borgolitio","돌의 전당 정예병","Élite de Stonehall","石堂城精英","石堂城菁英","Элитный воин Стоунхолла","Stonehall Elite","ストーンホールの精鋭","Stonehall Elite","Stonehall Elite","Stonehall Elite","Stonehall Elite","Stonehall Elite","Stonehall Elite","Stonehall Elite","Stonehall Elite","Stonehall Elite","Stonehall Elite","Stonehall Elite","Elite do Corredor de Pedra","Stonehall Elite","Stonehall Elite","Stonehall Elite","Élite de Stonehall","Stonehall Elite");
INSERT INTO LargeImage VALUES(10131,'https://steamcdn-a.akamaihd.net/apps/583950/icons/set01/10131_large_english.2ee44440f5038ffb3f7391d06feb68e6f87e05f9.png','https://steamcdn-a.akamaihd.net/apps/583950/icons/set01/10131_large_german.35d675e21c39060a7ceb73e4ea20f07974f82d60.png','https://steamcdn-a.akamaihd.net/apps/583950/icons/set01/10131_large_french.2ecf3f1acb573b5d526570fae8fe3d9c955ae300.png','https://steamcdn-a.akamaihd.net/apps/583950/icons/set01/10131_large_italian.d7bc57fcf02cd21b655e89c6679f96fb1ebb8186.png','https://steamcdn-a.akamaihd.net/apps/583950/icons/set01/10131_large_koreana.2be4f167f810285ffec9e090a94ca8ad1a0c2e7e.png','https://steamcdn-a.akamaihd.net/apps/583950/icons/set01/10131_large_spanish.524201adc81181aa35ddd7fad669fe0fb2e639b5.png','https://steamcdn-a.akamaihd.net/apps/583950/icons/set01/10131_large_schinese.80c5afb2b3681c6b28fa25e1c1927f842ade7cca.png','https://steamcdn-a.akamaihd.net/apps/583950/icons/set01/10131_large_tchinese.0074ffe858180d35639488191154de9a76a19bf9.png','https://steamcdn-a.akamaihd.net/apps/583950/icons/set01/10131_large_russian.53b5a17652450f84438420924f77e49152a53846.png','https://steamcdn-a.akamaihd.net/apps/583950/icons/set01/10131_large_japanese.341613d2bd37fd2dd38d50683a47fe5c8ac4a927.png','https://steamcdn-a.akamaihd.net/apps/583950/icons/set01/10131_large_brazilian.f97eef6037fe26e9c9eb139bd6442aee8449a970.png','https://steamcdn-a.akamaihd.net/apps/583950/icons/set01/10131_large_latam.1d13db008bc84c98856762c652d28eac44ee4bca.png');
INSERT INTO Cartas VALUES (10132,'Creep','Anastasia Ovchinnikova','Uncommon',110132);
INSERT INTO CardName VALUES(10132,"Red Mist Pillager","Rotnebelplünderer","Pillard de la Brume rouge","Saccheggiatore della Nebbia Rossa","붉은 안개 약탈자","Saqueador de la Niebla Roja","红雾掠夺者","紅霧掠奪者","Мародёр Красного тумана","Red Mist Pillager","レッドミストの略奪者","Red Mist Pillager","Red Mist Pillager","Red Mist Pillager","Red Mist Pillager","Red Mist Pillager","Red Mist Pillager","Red Mist Pillager","Red Mist Pillager","Red Mist Pillager","Red Mist Pillager","Red Mist Pillager","Saqueador da Névoa Vermelha","Red Mist Pillager","Red Mist Pillager","Red Mist Pillager","Saqueador de la Niebla Roja","Red Mist Pillager");
INSERT INTO LargeImage VALUES(10132,'https://steamcdn-a.akamaihd.net/apps/583950/icons/set01/10132_large_english.1842ec496903b93637b3eac1b0f4dd229b930c45.png','https://steamcdn-a.akamaihd.net/apps/583950/icons/set01/10132_large_german.67ecf7e5df43a9c23b5c9a5b076bf9b6aa4b73ad.png','https://steamcdn-a.akamaihd.net/apps/583950/icons/set01/10132_large_french.1db62de59a78a9729e579ee6208fe47824a11fe7.png','https://steamcdn-a.akamaihd.net/apps/583950/icons/set01/10132_large_italian.ad365fbed76460989f87382fd2ac2c1592839b95.png','https://steamcdn-a.akamaihd.net/apps/583950/icons/set01/10132_large_koreana.9ed16eff5ae51e265496889f11754b6cbc4c3636.png','https://steamcdn-a.akamaihd.net/apps/583950/icons/set01/10132_large_spanish.6dad0263d3aaba892c21667550fe0cb2310a3b89.png','https://steamcdn-a.akamaihd.net/apps/583950/icons/set01/10132_large_schinese.2e7d5563720dbae1ba62c4f0188c4c6be261ac25.png','https://steamcdn-a.akamaihd.net/apps/583950/icons/set01/10132_large_tchinese.16456e6a12d10014e97b691167d0268760ba80c2.png','https://steamcdn-a.akamaihd.net/apps/583950/icons/set01/10132_large_russian.405ac09b6fa03c758945acfff60fe6d7c92e93e6.png','https://steamcdn-a.akamaihd.net/apps/583950/icons/set01/10132_large_japanese.34ca688020bc42595ee99f86ee55db5dab327c1d.png','https://steamcdn-a.akamaihd.net/apps/583950/icons/set01/10132_large_brazilian.75187d077d5695c81857afe46369611ae4ec83d0.png','https://steamcdn-a.akamaihd.net/apps/583950/icons/set01/10132_large_latam.43abb061bd0e1d999fd18fbf7f2c16c9f28fe890.png');
INSERT INTO Cartas VALUES (10133,'Creep','Daarken','Rare',110133);
INSERT INTO CardName VALUES(10133,"Champion of the Ancient","Champion des Uralten","Champion des Anciens","Campione dell'Antico","고대의 용사","Campeón Ancestral","遗迹卫士","遺跡衛士","Защитник Древнего","Champion of the Ancient","エンシェントの英雄","Champion of the Ancient","Champion of the Ancient","Champion of the Ancient","Champion of the Ancient","Champion of the Ancient","Champion of the Ancient","Champion of the Ancient","Champion of the Ancient","Champion of the Ancient","Champion of the Ancient","Champion of the Ancient","Campeão do Ancestral","Champion of the Ancient","Champion of the Ancient","Champion of the Ancient","Campeón Ancestral","Champion of the Ancient");
INSERT INTO LargeImage VALUES(10133,'https://steamcdn-a.akamaihd.net/apps/583950/icons/set01/10133_large_english.f22b42300704662bbc0edfaee6dfde47ed4d78b5.png','https://steamcdn-a.akamaihd.net/apps/583950/icons/set01/10133_large_german.c6f7dfcdb8d0f944bb1e1d4c2b3deacb5af81d81.png','https://steamcdn-a.akamaihd.net/apps/583950/icons/set01/10133_large_french.f6b236797e7d4efb97867014663e91c11ebec6af.png','https://steamcdn-a.akamaihd.net/apps/583950/icons/set01/10133_large_italian.839770b23a9f4ab679c6389ef7f87f3340719057.png','https://steamcdn-a.akamaihd.net/apps/583950/icons/set01/10133_large_koreana.61b323135ce2e622f3bcb42eb8d21cebcc67615f.png','https://steamcdn-a.akamaihd.net/apps/583950/icons/set01/10133_large_spanish.362e1502de29c846c0af1321ff677afbefca57cd.png','https://steamcdn-a.akamaihd.net/apps/583950/icons/set01/10133_large_schinese.92400bf340036264afe4eee089eab64dc2c1ff47.png','https://steamcdn-a.akamaihd.net/apps/583950/icons/set01/10133_large_tchinese.333217245c17d8761de9a3f38fd0045ebd051c90.png','https://steamcdn-a.akamaihd.net/apps/583950/icons/set01/10133_large_russian.0b4e82e355b2c797aa7ce51a01798dcc9a0d15c1.png','https://steamcdn-a.akamaihd.net/apps/583950/icons/set01/10133_large_japanese.c1e644c4a771fbfd305531f956036920d254d4ff.png','https://steamcdn-a.akamaihd.net/apps/583950/icons/set01/10133_large_brazilian.ba3ccf509a27809f6336a39458a8d559c4630a9b.png','https://steamcdn-a.akamaihd.net/apps/583950/icons/set01/10133_large_latam.aa0cfa03a2a8830e4c5a6d6e9455a9b9ab85aa8f.png');
INSERT INTO Cartas VALUES (10134,'Creep','Jakub Kasper','Uncommon',110134);
INSERT INTO CardName VALUES(10134,"Roseleaf Rejuvenator","Rosenblattverjünger","Régénérateur de Rosefoliole","Ringiovanitore di Petalosa","장미잎 활력소","Reparadora Rosoidea","玫叶神医","玫葉神醫","Омолодительница Розолиста","Roseleaf Rejuvenator","ローズリーフの再興者","Roseleaf Rejuvenator","Roseleaf Rejuvenator","Roseleaf Rejuvenator","Roseleaf Rejuvenator","Roseleaf Rejuvenator","Roseleaf Rejuvenator","Roseleaf Rejuvenator","Roseleaf Rejuvenator","Roseleaf Rejuvenator","Roseleaf Rejuvenator","Roseleaf Rejuvenator","Restaurador de Petalosa","Roseleaf Rejuvenator","Roseleaf Rejuvenator","Roseleaf Rejuvenator","Restauradora Rosoidea","Roseleaf Rejuvenator");
INSERT INTO LargeImage VALUES(10134,'https://steamcdn-a.akamaihd.net/apps/583950/icons/set01/10134_large_english.33f69654d19d41a2101838a95d41869e1db34cb0.png','https://steamcdn-a.akamaihd.net/apps/583950/icons/set01/10134_large_german.c4866fe563baa506723bc3c223b78bb91ba1010c.png','https://steamcdn-a.akamaihd.net/apps/583950/icons/set01/10134_large_french.6e79a54b81bbf2a88d1f7234e67111681abf3665.png','https://steamcdn-a.akamaihd.net/apps/583950/icons/set01/10134_large_italian.9a2e0fcab2819f4a420dedc4320ee355265e7643.png','https://steamcdn-a.akamaihd.net/apps/583950/icons/set01/10134_large_koreana.e2330cf4ba48609860d453490634164be3c8c5be.png','https://steamcdn-a.akamaihd.net/apps/583950/icons/set01/10134_large_spanish.1c3fc392d7c88cfdcbafa37052bef4635b90c326.png','https://steamcdn-a.akamaihd.net/apps/583950/icons/set01/10134_large_schinese.479132b66a6abe688408907ba36c8f7b502b0ba7.png','https://steamcdn-a.akamaihd.net/apps/583950/icons/set01/10134_large_tchinese.4eda82bc5228632f1919c8bfba008df18d57f070.png','https://steamcdn-a.akamaihd.net/apps/583950/icons/set01/10134_large_russian.eda010ea8dd99f48ce6d674463b07b6c6d3e0eea.png','https://steamcdn-a.akamaihd.net/apps/583950/icons/set01/10134_large_japanese.a822cb98234836bb38f9238de7a9d21116e69c7b.png','https://steamcdn-a.akamaihd.net/apps/583950/icons/set01/10134_large_brazilian.fb538953361be750d675ff0f58aa72c7d44bf1e1.png','https://steamcdn-a.akamaihd.net/apps/583950/icons/set01/10134_large_latam.ae50cb3c823075eff152558b8ecb1e4dc074d33d.png');
INSERT INTO Cartas VALUES (10137,'Creep','Alix Branwyn','Uncommon',110137);
INSERT INTO CardName VALUES(10137,"Satyr Magician","Satyrmagierin","Satyre magicienne","Satiro mago","사티로스 마도사","Sátira Maga","萨特魔术师","薩特魔術師","Сатирка-чародейка","Satyr Magician","サテュロスの魔術師","Satyr Magician","Satyr Magician","Satyr Magician","Satyr Magician","Satyr Magician","Satyr Magician","Satyr Magician","Satyr Magician","Satyr Magician","Satyr Magician","Satyr Magician","Maga Sátira","Satyr Magician","Satyr Magician","Satyr Magician","Sátira Maga","Satyr Magician");
INSERT INTO LargeImage VALUES(10137,'https://steamcdn-a.akamaihd.net/apps/583950/icons/set01/10137_large_english.82356fb8204c561c87cfd7b2589ca8960a1369e6.png','https://steamcdn-a.akamaihd.net/apps/583950/icons/set01/10137_large_german.49ffd82b77e5a18219206afbe249ac6152c094b0.png','https://steamcdn-a.akamaihd.net/apps/583950/icons/set01/10137_large_french.41595337ef54d714be6fe1d95abe21f061444c78.png','https://steamcdn-a.akamaihd.net/apps/583950/icons/set01/10137_large_italian.95f2bd1155b4dbb7ae520ede8d27bed0332ad111.png','https://steamcdn-a.akamaihd.net/apps/583950/icons/set01/10137_large_koreana.c9b49600b3a63074f336d93061e65531e9cf0a2e.png','https://steamcdn-a.akamaihd.net/apps/583950/icons/set01/10137_large_spanish.65256fdbe17ecfa165313449ebf19fdc6e00d2ca.png','https://steamcdn-a.akamaihd.net/apps/583950/icons/set01/10137_large_schinese.ad659887668a5e9519c57403fbaa5850a4721c60.png','https://steamcdn-a.akamaihd.net/apps/583950/icons/set01/10137_large_tchinese.f4ef6d56dd3dcc277ce8e8a520f723af13d03f20.png','https://steamcdn-a.akamaihd.net/apps/583950/icons/set01/10137_large_russian.7dd3fceb5cec3b908876f940b71c9d9eac3f9a6e.png','https://steamcdn-a.akamaihd.net/apps/583950/icons/set01/10137_large_japanese.39904b8e42e571b993b08f921161f2650c4605b3.png','https://steamcdn-a.akamaihd.net/apps/583950/icons/set01/10137_large_brazilian.f85b66a0c4c213dc73d7919b751f7e18597aa5e4.png','https://steamcdn-a.akamaihd.net/apps/583950/icons/set01/10137_large_latam.b83f1e8cb7af210e4a38843f8995ed4083041987.png');
INSERT INTO Cartas VALUES (10138,'Creep','Sam Carr','Uncommon',110138);
INSERT INTO CardName VALUES(10138,"Troll Soothsayer","Trollhellseher","Prophétesse troll","Troll indovino","트롤 계시자","Trol Adivina","巨魔占卜师","巨魔占卜師","Троллиха-гадалка","Troll Soothsayer","トロールの占い師","Troll Soothsayer","Troll Soothsayer","Troll Soothsayer","Troll Soothsayer","Troll Soothsayer","Troll Soothsayer","Troll Soothsayer","Troll Soothsayer","Troll Soothsayer","Troll Soothsayer","Troll Soothsayer","Troll Profeta","Troll Soothsayer","Troll Soothsayer","Troll Soothsayer","Trol Adivina","Troll Soothsayer");
INSERT INTO LargeImage VALUES(10138,'https://steamcdn-a.akamaihd.net/apps/583950/icons/set01/10138_large_english.abed2e0473dc2b84168bcedd0963c73ab96ce160.png','https://steamcdn-a.akamaihd.net/apps/583950/icons/set01/10138_large_german.b8a9ab0b0e1dd4da20b16694c0a58031044a355a.png','https://steamcdn-a.akamaihd.net/apps/583950/icons/set01/10138_large_french.81b697eee3c35823d91242983773d7ad9411d840.png','https://steamcdn-a.akamaihd.net/apps/583950/icons/set01/10138_large_italian.2cdff236448c212c8698062a0c56b69f9bf197ee.png','https://steamcdn-a.akamaihd.net/apps/583950/icons/set01/10138_large_koreana.92e11fd54b14d21057e198a6ba02e10c2abda95b.png','https://steamcdn-a.akamaihd.net/apps/583950/icons/set01/10138_large_spanish.ec14b49bb59484d0b2f1c5e4b8531cbb138dd4df.png','https://steamcdn-a.akamaihd.net/apps/583950/icons/set01/10138_large_schinese.578ac602468de381135e216eada2ed4c5956f2e8.png','https://steamcdn-a.akamaihd.net/apps/583950/icons/set01/10138_large_tchinese.a8cd91536fe795119918c79fe84e4d31fc7f7bae.png','https://steamcdn-a.akamaihd.net/apps/583950/icons/set01/10138_large_russian.bad3f40d7e6bb3ee06d113edb1b8916866f415f0.png','https://steamcdn-a.akamaihd.net/apps/583950/icons/set01/10138_large_japanese.c012907a83958241589d8a4f3dbd2ac6753b3052.png','https://steamcdn-a.akamaihd.net/apps/583950/icons/set01/10138_large_brazilian.f090943e65699c45f9d8afdb4e9b9fe6caaee48e.png','https://steamcdn-a.akamaihd.net/apps/583950/icons/set01/10138_large_latam.fce8688486de9baa9552d9505deeba9904d3d2c0.png');
INSERT INTO Cartas VALUES (10141,'Improvement','Titus Lunter','Rare',110141);
INSERT INTO CardName VALUES(10141,"Assured Destruction","Sichere Zerstörung","Destruction garantie","Distruzione assicurata","확실한 파괴","Destrucción certera","同归于尽","同歸於盡","Неизбежное уничтожение","Assured Destruction","免れない崩壊","Assured Destruction","Assured Destruction","Assured Destruction","Assured Destruction","Assured Destruction","Assured Destruction","Assured Destruction","Assured Destruction","Assured Destruction","Assured Destruction","Assured Destruction","Destruição Garantida","Assured Destruction","Assured Destruction","Assured Destruction","Destrucción certera","Assured Destruction");
INSERT INTO LargeImage VALUES(10141,'https://steamcdn-a.akamaihd.net/apps/583950/icons/set01/10141_large_english.025ba4016b23624573d98321f66ea49dae41aa95.png','https://steamcdn-a.akamaihd.net/apps/583950/icons/set01/10141_large_german.b59f132f6cc236c133dfc467f20a78aa598342fd.png','https://steamcdn-a.akamaihd.net/apps/583950/icons/set01/10141_large_french.1684ea40cea593976dd3fdd6cba5bf014780742c.png','https://steamcdn-a.akamaihd.net/apps/583950/icons/set01/10141_large_italian.e5ade08a8a1b4fa8cc81898da9692313dcef09f7.png','https://steamcdn-a.akamaihd.net/apps/583950/icons/set01/10141_large_koreana.4ebc62b81b0124c12a182c4ee0b9250f6f4daa8f.png','https://steamcdn-a.akamaihd.net/apps/583950/icons/set01/10141_large_spanish.57ba9ab282b28f2f089e54bb3dc3f2cfd8d1d5c6.png','https://steamcdn-a.akamaihd.net/apps/583950/icons/set01/10141_large_schinese.93deeb7b54cdfe62bfba7c9ca0161f0fa5ac80a1.png','https://steamcdn-a.akamaihd.net/apps/583950/icons/set01/10141_large_tchinese.0ffac937794d76b5b2a41bfbee20c094041e12ec.png','https://steamcdn-a.akamaihd.net/apps/583950/icons/set01/10141_large_russian.2e2fc1a9adbdfb043f8c99eb8fb16a4a487df92e.png','https://steamcdn-a.akamaihd.net/apps/583950/icons/set01/10141_large_japanese.afbea4b93a1b18681cdc91683f8c72dcaa120073.png','https://steamcdn-a.akamaihd.net/apps/583950/icons/set01/10141_large_brazilian.bbf413e6bfe3fb15bc27975c3f037fc36ca6e52b.png','https://steamcdn-a.akamaihd.net/apps/583950/icons/set01/10141_large_latam.789b5bd8bae1ba07c7075d72850115b75950061f.png');
INSERT INTO Cartas VALUES (10148,'Improvement','Sam Carr','Rare',110148);
INSERT INTO CardName VALUES(10148,"Fractured Timeline","Unterbrochene Zeitlinie","Chronologie rompue","Linea temporale frammentata","어그러진 시간 계획","Tiempo Fragmentado","破碎时间轴","破碎時間軸","Временной раскол","Fractured Timeline","砕かれた時系列","Fractured Timeline","Fractured Timeline","Fractured Timeline","Fractured Timeline","Fractured Timeline","Fractured Timeline","Fractured Timeline","Fractured Timeline","Fractured Timeline","Fractured Timeline","Fractured Timeline","Fratura Temporal","Fractured Timeline","Fractured Timeline","Fractured Timeline","Tiempo Fragmentado","Fractured Timeline");
INSERT INTO LargeImage VALUES(10148,'https://steamcdn-a.akamaihd.net/apps/583950/icons/set01/10148_large_english.0470a16136abf3edcc979f9e29e70126dd25852e.png','https://steamcdn-a.akamaihd.net/apps/583950/icons/set01/10148_large_german.077da0a15d00ce6f18640317b2e168909438aaec.png','https://steamcdn-a.akamaihd.net/apps/583950/icons/set01/10148_large_french.a7d1eda392ef4d146e880ab3f942dc3bacf8c984.png','https://steamcdn-a.akamaihd.net/apps/583950/icons/set01/10148_large_italian.9b5cdb0c5dc6918597ea67bc52dcd6042982af0a.png','https://steamcdn-a.akamaihd.net/apps/583950/icons/set01/10148_large_koreana.7629ce4303834e540d4b2e9ab35f4e408319bd39.png','https://steamcdn-a.akamaihd.net/apps/583950/icons/set01/10148_large_spanish.69808bc94cb31fa5a97efc0719daf9c7e10a9dc4.png','https://steamcdn-a.akamaihd.net/apps/583950/icons/set01/10148_large_schinese.71d1581e505f3f619e2931371696ac590d4301e9.png','https://steamcdn-a.akamaihd.net/apps/583950/icons/set01/10148_large_tchinese.145f618399b08f5c72a58bc964a7cbc59aec2fe3.png','https://steamcdn-a.akamaihd.net/apps/583950/icons/set01/10148_large_russian.b0c4b23364820cb6cf1f8c4b8e6e1f05bcffd211.png','https://steamcdn-a.akamaihd.net/apps/583950/icons/set01/10148_large_japanese.1656691152a9b951452ad99eb7ba9d390cdf1adc.png','https://steamcdn-a.akamaihd.net/apps/583950/icons/set01/10148_large_brazilian.1904921de355c56472ce71fa921e5606c96c8d5b.png','https://steamcdn-a.akamaihd.net/apps/583950/icons/set01/10148_large_latam.f9246bc01f0fd7706be5e642e15bc3bf85731c1c.png');
INSERT INTO Cartas VALUES (10149,'Improvement','David Palumbo','Rare',110149);
INSERT INTO CardName VALUES(10149,"Unearthed Secrets","Ausgegrabene Geheimnisse","Secrets découverts","Segreti scoperti","밝혀진 비밀","Secretos por descubrir","秘密出土","祕密出土","Выкопанные секреты","Unearthed Secrets","掘り返された秘密","Unearthed Secrets","Unearthed Secrets","Unearthed Secrets","Unearthed Secrets","Unearthed Secrets","Unearthed Secrets","Unearthed Secrets","Unearthed Secrets","Unearthed Secrets","Unearthed Secrets","Unearthed Secrets","Segredos Desenterrados","Unearthed Secrets","Unearthed Secrets","Unearthed Secrets","Secretos por descubrir","Unearthed Secrets");
INSERT INTO LargeImage VALUES(10149,'https://steamcdn-a.akamaihd.net/apps/583950/icons/set01/10149_large_english.99062b7f008efdb33b3557b4aed07fca2105e165.png','https://steamcdn-a.akamaihd.net/apps/583950/icons/set01/10149_large_german.1436b20b06e8019ecd9ec51095fdbf95d36161c0.png','https://steamcdn-a.akamaihd.net/apps/583950/icons/set01/10149_large_french.990f87383e0d49514cf5b6b6ffed902815ba27f3.png','https://steamcdn-a.akamaihd.net/apps/583950/icons/set01/10149_large_italian.dc64fc1099084fda3e90808d1ff243c0e140e09f.png','https://steamcdn-a.akamaihd.net/apps/583950/icons/set01/10149_large_koreana.145a243a0f6d07201c22647e915c7f031781ccb3.png','https://steamcdn-a.akamaihd.net/apps/583950/icons/set01/10149_large_spanish.94fd8a72ef8c106fc7380b9b7420f57b472c3244.png','https://steamcdn-a.akamaihd.net/apps/583950/icons/set01/10149_large_schinese.3f3111d43c31fcdf22cf87e8a8c16404cd46b312.png','https://steamcdn-a.akamaihd.net/apps/583950/icons/set01/10149_large_tchinese.5bfe0660397362b72af4eb30a72022487c21c08b.png','https://steamcdn-a.akamaihd.net/apps/583950/icons/set01/10149_large_russian.b2a81cb996c4ad95aea18a5d618cbd1c1ba81563.png','https://steamcdn-a.akamaihd.net/apps/583950/icons/set01/10149_large_japanese.f00d6608d4d3a9c8419a775b7ba901995b3d54d4.png','https://steamcdn-a.akamaihd.net/apps/583950/icons/set01/10149_large_brazilian.e07a35722ae759a135cc3fe3e369b213215b03e4.png','https://steamcdn-a.akamaihd.net/apps/583950/icons/set01/10149_large_latam.971b6555e55a158cdeab40ff3df3b27053f28723.png');
INSERT INTO Cartas VALUES (10150,'Improvement','Alayna Danner','Rare',110150);
INSERT INTO CardName VALUES(10150,"Path of the Cunning","Pfad des Listigen","Voie de la Ruse","Cammino dello scaltro","교활한 자의 길","Sendero de los astutos","诈者之路","詐者之路","Стезя коварных","Path of the Cunning","策士の道","Path of the Cunning","Path of the Cunning","Path of the Cunning","Path of the Cunning","Path of the Cunning","Path of the Cunning","Path of the Cunning","Path of the Cunning","Path of the Cunning","Path of the Cunning","Path of the Cunning","Caminho do Astuto","Path of the Cunning","Path of the Cunning","Path of the Cunning","Sendero de los astutos","Path of the Cunning");
INSERT INTO LargeImage VALUES(10150,'https://steamcdn-a.akamaihd.net/apps/583950/icons/set01/10150_large_english.e8ac3e0bf337850977361d295be44d42683a9f67.png','https://steamcdn-a.akamaihd.net/apps/583950/icons/set01/10150_large_german.4b584348d8d066d8e51b89bc8ac286e69b1de5e9.png','https://steamcdn-a.akamaihd.net/apps/583950/icons/set01/10150_large_french.e66c44dc66d079feebf2a93ffd1f51cd692b05ab.png','https://steamcdn-a.akamaihd.net/apps/583950/icons/set01/10150_large_italian.685dc7164be96d48e62fd5b4d488cb5b8817b058.png','https://steamcdn-a.akamaihd.net/apps/583950/icons/set01/10150_large_koreana.02d073c643a87ff96a46a7cfb8e0ffeb22ff4c85.png','https://steamcdn-a.akamaihd.net/apps/583950/icons/set01/10150_large_spanish.9c2fd10e9c3a11db49bb5b1a57cb82ebac874c7e.png','https://steamcdn-a.akamaihd.net/apps/583950/icons/set01/10150_large_schinese.2ac4f01f60dd77c0823f18e98735461967bb46ad.png','https://steamcdn-a.akamaihd.net/apps/583950/icons/set01/10150_large_tchinese.d39e2947f2cd23557665492300d7009402ca2781.png','https://steamcdn-a.akamaihd.net/apps/583950/icons/set01/10150_large_russian.ea7007e77d7abcc79bc61505d66c1a592898bd60.png','https://steamcdn-a.akamaihd.net/apps/583950/icons/set01/10150_large_japanese.803e3b656ca13280de0759ed38594a4e594c78a0.png','https://steamcdn-a.akamaihd.net/apps/583950/icons/set01/10150_large_brazilian.7d6ac8facd30aecebf258dd00766252d3a892525.png','https://steamcdn-a.akamaihd.net/apps/583950/icons/set01/10150_large_latam.36ca41c863307500fbb5a9c16b5454474d7c7568.png');
INSERT INTO Cartas VALUES (10151,'Improvement','Alayna Danner','Rare',110151);
INSERT INTO CardName VALUES(10151,"Path of the Wise","Pfad des Weisen","Voie de la Sagesse","Cammino del saggio","현자의 길","Sendero de los sabios","智者之路","智者之路","Стезя мудрых","Path of the Wise","賢者の道","Path of the Wise","Path of the Wise","Path of the Wise","Path of the Wise","Path of the Wise","Path of the Wise","Path of the Wise","Path of the Wise","Path of the Wise","Path of the Wise","Path of the Wise","Caminho do Sábio","Path of the Wise","Path of the Wise","Path of the Wise","Sendero de los sabios","Path of the Wise");
INSERT INTO LargeImage VALUES(10151,'https://steamcdn-a.akamaihd.net/apps/583950/icons/set01/10151_large_english.0f821918bed64ec1b06da73353c494dd932f8494.png','https://steamcdn-a.akamaihd.net/apps/583950/icons/set01/10151_large_german.1349e458e3c067946bb3fb8f2e9f67553a183d8c.png','https://steamcdn-a.akamaihd.net/apps/583950/icons/set01/10151_large_french.b1c5f990c8b05b28b5436cd0f209691a21e64c5a.png','https://steamcdn-a.akamaihd.net/apps/583950/icons/set01/10151_large_italian.bb7c88a4e7ca3fe9bda6693f030fba32d30dc4e8.png','https://steamcdn-a.akamaihd.net/apps/583950/icons/set01/10151_large_koreana.a12b33febe0b19b02f9e1bface16c7d8029c397c.png','https://steamcdn-a.akamaihd.net/apps/583950/icons/set01/10151_large_spanish.9db5acb0d5ab5e9bf8f53c2a0ab4a1ead8fcca7f.png','https://steamcdn-a.akamaihd.net/apps/583950/icons/set01/10151_large_schinese.aec23ab433946a5acf5300769337c4cbc6d5af03.png','https://steamcdn-a.akamaihd.net/apps/583950/icons/set01/10151_large_tchinese.7c1cbc5d798ea3657f0265be408a96fbded46da7.png','https://steamcdn-a.akamaihd.net/apps/583950/icons/set01/10151_large_russian.55b0a8aec7357d648c1da7ce82c91b964d550ee8.png','https://steamcdn-a.akamaihd.net/apps/583950/icons/set01/10151_large_japanese.c39d0dba5922cab19099cc70ce19c7dae73c44d1.png','https://steamcdn-a.akamaihd.net/apps/583950/icons/set01/10151_large_brazilian.fa0a19c1aa016264c976bd3316ffca428896b3fc.png','https://steamcdn-a.akamaihd.net/apps/583950/icons/set01/10151_large_latam.6201a5a55e7f170c809441162acc3ddf6ee06d68.png');
INSERT INTO Cartas VALUES (10152,'Improvement','Alayna Danner','Rare',110152);
INSERT INTO CardName VALUES(10152,"Path of the Dreamer","Pfad des Träumers","Voie du Rêve","Cammino del sognatore","꿈꾸는 자의 길","Sendero de los soñadores","梦者之路","夢者之路","Стезя мечтателей","Path of the Dreamer","夢想者の道","Path of the Dreamer","Path of the Dreamer","Path of the Dreamer","Path of the Dreamer","Path of the Dreamer","Path of the Dreamer","Path of the Dreamer","Path of the Dreamer","Path of the Dreamer","Path of the Dreamer","Path of the Dreamer","Caminho do Sonhador","Path of the Dreamer","Path of the Dreamer","Path of the Dreamer","Sendero de los soñadores","Path of the Dreamer");
INSERT INTO LargeImage VALUES(10152,'https://steamcdn-a.akamaihd.net/apps/583950/icons/set01/10152_large_english.227247bae83078a128dd0ba99cbde0c53c9af825.png','https://steamcdn-a.akamaihd.net/apps/583950/icons/set01/10152_large_german.19d6d772aa9a043369ea5aebd0568b4f0eae0a06.png','https://steamcdn-a.akamaihd.net/apps/583950/icons/set01/10152_large_french.890a9f4e47875f3eae3f83dfd63f95a38333db22.png','https://steamcdn-a.akamaihd.net/apps/583950/icons/set01/10152_large_italian.6b16a8d4a5fe875a8a48cc56b01b64c413acca5f.png','https://steamcdn-a.akamaihd.net/apps/583950/icons/set01/10152_large_koreana.2ce977207bf93b11b6646d8f2aaded359339e648.png','https://steamcdn-a.akamaihd.net/apps/583950/icons/set01/10152_large_spanish.cd928e671b20f1288522ad4cd12bee64684ad9ef.png','https://steamcdn-a.akamaihd.net/apps/583950/icons/set01/10152_large_schinese.08dff3cc972f61478c939337c6a8fe24cfb4e43f.png','https://steamcdn-a.akamaihd.net/apps/583950/icons/set01/10152_large_tchinese.a0196416faae3f0c63b2448ab258d5cc1987a292.png','https://steamcdn-a.akamaihd.net/apps/583950/icons/set01/10152_large_russian.4ebfd185eefb8d9b3136871610b40989091ea7da.png','https://steamcdn-a.akamaihd.net/apps/583950/icons/set01/10152_large_japanese.a4ac4e925b7dcbec1345764f0a67d8be9eb94519.png','https://steamcdn-a.akamaihd.net/apps/583950/icons/set01/10152_large_brazilian.8193ab2167b26ddd024fe71fb434f63825c3faea.png','https://steamcdn-a.akamaihd.net/apps/583950/icons/set01/10152_large_latam.d95a026a25e0d836342446e4dbe93a29f3095a99.png');
INSERT INTO Cartas VALUES (10153,'Improvement','Alayna Danner','Rare',110153);
INSERT INTO CardName VALUES(10153,"Path of the Bold","Pfad des Kühnen","Voie de la Témérité","Cammino del coraggioso","대담한 자의 길","Sendero de los osados","勇者之路","勇者之路","Стезя могучих","Path of the Bold","猛者の道","Path of the Bold","Path of the Bold","Path of the Bold","Path of the Bold","Path of the Bold","Path of the Bold","Path of the Bold","Path of the Bold","Path of the Bold","Path of the Bold","Path of the Bold","Caminho do Destemido","Path of the Bold","Path of the Bold","Path of the Bold","Sendero de los osados","Path of the Bold");
INSERT INTO LargeImage VALUES(10153,'https://steamcdn-a.akamaihd.net/apps/583950/icons/set01/10153_large_english.86b8c17f4d2ee399e33ec738d58cdebbd01d2fb6.png','https://steamcdn-a.akamaihd.net/apps/583950/icons/set01/10153_large_german.548e3e3d94d25acb3c1728b5a4546248f82b9e8f.png','https://steamcdn-a.akamaihd.net/apps/583950/icons/set01/10153_large_french.cf1cdef92f7fe75a8fda1b6b0932f7d214134a33.png','https://steamcdn-a.akamaihd.net/apps/583950/icons/set01/10153_large_italian.f53e2c3e9628fa9222ce7ef79315e241120ee4db.png','https://steamcdn-a.akamaihd.net/apps/583950/icons/set01/10153_large_koreana.dc544f991c21e9801ae945b7844b3ac4711a78f3.png','https://steamcdn-a.akamaihd.net/apps/583950/icons/set01/10153_large_spanish.0c69243b5636b95dde8ffa1ddeef022855a80c34.png','https://steamcdn-a.akamaihd.net/apps/583950/icons/set01/10153_large_schinese.f0feb4cd21f8675c2cf6f4c2494a752518746d0a.png','https://steamcdn-a.akamaihd.net/apps/583950/icons/set01/10153_large_tchinese.01bae5c815822f09c6fccca09b15e99cc1bdfbb9.png','https://steamcdn-a.akamaihd.net/apps/583950/icons/set01/10153_large_russian.58d64d04ac487aa69beea93420f24f5dfecfed8d.png','https://steamcdn-a.akamaihd.net/apps/583950/icons/set01/10153_large_japanese.5ce93847ba19cff5a5899ff09d346cdf5d41d86b.png','https://steamcdn-a.akamaihd.net/apps/583950/icons/set01/10153_large_brazilian.f1a726fc94f32ce2c8ed82d2ae60ae0f76f3437e.png','https://steamcdn-a.akamaihd.net/apps/583950/icons/set01/10153_large_latam.24ace19bcba2b8a64292771d3b40fbc884262ce7.png');
INSERT INTO Cartas VALUES (10154,'Improvement','Dimitar Marinski','Uncommon',110154);
INSERT INTO CardName VALUES(10154,"The Tyler Estate","Das Tyler-Anwesen","Le domaine de Tyler","Tenuta Tyler","타일러 영지","La finca Tyler","泰勒庄园","泰勒莊園","Поместье Тайлер","The Tyler Estate","タイラーエステート","The Tyler Estate","The Tyler Estate","The Tyler Estate","The Tyler Estate","The Tyler Estate","The Tyler Estate","The Tyler Estate","The Tyler Estate","The Tyler Estate","The Tyler Estate","The Tyler Estate","Mansão Tyler","The Tyler Estate","The Tyler Estate","The Tyler Estate","La Hacienda Tyler","The Tyler Estate");
INSERT INTO LargeImage VALUES(10154,'https://steamcdn-a.akamaihd.net/apps/583950/icons/set01/10154_large_english.059a0207bb605b2094724a9380c901ac8eb3c7ef.png','https://steamcdn-a.akamaihd.net/apps/583950/icons/set01/10154_large_german.4e77d3647edadc413ac7126a62ef00d9d00738a6.png','https://steamcdn-a.akamaihd.net/apps/583950/icons/set01/10154_large_french.e6fc88c67b217625117534a1f91aaf68f349005f.png','https://steamcdn-a.akamaihd.net/apps/583950/icons/set01/10154_large_italian.e840e039f4384651cacc7f133d1fcf5053f7676b.png','https://steamcdn-a.akamaihd.net/apps/583950/icons/set01/10154_large_koreana.1208a48e618eb43973814e9c2d6e1a351b4e5332.png','https://steamcdn-a.akamaihd.net/apps/583950/icons/set01/10154_large_spanish.1b9bcde71c7049ed575c974799811cce1b5457f6.png','https://steamcdn-a.akamaihd.net/apps/583950/icons/set01/10154_large_schinese.26da6858ebe6849f6cd74bf1be39d28aa7a8cce4.png','https://steamcdn-a.akamaihd.net/apps/583950/icons/set01/10154_large_tchinese.de6ccb34d2f0bdd2ed71bc77f6c75ef45b841b33.png','https://steamcdn-a.akamaihd.net/apps/583950/icons/set01/10154_large_russian.42759f6d5859f939c2466aa5572da9a0fbd20080.png','https://steamcdn-a.akamaihd.net/apps/583950/icons/set01/10154_large_japanese.b81a022e21dfedaac1ef9db37fd1e1608932a871.png','https://steamcdn-a.akamaihd.net/apps/583950/icons/set01/10154_large_brazilian.1a766630b9318fe3d3d7f6947795d7d9967ec15d.png','https://steamcdn-a.akamaihd.net/apps/583950/icons/set01/10154_large_latam.86333c3de5ab12ab50e47eec76e142b8c51c1ef4.png');
INSERT INTO Cartas VALUES (10155,'Improvement','Jason Kang','Uncommon',110155);
INSERT INTO CardName VALUES(10155,"Homefield Advantage","Heimvorteil","Avantage du terrain","Vantaggio di casa","아군 영토의 이점","Ventaja local","地主优势","地主優勢","Домашнее преимущество","Homefield Advantage","ホームアドバンテージ","Homefield Advantage","Homefield Advantage","Homefield Advantage","Homefield Advantage","Homefield Advantage","Homefield Advantage","Homefield Advantage","Homefield Advantage","Homefield Advantage","Homefield Advantage","Homefield Advantage","Familiaridade Vantajosa","Homefield Advantage","Homefield Advantage","Homefield Advantage","Ventaja local","Homefield Advantage");
INSERT INTO LargeImage VALUES(10155,'https://steamcdn-a.akamaihd.net/apps/583950/icons/set01/10155_large_english.ea25250a40f77052c435f5890fde926f2216e1cc.png','https://steamcdn-a.akamaihd.net/apps/583950/icons/set01/10155_large_german.200618a0619e8d46def10ad2ddc07c12c93d85d1.png','https://steamcdn-a.akamaihd.net/apps/583950/icons/set01/10155_large_french.0b28ad67a9dc9ff36d11a77229e008c56212bc65.png','https://steamcdn-a.akamaihd.net/apps/583950/icons/set01/10155_large_italian.1d145ac1688aa2b808e9d44b1b88e6c407f7e38d.png','https://steamcdn-a.akamaihd.net/apps/583950/icons/set01/10155_large_koreana.5329a02c2bc76b18a42e024158525a793e029cae.png','https://steamcdn-a.akamaihd.net/apps/583950/icons/set01/10155_large_spanish.b6dbfe6007c1789a6de783f6d4a0e28b1c6a3c5c.png','https://steamcdn-a.akamaihd.net/apps/583950/icons/set01/10155_large_schinese.f5b5527acd03fcf703359566051a065a8d03fe72.png','https://steamcdn-a.akamaihd.net/apps/583950/icons/set01/10155_large_tchinese.dbcfde6660504beb7a5e2f511d7236efa9ddc083.png','https://steamcdn-a.akamaihd.net/apps/583950/icons/set01/10155_large_russian.a34124057608e17cc79ad169291b655891c76403.png','https://steamcdn-a.akamaihd.net/apps/583950/icons/set01/10155_large_japanese.ec036ba692ff3e1db3397a8418c17636064e7e61.png','https://steamcdn-a.akamaihd.net/apps/583950/icons/set01/10155_large_brazilian.98a1bb559c9f1f87758534d620249c184f62a9c8.png','https://steamcdn-a.akamaihd.net/apps/583950/icons/set01/10155_large_latam.6ef12fa9d5332326d0d40c8cd2f8fc4035a5d49f.png');
INSERT INTO Cartas VALUES (10156,'Improvement','Lius Lasahido','Rare',110156);
INSERT INTO CardName VALUES(10156,"Bitter Enemies","Erbitterte Gegner","Ennemis jurés","Nemici rancorosi","매서운 적","Enemigos resentidos","夙敌","夙敵","Заклятые враги","Bitter Enemies","因縁の宿敵","Bitter Enemies","Bitter Enemies","Bitter Enemies","Bitter Enemies","Bitter Enemies","Bitter Enemies","Bitter Enemies","Bitter Enemies","Bitter Enemies","Bitter Enemies","Bitter Enemies","Inimigas Cruéis","Bitter Enemies","Bitter Enemies","Bitter Enemies","Enemigos resentidos","Bitter Enemies");
INSERT INTO LargeImage VALUES(10156,'https://steamcdn-a.akamaihd.net/apps/583950/icons/set01/10156_large_english.b9bc1ab131bfb401f4c9cc8755217b8b86383947.png','https://steamcdn-a.akamaihd.net/apps/583950/icons/set01/10156_large_german.7c0de73b85b49a554f2c74649847a1c569cd541b.png','https://steamcdn-a.akamaihd.net/apps/583950/icons/set01/10156_large_french.7989f9fe51998d1e2ef500b0bfeb35297dcdd4d1.png','https://steamcdn-a.akamaihd.net/apps/583950/icons/set01/10156_large_italian.6df790e2a7c90518ec33ed7726c67bb6afb4295a.png','https://steamcdn-a.akamaihd.net/apps/583950/icons/set01/10156_large_koreana.ea5b9cad6c8e419fa8284ee7323a2c3237133335.png','https://steamcdn-a.akamaihd.net/apps/583950/icons/set01/10156_large_spanish.75459d9c96a1ca754d8d55ed167c24c19027cfb1.png','https://steamcdn-a.akamaihd.net/apps/583950/icons/set01/10156_large_schinese.ad9ab644964fbb24bbddd82adea56bd00a0cc952.png','https://steamcdn-a.akamaihd.net/apps/583950/icons/set01/10156_large_tchinese.495b87d2484d8fbcfd08ec1cb95d09919b137177.png','https://steamcdn-a.akamaihd.net/apps/583950/icons/set01/10156_large_russian.84e8d6b85bf3483cb6ae54d1220248dae25ef04b.png','https://steamcdn-a.akamaihd.net/apps/583950/icons/set01/10156_large_japanese.8acf73b8aad4193d75656f72da8f4d8ebc7c805e.png','https://steamcdn-a.akamaihd.net/apps/583950/icons/set01/10156_large_brazilian.6bf32febe112df3d83aecb46e439d2dc197c797c.png','https://steamcdn-a.akamaihd.net/apps/583950/icons/set01/10156_large_latam.f358d31c857f7f4cf9aa2735b14d3f6d51e41ae2.png');
INSERT INTO Cartas VALUES (10157,'Improvement','Lius Lasahido','Rare',110157);
INSERT INTO CardName VALUES(10157,"Conflagration","Feuersbrunst","Conflagration","Conflagrazione","대화재","Conflagración","烈焰","烈焰","Бушующее пламя","Conflagration","炎上","Conflagration","Conflagration","Conflagration","Conflagration","Conflagration","Conflagration","Conflagration","Conflagration","Conflagration","Conflagration","Conflagration","Conflagração","Conflagration","Conflagration","Conflagration","Conflagración","Conflagration");
INSERT INTO LargeImage VALUES(10157,'https://steamcdn-a.akamaihd.net/apps/583950/icons/set01/10157_large_english.618f0fc11b5132f84b802de3a9914f44b693b080.png','https://steamcdn-a.akamaihd.net/apps/583950/icons/set01/10157_large_german.f90acdea9ab22615bf6865ad729ffa510816a213.png','https://steamcdn-a.akamaihd.net/apps/583950/icons/set01/10157_large_french.70a8da4db1e70691dedba5e1722abf8d134a4cd6.png','https://steamcdn-a.akamaihd.net/apps/583950/icons/set01/10157_large_italian.4b355bb21076c098c2eebeaaac48892005c8409f.png','https://steamcdn-a.akamaihd.net/apps/583950/icons/set01/10157_large_koreana.60bb9eb4b9fe00d67650dcc2212f260d253f4e84.png','https://steamcdn-a.akamaihd.net/apps/583950/icons/set01/10157_large_spanish.22819512a4696774b53e76a771fcb52a4d5f390a.png','https://steamcdn-a.akamaihd.net/apps/583950/icons/set01/10157_large_schinese.b7fbd68ab3f091f2dbe5601bd1d72530ba76fc2e.png','https://steamcdn-a.akamaihd.net/apps/583950/icons/set01/10157_large_tchinese.e75cce0845ea53d2f21b5351126342d5436a3400.png','https://steamcdn-a.akamaihd.net/apps/583950/icons/set01/10157_large_russian.6921b551654049756db1611a55abf392c4289743.png','https://steamcdn-a.akamaihd.net/apps/583950/icons/set01/10157_large_japanese.7a706ed332b818d5d150891d7efca45178c6f02b.png','https://steamcdn-a.akamaihd.net/apps/583950/icons/set01/10157_large_brazilian.22e8b433a3b32a9ae53eaaf7a28281f5ef99743a.png','https://steamcdn-a.akamaihd.net/apps/583950/icons/set01/10157_large_latam.43036d28d46fa1c3599295b9618e12f98c641985.png');
INSERT INTO Cartas VALUES (10161,'Improvement','Suzanne Helmigh','Common',110161);
INSERT INTO CardName VALUES(10161,"Trebuchets","Katapulte","Trébuchets","Trabocchi","투석기","Trabuquetes","投石机","投石機","Требушеты","Trebuchets","平衡錘投石機","Trebuchets","Trebuchets","Trebuchets","Trebuchets","Trebuchets","Trebuchets","Trebuchets","Trebuchets","Trebuchets","Trebuchets","Trebuchets","Trabucos","Trebuchets","Trebuchets","Trebuchets","Trabuquetes","Trebuchets");
INSERT INTO LargeImage VALUES(10161,'https://steamcdn-a.akamaihd.net/apps/583950/icons/set01/10161_large_english.7394cac4707cf8f4c6107afd03c317efe71fdcf8.png','https://steamcdn-a.akamaihd.net/apps/583950/icons/set01/10161_large_german.d85f61b01ee165ad490e71148418a8cd0924a96d.png','https://steamcdn-a.akamaihd.net/apps/583950/icons/set01/10161_large_french.f3449f8ed53516516f53574bd1bc656618ff90cc.png','https://steamcdn-a.akamaihd.net/apps/583950/icons/set01/10161_large_italian.f72cbd406e7e79da9b35d1e3d25420ed78e46de5.png','https://steamcdn-a.akamaihd.net/apps/583950/icons/set01/10161_large_koreana.228b69137171ed50cd4b5cb4145c28dc17a7c017.png','https://steamcdn-a.akamaihd.net/apps/583950/icons/set01/10161_large_spanish.20dad3c606dd211a22363b9701d2361a909276a0.png','https://steamcdn-a.akamaihd.net/apps/583950/icons/set01/10161_large_schinese.844f135b5009864768037b6b2c6a62c7aaccb940.png','https://steamcdn-a.akamaihd.net/apps/583950/icons/set01/10161_large_tchinese.c2e5354911cb20a23b7aa4835c676c960a10a021.png','https://steamcdn-a.akamaihd.net/apps/583950/icons/set01/10161_large_russian.59ca95ccff6fed208c36d2fff23549e200f88918.png','https://steamcdn-a.akamaihd.net/apps/583950/icons/set01/10161_large_japanese.a675ab78dc296a26cac7f9e007a250b6a8f734d6.png','https://steamcdn-a.akamaihd.net/apps/583950/icons/set01/10161_large_brazilian.be53c043d3e50f41a41a26ede8f1d59d58338441.png','https://steamcdn-a.akamaihd.net/apps/583950/icons/set01/10161_large_latam.5b2095ca01f87a0fa060cc848711630280b67f35.png');
INSERT INTO Cartas VALUES (10162,'Improvement','Forrest Imel','Uncommon',110162);
INSERT INTO CardName VALUES(10162,"Unsupervised Artillery","Unbeaufsichtigte Artillerie","Artillerie sans surveillance","Artiglieria incustodita","방치된 발사포","Artillería autónoma","无人看管的火炮","無人看管的火炮","Брошенная артиллерия","Unsupervised Artillery","無監督の砲撃隊","Unsupervised Artillery","Unsupervised Artillery","Unsupervised Artillery","Unsupervised Artillery","Unsupervised Artillery","Unsupervised Artillery","Unsupervised Artillery","Unsupervised Artillery","Unsupervised Artillery","Unsupervised Artillery","Unsupervised Artillery","Artilharia Desenfreada","Unsupervised Artillery","Unsupervised Artillery","Unsupervised Artillery","Artillería desatendida","Unsupervised Artillery");
INSERT INTO LargeImage VALUES(10162,'https://steamcdn-a.akamaihd.net/apps/583950/icons/set01/10162_large_english.4725d7e90d4b44cf5599382d5758c3474ec7eebc.png','https://steamcdn-a.akamaihd.net/apps/583950/icons/set01/10162_large_german.fa2de0ef96a86ea042006d7a1b97539a1334e272.png','https://steamcdn-a.akamaihd.net/apps/583950/icons/set01/10162_large_french.76e849d27b285ebed840097b0d97172ce05bd177.png','https://steamcdn-a.akamaihd.net/apps/583950/icons/set01/10162_large_italian.236eff71f2a97a61ef4d23af395eb164c30dc9d8.png','https://steamcdn-a.akamaihd.net/apps/583950/icons/set01/10162_large_koreana.f1e6ab4fe3436ad60af30e1574daad246facb3e4.png','https://steamcdn-a.akamaihd.net/apps/583950/icons/set01/10162_large_spanish.e1af69500d937ecbdcac244cfffdcaf27d9f8743.png','https://steamcdn-a.akamaihd.net/apps/583950/icons/set01/10162_large_schinese.abd384fb3463c784716cabb4146a13583ca0420d.png','https://steamcdn-a.akamaihd.net/apps/583950/icons/set01/10162_large_tchinese.ec3b95428a659ed7e80f07839f37ea1e764ef9ab.png','https://steamcdn-a.akamaihd.net/apps/583950/icons/set01/10162_large_russian.802f0ceaebac575991a5f530b03ec611d2e23959.png','https://steamcdn-a.akamaihd.net/apps/583950/icons/set01/10162_large_japanese.eac4a4109929e8f07f2835b144a4b5ee9efe9248.png','https://steamcdn-a.akamaihd.net/apps/583950/icons/set01/10162_large_brazilian.5fd776125b0e0c9fc767d9d8d6852dc77beed53d.png','https://steamcdn-a.akamaihd.net/apps/583950/icons/set01/10162_large_latam.7c307ad0ec4e96e34c6d4f72b594a1adc71da949.png');
INSERT INTO Cartas VALUES (10164,'Improvement','Jason Kang','Rare',110164);
INSERT INTO CardName VALUES(10164,"Revtel Investments","Revtels Investitionen","Épargne de Revtel","Investimenti di Revtel","레브텔 투자","Inversiones de Revtel","瑞文泰尔的资产","瑞文泰爾的資產","Ревтельские вложения","Revtel Investments","レヴテルの投資","Revtel Investments","Revtel Investments","Revtel Investments","Revtel Investments","Revtel Investments","Revtel Investments","Revtel Investments","Revtel Investments","Revtel Investments","Revtel Investments","Revtel Investments","Investimentos em Revtel","Revtel Investments","Revtel Investments","Revtel Investments","Inversiones de Revtel","Revtel Investments");
INSERT INTO LargeImage VALUES(10164,'https://steamcdn-a.akamaihd.net/apps/583950/icons/set01/10164_large_english.88ae69b5716425cb754b0eabde3998f8ce62a326.png','https://steamcdn-a.akamaihd.net/apps/583950/icons/set01/10164_large_german.dfed3684a10a9416cd716f654ea42a028c1efe33.png','https://steamcdn-a.akamaihd.net/apps/583950/icons/set01/10164_large_french.da53558f87697edeeb225ec485d312e5ca82642e.png','https://steamcdn-a.akamaihd.net/apps/583950/icons/set01/10164_large_italian.333b202cb9b717ae378163be72c33e323baebd27.png','https://steamcdn-a.akamaihd.net/apps/583950/icons/set01/10164_large_koreana.8dd10b8176c5a72a6860400c3af7e2eb314ef337.png','https://steamcdn-a.akamaihd.net/apps/583950/icons/set01/10164_large_spanish.059d90149f89f1c06d2d4b76ab875c37085b6e06.png','https://steamcdn-a.akamaihd.net/apps/583950/icons/set01/10164_large_schinese.cfd888261488ac3d7fbefa545532e3274b927276.png','https://steamcdn-a.akamaihd.net/apps/583950/icons/set01/10164_large_tchinese.7d8207a37a73de19dd8fd417afc01fc98cf9bce8.png','https://steamcdn-a.akamaihd.net/apps/583950/icons/set01/10164_large_russian.a9fd3265920f3b017e02cbd035159d74d8deffe7.png','https://steamcdn-a.akamaihd.net/apps/583950/icons/set01/10164_large_japanese.d37eed1d924708552395a9aa2857ae05d54be5e1.png','https://steamcdn-a.akamaihd.net/apps/583950/icons/set01/10164_large_brazilian.9fa8ed23b484c5d54372a2debc14c2cb2a275724.png','https://steamcdn-a.akamaihd.net/apps/583950/icons/set01/10164_large_latam.d04818b32f41794ac46afdb598948765a267b5e1.png');
INSERT INTO Cartas VALUES (10165,'Improvement','James Paick','Common',110165);
INSERT INTO CardName VALUES(10165,"Iron Fog Goldmine","Eisennebel-Goldmine","Mine d'or de Brumefer","Miniera di Nebbia di Ferro","무쇠 안개 금광","Mina de Niebla Férrea","铁雾金矿","鐵霧金礦","Рудник Железного тумана","Iron Fog Goldmine","アイアンフォグの金鉱","Iron Fog Goldmine","Iron Fog Goldmine","Iron Fog Goldmine","Iron Fog Goldmine","Iron Fog Goldmine","Iron Fog Goldmine","Iron Fog Goldmine","Iron Fog Goldmine","Iron Fog Goldmine","Iron Fog Goldmine","Iron Fog Goldmine","Mina da Névoa Férrea","Iron Fog Goldmine","Iron Fog Goldmine","Iron Fog Goldmine","Mina de Niebla Férrea","Iron Fog Goldmine");
INSERT INTO LargeImage VALUES(10165,'https://steamcdn-a.akamaihd.net/apps/583950/icons/set01/10165_large_english.9bd1a3b4ff1c07841fb1947d3cdaa21039ce8e2e.png','https://steamcdn-a.akamaihd.net/apps/583950/icons/set01/10165_large_german.39b2b7a8264b44676029aa01b65256e3f5fd3dd9.png','https://steamcdn-a.akamaihd.net/apps/583950/icons/set01/10165_large_french.8bba3a814d349ce0a555fe5946bbf07c2bf6df9f.png','https://steamcdn-a.akamaihd.net/apps/583950/icons/set01/10165_large_italian.70005f0ac339d8ec83aa1650a38b1168889ae794.png','https://steamcdn-a.akamaihd.net/apps/583950/icons/set01/10165_large_koreana.51315413209591498dba8263d55f70e5344b3778.png','https://steamcdn-a.akamaihd.net/apps/583950/icons/set01/10165_large_spanish.65581b139af1d5bc59969ef87b045a4cd34ed8f2.png','https://steamcdn-a.akamaihd.net/apps/583950/icons/set01/10165_large_schinese.44b2d24668d65966b94298ed2535fc2cfdd81e01.png','https://steamcdn-a.akamaihd.net/apps/583950/icons/set01/10165_large_tchinese.bef4c04b14d86f06193e886d1b374262ec504019.png','https://steamcdn-a.akamaihd.net/apps/583950/icons/set01/10165_large_russian.95e54b7d638209c67968b163f11bfee4d0f31e9a.png','https://steamcdn-a.akamaihd.net/apps/583950/icons/set01/10165_large_japanese.425c3bc1942982ed624037ef310b89ed1c2edf3c.png','https://steamcdn-a.akamaihd.net/apps/583950/icons/set01/10165_large_brazilian.dc55495ee1e85d89326481b9ca1a4f850598be3f.png','https://steamcdn-a.akamaihd.net/apps/583950/icons/set01/10165_large_latam.023d920f6967927807462bfbc316745091b3c26e.png');
INSERT INTO Cartas VALUES (10168,'Improvement','Tenaya Sims','Common',110168);
INSERT INTO CardName VALUES(10168,"Selemene's Favor","Selemenes Gunst","Don de Sélémène","Favore di Selemene","셀레메네의 가호","Favor de Selemene","赛莉蒙妮的眷顾","賽莉蒙娜的眷顧","Милость Селемине","Selemene's Favor","セレメネの加護","Selemene's Favor","Selemene's Favor","Selemene's Favor","Selemene's Favor","Selemene's Favor","Selemene's Favor","Selemene's Favor","Selemene's Favor","Selemene's Favor","Selemene's Favor","Selemene's Favor","Graça de Selemene","Selemene's Favor","Selemene's Favor","Selemene's Favor","Favor de Selemene","Selemene's Favor");
INSERT INTO LargeImage VALUES(10168,'https://steamcdn-a.akamaihd.net/apps/583950/icons/set01/10168_large_english.14c445463d638ffe4016f1696036b0c26e8a382a.png','https://steamcdn-a.akamaihd.net/apps/583950/icons/set01/10168_large_german.6dfcdfec628e9a1f6dbf0e988c95ffc1895e002a.png','https://steamcdn-a.akamaihd.net/apps/583950/icons/set01/10168_large_french.b3ccc7e161196b4af2ef0eff2c66606b15e65132.png','https://steamcdn-a.akamaihd.net/apps/583950/icons/set01/10168_large_italian.250ef439c3a01b82f319edef2d5a5a5a85a4bbd2.png','https://steamcdn-a.akamaihd.net/apps/583950/icons/set01/10168_large_koreana.7ef64f3697e6b842b19cbd9f194a7457cdffb677.png','https://steamcdn-a.akamaihd.net/apps/583950/icons/set01/10168_large_spanish.de7b575b40882712f635635a8b77d0de369b1dc0.png','https://steamcdn-a.akamaihd.net/apps/583950/icons/set01/10168_large_schinese.bd7375fbba9752fc2c148aa13c1ce44cf2fdfba8.png','https://steamcdn-a.akamaihd.net/apps/583950/icons/set01/10168_large_tchinese.07d238d71a63e23e21b81f89dcb5744af5a3eb7f.png','https://steamcdn-a.akamaihd.net/apps/583950/icons/set01/10168_large_russian.aa5038786b71afc9f8bdb343e2aeef360d00542d.png','https://steamcdn-a.akamaihd.net/apps/583950/icons/set01/10168_large_japanese.f2dcc3c6089225322814967cc48921ad1e2a8b52.png','https://steamcdn-a.akamaihd.net/apps/583950/icons/set01/10168_large_brazilian.c1f4904ae364b388fee2cdbedf9b86c10388cf64.png','https://steamcdn-a.akamaihd.net/apps/583950/icons/set01/10168_large_latam.3a71d09dc9a7ca07c6458e327bcbf47132cac9e4.png');
INSERT INTO Cartas VALUES (10169,'Improvement','Joseph Meehan','Uncommon',110169);
INSERT INTO CardName VALUES(10169,"Mist of Avernus","Nebel von Avernus","Brume d'Avernus","Nebbia dell'Averno","아베르누스의 안개","Bruma del Averno","魔霭迷雾","地獄迷霧","Туман Аверно","Mist of Avernus","アヴァーナスの霧","Mist of Avernus","Mist of Avernus","Mist of Avernus","Mist of Avernus","Mist of Avernus","Mist of Avernus","Mist of Avernus","Mist of Avernus","Mist of Avernus","Mist of Avernus","Mist of Avernus","Neblina de Averno","Mist of Avernus","Mist of Avernus","Mist of Avernus","Bruma del Averno","Mist of Avernus");
INSERT INTO LargeImage VALUES(10169,'https://steamcdn-a.akamaihd.net/apps/583950/icons/set01/10169_large_english.fbb70116dca7e133da31158f841b9ca73b3eb2f8.png','https://steamcdn-a.akamaihd.net/apps/583950/icons/set01/10169_large_german.f1bfab2b506eae2073e5fb84cdb0bc0378549fcc.png','https://steamcdn-a.akamaihd.net/apps/583950/icons/set01/10169_large_french.82a1ffe45e3a534cd82d03da7fc9ac9a23897a9e.png','https://steamcdn-a.akamaihd.net/apps/583950/icons/set01/10169_large_italian.fd68003c054a54c401cc3429f2b587783ad350da.png','https://steamcdn-a.akamaihd.net/apps/583950/icons/set01/10169_large_koreana.bca0f50b02d0ee171d3a2a4f9d5c7d3e4abb04c6.png','https://steamcdn-a.akamaihd.net/apps/583950/icons/set01/10169_large_spanish.f4d9563b4a0afac2bd8a91803c3c728dffd24f36.png','https://steamcdn-a.akamaihd.net/apps/583950/icons/set01/10169_large_schinese.f1895492e33582a62a2ab1f9d6f82217616ac5d8.png','https://steamcdn-a.akamaihd.net/apps/583950/icons/set01/10169_large_tchinese.bab9c9791ca4847d3c51886abfed2cacd03d6680.png','https://steamcdn-a.akamaihd.net/apps/583950/icons/set01/10169_large_russian.d0b8fb816daf559e6069c84f44a1329aa1083789.png','https://steamcdn-a.akamaihd.net/apps/583950/icons/set01/10169_large_japanese.3665505a9acdcae006387f0c03bf178e1b25fc0a.png','https://steamcdn-a.akamaihd.net/apps/583950/icons/set01/10169_large_brazilian.dec5ae927960e31456755afc3e8e2ef8cc02d9a3.png','https://steamcdn-a.akamaihd.net/apps/583950/icons/set01/10169_large_latam.08377c8bcf08898f6db149e16cb4b24555f610a1.png');
INSERT INTO Cartas VALUES (10170,'Improvement','Dimitar Marinski','Uncommon',110170);
INSERT INTO CardName VALUES(10170,"Altar of the Mad Moon","Altar des zornigen Mondes","Autel de la Lune démente","Altare della Folle Luna","광기의 달 제단","Altar de la Luna Loca","癫狂之月祭坛","瘋狂圓月祭壇","Алтарь Безумной луны","Altar of the Mad Moon","狂気の月の祭壇","Altar of the Mad Moon","Altar of the Mad Moon","Altar of the Mad Moon","Altar of the Mad Moon","Altar of the Mad Moon","Altar of the Mad Moon","Altar of the Mad Moon","Altar of the Mad Moon","Altar of the Mad Moon","Altar of the Mad Moon","Altar of the Mad Moon","Altar da Lua Insana","Altar of the Mad Moon","Altar of the Mad Moon","Altar of the Mad Moon","Altar de la Luna Loca","Altar of the Mad Moon");
INSERT INTO LargeImage VALUES(10170,'https://steamcdn-a.akamaihd.net/apps/583950/icons/set01/10170_large_english.bd5dae33abb8f7ef70bae0dd9a51621054febf13.png','https://steamcdn-a.akamaihd.net/apps/583950/icons/set01/10170_large_german.3ff32205d0c90c4b7243b04876bed58aa95e9733.png','https://steamcdn-a.akamaihd.net/apps/583950/icons/set01/10170_large_french.3bb31708da2e3288b609f03e36eff5bb39666827.png','https://steamcdn-a.akamaihd.net/apps/583950/icons/set01/10170_large_italian.f8167f33986a34f2e284674d0be032c5402bdad0.png','https://steamcdn-a.akamaihd.net/apps/583950/icons/set01/10170_large_koreana.62b94dc602f97931778e338d8af6955d3df8f098.png','https://steamcdn-a.akamaihd.net/apps/583950/icons/set01/10170_large_spanish.09c7c72c8e3f3d5025c5a9efc3162f0c21f86ff9.png','https://steamcdn-a.akamaihd.net/apps/583950/icons/set01/10170_large_schinese.71439bba1f39336ae4cbcb868a6a4bb772057309.png','https://steamcdn-a.akamaihd.net/apps/583950/icons/set01/10170_large_tchinese.92af7929fae3a9f8e88295862b45be1fd294aab1.png','https://steamcdn-a.akamaihd.net/apps/583950/icons/set01/10170_large_russian.0599023b9def0e2e63cda8ca04da88f43fb1b6fc.png','https://steamcdn-a.akamaihd.net/apps/583950/icons/set01/10170_large_japanese.b7177b686f12edc73df4dd1209cb8014d720473b.png','https://steamcdn-a.akamaihd.net/apps/583950/icons/set01/10170_large_brazilian.1cbced69764bf3242aa4ff71bcfa7f42428e1d33.png','https://steamcdn-a.akamaihd.net/apps/583950/icons/set01/10170_large_latam.705982ac66e58882528a9033fa1533aa9a5138d7.png');
INSERT INTO Cartas VALUES (10171,'Improvement','James Paick','Uncommon',110171);
INSERT INTO CardName VALUES(10171,"Howling Mind","Verborgener Verstand","Esprit hurlant","Mente ululante","요동치는 마음","Mente aulladora","咆哮意志","咆哮意志","Стенания разума","Howling Mind","吠えたける精神","Howling Mind","Howling Mind","Howling Mind","Howling Mind","Howling Mind","Howling Mind","Howling Mind","Howling Mind","Howling Mind","Howling Mind","Howling Mind","Mente Uivante","Howling Mind","Howling Mind","Howling Mind","Mente aulladora","Howling Mind");
INSERT INTO LargeImage VALUES(10171,'https://steamcdn-a.akamaihd.net/apps/583950/icons/set01/10171_large_english.62a2ac330ae0de093331231b632319710a4d6a29.png','https://steamcdn-a.akamaihd.net/apps/583950/icons/set01/10171_large_german.a209872e9b2d9e33ae13cde193224a40a7a920fb.png','https://steamcdn-a.akamaihd.net/apps/583950/icons/set01/10171_large_french.59a6570df4b6af1d3f1b20a5a2ac88dcfd99321d.png','https://steamcdn-a.akamaihd.net/apps/583950/icons/set01/10171_large_italian.8fe8a5046992c80e5f52e8c8e5accebcdb0e6f9b.png','https://steamcdn-a.akamaihd.net/apps/583950/icons/set01/10171_large_koreana.4dc582cf07d71d39fd9a94b6f6ee5a11044b13a2.png','https://steamcdn-a.akamaihd.net/apps/583950/icons/set01/10171_large_spanish.70ffae285e59fbbbd33fdbea3076cdbd712536c6.png','https://steamcdn-a.akamaihd.net/apps/583950/icons/set01/10171_large_schinese.62a13f042901ed566ece8d92ea92bc5b1751607a.png','https://steamcdn-a.akamaihd.net/apps/583950/icons/set01/10171_large_tchinese.45649ec4749e7b29434a0ac83b66330e11ffa537.png','https://steamcdn-a.akamaihd.net/apps/583950/icons/set01/10171_large_russian.6abdd4726deca964a4cd8442c48ff1af1360d44c.png','https://steamcdn-a.akamaihd.net/apps/583950/icons/set01/10171_large_japanese.1a547427fb8253b94f754c6a9740523443b44651.png','https://steamcdn-a.akamaihd.net/apps/583950/icons/set01/10171_large_brazilian.4f11a2c2cf154ce62974f636d1e5bcc85d03b514.png','https://steamcdn-a.akamaihd.net/apps/583950/icons/set01/10171_large_latam.b6975ea18f2d35ce0b3fbcb874d0e03fb37107a4.png');
INSERT INTO Cartas VALUES (10172,'Improvement','Titus Lunter','Uncommon',110172);
INSERT INTO CardName VALUES(10172,"Temple of War","Tempel des Krieges","Temple de la guerre","Tempio della guerra","전쟁의 사원","Templo de la guerra","战争神殿","戰爭神殿","Храм войны","Temple of War","戦の神殿","Temple of War","Temple of War","Temple of War","Temple of War","Temple of War","Temple of War","Temple of War","Temple of War","Temple of War","Temple of War","Temple of War","Templo da Guerra","Temple of War","Temple of War","Temple of War","Templo de la guerra","Temple of War");
INSERT INTO LargeImage VALUES(10172,'https://steamcdn-a.akamaihd.net/apps/583950/icons/set01/10172_large_english.2f392412095f34b8c919ef36dc278502b4badc8b.png','https://steamcdn-a.akamaihd.net/apps/583950/icons/set01/10172_large_german.0d9c5717ae975b4e99586b9943ba2aaba4737953.png','https://steamcdn-a.akamaihd.net/apps/583950/icons/set01/10172_large_french.c6ab60948da0e4074f5bce420fb8946585868ac8.png','https://steamcdn-a.akamaihd.net/apps/583950/icons/set01/10172_large_italian.bccb7027dd4d795d4daee5f57b29268bfeaf3708.png','https://steamcdn-a.akamaihd.net/apps/583950/icons/set01/10172_large_koreana.132d042bdf747153fb96a23813a578f3688a6797.png','https://steamcdn-a.akamaihd.net/apps/583950/icons/set01/10172_large_spanish.73ea60804bfeecbb190268e42051039b65924dd6.png','https://steamcdn-a.akamaihd.net/apps/583950/icons/set01/10172_large_schinese.3f8d41d3bc845032a1cbb051da6e44a5aba9c857.png','https://steamcdn-a.akamaihd.net/apps/583950/icons/set01/10172_large_tchinese.228650a47eef26f8870c10c7ab8207e4355b49f7.png','https://steamcdn-a.akamaihd.net/apps/583950/icons/set01/10172_large_russian.29a1840fb58a541ca6b5a924612c8287262df455.png','https://steamcdn-a.akamaihd.net/apps/583950/icons/set01/10172_large_japanese.56ebdb71cc55e230d672e8137e3cfaf960bf34bc.png','https://steamcdn-a.akamaihd.net/apps/583950/icons/set01/10172_large_brazilian.c14520884ce5a85a59f79e46e04c08b558bcece9.png','https://steamcdn-a.akamaihd.net/apps/583950/icons/set01/10172_large_latam.a70b6e582fb32e79a9d50f30f781630bb26959c7.png');
INSERT INTO Cartas VALUES (10174,'Improvement','Daarken','Uncommon',110174);
INSERT INTO CardName VALUES(10174,"Burning Oil","Brennendes Öl","Huile brûlante","Olio bollente","불타는 기름","Aceite abrasador","滚烫火油","滾燙火油","Кипящее масло","Burning Oil","燃える油","Burning Oil","Burning Oil","Burning Oil","Burning Oil","Burning Oil","Burning Oil","Burning Oil","Burning Oil","Burning Oil","Burning Oil","Burning Oil","Óleo Fervente","Burning Oil","Burning Oil","Burning Oil","Aceite abrasador","Burning Oil");
INSERT INTO LargeImage VALUES(10174,'https://steamcdn-a.akamaihd.net/apps/583950/icons/set01/10174_large_english.487d3581e3f33ad2d7ebd4717bec4678b1c84415.png','https://steamcdn-a.akamaihd.net/apps/583950/icons/set01/10174_large_german.393e71ea8b29e23f3407df54db028eb20cec12f3.png','https://steamcdn-a.akamaihd.net/apps/583950/icons/set01/10174_large_french.757f8ffc55a01670719973f98938fbb2a0a72272.png','https://steamcdn-a.akamaihd.net/apps/583950/icons/set01/10174_large_italian.fc68a94b43dc4d3428d8df00f1321c2984e1688f.png','https://steamcdn-a.akamaihd.net/apps/583950/icons/set01/10174_large_koreana.b6a5180682d3bbb572cde597d138675df23eb834.png','https://steamcdn-a.akamaihd.net/apps/583950/icons/set01/10174_large_spanish.737d5c74a9e36080204a79eb6dfca4784de4b1d3.png','https://steamcdn-a.akamaihd.net/apps/583950/icons/set01/10174_large_schinese.1529d62c5f7e65bca7cb5e663ecf5d3adbd5fa34.png','https://steamcdn-a.akamaihd.net/apps/583950/icons/set01/10174_large_tchinese.11e131b7c398177812769df4b5766ba4708b37ae.png','https://steamcdn-a.akamaihd.net/apps/583950/icons/set01/10174_large_russian.658ab2b01dd84233d860a5a14028d74ba51b932e.png','https://steamcdn-a.akamaihd.net/apps/583950/icons/set01/10174_large_japanese.c047262247549df640f5c34e5c4474dfb95ae577.png','https://steamcdn-a.akamaihd.net/apps/583950/icons/set01/10174_large_brazilian.3f6fdb749fc87ad3a71a590567549f3a188b058d.png','https://steamcdn-a.akamaihd.net/apps/583950/icons/set01/10174_large_latam.d31f9a985805f1f04f6f58c85f53fbf67701199b.png');
INSERT INTO Cartas VALUES (10175,'Improvement','Lake Hurwitz','Uncommon',110175);
INSERT INTO CardName VALUES(10175,"Aghanim's Sanctum","Aghanims Heiligtum","Sanctuaire d'Aghanim","Rifugio di Aghanim","아가님의 성소","Sanctasanctórum de Aghanim","阿哈利姆圣所","阿哈利姆聖所","Святилище Аганима","Aghanim's Sanctum","アグニムの聖所","Aghanim's Sanctum","Aghanim's Sanctum","Aghanim's Sanctum","Aghanim's Sanctum","Aghanim's Sanctum","Aghanim's Sanctum","Aghanim's Sanctum","Aghanim's Sanctum","Aghanim's Sanctum","Aghanim's Sanctum","Aghanim's Sanctum","Santuário de Aghanim","Aghanim's Sanctum","Aghanim's Sanctum","Aghanim's Sanctum","Santuario de Aghanim","Aghanim's Sanctum");
INSERT INTO LargeImage VALUES(10175,'https://steamcdn-a.akamaihd.net/apps/583950/icons/set01/10175_large_english.c382ffddbcea0f287f14560710db2b1e1c63d6bf.png','https://steamcdn-a.akamaihd.net/apps/583950/icons/set01/10175_large_german.d8039e5baa833752ebad37b9d1a2327d25b4ce55.png','https://steamcdn-a.akamaihd.net/apps/583950/icons/set01/10175_large_french.40438b63337c570cd504888c6f75500d73c1d740.png','https://steamcdn-a.akamaihd.net/apps/583950/icons/set01/10175_large_italian.ffcee5ab37d9f71abb8ca94ab2e1062454f50a06.png','https://steamcdn-a.akamaihd.net/apps/583950/icons/set01/10175_large_koreana.bba75be0d0c07ca8abd34f157e4a2b1265cf47f6.png','https://steamcdn-a.akamaihd.net/apps/583950/icons/set01/10175_large_spanish.3287f4b5a507af6bc9b9a913bb16ba796952b122.png','https://steamcdn-a.akamaihd.net/apps/583950/icons/set01/10175_large_schinese.aa33406659775473c80266eae806ee08a5925641.png','https://steamcdn-a.akamaihd.net/apps/583950/icons/set01/10175_large_tchinese.a62d6c6f947f99bbcf98cb1ac6325bf19cce562b.png','https://steamcdn-a.akamaihd.net/apps/583950/icons/set01/10175_large_russian.5e4fb8f43c72c44912a3709e71facd669e8d97d0.png','https://steamcdn-a.akamaihd.net/apps/583950/icons/set01/10175_large_japanese.03eaca4f5e9e7b2571e46a958a6c290d52257785.png','https://steamcdn-a.akamaihd.net/apps/583950/icons/set01/10175_large_brazilian.c95e7e6ac55956510dd499f825ee11c4d2d2ec06.png','https://steamcdn-a.akamaihd.net/apps/583950/icons/set01/10175_large_latam.c58e4251600b3ad97363bf66d574e2f4a3917959.png');
INSERT INTO Cartas VALUES (10176,'Improvement','Bayard Wu','Rare',110176);
INSERT INTO CardName VALUES(10176,"Escape Route","Fluchtroute","Échappatoire","Via di fuga","도주 경로","Vía de escape","脱逃路线","脫逃路線","Чёрный ход","Escape Route","脱出路","Escape Route","Escape Route","Escape Route","Escape Route","Escape Route","Escape Route","Escape Route","Escape Route","Escape Route","Escape Route","Escape Route","Rota de Fuga","Escape Route","Escape Route","Escape Route","Vía de escape","Escape Route");
INSERT INTO LargeImage VALUES(10176,'https://steamcdn-a.akamaihd.net/apps/583950/icons/set01/10176_large_english.5154025a968faba834f62d3d0442cae60995d0e7.png','https://steamcdn-a.akamaihd.net/apps/583950/icons/set01/10176_large_german.e1a30a96874c488459b2c1be4ec0f191ed9ead65.png','https://steamcdn-a.akamaihd.net/apps/583950/icons/set01/10176_large_french.cf15eaabd36b376a45a5a84e0bf108e5058273a5.png','https://steamcdn-a.akamaihd.net/apps/583950/icons/set01/10176_large_italian.2f3151a2fb93decbc7ae6c81229b0282fd2e9a79.png','https://steamcdn-a.akamaihd.net/apps/583950/icons/set01/10176_large_koreana.bab9f80ab2206990bc1d520c0fe4f8cfa69edc20.png','https://steamcdn-a.akamaihd.net/apps/583950/icons/set01/10176_large_spanish.55a5e9f0b1ab4bc6a04c5339d09aed96981c51a9.png','https://steamcdn-a.akamaihd.net/apps/583950/icons/set01/10176_large_schinese.c9ec1b57949eb0b70b7b0a61c631e91a2ec16d8b.png','https://steamcdn-a.akamaihd.net/apps/583950/icons/set01/10176_large_tchinese.375ac7d8aa4424bfb1a38c0099c253d1ed11a386.png','https://steamcdn-a.akamaihd.net/apps/583950/icons/set01/10176_large_russian.4b47ecf31f792cbdf530c5cba95ae9ec2043f982.png','https://steamcdn-a.akamaihd.net/apps/583950/icons/set01/10176_large_japanese.a1cb8961d81df51d210b84ec600c65fe4ae48a71.png','https://steamcdn-a.akamaihd.net/apps/583950/icons/set01/10176_large_brazilian.ca62f3899e208cec49751e97a5b588187a789a3f.png','https://steamcdn-a.akamaihd.net/apps/583950/icons/set01/10176_large_latam.b0ca40f45cdaf77da83040290eb916e2e7ef7cb8.png');
INSERT INTO Cartas VALUES (10178,'Improvement','JiHun Lee','Rare',110178);
INSERT INTO CardName VALUES(10178,"Grand Melee","Große Keilerei","Mêlée générale","Gran duello","엄청난 접전","Gran melé","大乱斗","大亂鬥","Большая потасовка","Grand Melee","大乱闘","Grand Melee","Grand Melee","Grand Melee","Grand Melee","Grand Melee","Grand Melee","Grand Melee","Grand Melee","Grand Melee","Grand Melee","Grand Melee","Grande Refrega","Grand Melee","Grand Melee","Grand Melee","Gran melé","Grand Melee");
INSERT INTO LargeImage VALUES(10178,'https://steamcdn-a.akamaihd.net/apps/583950/icons/set01/10178_large_english.ffdee288a50a678da8e56c8a8b891957b4ada94d.png','https://steamcdn-a.akamaihd.net/apps/583950/icons/set01/10178_large_german.d1674c2f648ce238ece0ad4881332d9afff69576.png','https://steamcdn-a.akamaihd.net/apps/583950/icons/set01/10178_large_french.4d6e9ff0bb4b825920182b034a0532c6563910b0.png','https://steamcdn-a.akamaihd.net/apps/583950/icons/set01/10178_large_italian.f68f1d9df641e0e9c26595c3dc5b8cb067483641.png','https://steamcdn-a.akamaihd.net/apps/583950/icons/set01/10178_large_koreana.cbd2aa78a285f7498edc5735982f19b7d1ec4142.png','https://steamcdn-a.akamaihd.net/apps/583950/icons/set01/10178_large_spanish.ed28941415d96f698f4c1d94f83706ee61bcc61c.png','https://steamcdn-a.akamaihd.net/apps/583950/icons/set01/10178_large_schinese.e5602db74593d67834165ad35ec18de1c8930b15.png','https://steamcdn-a.akamaihd.net/apps/583950/icons/set01/10178_large_tchinese.5ebf2441b03d2fee4c89f4b5776e0eeb1f0d2588.png','https://steamcdn-a.akamaihd.net/apps/583950/icons/set01/10178_large_russian.42abae83b9da3cf86a0630277e85710c5d86f76a.png','https://steamcdn-a.akamaihd.net/apps/583950/icons/set01/10178_large_japanese.e78ca9ab636ad35c83ba9ce31d0e24e3560fa727.png','https://steamcdn-a.akamaihd.net/apps/583950/icons/set01/10178_large_brazilian.2d8c07f05546ea497d3c819a63f1a1879b99ebb8.png','https://steamcdn-a.akamaihd.net/apps/583950/icons/set01/10178_large_latam.b4e1d2e70553944425843cb20e117b61ea9dff37.png');
INSERT INTO Cartas VALUES (10180,'Improvement','Forrest Imel','Common',110180);
INSERT INTO CardName VALUES(10180,"Messenger Rookery","Botenhorst","Colonie de messagers","Colonia di piccioni viaggiatori","전령 루커리","Colonia de mensajeros","信使之巢","信使之巢","Гнездо гонцов","Messenger Rookery","伝書鳥の巣","Messenger Rookery","Messenger Rookery","Messenger Rookery","Messenger Rookery","Messenger Rookery","Messenger Rookery","Messenger Rookery","Messenger Rookery","Messenger Rookery","Messenger Rookery","Messenger Rookery","Viveiro de Mensageiros","Messenger Rookery","Messenger Rookery","Messenger Rookery","Colonia de mensajeros","Messenger Rookery");
INSERT INTO LargeImage VALUES(10180,'https://steamcdn-a.akamaihd.net/apps/583950/icons/set01/10180_large_english.28e782a595f0b83fc704d6ee0f16040063136003.png','https://steamcdn-a.akamaihd.net/apps/583950/icons/set01/10180_large_german.829c56067b7cc08fb42144a8a0f77aa3efac4c9e.png','https://steamcdn-a.akamaihd.net/apps/583950/icons/set01/10180_large_french.e2c6e5d98e4475d8e0889a07aaf2fea81cf1c940.png','https://steamcdn-a.akamaihd.net/apps/583950/icons/set01/10180_large_italian.08f109aa31d536cf84800034d812295da7cbe1a2.png','https://steamcdn-a.akamaihd.net/apps/583950/icons/set01/10180_large_koreana.8678ca9af12fe3c79e079e3e176f7bed22d247b6.png','https://steamcdn-a.akamaihd.net/apps/583950/icons/set01/10180_large_spanish.06170cc271d7176ee6857693b0984fcf984b5c4b.png','https://steamcdn-a.akamaihd.net/apps/583950/icons/set01/10180_large_schinese.69ee4493552c98a4788d82f91b6bd2384be8e546.png','https://steamcdn-a.akamaihd.net/apps/583950/icons/set01/10180_large_tchinese.1e1497892aa26802a76edda2b470a10108c4be44.png','https://steamcdn-a.akamaihd.net/apps/583950/icons/set01/10180_large_russian.7cc5e3445e801bdf61d5d11bd7f1e921a1ff5f0d.png','https://steamcdn-a.akamaihd.net/apps/583950/icons/set01/10180_large_japanese.2c39ae97a4ecf3b9953692c4cbbd893572dc76fe.png','https://steamcdn-a.akamaihd.net/apps/583950/icons/set01/10180_large_brazilian.cfce346a061ad2d4bb3a9d6302c1f673748ab5ea.png','https://steamcdn-a.akamaihd.net/apps/583950/icons/set01/10180_large_latam.54565ccc465fd5753385c3f3bcb8af05c8342319.png');
INSERT INTO Cartas VALUES (10181,'Improvement','Daarken','Rare',110181);
INSERT INTO CardName VALUES(10181,"Cheating Death","Dem Tod entrinnen","Duperie de la mort","Ingannare la morte","죽음 모면","Burlar a la muerte","命不该绝","命不該絕","Обман смерти","Cheating Death","死の回避","Cheating Death","Cheating Death","Cheating Death","Cheating Death","Cheating Death","Cheating Death","Cheating Death","Cheating Death","Cheating Death","Cheating Death","Cheating Death","Ludibriando a Morte","Cheating Death","Cheating Death","Cheating Death","Burla a la muerte","Cheating Death");
INSERT INTO LargeImage VALUES(10181,'https://steamcdn-a.akamaihd.net/apps/583950/icons/set01/10181_large_english.aaff1f27ed9c917a0d187c63228ff91c5e919c0a.png','https://steamcdn-a.akamaihd.net/apps/583950/icons/set01/10181_large_german.300f276f3e6591b1e9fdc0cc2dda6f74c403b130.png','https://steamcdn-a.akamaihd.net/apps/583950/icons/set01/10181_large_french.998b1863ec0c01de477f31d16447520d54496a08.png','https://steamcdn-a.akamaihd.net/apps/583950/icons/set01/10181_large_italian.1355e648726a96e3d077aa2b7d4bcd0ad6ed73a7.png','https://steamcdn-a.akamaihd.net/apps/583950/icons/set01/10181_large_koreana.6224210acefa46456e06bbc95b5c89cf18267d04.png','https://steamcdn-a.akamaihd.net/apps/583950/icons/set01/10181_large_spanish.c3c6d6baf82652dae19bf90a433cab7d651ba289.png','https://steamcdn-a.akamaihd.net/apps/583950/icons/set01/10181_large_schinese.fd183df8684a6001b7c0087b857a97a2450ac10d.png','https://steamcdn-a.akamaihd.net/apps/583950/icons/set01/10181_large_tchinese.f01db5fcf3df82607682aa129d72aea000c20ca4.png','https://steamcdn-a.akamaihd.net/apps/583950/icons/set01/10181_large_russian.9409e8d0f4bff5afdc0ff3d846ad858aed70b1a6.png','https://steamcdn-a.akamaihd.net/apps/583950/icons/set01/10181_large_japanese.19cf9e74950db5959bd6b89a75abdc54be40987d.png','https://steamcdn-a.akamaihd.net/apps/583950/icons/set01/10181_large_brazilian.50c9f904e8610385584403b9098ec4e1be871f7c.png','https://steamcdn-a.akamaihd.net/apps/583950/icons/set01/10181_large_latam.9146e047eb5b6609849d259bdb9a80b5a3230e49.png');
INSERT INTO Cartas VALUES (10182,'Improvement','Daarken','Rare',110182);
INSERT INTO CardName VALUES(10182,"The Oath","Der Schwur","Serment","Giuramento","서약","El juramento","誓约","誓約","Клятва","The Oath","誓い","The Oath","The Oath","The Oath","The Oath","The Oath","The Oath","The Oath","The Oath","The Oath","The Oath","The Oath","O Juramento","The Oath","The Oath","The Oath","El juramento","The Oath");
INSERT INTO LargeImage VALUES(10182,'https://steamcdn-a.akamaihd.net/apps/583950/icons/set01/10182_large_english.8ae6ce2d1efe39fa599667a54486c1e3e889a856.png','https://steamcdn-a.akamaihd.net/apps/583950/icons/set01/10182_large_german.e3c0bd388db8c4ece57758436f7874a698b68f85.png','https://steamcdn-a.akamaihd.net/apps/583950/icons/set01/10182_large_french.0820deea212878d2b7817c222ec8d4ed948a3643.png','https://steamcdn-a.akamaihd.net/apps/583950/icons/set01/10182_large_italian.7644b8e19b5f4b41204ae652acf091ccf8732d19.png','https://steamcdn-a.akamaihd.net/apps/583950/icons/set01/10182_large_koreana.28fd9559d6f4666d6ab3954b80036f84dcd42f13.png','https://steamcdn-a.akamaihd.net/apps/583950/icons/set01/10182_large_spanish.63dbce490fee44595fd0ed9f4dc0be84edf0fc01.png','https://steamcdn-a.akamaihd.net/apps/583950/icons/set01/10182_large_schinese.2348b3fc987610079fd0a8e7ff3763f20822fdcf.png','https://steamcdn-a.akamaihd.net/apps/583950/icons/set01/10182_large_tchinese.0a56f2833e37fe3f53d67e2782270572d92c0d78.png','https://steamcdn-a.akamaihd.net/apps/583950/icons/set01/10182_large_russian.171031e9380d513ed87f75674ac28d2138596f59.png','https://steamcdn-a.akamaihd.net/apps/583950/icons/set01/10182_large_japanese.96795c727b847493930063ad29d8872c0d9050a1.png','https://steamcdn-a.akamaihd.net/apps/583950/icons/set01/10182_large_brazilian.56ccc42163861c23d1a9c9c2cd58154acaeb43fa.png','https://steamcdn-a.akamaihd.net/apps/583950/icons/set01/10182_large_latam.6e42c1adbe602e3d7981db02211aee0820799cbd.png');
INSERT INTO Cartas VALUES (10183,'Improvement','Dimitar Marinski','Uncommon',110183);
INSERT INTO CardName VALUES(10183,"The Omexe Arena","Die Arena von Omexe","Arène d'Omexe","Arena di Omexe","오멕스 투기장","Coliseo de Omexe","欧梅克斯竞技场","歐梅克斯競技場","Арена Омекс","The Omexe Arena","オメックスの闘技場","The Omexe Arena","The Omexe Arena","The Omexe Arena","The Omexe Arena","The Omexe Arena","The Omexe Arena","The Omexe Arena","The Omexe Arena","The Omexe Arena","The Omexe Arena","The Omexe Arena","Arena de Omexe","The Omexe Arena","The Omexe Arena","The Omexe Arena","Coliseo de Omexe","The Omexe Arena");
INSERT INTO LargeImage VALUES(10183,'https://steamcdn-a.akamaihd.net/apps/583950/icons/set01/10183_large_english.33db6236abb7949d27926d07a7eadefdb66c33f3.png','https://steamcdn-a.akamaihd.net/apps/583950/icons/set01/10183_large_german.2e817918fbff3b5b117bb28dc5becaf4c153f4de.png','https://steamcdn-a.akamaihd.net/apps/583950/icons/set01/10183_large_french.b86508da4084547ce9ec185b199158943cdf8d96.png','https://steamcdn-a.akamaihd.net/apps/583950/icons/set01/10183_large_italian.4383ff4ff72277d18c6984e3114080af16f8dd61.png','https://steamcdn-a.akamaihd.net/apps/583950/icons/set01/10183_large_koreana.72052ac6e3247ff6086efaac1676b6698bd5d433.png','https://steamcdn-a.akamaihd.net/apps/583950/icons/set01/10183_large_spanish.c1c738b97b0b9537fb5313a26191a5eba9d5209a.png','https://steamcdn-a.akamaihd.net/apps/583950/icons/set01/10183_large_schinese.290ef7c01e638aba00b16828d66615d9a95a954a.png','https://steamcdn-a.akamaihd.net/apps/583950/icons/set01/10183_large_tchinese.1d1f036bc92c3539bfb05674edd1c0e3bf19290f.png','https://steamcdn-a.akamaihd.net/apps/583950/icons/set01/10183_large_russian.5b17e1b63eb15d58294f69cd3aef1f232d189f99.png','https://steamcdn-a.akamaihd.net/apps/583950/icons/set01/10183_large_japanese.427a5a2de1992011601b56b339adc8917b341e66.png','https://steamcdn-a.akamaihd.net/apps/583950/icons/set01/10183_large_brazilian.0f649843844c3cb0cfabb69ce0e0b77a39713803.png','https://steamcdn-a.akamaihd.net/apps/583950/icons/set01/10183_large_latam.0988f6c34daee49e565e3d77c0d5f7bc5b240186.png');
INSERT INTO Cartas VALUES (10184,'Improvement','Robbie Trevino','Uncommon',110184);
INSERT INTO CardName VALUES(10184,"Keenfolk Turret","Keenvolk-Geschütz","Tourelle keene","Torretta degli Smilzi","단신족 회전포","Torreta de los ingeniosos","基恩炮塔","基恩砲塔","Турель смышлёнцев","Keenfolk Turret","キーンフォークの砲台","Keenfolk Turret","Keenfolk Turret","Keenfolk Turret","Keenfolk Turret","Keenfolk Turret","Keenfolk Turret","Keenfolk Turret","Keenfolk Turret","Keenfolk Turret","Keenfolk Turret","Keenfolk Turret","Torreta dos Keen","Keenfolk Turret","Keenfolk Turret","Keenfolk Turret","Torreta de los ingeniosos","Keenfolk Turret");
INSERT INTO LargeImage VALUES(10184,'https://steamcdn-a.akamaihd.net/apps/583950/icons/set01/10184_large_english.70264229556eb5b96fe63b6977377abd215dfae7.png','https://steamcdn-a.akamaihd.net/apps/583950/icons/set01/10184_large_german.6599a45e75601e6ebd3a9dd77c66f81d18eaaf60.png','https://steamcdn-a.akamaihd.net/apps/583950/icons/set01/10184_large_french.45ff16706ffe9fa76f7bc8d9635e9a90bed8ccd6.png','https://steamcdn-a.akamaihd.net/apps/583950/icons/set01/10184_large_italian.6127b74f09f060d1266acc27ee77243c8e5d62af.png','https://steamcdn-a.akamaihd.net/apps/583950/icons/set01/10184_large_koreana.29f090fa32bda07042cb0d5f3d2a7ebb9f19877b.png','https://steamcdn-a.akamaihd.net/apps/583950/icons/set01/10184_large_spanish.6aec7d23ad08da0b2b33e6335ae47707bf95c9ee.png','https://steamcdn-a.akamaihd.net/apps/583950/icons/set01/10184_large_schinese.3c72b27553587f199bcf4c3a43bcb3f4908b3ec3.png','https://steamcdn-a.akamaihd.net/apps/583950/icons/set01/10184_large_tchinese.71328ae80a380e6a5be8c8a3760bb28a25a71129.png','https://steamcdn-a.akamaihd.net/apps/583950/icons/set01/10184_large_russian.557ffb1f6d65982982a75858836af6cc442b3b11.png','https://steamcdn-a.akamaihd.net/apps/583950/icons/set01/10184_large_japanese.6b67a9f6f81e27d2411eb3e8095f242de6f55ace.png','https://steamcdn-a.akamaihd.net/apps/583950/icons/set01/10184_large_brazilian.8d35c291d5f171cef6619490f1c680a2880400e9.png','https://steamcdn-a.akamaihd.net/apps/583950/icons/set01/10184_large_latam.c55283370f2ddcc83209020e2cce8f617053a11a.png');
INSERT INTO Cartas VALUES (10185,'Improvement','Lake Hurwitz','Rare',110185);
INSERT INTO CardName VALUES(10185,"Steam Cannon","Dampfkanone","Canon à vapeur","Cannone a vapore","증기포","Cañón de vapor","蒸汽大炮","蒸汽大砲","Паровая пушка","Steam Cannon","スチームキャノン","Steam Cannon","Steam Cannon","Steam Cannon","Steam Cannon","Steam Cannon","Steam Cannon","Steam Cannon","Steam Cannon","Steam Cannon","Steam Cannon","Steam Cannon","Canhão a Vapor","Steam Cannon","Steam Cannon","Steam Cannon","Cañón de vapor","Steam Cannon");
INSERT INTO LargeImage VALUES(10185,'https://steamcdn-a.akamaihd.net/apps/583950/icons/set01/10185_large_english.e43db03aeed80da4f65428fce3c56e380461726d.png','https://steamcdn-a.akamaihd.net/apps/583950/icons/set01/10185_large_german.40912215ed1b883e89294ec5baca47166ff57e86.png','https://steamcdn-a.akamaihd.net/apps/583950/icons/set01/10185_large_french.743d91494cc7a51bb2093105b6f6078bdcdbf178.png','https://steamcdn-a.akamaihd.net/apps/583950/icons/set01/10185_large_italian.45a55c740b395b741499299c97cf43b6482d9a1d.png','https://steamcdn-a.akamaihd.net/apps/583950/icons/set01/10185_large_koreana.19754415d081b468b3ee4db6edcc1151c088b032.png','https://steamcdn-a.akamaihd.net/apps/583950/icons/set01/10185_large_spanish.97193514ce5aec8b036ffe810e70f47e83299d03.png','https://steamcdn-a.akamaihd.net/apps/583950/icons/set01/10185_large_schinese.257a8e83ef523d7f0478f587691da0b858d8e2d7.png','https://steamcdn-a.akamaihd.net/apps/583950/icons/set01/10185_large_tchinese.fe3bbc68aa099795e3c9150454bf33ccc252f62f.png','https://steamcdn-a.akamaihd.net/apps/583950/icons/set01/10185_large_russian.0deb9bea68a692975c2b003d5b29037c9b550764.png','https://steamcdn-a.akamaihd.net/apps/583950/icons/set01/10185_large_japanese.7dc34529b115dd723b0731b6e4c603bcdedfc85d.png','https://steamcdn-a.akamaihd.net/apps/583950/icons/set01/10185_large_brazilian.79f8e30d45106d279a88dd0fcb8913fe156a4fd9.png','https://steamcdn-a.akamaihd.net/apps/583950/icons/set01/10185_large_latam.4d0d228dfd783c3bf321d430baea399454045595.png');
INSERT INTO Cartas VALUES (10187,'Improvement','Stepan Alekseev','Rare',110187);
INSERT INTO CardName VALUES(10187,"Glyph of Confusion","Glyphe der Verwirrung","Glyphe de confusion","Glifo della confusione","혼돈의 문양","Glifo de confusión","困惑符文","困惑符文","Руны замешательства","Glyph of Confusion","混乱の魔印","Glyph of Confusion","Glyph of Confusion","Glyph of Confusion","Glyph of Confusion","Glyph of Confusion","Glyph of Confusion","Glyph of Confusion","Glyph of Confusion","Glyph of Confusion","Glyph of Confusion","Glyph of Confusion","Glifo da Confusão","Glyph of Confusion","Glyph of Confusion","Glyph of Confusion","Glifo de confusión","Glyph of Confusion");
INSERT INTO LargeImage VALUES(10187,'https://steamcdn-a.akamaihd.net/apps/583950/icons/set01/10187_large_english.346b932da49687f59193c90b0a84903385db3c71.png','https://steamcdn-a.akamaihd.net/apps/583950/icons/set01/10187_large_german.4a1de54261591e8f8e6bd23689abc1d348711f5a.png','https://steamcdn-a.akamaihd.net/apps/583950/icons/set01/10187_large_french.b2a60eed25e6c6fa252f408cfc9c0e973c9f5466.png','https://steamcdn-a.akamaihd.net/apps/583950/icons/set01/10187_large_italian.7fb00db7c172cd050d581ecf9d9a743f395a107e.png','https://steamcdn-a.akamaihd.net/apps/583950/icons/set01/10187_large_koreana.95fd5f7cb8bd63f4deaffdf2a15b686f02ada98b.png','https://steamcdn-a.akamaihd.net/apps/583950/icons/set01/10187_large_spanish.d95343723e049b7ac65528299045fa8190886d4a.png','https://steamcdn-a.akamaihd.net/apps/583950/icons/set01/10187_large_schinese.57cd8f2dc685ec2beabe8f00d0dbbdce8a9467c4.png','https://steamcdn-a.akamaihd.net/apps/583950/icons/set01/10187_large_tchinese.e18f3d03949950579c7d8b71532da2790ff2adf7.png','https://steamcdn-a.akamaihd.net/apps/583950/icons/set01/10187_large_russian.312c8de52a620f829fa2d356313f1e254938d31f.png','https://steamcdn-a.akamaihd.net/apps/583950/icons/set01/10187_large_japanese.4b1fe9af1b9ae2193f281f17660a2e193170363d.png','https://steamcdn-a.akamaihd.net/apps/583950/icons/set01/10187_large_brazilian.c7c89e241e8cf3449564baa210e28c2bef1954e6.png','https://steamcdn-a.akamaihd.net/apps/583950/icons/set01/10187_large_latam.f3655d9b4afe04728fca6a51bf8b2ea9d2813c15.png');
INSERT INTO Cartas VALUES (10192,'Spell','John Stanko','Common',110192);
INSERT INTO CardName VALUES(10192,"Rumusque Blessing","Rumusquensegen","Bénédiction rumusque","Benedizione di Rumusque","루무스크의 축복","Bendición de Rumusque","鲁姆斯克的祝福","魯姆斯克的祝福","Рамасская молитва","Rumusque Blessing","ラミュスクの祝福","Rumusque Blessing","Rumusque Blessing","Rumusque Blessing","Rumusque Blessing","Rumusque Blessing","Rumusque Blessing","Rumusque Blessing","Rumusque Blessing","Rumusque Blessing","Rumusque Blessing","Rumusque Blessing","Bênção de Rumusque","Rumusque Blessing","Rumusque Blessing","Rumusque Blessing","Bendición de Rumusque","Rumusque Blessing");
INSERT INTO LargeImage VALUES(10192,'https://steamcdn-a.akamaihd.net/apps/583950/icons/set01/10192_large_english.126a6952cc7e64d7469125a5a0bac26d2aef1b76.png','https://steamcdn-a.akamaihd.net/apps/583950/icons/set01/10192_large_german.55b7a42febb978103e83ff03a947f105213dcb16.png','https://steamcdn-a.akamaihd.net/apps/583950/icons/set01/10192_large_french.f5b8baf74538aaf9bdc6b73277fcdc5e672ea7d8.png','https://steamcdn-a.akamaihd.net/apps/583950/icons/set01/10192_large_italian.8179daa2a92f7dd1854cb0cac9105473de599c18.png','https://steamcdn-a.akamaihd.net/apps/583950/icons/set01/10192_large_koreana.779989f43ccead886909c85fb02474752f5f2c96.png','https://steamcdn-a.akamaihd.net/apps/583950/icons/set01/10192_large_spanish.66e82b3e5a07cd16ce84f68279559c3a01e7e74a.png','https://steamcdn-a.akamaihd.net/apps/583950/icons/set01/10192_large_schinese.f88f501a14adb80847b7637494ea9bc330547604.png','https://steamcdn-a.akamaihd.net/apps/583950/icons/set01/10192_large_tchinese.e46cf1ed4a438e1708cbd6695ce72a18c9cc4ae5.png','https://steamcdn-a.akamaihd.net/apps/583950/icons/set01/10192_large_russian.fdc1fa178141405752dc4c40cd527fb46de0416b.png','https://steamcdn-a.akamaihd.net/apps/583950/icons/set01/10192_large_japanese.8ae31a69533f90b0ec2e35a4e47c3afe220afac5.png','https://steamcdn-a.akamaihd.net/apps/583950/icons/set01/10192_large_brazilian.14a953000a11ab43bd838a432a0dcfae6cda9786.png','https://steamcdn-a.akamaihd.net/apps/583950/icons/set01/10192_large_latam.7f9eece3ff0ac78ab702cc5ac374f5539486cf91.png');
INSERT INTO Cartas VALUES (10194,'Improvement','Forrest Imel','Rare',110194);
INSERT INTO CardName VALUES(10194,"Watchtower","Wachturm","Tour de guet","Torre di guardia","감시탑","Torre de vigilancia","瞭望塔","瞭望塔","Сторожевая башня","Watchtower","見張り塔","Watchtower","Watchtower","Watchtower","Watchtower","Watchtower","Watchtower","Watchtower","Watchtower","Watchtower","Watchtower","Watchtower","Torre de Vigia","Watchtower","Watchtower","Watchtower","Torre de vigilancia","Watchtower");
INSERT INTO LargeImage VALUES(10194,'https://steamcdn-a.akamaihd.net/apps/583950/icons/set01/10194_large_english.499fab31a9cf30c0fa67e2c2efece507a9299a29.png','https://steamcdn-a.akamaihd.net/apps/583950/icons/set01/10194_large_german.9563cd12c00ccd4b778b52c7a8240d1b2c43e3d7.png','https://steamcdn-a.akamaihd.net/apps/583950/icons/set01/10194_large_french.3eb1fb8a0f775338e6e6c3fa574113b114eac4b0.png','https://steamcdn-a.akamaihd.net/apps/583950/icons/set01/10194_large_italian.acc3c0adb40c64cfe173bb5f6924b2af0df46f6d.png','https://steamcdn-a.akamaihd.net/apps/583950/icons/set01/10194_large_koreana.764e439685e17e35b5682e1a8b3ad43bc85c8dbe.png','https://steamcdn-a.akamaihd.net/apps/583950/icons/set01/10194_large_spanish.eeb514e35e991701091c84eeafb9a341cbd641d6.png','https://steamcdn-a.akamaihd.net/apps/583950/icons/set01/10194_large_schinese.6728754c6491a1202963c7ae4ede1ab2d1990b88.png','https://steamcdn-a.akamaihd.net/apps/583950/icons/set01/10194_large_tchinese.cae84f2df23feac85087606d159fd76350ac88ca.png','https://steamcdn-a.akamaihd.net/apps/583950/icons/set01/10194_large_russian.1e1243dfa4efc35405386914aaf08ffd4e41ac58.png','https://steamcdn-a.akamaihd.net/apps/583950/icons/set01/10194_large_japanese.736b913022337aaf1d00c7bff48c8ef12dccada3.png','https://steamcdn-a.akamaihd.net/apps/583950/icons/set01/10194_large_brazilian.72bb0ba11431fa7aa3b7e5c9c6a436bbe350ef2a.png','https://steamcdn-a.akamaihd.net/apps/583950/icons/set01/10194_large_latam.f2755a48183f5679f8974d4f59419df06e40bef3.png');
INSERT INTO Cartas VALUES (10202,'Item','Pauline Voss','Uncommon',110202);
INSERT INTO CardName VALUES(10202,"Assassin's Veil","Schleier der Assassine","Voile de l'assassin","Velo dell'assassina","자객의 가리개","Velo de asesina","刺客面纱","刺客面紗","Вуаль убийцы","Assassin's Veil","暗殺者のベール","Assassin's Veil","Assassin's Veil","Assassin's Veil","Assassin's Veil","Assassin's Veil","Assassin's Veil","Assassin's Veil","Assassin's Veil","Assassin's Veil","Assassin's Veil","Assassin's Veil","Véu da Assassina","Assassin's Veil","Assassin's Veil","Assassin's Veil","Velo de asesina","Assassin's Veil");
INSERT INTO LargeImage VALUES(10202,'https://steamcdn-a.akamaihd.net/apps/583950/icons/set01/10202_large_english.4922e91b328f2459716d4fe11a1d2b8fbe76feed.png','https://steamcdn-a.akamaihd.net/apps/583950/icons/set01/10202_large_german.0faea344c60115c792265ebcfa0223e983effd42.png','https://steamcdn-a.akamaihd.net/apps/583950/icons/set01/10202_large_french.719484ec1d83ea0c121f30fc9a9e0ca3e808b282.png','https://steamcdn-a.akamaihd.net/apps/583950/icons/set01/10202_large_italian.46a36165125539de4b470c6f629d661d67bb2125.png','https://steamcdn-a.akamaihd.net/apps/583950/icons/set01/10202_large_koreana.ce24dc8606be1a8f1762e9f65c88ffa93aa2aacc.png','https://steamcdn-a.akamaihd.net/apps/583950/icons/set01/10202_large_spanish.535babebeb051c84674c8f3e234464e5a5fed0a0.png','https://steamcdn-a.akamaihd.net/apps/583950/icons/set01/10202_large_schinese.422a3d8a63bbee3ac797f4c09eb8a631ae767670.png','https://steamcdn-a.akamaihd.net/apps/583950/icons/set01/10202_large_tchinese.c6d96694acc595e47d34d85d804e8e870de37325.png','https://steamcdn-a.akamaihd.net/apps/583950/icons/set01/10202_large_russian.03fd13593c0dbf4e96878e204492c88258071143.png','https://steamcdn-a.akamaihd.net/apps/583950/icons/set01/10202_large_japanese.8cbec1c42329dfb75aaf4e37193d699e04111d19.png','https://steamcdn-a.akamaihd.net/apps/583950/icons/set01/10202_large_brazilian.adca3c062209a94624abf769b08e28b76b24fd69.png','https://steamcdn-a.akamaihd.net/apps/583950/icons/set01/10202_large_latam.5fe1186a261ba0abaa2f995e120962bcbec690ad.png');
INSERT INTO Cartas VALUES (10203,'Item','Pauline Voss','Uncommon',110203);
INSERT INTO CardName VALUES(10203,"Phase Boots","Phasenstiefel","Bottes d'infiltration","Stivali della fase","위상변화 장화","Botas de fase","相位鞋","相位靴","Сапоги смещения","Phase Boots","フェイズブーツ","Phase Boots","Phase Boots","Phase Boots","Phase Boots","Phase Boots","Phase Boots","Phase Boots","Phase Boots","Phase Boots","Phase Boots","Phase Boots","Botas de Fase","Phase Boots","Phase Boots","Phase Boots","Botas de fase","Phase Boots");
INSERT INTO LargeImage VALUES(10203,'https://steamcdn-a.akamaihd.net/apps/583950/icons/set01/10203_large_english.7adfe23a6714685c695622a8106b4cde8d2e5478.png','https://steamcdn-a.akamaihd.net/apps/583950/icons/set01/10203_large_german.a2807ed68d133ddbca8a90fa02af2bb4567041a5.png','https://steamcdn-a.akamaihd.net/apps/583950/icons/set01/10203_large_french.9bd76fa5a372d8eb0075f0dba0b822904a765358.png','https://steamcdn-a.akamaihd.net/apps/583950/icons/set01/10203_large_italian.718ecb295bfa02ecdbd6f9cf6d651c7457615575.png','https://steamcdn-a.akamaihd.net/apps/583950/icons/set01/10203_large_koreana.d20d429f50d57d935f345cf325aa2288dcc0eb2a.png','https://steamcdn-a.akamaihd.net/apps/583950/icons/set01/10203_large_spanish.f2778a602d6d7eb2a0ff460a435f53a3ea6f611e.png','https://steamcdn-a.akamaihd.net/apps/583950/icons/set01/10203_large_schinese.1ca656f35399b7a9c8e6a6f26066178b8d791e17.png','https://steamcdn-a.akamaihd.net/apps/583950/icons/set01/10203_large_tchinese.0790f6e8245618ac6b01b93daf7cb43e9da0f1db.png','https://steamcdn-a.akamaihd.net/apps/583950/icons/set01/10203_large_russian.78f9dc91e1c733ee1e7cc8b54187e707c4129d02.png','https://steamcdn-a.akamaihd.net/apps/583950/icons/set01/10203_large_japanese.2d89a8fdeb342046875138ba9c06582dc1d09504.png','https://steamcdn-a.akamaihd.net/apps/583950/icons/set01/10203_large_brazilian.f4ad1f43d8903384608ffb62ca3f3cf5ebfc3e37.png','https://steamcdn-a.akamaihd.net/apps/583950/icons/set01/10203_large_latam.4ef69f68902500fe9f9ad160c074b6be66fa7009.png');
INSERT INTO Cartas VALUES (10205,'Item','Suzanne Helmigh','Common',110205);
INSERT INTO CardName VALUES(10205,"Stonehall Cloak","Umhang aus Steinhalle","Manteau de Pierrefort","Mantello di Borgolitio","돌의 전당 덧망토","Capa de Stonehall","石堂城斗篷","石堂城披風","Плащ Стоунхолла","Stonehall Cloak","ストーンホールのマント","Stonehall Cloak","Stonehall Cloak","Stonehall Cloak","Stonehall Cloak","Stonehall Cloak","Stonehall Cloak","Stonehall Cloak","Stonehall Cloak","Stonehall Cloak","Stonehall Cloak","Stonehall Cloak","Capa do Corredor de Pedra","Stonehall Cloak","Stonehall Cloak","Stonehall Cloak","Capa de Stonehall","Stonehall Cloak");
INSERT INTO LargeImage VALUES(10205,'https://steamcdn-a.akamaihd.net/apps/583950/icons/set01/10205_large_english.1f44c671d1fe390abd12878cffeab10215c6eb04.png','https://steamcdn-a.akamaihd.net/apps/583950/icons/set01/10205_large_german.84431267eb24cb9e1845e624474a1ffda893d8c3.png','https://steamcdn-a.akamaihd.net/apps/583950/icons/set01/10205_large_french.15b97671853362f901ad27b10c63035842435fab.png','https://steamcdn-a.akamaihd.net/apps/583950/icons/set01/10205_large_italian.0bb11f0d945245025bc7ac35d451332097cd1668.png','https://steamcdn-a.akamaihd.net/apps/583950/icons/set01/10205_large_koreana.33032c7c7ea71f514db67c9e52ee6e34ff4d2df5.png','https://steamcdn-a.akamaihd.net/apps/583950/icons/set01/10205_large_spanish.da2f26d3598c43c6362cc259e60c1fcf2f9c7c4f.png','https://steamcdn-a.akamaihd.net/apps/583950/icons/set01/10205_large_schinese.ae933c401435e1df2048a746e5768aaecd9e8dc6.png','https://steamcdn-a.akamaihd.net/apps/583950/icons/set01/10205_large_tchinese.9a864cb987667c416175d80ac350c67d4fb032b7.png','https://steamcdn-a.akamaihd.net/apps/583950/icons/set01/10205_large_russian.7ab2346984cba61ef0ad783bbf6859ef32b0f17a.png','https://steamcdn-a.akamaihd.net/apps/583950/icons/set01/10205_large_japanese.8ea5fae574af31dfa5ef0d576236210615b7b1b4.png','https://steamcdn-a.akamaihd.net/apps/583950/icons/set01/10205_large_brazilian.c7aa12a4c55621bd09cd6845e59aff111561e71d.png','https://steamcdn-a.akamaihd.net/apps/583950/icons/set01/10205_large_latam.a90e84a3b8d3e9a298f2892082f2e81ee7fb8353.png');
INSERT INTO Cartas VALUES (10206,'Item','Pauline Voss','Uncommon',110206);
INSERT INTO CardName VALUES(10206,"Blink Dagger","Blinzeldolch","Dague furtive","Pugnale del baleno","점멸 단검","Daga de traslación","闪烁匕首","閃躍匕首","Кинжал скачка","Blink Dagger","ブリンクダガー","Blink Dagger","Blink Dagger","Blink Dagger","Blink Dagger","Blink Dagger","Blink Dagger","Blink Dagger","Blink Dagger","Blink Dagger","Blink Dagger","Blink Dagger","Adaga de Translocação","Blink Dagger","Blink Dagger","Blink Dagger","Daga de traslación","Blink Dagger");
INSERT INTO LargeImage VALUES(10206,'https://steamcdn-a.akamaihd.net/apps/583950/icons/set01/10206_large_english.6bf2e017aca3fce72b423db63b952c9248db603d.png','https://steamcdn-a.akamaihd.net/apps/583950/icons/set01/10206_large_german.74cbf9820bdfb8bbbbd862beb95de72c23493456.png','https://steamcdn-a.akamaihd.net/apps/583950/icons/set01/10206_large_french.37a8d570db36ce2d4a0f9f4554be927b23e46700.png','https://steamcdn-a.akamaihd.net/apps/583950/icons/set01/10206_large_italian.0b92c078ce2b80e3608cb58e30a3bf32e937257d.png','https://steamcdn-a.akamaihd.net/apps/583950/icons/set01/10206_large_koreana.4aed7acd3b196072cfa2b82c72c7b1c82d47fb7c.png','https://steamcdn-a.akamaihd.net/apps/583950/icons/set01/10206_large_spanish.5a0a281419b7e2ab1f88a2bb9255bc8378d74f3a.png','https://steamcdn-a.akamaihd.net/apps/583950/icons/set01/10206_large_schinese.a9ecbca75f5040251af2bc896f96cc0bb752748e.png','https://steamcdn-a.akamaihd.net/apps/583950/icons/set01/10206_large_tchinese.2707eacb663faa49c0c39268aed560f1f050ebc0.png','https://steamcdn-a.akamaihd.net/apps/583950/icons/set01/10206_large_russian.24c038ae5f0afd9c4c73003031cf33e50788ad62.png','https://steamcdn-a.akamaihd.net/apps/583950/icons/set01/10206_large_japanese.4e5f311e0348ab4739d3e502030d97ade74aff14.png','https://steamcdn-a.akamaihd.net/apps/583950/icons/set01/10206_large_brazilian.3adfabe5d14af4a7a762a228c10da97e95bd5193.png','https://steamcdn-a.akamaihd.net/apps/583950/icons/set01/10206_large_latam.7ccaf59df7a1c20095f9278f2c1dbb0862a40a6b.png');
INSERT INTO Cartas VALUES (10207,'Item','JiHun Lee','Uncommon',110207);
INSERT INTO CardName VALUES(10207,"Revtel Signet Ring","Siegelring aus Revtel","Chevalière de Revtel","Anello con sigillo di Revtel","레브텔 인장 반지","Anillo de sello de Revtel","瑞文泰尔印戒","瑞文泰爾印戒","Печать Ревтела","Revtel Signet Ring","レヴテルの印章指輪","Revtel Signet Ring","Revtel Signet Ring","Revtel Signet Ring","Revtel Signet Ring","Revtel Signet Ring","Revtel Signet Ring","Revtel Signet Ring","Revtel Signet Ring","Revtel Signet Ring","Revtel Signet Ring","Revtel Signet Ring","Anel com Sinete de Revtel","Revtel Signet Ring","Revtel Signet Ring","Revtel Signet Ring","Sello de Revtel","Revtel Signet Ring");
INSERT INTO LargeImage VALUES(10207,'https://steamcdn-a.akamaihd.net/apps/583950/icons/set01/10207_large_english.605ea3e3fb7af2e04c579859557ae1002e74b4f8.png','https://steamcdn-a.akamaihd.net/apps/583950/icons/set01/10207_large_german.54454045ba66dcc5a28fd14b4e066d52007fb88d.png','https://steamcdn-a.akamaihd.net/apps/583950/icons/set01/10207_large_french.9039774ff5c389da66d458ff953dcea09fc07192.png','https://steamcdn-a.akamaihd.net/apps/583950/icons/set01/10207_large_italian.fb2df8974e01fcef0283ff1e09e7636982c5a228.png','https://steamcdn-a.akamaihd.net/apps/583950/icons/set01/10207_large_koreana.c205ed675cca3882d59a499aef8749a680a94f08.png','https://steamcdn-a.akamaihd.net/apps/583950/icons/set01/10207_large_spanish.e694616916f47bdd1898a3a10079fc3f5ff65596.png','https://steamcdn-a.akamaihd.net/apps/583950/icons/set01/10207_large_schinese.8c83d3035a2fd4a74019e17faf615e8b7bb5bf8a.png','https://steamcdn-a.akamaihd.net/apps/583950/icons/set01/10207_large_tchinese.2f9df5cdd74056222f9382a4295d52ad20da4efa.png','https://steamcdn-a.akamaihd.net/apps/583950/icons/set01/10207_large_russian.a295c0c1e61b0fcb56554c14b10108d31d4ad5da.png','https://steamcdn-a.akamaihd.net/apps/583950/icons/set01/10207_large_japanese.f24b35df84eae25fda4db5f878bb603e1802dcce.png','https://steamcdn-a.akamaihd.net/apps/583950/icons/set01/10207_large_brazilian.776a5ad8011d760cfe72cdcc73efd06823115baa.png','https://steamcdn-a.akamaihd.net/apps/583950/icons/set01/10207_large_latam.41a3177cd1418b74f97fcd04c1d79dbf176bcea2.png');
INSERT INTO Cartas VALUES (10208,'Item','Sam Carr','Common',110208);
INSERT INTO CardName VALUES(10208,"Barbed Mail","Zackenpanzer","Armure à pointes","Cotta spinata","미늘 갑옷","Malla con púas","倒刺链甲","倒刺鏈甲","Колючий доспех","Barbed Mail","棘の鎧","Barbed Mail","Barbed Mail","Barbed Mail","Barbed Mail","Barbed Mail","Barbed Mail","Barbed Mail","Barbed Mail","Barbed Mail","Barbed Mail","Barbed Mail","Malha Farpada","Barbed Mail","Barbed Mail","Barbed Mail","Armadura con púas","Barbed Mail");
INSERT INTO LargeImage VALUES(10208,'https://steamcdn-a.akamaihd.net/apps/583950/icons/set01/10208_large_english.a8ff2201510655c75a50c54ebfdaa5cbaab52d6e.png','https://steamcdn-a.akamaihd.net/apps/583950/icons/set01/10208_large_german.f217afe9d3f275e991c03f444fd7baf4cfbb391c.png','https://steamcdn-a.akamaihd.net/apps/583950/icons/set01/10208_large_french.b1cf9900c35742afb578eea932221529d392c7cd.png','https://steamcdn-a.akamaihd.net/apps/583950/icons/set01/10208_large_italian.796da146ed2532ccd68a2a6f4d188e1ea1f3b288.png','https://steamcdn-a.akamaihd.net/apps/583950/icons/set01/10208_large_koreana.f01e9d4dbed817ae94f6b4cb21f081774900501c.png','https://steamcdn-a.akamaihd.net/apps/583950/icons/set01/10208_large_spanish.2881a01d50bbfe3fb5ad417afa6eb1311be5c613.png','https://steamcdn-a.akamaihd.net/apps/583950/icons/set01/10208_large_schinese.2738bca6ef9509b1aa4100da9480bd481ac0fac2.png','https://steamcdn-a.akamaihd.net/apps/583950/icons/set01/10208_large_tchinese.bff32d37c997349d1669892a061e7be1495b1fab.png','https://steamcdn-a.akamaihd.net/apps/583950/icons/set01/10208_large_russian.03db5e0184f304963a539c7f76f25627abc1ce85.png','https://steamcdn-a.akamaihd.net/apps/583950/icons/set01/10208_large_japanese.3dd5ce12501a025d012718c388f4316622cb73ae.png','https://steamcdn-a.akamaihd.net/apps/583950/icons/set01/10208_large_brazilian.4fda7629b16602e5ae04852aa14e15318236a4b4.png','https://steamcdn-a.akamaihd.net/apps/583950/icons/set01/10208_large_latam.b35eeb4eb790717f5ba346e2fc35a461475dfa79.png');
INSERT INTO Cartas VALUES (10210,'Item','Lake Hurwitz','Uncommon',110210);
INSERT INTO CardName VALUES(10210,"Demagicking Maul","Antimagischer Hammer","Masse de démagification","Maglio demagicante","각성의 대망치","Maza antimagia","祛魔之槌","祛魔之槌","Крушитель колдовства","Demagicking Maul","魔術解除の鎚","Demagicking Maul","Demagicking Maul","Demagicking Maul","Demagicking Maul","Demagicking Maul","Demagicking Maul","Demagicking Maul","Demagicking Maul","Demagicking Maul","Demagicking Maul","Demagicking Maul","Malho Demagificante","Demagicking Maul","Demagicking Maul","Demagicking Maul","Maza antimagia","Demagicking Maul");
INSERT INTO LargeImage VALUES(10210,'https://steamcdn-a.akamaihd.net/apps/583950/icons/set01/10210_large_english.617323f275c64293569f65d71c35108ea2fa2a21.png','https://steamcdn-a.akamaihd.net/apps/583950/icons/set01/10210_large_german.40cf35242f0e4a5dee49a40d293c7bbba10fd23e.png','https://steamcdn-a.akamaihd.net/apps/583950/icons/set01/10210_large_french.3db87d187d62530e6d1ff036818f10b027a0272c.png','https://steamcdn-a.akamaihd.net/apps/583950/icons/set01/10210_large_italian.0b61527853b171f93cd432d7754df78bb314c210.png','https://steamcdn-a.akamaihd.net/apps/583950/icons/set01/10210_large_koreana.f4c2c53bfb302aa915c6e292fe466843be4b76a2.png','https://steamcdn-a.akamaihd.net/apps/583950/icons/set01/10210_large_spanish.8c397463ad93bfb823e6314f56955664c202733c.png','https://steamcdn-a.akamaihd.net/apps/583950/icons/set01/10210_large_schinese.afaba8134d46c20f90fa02566c43e2376cf34135.png','https://steamcdn-a.akamaihd.net/apps/583950/icons/set01/10210_large_tchinese.116633fcbd487fcbb322ea83dfe3cc805c03b4fa.png','https://steamcdn-a.akamaihd.net/apps/583950/icons/set01/10210_large_russian.752006ec613306e30b0af32d435f4f6b246a2b06.png','https://steamcdn-a.akamaihd.net/apps/583950/icons/set01/10210_large_japanese.3cf6fbb00e631162ded1ab7f543a0fa3d8a7cc11.png','https://steamcdn-a.akamaihd.net/apps/583950/icons/set01/10210_large_brazilian.7bd47ea13321f88c41db3430455f84a2151bef95.png','https://steamcdn-a.akamaihd.net/apps/583950/icons/set01/10210_large_latam.82b85a41954ca581e74f65ba7a9d7ff704246615.png');
INSERT INTO Cartas VALUES (10211,'Item','Forrest Imel','Uncommon',110211);
INSERT INTO CardName VALUES(10211,"Obliterating Orb","Ausmerzende Kugel","Orbe d'anéantissement","Globo dell'oblio","제거의 구슬","Orbe anulador","抹灭法球","抹滅法球","Сфера разрушения","Obliterating Orb","消去のオーブ","Obliterating Orb","Obliterating Orb","Obliterating Orb","Obliterating Orb","Obliterating Orb","Obliterating Orb","Obliterating Orb","Obliterating Orb","Obliterating Orb","Obliterating Orb","Obliterating Orb","Orbe Obliterador","Obliterating Orb","Obliterating Orb","Obliterating Orb","Orbe anulador","Obliterating Orb");
INSERT INTO LargeImage VALUES(10211,'https://steamcdn-a.akamaihd.net/apps/583950/icons/set01/10211_large_english.8f6b7eec1c9637ca2da582208a1c8380f872aaff.png','https://steamcdn-a.akamaihd.net/apps/583950/icons/set01/10211_large_german.640ded9aa11187e4458d01eae5fdf094f573daa7.png','https://steamcdn-a.akamaihd.net/apps/583950/icons/set01/10211_large_french.c62a4f4f94cc24d587842fc3fbde26a4c97116a6.png','https://steamcdn-a.akamaihd.net/apps/583950/icons/set01/10211_large_italian.e29c210aaea5b41711b59760bbcae9ff110c5e83.png','https://steamcdn-a.akamaihd.net/apps/583950/icons/set01/10211_large_koreana.d2ce6226114647aa878c9f1842f57ccac3553890.png','https://steamcdn-a.akamaihd.net/apps/583950/icons/set01/10211_large_spanish.b3e185abc535659bbc81462739cd86cf09be27d8.png','https://steamcdn-a.akamaihd.net/apps/583950/icons/set01/10211_large_schinese.157a4e72bde5bb09038434fb86508f33176747df.png','https://steamcdn-a.akamaihd.net/apps/583950/icons/set01/10211_large_tchinese.c04082aa0745e496f81f0e057cb215f24db14071.png','https://steamcdn-a.akamaihd.net/apps/583950/icons/set01/10211_large_russian.3a5eb966097f088e0b5ab2a5cf08980d015c0df4.png','https://steamcdn-a.akamaihd.net/apps/583950/icons/set01/10211_large_japanese.aae734b1bab6b0a91112f15eb6f36d9b232ca988.png','https://steamcdn-a.akamaihd.net/apps/583950/icons/set01/10211_large_brazilian.ff743ac6decbe89ff2e75f89c49899c46c74d2c7.png','https://steamcdn-a.akamaihd.net/apps/583950/icons/set01/10211_large_latam.e122ac6d92519e5b7eac5daac19e237cd01de9c9.png');
INSERT INTO Cartas VALUES (10212,'Item','Sam Carr','Common',110212);
INSERT INTO CardName VALUES(10212,"Blade of the Vigil","Klinge der Nachtwache","Lame de la Vigie","Lama della veglia","파수대의 검","Hoja de la vigilia","守夜大剑","守夜大劍","Вигильский меч","Blade of the Vigil","ヴィジルブレード","Blade of the Vigil","Blade of the Vigil","Blade of the Vigil","Blade of the Vigil","Blade of the Vigil","Blade of the Vigil","Blade of the Vigil","Blade of the Vigil","Blade of the Vigil","Blade of the Vigil","Blade of the Vigil","Lâmina da Vigília","Blade of the Vigil","Blade of the Vigil","Blade of the Vigil","Hoja de la vigilia","Blade of the Vigil");
INSERT INTO LargeImage VALUES(10212,'https://steamcdn-a.akamaihd.net/apps/583950/icons/set01/10212_large_english.c3ba21880ccf0fc8ef029704abd26408553a5ca7.png','https://steamcdn-a.akamaihd.net/apps/583950/icons/set01/10212_large_german.0c7a38d6921b33fa1446f338b338fc0dcacfad5f.png','https://steamcdn-a.akamaihd.net/apps/583950/icons/set01/10212_large_french.88dce73515a9dcd626bc458c90822dbbc77739bc.png','https://steamcdn-a.akamaihd.net/apps/583950/icons/set01/10212_large_italian.e1352236e4547987736c4337047cf502c100059e.png','https://steamcdn-a.akamaihd.net/apps/583950/icons/set01/10212_large_koreana.a5e410f3d2ee0602837d415789df9ca67ef093a8.png','https://steamcdn-a.akamaihd.net/apps/583950/icons/set01/10212_large_spanish.6657958dcb0867829ba3b6186e3a703e1dae6969.png','https://steamcdn-a.akamaihd.net/apps/583950/icons/set01/10212_large_schinese.6f86ce978df4bedbc38e3f001decddbbdea439cc.png','https://steamcdn-a.akamaihd.net/apps/583950/icons/set01/10212_large_tchinese.452a36dabaf150f741badd023c031ac582b80d14.png','https://steamcdn-a.akamaihd.net/apps/583950/icons/set01/10212_large_russian.4556ec6c18cac3815aad28476fc949c19e3757b1.png','https://steamcdn-a.akamaihd.net/apps/583950/icons/set01/10212_large_japanese.96aae89a10805f98af7c984bd150d7f3f03f3e76.png','https://steamcdn-a.akamaihd.net/apps/583950/icons/set01/10212_large_brazilian.6f8d7d596f2001ba0a01b3b655f42b1c553b3fe0.png','https://steamcdn-a.akamaihd.net/apps/583950/icons/set01/10212_large_latam.9e907d0236c5c6fd6ddc830615456afab18b9aa3.png');
INSERT INTO Cartas VALUES (10213,'Item','Pauline Voss','Common',110213);
INSERT INTO CardName VALUES(10213,"Fur-lined Mantle","Fellbesetzter Mantel","Manteau de fourrure","Mantello di pelliccia","모피를 댄 어깨망토","Manto de piel","皮袄斗篷","皮襖斗篷","Меховая мантия","Fur-lined Mantle","毛裏の外套","Fur-lined Mantle","Fur-lined Mantle","Fur-lined Mantle","Fur-lined Mantle","Fur-lined Mantle","Fur-lined Mantle","Fur-lined Mantle","Fur-lined Mantle","Fur-lined Mantle","Fur-lined Mantle","Fur-lined Mantle","Manto com Peliça","Fur-lined Mantle","Fur-lined Mantle","Fur-lined Mantle","Manto de piel","Fur-lined Mantle");
INSERT INTO LargeImage VALUES(10213,'https://steamcdn-a.akamaihd.net/apps/583950/icons/set01/10213_large_english.c2474504265dbb10c16bfd60954113bf0fd6852a.png','https://steamcdn-a.akamaihd.net/apps/583950/icons/set01/10213_large_german.6c8cbeaf2a120c17b2fbd3f2afe0ed6859494143.png','https://steamcdn-a.akamaihd.net/apps/583950/icons/set01/10213_large_french.6aefabf0acc266bbb2103840e4b017a0ffaa3595.png','https://steamcdn-a.akamaihd.net/apps/583950/icons/set01/10213_large_italian.75c37034992a37f9c52d0937ebe009b573ef362d.png','https://steamcdn-a.akamaihd.net/apps/583950/icons/set01/10213_large_koreana.418ae7657dc68399cd50d63eda9e30e954a91e9f.png','https://steamcdn-a.akamaihd.net/apps/583950/icons/set01/10213_large_spanish.e2c8bf4d654c97e86ee15daeabc4d102c3259e21.png','https://steamcdn-a.akamaihd.net/apps/583950/icons/set01/10213_large_schinese.37c750570bdb6c04efa1cd6c168ebe9b1d5131b4.png','https://steamcdn-a.akamaihd.net/apps/583950/icons/set01/10213_large_tchinese.95e19e327c9d6d167a7890ed140d967163ddf6e1.png','https://steamcdn-a.akamaihd.net/apps/583950/icons/set01/10213_large_russian.9f5679397589618291d3d676dd378b4d4f30c01d.png','https://steamcdn-a.akamaihd.net/apps/583950/icons/set01/10213_large_japanese.f8283ee6d5a00bd7cda2cfa3c974bf28f21548ec.png','https://steamcdn-a.akamaihd.net/apps/583950/icons/set01/10213_large_brazilian.a07b12edb99b0e90076fda544c1b60ad4732de50.png','https://steamcdn-a.akamaihd.net/apps/583950/icons/set01/10213_large_latam.1d309e33a3f7d6c34fae27c43b0f7fa2b45ae52f.png');
INSERT INTO Cartas VALUES (10214,'Item','Pauline Voss','Common',110214);
INSERT INTO CardName VALUES(10214,"Chainmail","Kettenpanzer","Cotte de maille","Cotta di maglia","사슬 갑옷","Cota de malla","锁子甲","鎖子甲","Кольчужный доспех","Chainmail","鎖かたびら","Chainmail","Chainmail","Chainmail","Chainmail","Chainmail","Chainmail","Chainmail","Chainmail","Chainmail","Chainmail","Chainmail","Cota de Malha","Chainmail","Chainmail","Chainmail","Cota de malla","Chainmail");
INSERT INTO LargeImage VALUES(10214,'https://steamcdn-a.akamaihd.net/apps/583950/icons/set01/10214_large_english.d2ca4f55e52f46a425a701cc7d5c2705341a5bd3.png','https://steamcdn-a.akamaihd.net/apps/583950/icons/set01/10214_large_german.aaa9d7361a9163fb1b66d4a305b4ba240c9d6950.png','https://steamcdn-a.akamaihd.net/apps/583950/icons/set01/10214_large_french.31f030feb9e8e4468e2a2f7dc50c9acd867fd615.png','https://steamcdn-a.akamaihd.net/apps/583950/icons/set01/10214_large_italian.5bb9baa2d3f4211aa7df208f33a38c096355b9f5.png','https://steamcdn-a.akamaihd.net/apps/583950/icons/set01/10214_large_koreana.34e6b2a9512b846fa93c9715de3662db1545cec7.png','https://steamcdn-a.akamaihd.net/apps/583950/icons/set01/10214_large_spanish.854a8517c76c5b5cf84cfa211a7db9a785276b9f.png','https://steamcdn-a.akamaihd.net/apps/583950/icons/set01/10214_large_schinese.73e805d0638b71d9543116e112ee698d6fff7348.png','https://steamcdn-a.akamaihd.net/apps/583950/icons/set01/10214_large_tchinese.6fcb097cc313898b5c6932f27b0c431edee91e51.png','https://steamcdn-a.akamaihd.net/apps/583950/icons/set01/10214_large_russian.f021a34eb27db3efd1afee6decadd072e06f2286.png','https://steamcdn-a.akamaihd.net/apps/583950/icons/set01/10214_large_japanese.abd78886ccc948a527af6b5e47e76c37405bb186.png','https://steamcdn-a.akamaihd.net/apps/583950/icons/set01/10214_large_brazilian.850724e581d3b5078d8abd5147493304edd09dc1.png','https://steamcdn-a.akamaihd.net/apps/583950/icons/set01/10214_large_latam.7b2aadd0fa2f857e940ae6d04b7d882af88c2b8e.png');
INSERT INTO Cartas VALUES (10215,'Item','Tommy Arnold','Common',110215);
INSERT INTO CardName VALUES(10215,"Broadsword","Breitschwert","Glaive","Spadone","장검","Espada ancha","阔剑","闊劍","Палаш","Broadsword","ブロードソード","Broadsword","Broadsword","Broadsword","Broadsword","Broadsword","Broadsword","Broadsword","Broadsword","Broadsword","Broadsword","Broadsword","Espada Larga","Broadsword","Broadsword","Broadsword","Espada ancha","Broadsword");
INSERT INTO LargeImage VALUES(10215,'https://steamcdn-a.akamaihd.net/apps/583950/icons/set01/10215_large_english.babc999c2c48568236c10eedb723a3e0c1dbf730.png','https://steamcdn-a.akamaihd.net/apps/583950/icons/set01/10215_large_german.c633f5e302f1fce146dcfe0bd4b0e1c95091be98.png','https://steamcdn-a.akamaihd.net/apps/583950/icons/set01/10215_large_french.4054c504d3dda5fdd5530e9349e51043a970e307.png','https://steamcdn-a.akamaihd.net/apps/583950/icons/set01/10215_large_italian.35966904993f47623a776c35b0b3a513f072a0de.png','https://steamcdn-a.akamaihd.net/apps/583950/icons/set01/10215_large_koreana.af0b5619d79e16a3c00f4799e0d033b2270a79ce.png','https://steamcdn-a.akamaihd.net/apps/583950/icons/set01/10215_large_spanish.782f525fa6775cb6624f7a09386b6a086f3ebd2f.png','https://steamcdn-a.akamaihd.net/apps/583950/icons/set01/10215_large_schinese.48341180da1658890e5d0cdca73b1b51c857644c.png','https://steamcdn-a.akamaihd.net/apps/583950/icons/set01/10215_large_tchinese.af191eed50d0e246c71632dd6ed8a75099bea74a.png','https://steamcdn-a.akamaihd.net/apps/583950/icons/set01/10215_large_russian.245a6bc5e331739cf7d1bdcc178cd74f98e851c7.png','https://steamcdn-a.akamaihd.net/apps/583950/icons/set01/10215_large_japanese.735eec1f77b088955a6a21317779ee86e96ddece.png','https://steamcdn-a.akamaihd.net/apps/583950/icons/set01/10215_large_brazilian.d3397d0baa647ac6aebf0005373a1e56ea8eac30.png','https://steamcdn-a.akamaihd.net/apps/583950/icons/set01/10215_large_latam.2870efc0461e01aa09bc51bbdce7b4082c2999fc.png');
INSERT INTO Cartas VALUES (10216,'Item','Pauline Voss','Uncommon',110216);
INSERT INTO CardName VALUES(10216,"Golden Ticket","Goldenes Ticket","Ticket doré","Biglietto d'oro","황금 행운권","Billete de oro","金奖券","金獎券","Золотой билет","Golden Ticket","ゴールデンチケット","Golden Ticket","Golden Ticket","Golden Ticket","Golden Ticket","Golden Ticket","Golden Ticket","Golden Ticket","Golden Ticket","Golden Ticket","Golden Ticket","Golden Ticket","Bilhete Dourado","Golden Ticket","Golden Ticket","Golden Ticket","Boleto dorado","Golden Ticket");
INSERT INTO LargeImage VALUES(10216,'https://steamcdn-a.akamaihd.net/apps/583950/icons/set01/10216_large_english.5ed24e656d38de856a44bf886921f9c78c9f89df.png','https://steamcdn-a.akamaihd.net/apps/583950/icons/set01/10216_large_german.b1210c7b7563ac8dd0af536e2077703bb05920e1.png','https://steamcdn-a.akamaihd.net/apps/583950/icons/set01/10216_large_french.add30a81e2dea6a7c680bc27eceb5b909e7e3e46.png','https://steamcdn-a.akamaihd.net/apps/583950/icons/set01/10216_large_italian.a22526c892cabb2a7b83e441a028e1f732034b61.png','https://steamcdn-a.akamaihd.net/apps/583950/icons/set01/10216_large_koreana.06c31089187a58407c84756266e7e4a595e89d76.png','https://steamcdn-a.akamaihd.net/apps/583950/icons/set01/10216_large_spanish.f7a97b99cb92b322769ea7495785895590ab3a7c.png','https://steamcdn-a.akamaihd.net/apps/583950/icons/set01/10216_large_schinese.01728714e7ecfa2c3e9ad00f477c9e87c3b03beb.png','https://steamcdn-a.akamaihd.net/apps/583950/icons/set01/10216_large_tchinese.81c67fbe0f3fe8bf061dc500a5fcddbb6c4a0bdd.png','https://steamcdn-a.akamaihd.net/apps/583950/icons/set01/10216_large_russian.e3cb5745c9e32a0bb8a45e2063d7f70b8b2e8bcb.png','https://steamcdn-a.akamaihd.net/apps/583950/icons/set01/10216_large_japanese.caa9d2a5366ea784df6707bb3ecefd7a6e0e0c7a.png','https://steamcdn-a.akamaihd.net/apps/583950/icons/set01/10216_large_brazilian.98e4de59abdc213825bd0f65d3221b7d257b24c1.png','https://steamcdn-a.akamaihd.net/apps/583950/icons/set01/10216_large_latam.4dee002c9c36881e891559a324e5b0d8002c34bd.png');
INSERT INTO Cartas VALUES (10217,'Item','Sara Winters','Common',110217);
INSERT INTO CardName VALUES(10217,"Rumusque Vestments","Rumusquenrobe","Aube de rumusque","Vesti di Rumusque","루무스크의 예복","Vestimenta de Rumusque","鲁姆斯克法袍","魯姆斯克法袍","Рамасский наряд","Rumusque Vestments","ラミュスクの式服","Rumusque Vestments","Rumusque Vestments","Rumusque Vestments","Rumusque Vestments","Rumusque Vestments","Rumusque Vestments","Rumusque Vestments","Rumusque Vestments","Rumusque Vestments","Rumusque Vestments","Rumusque Vestments","Vestes de Rumusque","Rumusque Vestments","Rumusque Vestments","Rumusque Vestments","Vestimenta de Rumusque","Rumusque Vestments");
INSERT INTO LargeImage VALUES(10217,'https://steamcdn-a.akamaihd.net/apps/583950/icons/set01/10217_large_english.1b7ddb1f61ef07876a1a8398505824a6064acee4.png','https://steamcdn-a.akamaihd.net/apps/583950/icons/set01/10217_large_german.a55a25143ecaf78049c6885891edf72ce48ec7c2.png','https://steamcdn-a.akamaihd.net/apps/583950/icons/set01/10217_large_french.4de3651ec97dae6901a0ba899bbcf1f4a7628115.png','https://steamcdn-a.akamaihd.net/apps/583950/icons/set01/10217_large_italian.7b4a903d36ab14caccf2e990904f1e05bf2f49da.png','https://steamcdn-a.akamaihd.net/apps/583950/icons/set01/10217_large_koreana.b3dab69ea0134389fbde54acfccad4556b80a596.png','https://steamcdn-a.akamaihd.net/apps/583950/icons/set01/10217_large_spanish.3b7b6c58673334fd4fd461f2c5aee3dec0b1cb80.png','https://steamcdn-a.akamaihd.net/apps/583950/icons/set01/10217_large_schinese.b69f28c38451effb3f06cdaa594874838d058300.png','https://steamcdn-a.akamaihd.net/apps/583950/icons/set01/10217_large_tchinese.175889d5aa29da240b748360799c6af0257a51e3.png','https://steamcdn-a.akamaihd.net/apps/583950/icons/set01/10217_large_russian.f7f049efc76433b66ee21c2474833a636dd07448.png','https://steamcdn-a.akamaihd.net/apps/583950/icons/set01/10217_large_japanese.678e821039b0bb0b2a43bf7d06b65ee7c9fed226.png','https://steamcdn-a.akamaihd.net/apps/583950/icons/set01/10217_large_brazilian.b53d47549531fe312793b34ce01aec0eb9f8f6c4.png','https://steamcdn-a.akamaihd.net/apps/583950/icons/set01/10217_large_latam.8fceac8e99ffdbe560ad3c04d0f4ea6a2ffaefd3.png');
INSERT INTO Cartas VALUES (10218,'Item','Mobo Boehme','Common',110218);
INSERT INTO CardName VALUES(10218,"Keenfolk Musket","Keenvolk-Muskete","Mousquet keen","Moschetto degli Smilzi","단신족 장총","Mosquete de los ingeniosos","基恩火枪","基恩火槍","Мушкет смышлёнцев","Keenfolk Musket","キーンフォークの歩兵銃","Keenfolk Musket","Keenfolk Musket","Keenfolk Musket","Keenfolk Musket","Keenfolk Musket","Keenfolk Musket","Keenfolk Musket","Keenfolk Musket","Keenfolk Musket","Keenfolk Musket","Keenfolk Musket","Mosquete dos Keen","Keenfolk Musket","Keenfolk Musket","Keenfolk Musket","Mosquete de los ingeniosos","Keenfolk Musket");
INSERT INTO LargeImage VALUES(10218,'https://steamcdn-a.akamaihd.net/apps/583950/icons/set01/10218_large_english.0fe2a2e376f17a62badf72a59ec52dd11c329a2e.png','https://steamcdn-a.akamaihd.net/apps/583950/icons/set01/10218_large_german.2e974bbeff1f8e903fa9d8ab2b5124540099508c.png','https://steamcdn-a.akamaihd.net/apps/583950/icons/set01/10218_large_french.830298be98408d186bfa45c4929a087d5e24c565.png','https://steamcdn-a.akamaihd.net/apps/583950/icons/set01/10218_large_italian.48c8a2f1b570a5dca2cb80e583b0002a66b05054.png','https://steamcdn-a.akamaihd.net/apps/583950/icons/set01/10218_large_koreana.af4ac169d02bd09da10a28360acd726e4d5410cb.png','https://steamcdn-a.akamaihd.net/apps/583950/icons/set01/10218_large_spanish.d1836631513336b12459d63388b5fb6fca4d3c18.png','https://steamcdn-a.akamaihd.net/apps/583950/icons/set01/10218_large_schinese.608685fe16022ddeead752bb638a6fae96e0e699.png','https://steamcdn-a.akamaihd.net/apps/583950/icons/set01/10218_large_tchinese.27fbb7f11491710f85fc2db2694b7ce27f6a3022.png','https://steamcdn-a.akamaihd.net/apps/583950/icons/set01/10218_large_russian.34d1ae049adf7659908fb1889094a2d4d72d9c0b.png','https://steamcdn-a.akamaihd.net/apps/583950/icons/set01/10218_large_japanese.94eced1e6f5cb45642352c3bec77c497ef026410.png','https://steamcdn-a.akamaihd.net/apps/583950/icons/set01/10218_large_brazilian.4bbe18e17c1a8af9cd211c75919a0b2c9e39e1a2.png','https://steamcdn-a.akamaihd.net/apps/583950/icons/set01/10218_large_latam.4c4fb2b47ec25c0a6faea852bf6c0b039d8e0b82.png');
INSERT INTO Cartas VALUES (10220,'Item','Daarken','Common',110220);
INSERT INTO CardName VALUES(10220,"Ring of Tarrasque","Ring von Tarrasque","Anneau de la Tarasque","Anello di Tarrasque","타라스크의 반지","Anillo de Tarasca","恐鳌之戒","塔拉斯克指環","Кольцо Тарраска","Ring of Tarrasque","タラスクの指輪","Ring of Tarrasque","Ring of Tarrasque","Ring of Tarrasque","Ring of Tarrasque","Ring of Tarrasque","Ring of Tarrasque","Ring of Tarrasque","Ring of Tarrasque","Ring of Tarrasque","Ring of Tarrasque","Ring of Tarrasque","Anel do Tarrasque","Ring of Tarrasque","Ring of Tarrasque","Ring of Tarrasque","Anillo de Tarasca","Ring of Tarrasque");
INSERT INTO LargeImage VALUES(10220,'https://steamcdn-a.akamaihd.net/apps/583950/icons/set01/10220_large_english.4ae3c00db66885b1dc4251be454eb7c90d7271f7.png','https://steamcdn-a.akamaihd.net/apps/583950/icons/set01/10220_large_german.8de679a422541b1de22024acdb46c12d15f3076c.png','https://steamcdn-a.akamaihd.net/apps/583950/icons/set01/10220_large_french.af059fac0abcfa77fa162231add6da36d66adf70.png','https://steamcdn-a.akamaihd.net/apps/583950/icons/set01/10220_large_italian.e8305532128d15a8e27e9367e0664262315ae4d7.png','https://steamcdn-a.akamaihd.net/apps/583950/icons/set01/10220_large_koreana.2fcc9174b256b880e9633fc979806ef6a06ea582.png','https://steamcdn-a.akamaihd.net/apps/583950/icons/set01/10220_large_spanish.3bf0a47901efbdfd62f77db8e89ecc0e3a3ca06a.png','https://steamcdn-a.akamaihd.net/apps/583950/icons/set01/10220_large_schinese.ac89badf99e25d2b343928a13009a69e53699abb.png','https://steamcdn-a.akamaihd.net/apps/583950/icons/set01/10220_large_tchinese.fd9e7530cbf5e87c7625454234057e6d20abc777.png','https://steamcdn-a.akamaihd.net/apps/583950/icons/set01/10220_large_russian.f603cbc0400277dd6be7a538b6821283917e7a8b.png','https://steamcdn-a.akamaihd.net/apps/583950/icons/set01/10220_large_japanese.50102681bfc6a5c14681b60029318dcf7036b1d4.png','https://steamcdn-a.akamaihd.net/apps/583950/icons/set01/10220_large_brazilian.0eaa2d42450f4fe6c4a133c7d581eb8ade2f0a91.png','https://steamcdn-a.akamaihd.net/apps/583950/icons/set01/10220_large_latam.24eee920b4684246befd6097264e4ef3c8bbe50e.png');
INSERT INTO Cartas VALUES (10222,'Item','Mark Winters','Rare',110222);
INSERT INTO CardName VALUES(10222,"Bracers of Sacrifice","Armschienen des Opfers","Brassards du sacrifice","Bracciali del sacrificio","희생의 팔찌","Sacrificio acogido","牺牲背心","犧牲背心","Жертвенные наручи","Bracers of Sacrifice","犠牲のブレーサー","Bracers of Sacrifice","Bracers of Sacrifice","Bracers of Sacrifice","Bracers of Sacrifice","Bracers of Sacrifice","Bracers of Sacrifice","Bracers of Sacrifice","Bracers of Sacrifice","Bracers of Sacrifice","Bracers of Sacrifice","Bracers of Sacrifice","Braçadeiras do Sacrifício","Bracers of Sacrifice","Bracers of Sacrifice","Bracers of Sacrifice","Brazales de sacrificio","Bracers of Sacrifice");
INSERT INTO LargeImage VALUES(10222,'https://steamcdn-a.akamaihd.net/apps/583950/icons/set01/10222_large_english.964c1dbea3514bf1bccb3557435d24cc106df397.png','https://steamcdn-a.akamaihd.net/apps/583950/icons/set01/10222_large_german.1f8c1458d3ebcc4f331e99c3e0706687211c01dc.png','https://steamcdn-a.akamaihd.net/apps/583950/icons/set01/10222_large_french.4d4668d511b3542286624c928c267119a535ad0b.png','https://steamcdn-a.akamaihd.net/apps/583950/icons/set01/10222_large_italian.038057ec3414b958dd14877605e23bbf5a89315c.png','https://steamcdn-a.akamaihd.net/apps/583950/icons/set01/10222_large_koreana.2d8f89e4f3645afc7989ee7319bba1a312fbe7ee.png','https://steamcdn-a.akamaihd.net/apps/583950/icons/set01/10222_large_spanish.210d55e38779be320b26c421c38a6017b21ce3b0.png','https://steamcdn-a.akamaihd.net/apps/583950/icons/set01/10222_large_schinese.5481a702434fe37c4e0f974c2d78a73daadf420a.png','https://steamcdn-a.akamaihd.net/apps/583950/icons/set01/10222_large_tchinese.bdcbb8c62b6d8afc8829c5c6652badda11623da9.png','https://steamcdn-a.akamaihd.net/apps/583950/icons/set01/10222_large_russian.b4e2ed82e9e71f074ad01ea7db9d202d6f5ce665.png','https://steamcdn-a.akamaihd.net/apps/583950/icons/set01/10222_large_japanese.f673113f8345314d1c75c404a52ca9878db771ca.png','https://steamcdn-a.akamaihd.net/apps/583950/icons/set01/10222_large_brazilian.91f47342465edf53b145956c70d5c8e8b1e7b4a1.png','https://steamcdn-a.akamaihd.net/apps/583950/icons/set01/10222_large_latam.7174c093bd63bb57ae6e4f4a51e5295c1f963bd2.png');
INSERT INTO Cartas VALUES (10223,'Item','Pauline Voss','Common',110223);
INSERT INTO CardName VALUES(10223,"Red Mist Maul","Rotnebelhammer","Masse de la Brume rouge","Maglio della Nebbia Rossa","붉은 안개 대망치","Maza de la Niebla Roja","红雾巨锤","紅霧巨錘","Кувалда Красного тумана","Red Mist Maul","レッドミストの鎚","Red Mist Maul","Red Mist Maul","Red Mist Maul","Red Mist Maul","Red Mist Maul","Red Mist Maul","Red Mist Maul","Red Mist Maul","Red Mist Maul","Red Mist Maul","Red Mist Maul","Malho da Névoa Vermelha","Red Mist Maul","Red Mist Maul","Red Mist Maul","Maza de la Niebla Roja","Red Mist Maul");
INSERT INTO LargeImage VALUES(10223,'https://steamcdn-a.akamaihd.net/apps/583950/icons/set01/10223_large_english.2257c9d456db68ee584378010365cb0a2ec6efca.png','https://steamcdn-a.akamaihd.net/apps/583950/icons/set01/10223_large_german.6c01b377f03b57640a82e1bfa9371476a2c16822.png','https://steamcdn-a.akamaihd.net/apps/583950/icons/set01/10223_large_french.77c20baea77e0a29b843b4b66a096ed8a43981e2.png','https://steamcdn-a.akamaihd.net/apps/583950/icons/set01/10223_large_italian.6a3d009cd04d5f10a486f8e2e8d4d991bb691617.png','https://steamcdn-a.akamaihd.net/apps/583950/icons/set01/10223_large_koreana.4a9992f74917ed8a2997814b63386c638e280889.png','https://steamcdn-a.akamaihd.net/apps/583950/icons/set01/10223_large_spanish.0b1553c09f05ad97eea0109a015bc547fe230c69.png','https://steamcdn-a.akamaihd.net/apps/583950/icons/set01/10223_large_schinese.25a0d3b7dbde79cf8a6487fa8ca856a1c562ab6c.png','https://steamcdn-a.akamaihd.net/apps/583950/icons/set01/10223_large_tchinese.82420d01bcdf573fe4275d1ff55df51ccfc31f0f.png','https://steamcdn-a.akamaihd.net/apps/583950/icons/set01/10223_large_russian.c2a73de07a6a7564c7ecca984698c7a14fbc91dc.png','https://steamcdn-a.akamaihd.net/apps/583950/icons/set01/10223_large_japanese.5e49cd4c473ea10fb944897c81b09e9f69c825d4.png','https://steamcdn-a.akamaihd.net/apps/583950/icons/set01/10223_large_brazilian.225a2be503eaa0f578572c6e3c05c0b409ad5510.png','https://steamcdn-a.akamaihd.net/apps/583950/icons/set01/10223_large_latam.eed590d3109907b5eb32f215cbca351ea67543e4.png');
INSERT INTO Cartas VALUES (10224,'Item','Chris Welch','Uncommon',110224);
INSERT INTO CardName VALUES(10224,"Helm of the Dominator","Helm des Dominators","Heaume du dominateur","Elmo del dominatore","지배자의 투구","Yelmo del Dominador","支配头盔","支配頭盔","Шлем господства","Helm of the Dominator","支配者の兜","Helm of the Dominator","Helm of the Dominator","Helm of the Dominator","Helm of the Dominator","Helm of the Dominator","Helm of the Dominator","Helm of the Dominator","Helm of the Dominator","Helm of the Dominator","Helm of the Dominator","Helm of the Dominator","Elmo do Dominador","Helm of the Dominator","Helm of the Dominator","Helm of the Dominator","Yelmo del Dominador","Helm of the Dominator");
INSERT INTO LargeImage VALUES(10224,'https://steamcdn-a.akamaihd.net/apps/583950/icons/set01/10224_large_english.ce97124ec4bb16a4023386380bfdccfc87c778c0.png','https://steamcdn-a.akamaihd.net/apps/583950/icons/set01/10224_large_german.49cbf5f89d2bc6d56260dd8c68c824ab2b5e2951.png','https://steamcdn-a.akamaihd.net/apps/583950/icons/set01/10224_large_french.3de2a3ea8fa08ba3e2613dfe4caedc565b2f2967.png','https://steamcdn-a.akamaihd.net/apps/583950/icons/set01/10224_large_italian.e4e5f41c53397912e0c1374a2921fb94ac28193b.png','https://steamcdn-a.akamaihd.net/apps/583950/icons/set01/10224_large_koreana.dad4d8e384e52c98eea79e8db7bf92b73d962f6e.png','https://steamcdn-a.akamaihd.net/apps/583950/icons/set01/10224_large_spanish.a5af55d01a6a0085aeb6c69e46083e055e6be263.png','https://steamcdn-a.akamaihd.net/apps/583950/icons/set01/10224_large_schinese.6300050a03120e72170361511c00fa1c85fb2697.png','https://steamcdn-a.akamaihd.net/apps/583950/icons/set01/10224_large_tchinese.06fefc2913e34f5ef5aedb2e885a7702d6645f8a.png','https://steamcdn-a.akamaihd.net/apps/583950/icons/set01/10224_large_russian.c15a9e4492146182513534326c7a1f4eb24d7cdd.png','https://steamcdn-a.akamaihd.net/apps/583950/icons/set01/10224_large_japanese.16349009c951ccce86fd8e661b4d7d15271d9894.png','https://steamcdn-a.akamaihd.net/apps/583950/icons/set01/10224_large_brazilian.ccd148ddefdcbbf72764955a87cf2b813da3caae.png','https://steamcdn-a.akamaihd.net/apps/583950/icons/set01/10224_large_latam.75ff4ba151052c2515ad3471f79cdeba2daa8a88.png');
INSERT INTO Cartas VALUES (10225,'Item','Suzanne Helmigh','Rare',110225);
INSERT INTO CardName VALUES(10225,"Vesture of the Tyrant","Gewand des Tyrannen","Habit du tyran","Vesti del tiranno","폭군의 의복","Vestiduras del tirano","暴君王袍","暴君王袍","Одеяние тирана","Vesture of the Tyrant","暴君の衣","Vesture of the Tyrant","Vesture of the Tyrant","Vesture of the Tyrant","Vesture of the Tyrant","Vesture of the Tyrant","Vesture of the Tyrant","Vesture of the Tyrant","Vesture of the Tyrant","Vesture of the Tyrant","Vesture of the Tyrant","Vesture of the Tyrant","Vestimenta do Tirano","Vesture of the Tyrant","Vesture of the Tyrant","Vesture of the Tyrant","Vestiduras del tirano","Vesture of the Tyrant");
INSERT INTO LargeImage VALUES(10225,'https://steamcdn-a.akamaihd.net/apps/583950/icons/set01/10225_large_english.a53f60a56623ae8ff3a6547a39e1d7d00f338b81.png','https://steamcdn-a.akamaihd.net/apps/583950/icons/set01/10225_large_german.63b7bb26c40771ad00fd9ca0b8b48e9c57b43aa7.png','https://steamcdn-a.akamaihd.net/apps/583950/icons/set01/10225_large_french.ed800b91d7b9dca0f454b33b058ea74806c050c1.png','https://steamcdn-a.akamaihd.net/apps/583950/icons/set01/10225_large_italian.1044638757d43c644ad6ff7a9b91a659f427d157.png','https://steamcdn-a.akamaihd.net/apps/583950/icons/set01/10225_large_koreana.0c84dd55d6dae0ee15d729ca6f0b19361134a66f.png','https://steamcdn-a.akamaihd.net/apps/583950/icons/set01/10225_large_spanish.37d2a214ef2ef82547737f7783e68d88121ed111.png','https://steamcdn-a.akamaihd.net/apps/583950/icons/set01/10225_large_schinese.a7673e07b383624aa0f6567480153e9dc4b51395.png','https://steamcdn-a.akamaihd.net/apps/583950/icons/set01/10225_large_tchinese.a2b95de4b2762cc47f5c486eacda4851e5aba3f8.png','https://steamcdn-a.akamaihd.net/apps/583950/icons/set01/10225_large_russian.5f781812c76716b77d882da648d4fa5d1d68eea7.png','https://steamcdn-a.akamaihd.net/apps/583950/icons/set01/10225_large_japanese.770be15b93a7f17206aa36e6df3ded721e9f5898.png','https://steamcdn-a.akamaihd.net/apps/583950/icons/set01/10225_large_brazilian.2ff6b2ccd418741ad4999f7620e51d826dff88a9.png','https://steamcdn-a.akamaihd.net/apps/583950/icons/set01/10225_large_latam.4fa776d583ebe617efe53cb4532ea193b87ad69b.png');
INSERT INTO Cartas VALUES (10226,'Item','JiHun Lee','Rare',110226);
INSERT INTO CardName VALUES(10226,"Wingfall Hammer","Schwingenhammer","Marteau d'ailetombe","Martello alato","내림날개 망치","Martillo alado","折翼之锤","落翼之錘","Окрылённый молот","Wingfall Hammer","ウィングフォールハンマー","Wingfall Hammer","Wingfall Hammer","Wingfall Hammer","Wingfall Hammer","Wingfall Hammer","Wingfall Hammer","Wingfall Hammer","Wingfall Hammer","Wingfall Hammer","Wingfall Hammer","Wingfall Hammer","Martelo da Bonança","Wingfall Hammer","Wingfall Hammer","Wingfall Hammer","Martillo alado","Wingfall Hammer");
INSERT INTO LargeImage VALUES(10226,'https://steamcdn-a.akamaihd.net/apps/583950/icons/set01/10226_large_english.9738c552b438be1aeb8e7e26bdbf4f2e2707ce99.png','https://steamcdn-a.akamaihd.net/apps/583950/icons/set01/10226_large_german.f45f04b1e0b40e83f121b93a19cffb1087221db0.png','https://steamcdn-a.akamaihd.net/apps/583950/icons/set01/10226_large_french.72f9fcbe44804ab3b165ef02f713a0dcf6b751bd.png','https://steamcdn-a.akamaihd.net/apps/583950/icons/set01/10226_large_italian.471bc5de097822ccc0f1eb8ddee35001028cee8d.png','https://steamcdn-a.akamaihd.net/apps/583950/icons/set01/10226_large_koreana.22ba687ba213ac2afcfd23df63c5f10faab77049.png','https://steamcdn-a.akamaihd.net/apps/583950/icons/set01/10226_large_spanish.4c6663121fc1a520be5f014ecb6c65e31179e662.png','https://steamcdn-a.akamaihd.net/apps/583950/icons/set01/10226_large_schinese.3aedccb26a5251ae0913ea8684c5d501e8c82350.png','https://steamcdn-a.akamaihd.net/apps/583950/icons/set01/10226_large_tchinese.bdd4a3db9dc16e17d63137b668504d61ef68931e.png','https://steamcdn-a.akamaihd.net/apps/583950/icons/set01/10226_large_russian.8f609b214ae202b91252d9b23c27aaef49fcb297.png','https://steamcdn-a.akamaihd.net/apps/583950/icons/set01/10226_large_japanese.793a70240728bd2f6f3ac02ad1ad2ef64c2d0583.png','https://steamcdn-a.akamaihd.net/apps/583950/icons/set01/10226_large_brazilian.da31c05480804742751bbdcdc68e0a44f009f218.png','https://steamcdn-a.akamaihd.net/apps/583950/icons/set01/10226_large_latam.f4752941203f9bf17cee334a2b8368a1101764b3.png');
INSERT INTO Cartas VALUES (10230,'Item','Christine Choi','Rare',110230);
INSERT INTO CardName VALUES(10230,"Ristul Emblem","Ristul-Emblem","Emblème de Ristul","Emblema di Ristul","리스털 휘장","Emblema de Ristul","瑞斯托纹章","瑞斯托徽章","Эмблема Ристула","Ristul Emblem","リストゥールのエンブレム","Ristul Emblem","Ristul Emblem","Ristul Emblem","Ristul Emblem","Ristul Emblem","Ristul Emblem","Ristul Emblem","Ristul Emblem","Ristul Emblem","Ristul Emblem","Ristul Emblem","Emblema de Ristul","Ristul Emblem","Ristul Emblem","Ristul Emblem","Emblema de Ristul","Ristul Emblem");
INSERT INTO LargeImage VALUES(10230,'https://steamcdn-a.akamaihd.net/apps/583950/icons/set01/10230_large_english.315dbcd40700e9a6f2b5ac1874d48cc02b0024d8.png','https://steamcdn-a.akamaihd.net/apps/583950/icons/set01/10230_large_german.7a3cdff6cf517a64546bb241515d4d73abcc689b.png','https://steamcdn-a.akamaihd.net/apps/583950/icons/set01/10230_large_french.9debdd0cde2106bd9a42f9fa8fa9a7f95d5d1345.png','https://steamcdn-a.akamaihd.net/apps/583950/icons/set01/10230_large_italian.9dd1eccc9cf940476440a65b889f7488b38d05e6.png','https://steamcdn-a.akamaihd.net/apps/583950/icons/set01/10230_large_koreana.4202af79e35f1e8b70134135a63d6e9cbe3816b5.png','https://steamcdn-a.akamaihd.net/apps/583950/icons/set01/10230_large_spanish.7f849da9f9fc7526b7ad1d282012d7d9a42120ba.png','https://steamcdn-a.akamaihd.net/apps/583950/icons/set01/10230_large_schinese.f54ecfdeb2fd469984d591bf8621f5ee4d5df94b.png','https://steamcdn-a.akamaihd.net/apps/583950/icons/set01/10230_large_tchinese.ddc0e6e1a4566334b1bf12a5ba3e25daef3a9788.png','https://steamcdn-a.akamaihd.net/apps/583950/icons/set01/10230_large_russian.4a5d37d5df4d8393ca283a530f73980c0f789652.png','https://steamcdn-a.akamaihd.net/apps/583950/icons/set01/10230_large_japanese.aac7026d4132df29272f2a654b0ea464ad1f0344.png','https://steamcdn-a.akamaihd.net/apps/583950/icons/set01/10230_large_brazilian.87fdc517e5b44cacd75d549df6bcc174282732b0.png','https://steamcdn-a.akamaihd.net/apps/583950/icons/set01/10230_large_latam.8ac49485b7a2a9a46923ef438d06a7aeef6ec94c.png');
INSERT INTO Cartas VALUES (10231,'Item','Daarken','Rare',110231);
INSERT INTO CardName VALUES(10231,"Cloak of Endless Carnage","Mantel des endlosen Gemetzels","Manteau du Charnier éternel","Mantello della carneficina infinita","끝없는 학살의 덧망토","Capa de la masacre infinita","戮尽斗篷","戮盡斗篷","Плащ вечной бойни","Cloak of Endless Carnage","終わりなき殺戮のマント","Cloak of Endless Carnage","Cloak of Endless Carnage","Cloak of Endless Carnage","Cloak of Endless Carnage","Cloak of Endless Carnage","Cloak of Endless Carnage","Cloak of Endless Carnage","Cloak of Endless Carnage","Cloak of Endless Carnage","Cloak of Endless Carnage","Cloak of Endless Carnage","Manto da Carnificina Perpétua","Cloak of Endless Carnage","Cloak of Endless Carnage","Cloak of Endless Carnage","Capa de la masacre infinita","Cloak of Endless Carnage");
INSERT INTO LargeImage VALUES(10231,'https://steamcdn-a.akamaihd.net/apps/583950/icons/set01/10231_large_english.7dbc6be030ebebb6259c5b1121bf7a600801e17b.png','https://steamcdn-a.akamaihd.net/apps/583950/icons/set01/10231_large_german.c24b839dd337745918ebf4d7eb470c9875d76523.png','https://steamcdn-a.akamaihd.net/apps/583950/icons/set01/10231_large_french.19a11df71984d1deaf3e1a0f283dae4bd9444e8d.png','https://steamcdn-a.akamaihd.net/apps/583950/icons/set01/10231_large_italian.9e9807318aae7ea17afaee022d982f13a794af61.png','https://steamcdn-a.akamaihd.net/apps/583950/icons/set01/10231_large_koreana.fb7158199648f9a0944edc275a9a3b8baec855cc.png','https://steamcdn-a.akamaihd.net/apps/583950/icons/set01/10231_large_spanish.f0e2551a25802d589185f26c1b697bd4bd5442bd.png','https://steamcdn-a.akamaihd.net/apps/583950/icons/set01/10231_large_schinese.ff46d52902fb424bba729858b8ca067ce5fabcf5.png','https://steamcdn-a.akamaihd.net/apps/583950/icons/set01/10231_large_tchinese.1abbde4d5042c08d5214feb22b57cf97c8217504.png','https://steamcdn-a.akamaihd.net/apps/583950/icons/set01/10231_large_russian.ae3c4f82b8da09ff1d9bcba03c290eb4f0629b6e.png','https://steamcdn-a.akamaihd.net/apps/583950/icons/set01/10231_large_japanese.26eb216b742aadebe29eafd7829d6c6b7373af46.png','https://steamcdn-a.akamaihd.net/apps/583950/icons/set01/10231_large_brazilian.d21075efaec50392e605ef7d8cfc1095e2178042.png','https://steamcdn-a.akamaihd.net/apps/583950/icons/set01/10231_large_latam.d230b8b80643943f0eaccf4d1344a1bef1a9040a.png');
INSERT INTO Cartas VALUES (10232,'Item','Magali Villeneuve','Rare',110232);
INSERT INTO CardName VALUES(10232,"Seraphim Shield","Seraphenschild","Bouclier de séraphin","Scudo del Serafino","최고천사 방패","Escudo seráfico","炽天使护盾","熾天使護盾","Щит серафима","Seraphim Shield","セラフィムの盾","Seraphim Shield","Seraphim Shield","Seraphim Shield","Seraphim Shield","Seraphim Shield","Seraphim Shield","Seraphim Shield","Seraphim Shield","Seraphim Shield","Seraphim Shield","Seraphim Shield","Escudo Seráfico","Seraphim Shield","Seraphim Shield","Seraphim Shield","Escudo seráfico","Seraphim Shield");
INSERT INTO LargeImage VALUES(10232,'https://steamcdn-a.akamaihd.net/apps/583950/icons/set01/10232_large_english.c2f80f5643c7d02ad6b07b555aa9e8e1762f512d.png','https://steamcdn-a.akamaihd.net/apps/583950/icons/set01/10232_large_german.b50e26b8940d2232d283a7833300370c9d52a966.png','https://steamcdn-a.akamaihd.net/apps/583950/icons/set01/10232_large_french.dd49bd49a97dca33bb9aa90bca30b48bd79f7b1f.png','https://steamcdn-a.akamaihd.net/apps/583950/icons/set01/10232_large_italian.a71d8ba649fc56ab8af1d425c25c1123b985e069.png','https://steamcdn-a.akamaihd.net/apps/583950/icons/set01/10232_large_koreana.06ad894a13065f29cd65d9d9561f1cacd50c2d55.png','https://steamcdn-a.akamaihd.net/apps/583950/icons/set01/10232_large_spanish.aab8b8c9736de4b7bfb7a212f34da714d5294877.png','https://steamcdn-a.akamaihd.net/apps/583950/icons/set01/10232_large_schinese.c9da8675197279e5469727e830e7eff54d7159fb.png','https://steamcdn-a.akamaihd.net/apps/583950/icons/set01/10232_large_tchinese.12198dfed0abaa6cee9f85d5b4c58938b5d4ae0c.png','https://steamcdn-a.akamaihd.net/apps/583950/icons/set01/10232_large_russian.709c6f4dbb4a75b87a96a6ab6b27fd2526a8ccce.png','https://steamcdn-a.akamaihd.net/apps/583950/icons/set01/10232_large_japanese.abacb9740f29d58fbeef1bebd718e2daf4b83ff4.png','https://steamcdn-a.akamaihd.net/apps/583950/icons/set01/10232_large_brazilian.ae0b8d590cfd3a43091700066f0523e2a1b1f7f1.png','https://steamcdn-a.akamaihd.net/apps/583950/icons/set01/10232_large_latam.cc78d453e76ef81718e0ff4f096b7fd9e02584fe.png');
INSERT INTO Cartas VALUES (10234,'Item','Pauline Voss','Rare',110234);
INSERT INTO CardName VALUES(10234,"Poaching Knife","Wilderermesser","Couteau de braconnage","Coltello da bracconaggio","밀렵용 칼","Cuchillo de caza","盗猎刀","盜獵刀","Браконьерский нож","Poaching Knife","密猟のナイフ","Poaching Knife","Poaching Knife","Poaching Knife","Poaching Knife","Poaching Knife","Poaching Knife","Poaching Knife","Poaching Knife","Poaching Knife","Poaching Knife","Poaching Knife","Faca de Caça","Poaching Knife","Poaching Knife","Poaching Knife","Cuchillo de caza","Poaching Knife");
INSERT INTO LargeImage VALUES(10234,'https://steamcdn-a.akamaihd.net/apps/583950/icons/set01/10234_large_english.4146a74cde1fa04fd677f3089f3ffda8f5e2cec5.png','https://steamcdn-a.akamaihd.net/apps/583950/icons/set01/10234_large_german.8386fc5db24df78105370439e1706d80556b6cad.png','https://steamcdn-a.akamaihd.net/apps/583950/icons/set01/10234_large_french.bfa2f2e21cb18d64b9b646a6b4a71e901496ee5d.png','https://steamcdn-a.akamaihd.net/apps/583950/icons/set01/10234_large_italian.d8d08bb5b3430b12aee7ae8612f504511eceb423.png','https://steamcdn-a.akamaihd.net/apps/583950/icons/set01/10234_large_koreana.9dda5e0b09ea5f447b0ebbcf1f721bfb2f79d0fd.png','https://steamcdn-a.akamaihd.net/apps/583950/icons/set01/10234_large_spanish.382914d589debdf8333894b8e1a13533d5bfebd9.png','https://steamcdn-a.akamaihd.net/apps/583950/icons/set01/10234_large_schinese.2d541a3c0f23aab61c3f66b20fc6e59749579b1f.png','https://steamcdn-a.akamaihd.net/apps/583950/icons/set01/10234_large_tchinese.6c80592dcbfa96c4da3bf3019e3c18040e79bd04.png','https://steamcdn-a.akamaihd.net/apps/583950/icons/set01/10234_large_russian.af2f8918cc1dc92e45178396f989afebf99a6981.png','https://steamcdn-a.akamaihd.net/apps/583950/icons/set01/10234_large_japanese.264d74ca3892583b9d766534c985aa946a9870d5.png','https://steamcdn-a.akamaihd.net/apps/583950/icons/set01/10234_large_brazilian.70e26297f5847235ea556df16a4b35cfa8c6521f.png','https://steamcdn-a.akamaihd.net/apps/583950/icons/set01/10234_large_latam.c0cfc68382ca2a91ebb7772c23287dd3aac1e09d.png');
INSERT INTO Cartas VALUES (10235,'Item','Pauline Voss','Common',110235);
INSERT INTO CardName VALUES(10235,"Book of the Dead","Buch der Toten","Livre des morts","Libro dei morti","망자의 서","Libro de los muertos","亡者之书","死亡之書","Книга мёртвых","Book of the Dead","死者の書","Book of the Dead","Book of the Dead","Book of the Dead","Book of the Dead","Book of the Dead","Book of the Dead","Book of the Dead","Book of the Dead","Book of the Dead","Book of the Dead","Book of the Dead","Livro dos Mortos","Book of the Dead","Book of the Dead","Book of the Dead","Libro de los muertos","Book of the Dead");
INSERT INTO LargeImage VALUES(10235,'https://steamcdn-a.akamaihd.net/apps/583950/icons/set01/10235_large_english.609197e2c0f377755fea6e2df111f515b188c451.png','https://steamcdn-a.akamaihd.net/apps/583950/icons/set01/10235_large_german.d97ada23a728848c94590622ce68575941d0343f.png','https://steamcdn-a.akamaihd.net/apps/583950/icons/set01/10235_large_french.630f82279983d00114bfe1974b1f53c6ead76a67.png','https://steamcdn-a.akamaihd.net/apps/583950/icons/set01/10235_large_italian.50b4bead1be2023de5e25a1ca341905867e30667.png','https://steamcdn-a.akamaihd.net/apps/583950/icons/set01/10235_large_koreana.305844f0b3c09eb9c202b14fb1cc653fa2c64809.png','https://steamcdn-a.akamaihd.net/apps/583950/icons/set01/10235_large_spanish.af7507dc6f9c3cc8a67f3e73e299166748730303.png','https://steamcdn-a.akamaihd.net/apps/583950/icons/set01/10235_large_schinese.e6b532698dd0949962495d82de05e235b197aaed.png','https://steamcdn-a.akamaihd.net/apps/583950/icons/set01/10235_large_tchinese.c627d1a87a8b056e644905052c24d2f37048b136.png','https://steamcdn-a.akamaihd.net/apps/583950/icons/set01/10235_large_russian.6622ebffb5805f27cf04805e9e0659c1f71b35ab.png','https://steamcdn-a.akamaihd.net/apps/583950/icons/set01/10235_large_japanese.45546a0c796b65f17e8723b17741f38e91d978c0.png','https://steamcdn-a.akamaihd.net/apps/583950/icons/set01/10235_large_brazilian.68e61d9fe1c58bcb0c88310d8cc737dfba970ad8.png','https://steamcdn-a.akamaihd.net/apps/583950/icons/set01/10235_large_latam.8d349164a1896842e40162b2c46b5f0ed5a085e3.png');
INSERT INTO Cartas VALUES (10236,'Item','Pauline Voss','Uncommon',110236);
INSERT INTO CardName VALUES(10236,"Hero's Cape","Mantel des Helden","Cape de héros","Cappa dell'eroe","영웅의 망토","Capa del héroe","英雄披风","英雄披風","Накидка героя","Hero's Cape","ヒーローのケープ","Hero's Cape","Hero's Cape","Hero's Cape","Hero's Cape","Hero's Cape","Hero's Cape","Hero's Cape","Hero's Cape","Hero's Cape","Hero's Cape","Hero's Cape","Capa do Herói","Hero's Cape","Hero's Cape","Hero's Cape","Capa del héroe","Hero's Cape");
INSERT INTO LargeImage VALUES(10236,'https://steamcdn-a.akamaihd.net/apps/583950/icons/set01/10236_large_english.3f6552b9f6451ae53a5b321c459f5970e067e1b2.png','https://steamcdn-a.akamaihd.net/apps/583950/icons/set01/10236_large_german.bdba0b8b5947d3095326865ef611060efd15fa9f.png','https://steamcdn-a.akamaihd.net/apps/583950/icons/set01/10236_large_french.8935a38c96c90cdc3996e35a87771ad8b8f5a501.png','https://steamcdn-a.akamaihd.net/apps/583950/icons/set01/10236_large_italian.5ba2afb040bf5b0d65770f77b160492dea06fa34.png','https://steamcdn-a.akamaihd.net/apps/583950/icons/set01/10236_large_koreana.eebfa31d36faf84f42f927c77b800dc22ae34fc8.png','https://steamcdn-a.akamaihd.net/apps/583950/icons/set01/10236_large_spanish.cd59cd3f84939f6f5881b701984ed94916dabb41.png','https://steamcdn-a.akamaihd.net/apps/583950/icons/set01/10236_large_schinese.08f7114bafa86a886fbf3f8e102824ea1e275390.png','https://steamcdn-a.akamaihd.net/apps/583950/icons/set01/10236_large_tchinese.6f23cb95ea024b3f80b628e2e9c11c388d6f5965.png','https://steamcdn-a.akamaihd.net/apps/583950/icons/set01/10236_large_russian.9c90d946ff2c3db2d515d668712dcb9ea3e183dd.png','https://steamcdn-a.akamaihd.net/apps/583950/icons/set01/10236_large_japanese.4cb6dae9007864a60524e110cd022d291fd967b7.png','https://steamcdn-a.akamaihd.net/apps/583950/icons/set01/10236_large_brazilian.afe363e6451da676913f61a9e47d7b1ff74e9326.png','https://steamcdn-a.akamaihd.net/apps/583950/icons/set01/10236_large_latam.661d7101528635c6d2e866ebf7b9384fa037974d.png');
INSERT INTO Cartas VALUES (10237,'Item','Sam Carr','Uncommon',110237);
INSERT INTO CardName VALUES(10237,"Platemail","Plattenpanzer","Armure de plates","Corazza a piastre","판금갑옷","Armadura de placas","板甲","板甲","Латный доспех","Platemail","プレートメイル","Platemail","Platemail","Platemail","Platemail","Platemail","Platemail","Platemail","Platemail","Platemail","Platemail","Platemail","Armadura de Placas","Platemail","Platemail","Platemail","Armadura de placas","Platemail");
INSERT INTO LargeImage VALUES(10237,'https://steamcdn-a.akamaihd.net/apps/583950/icons/set01/10237_large_english.777252fb337ccbda9ab6f56577bf6f15ae6be209.png','https://steamcdn-a.akamaihd.net/apps/583950/icons/set01/10237_large_german.6e1d83cea0e7b4661c08d4d9d82013b8f9f88e1f.png','https://steamcdn-a.akamaihd.net/apps/583950/icons/set01/10237_large_french.5041052f7ab6dc189c5285261786f59fa6c19beb.png','https://steamcdn-a.akamaihd.net/apps/583950/icons/set01/10237_large_italian.61dfbfe53447697daec7507e615682ed69940cc4.png','https://steamcdn-a.akamaihd.net/apps/583950/icons/set01/10237_large_koreana.ea8b9b0a262bf82ab210fb7a7d04ef76e28ee40d.png','https://steamcdn-a.akamaihd.net/apps/583950/icons/set01/10237_large_spanish.4b634def4febe320655de4b3abdb765a36fb12cb.png','https://steamcdn-a.akamaihd.net/apps/583950/icons/set01/10237_large_schinese.80c3b689c7e656ff3efac6ce38bdc4b03dc8b919.png','https://steamcdn-a.akamaihd.net/apps/583950/icons/set01/10237_large_tchinese.11bfd79fa7fb31530af9901da4af48191594b7aa.png','https://steamcdn-a.akamaihd.net/apps/583950/icons/set01/10237_large_russian.df4d6efc5f35769916ade86c43b8e52b59f5888b.png','https://steamcdn-a.akamaihd.net/apps/583950/icons/set01/10237_large_japanese.6922dc5b073301f14dc1deea306d64ae013f9107.png','https://steamcdn-a.akamaihd.net/apps/583950/icons/set01/10237_large_brazilian.0e88c6e90ae096c1ddebed3e5174748af4fc9d55.png','https://steamcdn-a.akamaihd.net/apps/583950/icons/set01/10237_large_latam.48eac76f5b28c7f353a032ee22c16bfdf27a5b08.png');
INSERT INTO Cartas VALUES (10238,'Item','Tommy Arnold','Uncommon',110238);
INSERT INTO CardName VALUES(10238,"Claymore","Zweihänder","Claymore","Claymore","대검","Claymore","大剑","大劍","Клеймор","Claymore","クレイモア","Claymore","Claymore","Claymore","Claymore","Claymore","Claymore","Claymore","Claymore","Claymore","Claymore","Claymore","Claymore","Claymore","Claymore","Claymore","Claymore","Claymore");
INSERT INTO LargeImage VALUES(10238,'https://steamcdn-a.akamaihd.net/apps/583950/icons/set01/10238_large_english.1e3bcec8b16ba6712aaa845fdfb051ddaea044d1.png','https://steamcdn-a.akamaihd.net/apps/583950/icons/set01/10238_large_german.63ba14901e13bf31851fae6411a06c4e3ea357cc.png','https://steamcdn-a.akamaihd.net/apps/583950/icons/set01/10238_large_french.db6cb0c873d1f97995e454066b6ab3dbbbf1e7cc.png','https://steamcdn-a.akamaihd.net/apps/583950/icons/set01/10238_large_italian.cc9d480db782979ba3eaac965f67fe921fdb3281.png','https://steamcdn-a.akamaihd.net/apps/583950/icons/set01/10238_large_koreana.a5775f51ba21f902a079cf4e4002f96e02441ed1.png','https://steamcdn-a.akamaihd.net/apps/583950/icons/set01/10238_large_spanish.9b158623b58ac27ec37e2c609600e55a60a60409.png','https://steamcdn-a.akamaihd.net/apps/583950/icons/set01/10238_large_schinese.01702908ff39eba50c46052ff587067cd533467d.png','https://steamcdn-a.akamaihd.net/apps/583950/icons/set01/10238_large_tchinese.81511bdbf3700f5e9f1f5934801c960b351658f4.png','https://steamcdn-a.akamaihd.net/apps/583950/icons/set01/10238_large_russian.1aa08b5e091448e61976a46e68f04fad5379e4dd.png','https://steamcdn-a.akamaihd.net/apps/583950/icons/set01/10238_large_japanese.e1bd590a49acfe62fa1db344c89f1eaea1d91a04.png','https://steamcdn-a.akamaihd.net/apps/583950/icons/set01/10238_large_brazilian.97eee7d2b025fe0426398c082b003bc92ac8a283.png','https://steamcdn-a.akamaihd.net/apps/583950/icons/set01/10238_large_latam.39f626cc5db68ce1fbb45c7aee7b7e4303f5f594.png');
INSERT INTO Cartas VALUES (10241,'Item','Magali Villeneuve','Uncommon',110241);
INSERT INTO CardName VALUES(10241,"Claszureme Hourglass","Sanduhr aus Claszureme","Sablier de Claszureme","Clessidra di Claszureme","클라스주림 모래시계","Reloj de arena de Claszureme","超维视界沙漏","克拉錫利姆沙漏","Песочные часы Класзурема","Claszureme Hourglass","クラスツリームの砂時計","Claszureme Hourglass","Claszureme Hourglass","Claszureme Hourglass","Claszureme Hourglass","Claszureme Hourglass","Claszureme Hourglass","Claszureme Hourglass","Claszureme Hourglass","Claszureme Hourglass","Claszureme Hourglass","Claszureme Hourglass","Ampulheta de Claszureme","Claszureme Hourglass","Claszureme Hourglass","Claszureme Hourglass","Reloj de arena de Claszureme","Claszureme Hourglass");
INSERT INTO LargeImage VALUES(10241,'https://steamcdn-a.akamaihd.net/apps/583950/icons/set01/10241_large_english.bf086f2663702c91de9df854481ef7ee370263c1.png','https://steamcdn-a.akamaihd.net/apps/583950/icons/set01/10241_large_german.024da69b64944c37cb01ac55e70aa2fda3aec97d.png','https://steamcdn-a.akamaihd.net/apps/583950/icons/set01/10241_large_french.949011e453c9b1b61c089ffb78d8f4ca4a384cb9.png','https://steamcdn-a.akamaihd.net/apps/583950/icons/set01/10241_large_italian.1c7f8a642aa921ba8793fc006350c4d13a6b5146.png','https://steamcdn-a.akamaihd.net/apps/583950/icons/set01/10241_large_koreana.a5f96f59cc37abc293e0966b2dbb20b08d3ff7f8.png','https://steamcdn-a.akamaihd.net/apps/583950/icons/set01/10241_large_spanish.a6be41a16e7c4c5e278a0ce5a8a6fa147b4432aa.png','https://steamcdn-a.akamaihd.net/apps/583950/icons/set01/10241_large_schinese.c8a1ea7ee3f75b3ae07345e4fa65bdb0618d4cd5.png','https://steamcdn-a.akamaihd.net/apps/583950/icons/set01/10241_large_tchinese.31213e17c2befcec701fbc3c49fd14a881ff9d6a.png','https://steamcdn-a.akamaihd.net/apps/583950/icons/set01/10241_large_russian.8189d314e2f897a621f1e2dff3a527f5358c2bef.png','https://steamcdn-a.akamaihd.net/apps/583950/icons/set01/10241_large_japanese.dcc14f15a943344e6c1dd021f17c4c0d3035e480.png','https://steamcdn-a.akamaihd.net/apps/583950/icons/set01/10241_large_brazilian.26d6e44d98f4c19906ee44ed07cf388b20f35ece.png','https://steamcdn-a.akamaihd.net/apps/583950/icons/set01/10241_large_latam.215c3c6de97efb331aa58ac44cfbbaa1c492a339.png');
INSERT INTO Cartas VALUES (10242,'Item','Pauline Voss','Common',110242);
INSERT INTO CardName VALUES(10242,"Shield of Basilius","Schild des Basilius","Bouclier du basileus","Scudo di Basilius","바실리우스의 방패","Escudo de Basilius","王者之盾","王者之盾","Щит Базилия","Shield of Basilius","バシリウスの盾","Shield of Basilius","Shield of Basilius","Shield of Basilius","Shield of Basilius","Shield of Basilius","Shield of Basilius","Shield of Basilius","Shield of Basilius","Shield of Basilius","Shield of Basilius","Shield of Basilius","Escudo de Basílio","Shield of Basilius","Shield of Basilius","Shield of Basilius","Escudo de Basilius","Shield of Basilius");
INSERT INTO LargeImage VALUES(10242,'https://steamcdn-a.akamaihd.net/apps/583950/icons/set01/10242_large_english.69d1334a7f3738bcffbcd0c013859038781dfb42.png','https://steamcdn-a.akamaihd.net/apps/583950/icons/set01/10242_large_german.1d9f9dee53b64d5a56d8be3baf342cac01238acb.png','https://steamcdn-a.akamaihd.net/apps/583950/icons/set01/10242_large_french.4de754f60e9b5d88e8b4f4c352137758aff7763a.png','https://steamcdn-a.akamaihd.net/apps/583950/icons/set01/10242_large_italian.8addfd39475a4f1de23f24ecf3f1484344c9df0e.png','https://steamcdn-a.akamaihd.net/apps/583950/icons/set01/10242_large_koreana.d4778fb335dd2d73cefe91b9fa9e09f47b252c52.png','https://steamcdn-a.akamaihd.net/apps/583950/icons/set01/10242_large_spanish.2e6f9680e022eb69ad9c13c8c8f9d22d75ac27fa.png','https://steamcdn-a.akamaihd.net/apps/583950/icons/set01/10242_large_schinese.9779f74aaeceec70623660cb9ac41084f79a2368.png','https://steamcdn-a.akamaihd.net/apps/583950/icons/set01/10242_large_tchinese.546012080a93fbcd7acf5ae8af6ff8006ee45f16.png','https://steamcdn-a.akamaihd.net/apps/583950/icons/set01/10242_large_russian.11f3da5682dde2848be682edc0378292e3bf87a8.png','https://steamcdn-a.akamaihd.net/apps/583950/icons/set01/10242_large_japanese.256a555373e3ea60702303afd3b46a0020048121.png','https://steamcdn-a.akamaihd.net/apps/583950/icons/set01/10242_large_brazilian.b72c523384e52fb2555d214c10fb84b3c1347398.png','https://steamcdn-a.akamaihd.net/apps/583950/icons/set01/10242_large_latam.511b58777bec61fc9599d15bec3584d42f9a85cc.png');
INSERT INTO Cartas VALUES (10243,'Item','Anastasia Ovchinnikova','Rare',110243);
INSERT INTO CardName VALUES(10243,"Shield of Aquila","Schild des Aquila","Bouclier d'Aquila","Scudo di Aquila","아퀼라의 방패","Escudo de Aquila","天鹰之盾","天鷹之盾","Щит Аквилы","Shield of Aquila","アクイラの盾","Shield of Aquila","Shield of Aquila","Shield of Aquila","Shield of Aquila","Shield of Aquila","Shield of Aquila","Shield of Aquila","Shield of Aquila","Shield of Aquila","Shield of Aquila","Shield of Aquila","Escudo de Áquila","Shield of Aquila","Shield of Aquila","Shield of Aquila","Escudo de Aquila","Shield of Aquila");
INSERT INTO LargeImage VALUES(10243,'https://steamcdn-a.akamaihd.net/apps/583950/icons/set01/10243_large_english.87e1182eefe67e631ac8249de71c98b7b08ef432.png','https://steamcdn-a.akamaihd.net/apps/583950/icons/set01/10243_large_german.62eef57123092a74f7a27826343cd10ef986e02e.png','https://steamcdn-a.akamaihd.net/apps/583950/icons/set01/10243_large_french.c3ba89e5f036a57103d61cecb7be76808d00be18.png','https://steamcdn-a.akamaihd.net/apps/583950/icons/set01/10243_large_italian.13f3a0e45cd5baf15591ba0fc88c320ece5a4676.png','https://steamcdn-a.akamaihd.net/apps/583950/icons/set01/10243_large_koreana.3fa19d5886c2f30081b3ae65a18299bd7ae86bfa.png','https://steamcdn-a.akamaihd.net/apps/583950/icons/set01/10243_large_spanish.dad464df3177fecb3b4797c495583b8e11fec02b.png','https://steamcdn-a.akamaihd.net/apps/583950/icons/set01/10243_large_schinese.b0af9e6fd0dfd4d7ecaed5427113f753d90d1114.png','https://steamcdn-a.akamaihd.net/apps/583950/icons/set01/10243_large_tchinese.06e2c9aee5375713820a41f84bee06bd3925a77b.png','https://steamcdn-a.akamaihd.net/apps/583950/icons/set01/10243_large_russian.80e893b1ed7e90a58118de17654f8e08f4be48ee.png','https://steamcdn-a.akamaihd.net/apps/583950/icons/set01/10243_large_japanese.f2a1a44046a58221a110e5a7ec326217356affe2.png','https://steamcdn-a.akamaihd.net/apps/583950/icons/set01/10243_large_brazilian.a3d4331825f60d6014ff77a769960e3ae2578d81.png','https://steamcdn-a.akamaihd.net/apps/583950/icons/set01/10243_large_latam.5100bc1e0e615c5998f2b8de0df4eec7d0ad6d20.png');
INSERT INTO Cartas VALUES (10248,'Item','Magali Villeneuve','Rare',110248);
INSERT INTO CardName VALUES(10248,"Shiva's Guard","Shivas Panzer","Épaulière de Shiva","Protezione di Shiva","시바의 은총","Protección de Shiva","希瓦的守护","希瓦的守護","Наплечник Шивы","Shiva's Guard","シヴァの肩甲","Shiva's Guard","Shiva's Guard","Shiva's Guard","Shiva's Guard","Shiva's Guard","Shiva's Guard","Shiva's Guard","Shiva's Guard","Shiva's Guard","Shiva's Guard","Shiva's Guard","Proteção de Shiva","Shiva's Guard","Shiva's Guard","Shiva's Guard","Protección de Shiva","Shiva's Guard");
INSERT INTO LargeImage VALUES(10248,'https://steamcdn-a.akamaihd.net/apps/583950/icons/set01/10248_large_english.733a1d09e0fc3ac0472398a080aea107b17de07c.png','https://steamcdn-a.akamaihd.net/apps/583950/icons/set01/10248_large_german.cb6aa52262002d3bf1106e11fb585769176c1958.png','https://steamcdn-a.akamaihd.net/apps/583950/icons/set01/10248_large_french.bf2cf0ca10ccffceff790598d7b02dc869a3a81a.png','https://steamcdn-a.akamaihd.net/apps/583950/icons/set01/10248_large_italian.bae919766ecd804906d2f1d4d7bfea73361fe4a6.png','https://steamcdn-a.akamaihd.net/apps/583950/icons/set01/10248_large_koreana.8e73f9006fa46fccbdc31efaca8990e6e2bcfc5b.png','https://steamcdn-a.akamaihd.net/apps/583950/icons/set01/10248_large_spanish.5ef693cb3514d6b784325a492625cd92eaa93aa6.png','https://steamcdn-a.akamaihd.net/apps/583950/icons/set01/10248_large_schinese.d77c595415e27c32e5477b61a6d11c42b4699cfc.png','https://steamcdn-a.akamaihd.net/apps/583950/icons/set01/10248_large_tchinese.4a32f63fe0031e61ec42e47a3435cc58cb4ce117.png','https://steamcdn-a.akamaihd.net/apps/583950/icons/set01/10248_large_russian.2d9e02ee6e2c6aa2ae7c2050a9079226b7f92cc1.png','https://steamcdn-a.akamaihd.net/apps/583950/icons/set01/10248_large_japanese.034a952876879ebb48f81b7975fc1a004d74c8e7.png','https://steamcdn-a.akamaihd.net/apps/583950/icons/set01/10248_large_brazilian.4bee21b1f893edc2e1c49a3e328121178dc7545a.png','https://steamcdn-a.akamaihd.net/apps/583950/icons/set01/10248_large_latam.575ff4ed43dd5ee65fd259a338b7b8d46230c063.png');
INSERT INTO Cartas VALUES (10252,'Item','Robbie Trevino','Common',110252);
INSERT INTO CardName VALUES(10252,"Stonehall Pike","Pike aus Steinhalle","Sabre de Pierrefort","Picca di Borgolitio","돌의 전당 창","Pica de Stonehall","石堂城长枪","石堂城長矛","Пика Стоунхолла","Stonehall Pike","ストーンホールの槍","Stonehall Pike","Stonehall Pike","Stonehall Pike","Stonehall Pike","Stonehall Pike","Stonehall Pike","Stonehall Pike","Stonehall Pike","Stonehall Pike","Stonehall Pike","Stonehall Pike","Alabarda do Corredor de Pedra","Stonehall Pike","Stonehall Pike","Stonehall Pike","Pica de Stonehall","Stonehall Pike");
INSERT INTO LargeImage VALUES(10252,'https://steamcdn-a.akamaihd.net/apps/583950/icons/set01/10252_large_english.ee3a077e5b5aa501db6ae04f6e699b5f84d42886.png','https://steamcdn-a.akamaihd.net/apps/583950/icons/set01/10252_large_german.786c846a35c877726c840e252501c7ed081f597a.png','https://steamcdn-a.akamaihd.net/apps/583950/icons/set01/10252_large_french.76c7a62b50e14fc6ad29ad45e6eba6f3aca0f131.png','https://steamcdn-a.akamaihd.net/apps/583950/icons/set01/10252_large_italian.301d83ddf88e18b94a0e8f2cbfc54a1f77819fc7.png','https://steamcdn-a.akamaihd.net/apps/583950/icons/set01/10252_large_koreana.bd478863a46aba77c0ed2ad17e2a1a0c94591986.png','https://steamcdn-a.akamaihd.net/apps/583950/icons/set01/10252_large_spanish.652bd4e12204c66005b3cdd5229c575f9de8b3a9.png','https://steamcdn-a.akamaihd.net/apps/583950/icons/set01/10252_large_schinese.b5e469ae3841d7f6b05d5aac4429babbe51841ad.png','https://steamcdn-a.akamaihd.net/apps/583950/icons/set01/10252_large_tchinese.7ad6a105d74305aafbfeac742a1c6b0ffe945093.png','https://steamcdn-a.akamaihd.net/apps/583950/icons/set01/10252_large_russian.d75cc8ba0b4370889fec7f653f869708b2c55e53.png','https://steamcdn-a.akamaihd.net/apps/583950/icons/set01/10252_large_japanese.987709a706ce55638d77c1bca456d51e6e2ed0eb.png','https://steamcdn-a.akamaihd.net/apps/583950/icons/set01/10252_large_brazilian.ade32b77ee785168ca85aad3ca2da477bccfc19f.png','https://steamcdn-a.akamaihd.net/apps/583950/icons/set01/10252_large_latam.7b47e3ab4cd9d5160d9bd30859645f97c0c3a8bc.png');
INSERT INTO Cartas VALUES (10253,'Item','Pauline Voss','Common',110253);
INSERT INTO CardName VALUES(10253,"Stonehall Plate","Panzer aus Steinhalle","Armure de Pierrefort","Corazza di Borgolitio","돌의 전당 철갑","Armadura de Stonehall","石堂城板甲","石堂城板甲","Латы Стоунхолла","Stonehall Plate","ストーンホールプレート","Stonehall Plate","Stonehall Plate","Stonehall Plate","Stonehall Plate","Stonehall Plate","Stonehall Plate","Stonehall Plate","Stonehall Plate","Stonehall Plate","Stonehall Plate","Stonehall Plate","Couraça do Corredor de Pedra","Stonehall Plate","Stonehall Plate","Stonehall Plate","Armadura de Stonehall","Stonehall Plate");
INSERT INTO LargeImage VALUES(10253,'https://steamcdn-a.akamaihd.net/apps/583950/icons/set01/10253_large_english.33b438c66823529f8466eef23ee8b2e45f71fe16.png','https://steamcdn-a.akamaihd.net/apps/583950/icons/set01/10253_large_german.580a98578264578b9fc69724c4023bd66febeebe.png','https://steamcdn-a.akamaihd.net/apps/583950/icons/set01/10253_large_french.16eaaa7f2afb88a58652cb036927476e8002224c.png','https://steamcdn-a.akamaihd.net/apps/583950/icons/set01/10253_large_italian.ca5c846e870e295663aec3b5efe19b161e9aa68a.png','https://steamcdn-a.akamaihd.net/apps/583950/icons/set01/10253_large_koreana.bf0a7e680daaffc7304577eeafee21d0188b276f.png','https://steamcdn-a.akamaihd.net/apps/583950/icons/set01/10253_large_spanish.a77ca9dae77341324c49b7c3244245ae5906c8c9.png','https://steamcdn-a.akamaihd.net/apps/583950/icons/set01/10253_large_schinese.a527b911058971a37a552d5e0d17fc19af8677e5.png','https://steamcdn-a.akamaihd.net/apps/583950/icons/set01/10253_large_tchinese.f2f19dff64d704fbe61d5c4e4b24b792c5f1e55e.png','https://steamcdn-a.akamaihd.net/apps/583950/icons/set01/10253_large_russian.e64f5d97f1f6ccc4536e2a75b4c306f95b30a3c9.png','https://steamcdn-a.akamaihd.net/apps/583950/icons/set01/10253_large_japanese.763b9aaa0b75ce3046b52dcdb1e859cf588e5130.png','https://steamcdn-a.akamaihd.net/apps/583950/icons/set01/10253_large_brazilian.1167747a2f93d5b8cea792bfe3c5d5429381bec4.png','https://steamcdn-a.akamaihd.net/apps/583950/icons/set01/10253_large_latam.88a2dc2815b1190c82de89933ad361f663b72caf.png');
INSERT INTO Cartas VALUES (10255,'Item','Lius Lasahido','Rare',110255);
INSERT INTO CardName VALUES(10255,"Shop Deed","Shopanspruch","Aubaine de l'échoppe","Atto di acquisto","상점 증서","Título de la tienda","商店契约","商店契約","Купчая лавки","Shop Deed","ショップの証書","Shop Deed","Shop Deed","Shop Deed","Shop Deed","Shop Deed","Shop Deed","Shop Deed","Shop Deed","Shop Deed","Shop Deed","Shop Deed","Escritura da Loja","Shop Deed","Shop Deed","Shop Deed","Título de la tienda","Shop Deed");
INSERT INTO LargeImage VALUES(10255,'https://steamcdn-a.akamaihd.net/apps/583950/icons/set01/10255_large_english.330a4de79f30a126e82683987734cc3d9ef276fa.png','https://steamcdn-a.akamaihd.net/apps/583950/icons/set01/10255_large_german.7fffd1cb0c580f71fdec5b3c9427e394ebcdc925.png','https://steamcdn-a.akamaihd.net/apps/583950/icons/set01/10255_large_french.fc8f8e62eb02ef9b4817463a3073acfe014023d1.png','https://steamcdn-a.akamaihd.net/apps/583950/icons/set01/10255_large_italian.02989975eef7f1b98fd1cdbf303a05a8ccc8ec8e.png','https://steamcdn-a.akamaihd.net/apps/583950/icons/set01/10255_large_koreana.3b48e12639a7fc253623e37c254162465acd571d.png','https://steamcdn-a.akamaihd.net/apps/583950/icons/set01/10255_large_spanish.8ee8f9f520d29cdaa13f9313c2d38d6acdc80909.png','https://steamcdn-a.akamaihd.net/apps/583950/icons/set01/10255_large_schinese.297a22d3864396ff68e091b023c15e16df8058b1.png','https://steamcdn-a.akamaihd.net/apps/583950/icons/set01/10255_large_tchinese.e485fa7ec780323ed04cf1faa64b7a28486d69cc.png','https://steamcdn-a.akamaihd.net/apps/583950/icons/set01/10255_large_russian.ac33a00739152d309f1f038cd0fd3eba22d91904.png','https://steamcdn-a.akamaihd.net/apps/583950/icons/set01/10255_large_japanese.6a5d9a35a82a9cfaecb71545c88889167ffacfae.png','https://steamcdn-a.akamaihd.net/apps/583950/icons/set01/10255_large_brazilian.161fa2448b7f0a51f64d324b407cfa415245660c.png','https://steamcdn-a.akamaihd.net/apps/583950/icons/set01/10255_large_latam.f32d17f5528d749d15828ab6053b030852c31084.png');
INSERT INTO Cartas VALUES (10256,'Item','Pauline Voss','Uncommon',110256);
INSERT INTO CardName VALUES(10256,"Jasper Daggers","Jasperdolche","Dagues en jaspe","Pugnali di diaspro","벽옥 단검","Dagas de Jaspe","碧玉匕首","碧玉匕首","Кинжалы Общества Яшмы","Jasper Daggers","碧玉のダガー","Jasper Daggers","Jasper Daggers","Jasper Daggers","Jasper Daggers","Jasper Daggers","Jasper Daggers","Jasper Daggers","Jasper Daggers","Jasper Daggers","Jasper Daggers","Jasper Daggers","Adagas de Jaspe","Jasper Daggers","Jasper Daggers","Jasper Daggers","Dagas de Jaspe","Jasper Daggers");
INSERT INTO LargeImage VALUES(10256,'https://steamcdn-a.akamaihd.net/apps/583950/icons/set01/10256_large_english.bcc5d4bfb3786f91186b42429560e88ca0043874.png','https://steamcdn-a.akamaihd.net/apps/583950/icons/set01/10256_large_german.e2a5295f51028e7a9e5911fe9ec4864ed34afea5.png','https://steamcdn-a.akamaihd.net/apps/583950/icons/set01/10256_large_french.f7ecf32f5d394043fdfab32134b459a1db1433f4.png','https://steamcdn-a.akamaihd.net/apps/583950/icons/set01/10256_large_italian.bab062b44a6d9ea57681ef0faff9a0442115e5b6.png','https://steamcdn-a.akamaihd.net/apps/583950/icons/set01/10256_large_koreana.d3e8b749ced8790748c3760be07ff6eb651118cb.png','https://steamcdn-a.akamaihd.net/apps/583950/icons/set01/10256_large_spanish.b5e045745da2e8f1f18ec3063230174f3b85cb3a.png','https://steamcdn-a.akamaihd.net/apps/583950/icons/set01/10256_large_schinese.11635c9dcd7d821a01f144571419df6d91a36d39.png','https://steamcdn-a.akamaihd.net/apps/583950/icons/set01/10256_large_tchinese.ec64638d96cf20fbf9fce1d6b712fdf1544b95d4.png','https://steamcdn-a.akamaihd.net/apps/583950/icons/set01/10256_large_russian.6f8379401420789e2e5d372179e8323657f59102.png','https://steamcdn-a.akamaihd.net/apps/583950/icons/set01/10256_large_japanese.b22babfbf7f9a3f5a2eed5053b79eddc245e6987.png','https://steamcdn-a.akamaihd.net/apps/583950/icons/set01/10256_large_brazilian.049293b590577427e3e70bdade000c1e57ab150e.png','https://steamcdn-a.akamaihd.net/apps/583950/icons/set01/10256_large_latam.6994a05438846dbebd5f95e17da4e01363bf1212.png');
INSERT INTO Cartas VALUES (10259,'Item','James Paick','Uncommon',110259);
INSERT INTO CardName VALUES(10259,"Keenfolk Plate","Keenvolk-Plattenpanzer","Armure keene","Corazza degli Smilzi","단신족 철갑","Placa de los ingeniosos","基恩板甲","基恩板甲","Латы смышлёнцев","Keenfolk Plate","キーンフォークのプレート","Keenfolk Plate","Keenfolk Plate","Keenfolk Plate","Keenfolk Plate","Keenfolk Plate","Keenfolk Plate","Keenfolk Plate","Keenfolk Plate","Keenfolk Plate","Keenfolk Plate","Keenfolk Plate","Couraça dos Keen","Keenfolk Plate","Keenfolk Plate","Keenfolk Plate","Placa de los ingeniosos","Keenfolk Plate");
INSERT INTO LargeImage VALUES(10259,'https://steamcdn-a.akamaihd.net/apps/583950/icons/set01/10259_large_english.58a12e59f612c79656589fc2d1a4fc67443497f8.png','https://steamcdn-a.akamaihd.net/apps/583950/icons/set01/10259_large_german.2316b05ecb66e0df3ab4cbc75818958274977e15.png','https://steamcdn-a.akamaihd.net/apps/583950/icons/set01/10259_large_french.57a49b8e304b8c8379bb98e89d284ceb58b92ae0.png','https://steamcdn-a.akamaihd.net/apps/583950/icons/set01/10259_large_italian.9f6896358ca224d3fbd5547b5974d0baa1440e1d.png','https://steamcdn-a.akamaihd.net/apps/583950/icons/set01/10259_large_koreana.452286da07773f6b1345f3e1dc1f6ec4b0194db1.png','https://steamcdn-a.akamaihd.net/apps/583950/icons/set01/10259_large_spanish.c0f878c8baea31185ed5a84e6bf02550bfe31529.png','https://steamcdn-a.akamaihd.net/apps/583950/icons/set01/10259_large_schinese.d572a36832d174899d1fa9d135a1fbac632966fd.png','https://steamcdn-a.akamaihd.net/apps/583950/icons/set01/10259_large_tchinese.4124c5e4e31ddee39490c39c38f66a93100ea978.png','https://steamcdn-a.akamaihd.net/apps/583950/icons/set01/10259_large_russian.4e0df0b0b36de83d3af028e3568dafefa79adea9.png','https://steamcdn-a.akamaihd.net/apps/583950/icons/set01/10259_large_japanese.e6e0fea3320bbe37f0692d723338aef338cd4409.png','https://steamcdn-a.akamaihd.net/apps/583950/icons/set01/10259_large_brazilian.a5c1281062120da0eafd24a9abeeb0b04cbb1196.png','https://steamcdn-a.akamaihd.net/apps/583950/icons/set01/10259_large_latam.012028c2e9145cba56a4a49ed1bedf920b10c4b2.png');
INSERT INTO Cartas VALUES (10260,'Item','Anastasia Ovchinnikova','Rare',110260);
INSERT INTO CardName VALUES(10260,"Horn of the Alpha","Horn des Alpha","Corne de l'alpha","Corno dell'alfa","우두머리의 뿔피리","Cuerno del alfa","领袖号角","領袖號角","Рог вожака","Horn of the Alpha","アルファ獣の角笛","Horn of the Alpha","Horn of the Alpha","Horn of the Alpha","Horn of the Alpha","Horn of the Alpha","Horn of the Alpha","Horn of the Alpha","Horn of the Alpha","Horn of the Alpha","Horn of the Alpha","Horn of the Alpha","Chifre do Alfa","Horn of the Alpha","Horn of the Alpha","Horn of the Alpha","Cuerno del alfa","Horn of the Alpha");
INSERT INTO LargeImage VALUES(10260,'https://steamcdn-a.akamaihd.net/apps/583950/icons/set01/10260_large_english.615c34c3497b1bf44145ed8a3c77a4ff1a103b8c.png','https://steamcdn-a.akamaihd.net/apps/583950/icons/set01/10260_large_german.cdbf1bce47bcef3cc0921aad1fcabd7cf30e5a7d.png','https://steamcdn-a.akamaihd.net/apps/583950/icons/set01/10260_large_french.623386764caa0e5a04a9f6344df30b271e3e3175.png','https://steamcdn-a.akamaihd.net/apps/583950/icons/set01/10260_large_italian.92faf306eecac67a9be1201fdb03f512c3bfb569.png','https://steamcdn-a.akamaihd.net/apps/583950/icons/set01/10260_large_koreana.807509f4e952d78e895ecfb3efe3f1a060179346.png','https://steamcdn-a.akamaihd.net/apps/583950/icons/set01/10260_large_spanish.b4e9322ac6ef1322f3592e273c8fb26faa1fd5de.png','https://steamcdn-a.akamaihd.net/apps/583950/icons/set01/10260_large_schinese.c18965d1d4cc5a91cc1671ad928e243a0b983d84.png','https://steamcdn-a.akamaihd.net/apps/583950/icons/set01/10260_large_tchinese.7aabfccb34c1b2b491497d5adf21161a0691f091.png','https://steamcdn-a.akamaihd.net/apps/583950/icons/set01/10260_large_russian.19a7c1944bd882c02a5165aebe7933343c8fea74.png','https://steamcdn-a.akamaihd.net/apps/583950/icons/set01/10260_large_japanese.56c4795915949deb2e2388185e74712643c46adb.png','https://steamcdn-a.akamaihd.net/apps/583950/icons/set01/10260_large_brazilian.b5f0c44dc4145c13a4bc121bd8c81f6bb6af1c29.png','https://steamcdn-a.akamaihd.net/apps/583950/icons/set01/10260_large_latam.60a944ab32eb11921ece04aaa941c97546d31b75.png');
INSERT INTO Cartas VALUES (10262,'Item','Forrest Imel','Rare',110262);
INSERT INTO CardName VALUES(10262,"Nyctasha's Guard","Nyctashas Panzer","Protection de Nyctasha","Protezione di Nyctasha","닉타샤의 은총","Protección de Nyctasha","妮塔莎的守护","妮塔莎的守護","Щит Никташи","Nyctasha's Guard","ニクタシャの装甲","Nyctasha's Guard","Nyctasha's Guard","Nyctasha's Guard","Nyctasha's Guard","Nyctasha's Guard","Nyctasha's Guard","Nyctasha's Guard","Nyctasha's Guard","Nyctasha's Guard","Nyctasha's Guard","Nyctasha's Guard","Proteção de Nyctasha","Nyctasha's Guard","Nyctasha's Guard","Nyctasha's Guard","Protección de Nyctasha","Nyctasha's Guard");
INSERT INTO LargeImage VALUES(10262,'https://steamcdn-a.akamaihd.net/apps/583950/icons/set01/10262_large_english.b64815733b9d9601ce50d9fb75ab434aafe1d5df.png','https://steamcdn-a.akamaihd.net/apps/583950/icons/set01/10262_large_german.a9562e9c67be188fd3638097947c3bf2df3cb82a.png','https://steamcdn-a.akamaihd.net/apps/583950/icons/set01/10262_large_french.e8663a07cddf373b2025ffca79616af44fa498e9.png','https://steamcdn-a.akamaihd.net/apps/583950/icons/set01/10262_large_italian.67c9122e754dcdd9fc3280160dcf083e8b9524a3.png','https://steamcdn-a.akamaihd.net/apps/583950/icons/set01/10262_large_koreana.9df4b539dc9cf480a9d96af71bdc7d8966c92797.png','https://steamcdn-a.akamaihd.net/apps/583950/icons/set01/10262_large_spanish.4a4eb8fac1294983b306e8fa4e2aabdaa2fde3ef.png','https://steamcdn-a.akamaihd.net/apps/583950/icons/set01/10262_large_schinese.bcab6c932d18242702386fb551e201f90eab7136.png','https://steamcdn-a.akamaihd.net/apps/583950/icons/set01/10262_large_tchinese.ca0e098178b3a6cba962c1d9248c04332ee83783.png','https://steamcdn-a.akamaihd.net/apps/583950/icons/set01/10262_large_russian.71b0cd2f8d1f1739a5ba3550147751e94551114f.png','https://steamcdn-a.akamaihd.net/apps/583950/icons/set01/10262_large_japanese.0b839b436b33fb07b957f7df3d88075780126228.png','https://steamcdn-a.akamaihd.net/apps/583950/icons/set01/10262_large_brazilian.d2d610e388b0fa2bdcb7f6160b987677b102852b.png','https://steamcdn-a.akamaihd.net/apps/583950/icons/set01/10262_large_latam.680c762609d71f9c24d590f24591934512201dca.png');
INSERT INTO Cartas VALUES (10263,'Item','Kieran Yanner','Rare',110263);
INSERT INTO CardName VALUES(10263,"Apotheosis Blade","Gottgleiche Klinge","Lame d'apothéose","Lama dell'apoteosi","절정의 검","Espada apoteósica","封神之刃","封神之刃","Клинок апофеоза","Apotheosis Blade","神化の剣","Apotheosis Blade","Apotheosis Blade","Apotheosis Blade","Apotheosis Blade","Apotheosis Blade","Apotheosis Blade","Apotheosis Blade","Apotheosis Blade","Apotheosis Blade","Apotheosis Blade","Apotheosis Blade","Lâmina da Apoteose","Apotheosis Blade","Apotheosis Blade","Apotheosis Blade","Espada apoteósica","Apotheosis Blade");
INSERT INTO LargeImage VALUES(10263,'https://steamcdn-a.akamaihd.net/apps/583950/icons/set01/10263_large_english.75ed6960c01f02e230edf0169bb80e26720cf041.png','https://steamcdn-a.akamaihd.net/apps/583950/icons/set01/10263_large_german.9b2f371a1b55b9d12edd1c51fe8ab5b82bb17898.png','https://steamcdn-a.akamaihd.net/apps/583950/icons/set01/10263_large_french.b5ebb41b4d603926f9ece24f3321f3679b61225a.png','https://steamcdn-a.akamaihd.net/apps/583950/icons/set01/10263_large_italian.c907c6991ca37a2684811b62a1a040663fa609d3.png','https://steamcdn-a.akamaihd.net/apps/583950/icons/set01/10263_large_koreana.a34b546fe49f3cabd59f5383b77c25802e32556a.png','https://steamcdn-a.akamaihd.net/apps/583950/icons/set01/10263_large_spanish.bedb27ab6d701d65312f48c0ccd2d42c20f77938.png','https://steamcdn-a.akamaihd.net/apps/583950/icons/set01/10263_large_schinese.c90abd1be66d533037e9750e6e3b3d4d572da6d8.png','https://steamcdn-a.akamaihd.net/apps/583950/icons/set01/10263_large_tchinese.b11c1f957333ea9d6beb316bf5c5136051f65ef2.png','https://steamcdn-a.akamaihd.net/apps/583950/icons/set01/10263_large_russian.bb2a4f8f46d7df03e715975d91d4c3a40c4688f0.png','https://steamcdn-a.akamaihd.net/apps/583950/icons/set01/10263_large_japanese.46fb1bd5217fa2fd8129f7364f6f63b5d30d2162.png','https://steamcdn-a.akamaihd.net/apps/583950/icons/set01/10263_large_brazilian.5fb81559c62963096cb7cee7ea365e96e166b19d.png','https://steamcdn-a.akamaihd.net/apps/583950/icons/set01/10263_large_latam.3b3437a6e30fd77cdb235216c247d1fc731670ac.png');
INSERT INTO Cartas VALUES (10142,'Spell','Magali Villeneuve','Rare',110142);
INSERT INTO CardName VALUES(10142,"Corrosive Mist","Ätzender Nebel","Brouillard corrosif","Nebbia corrosiva","부식성 안개","Bruma corrosiva","腐蚀迷雾","腐蝕迷霧","Едкий туман","Corrosive Mist","腐食性の霧","Corrosive Mist","Corrosive Mist","Corrosive Mist","Corrosive Mist","Corrosive Mist","Corrosive Mist","Corrosive Mist","Corrosive Mist","Corrosive Mist","Corrosive Mist","Corrosive Mist","Neblina Corrosiva","Corrosive Mist","Corrosive Mist","Corrosive Mist","Bruma corrosiva","Corrosive Mist");
INSERT INTO LargeImage VALUES(10142,'https://steamcdn-a.akamaihd.net/apps/583950/icons/set01/10142_large_english.779f934caea758ea5843d3e9d605ee438a89df33.png','https://steamcdn-a.akamaihd.net/apps/583950/icons/set01/10142_large_german.02f43a52efb9d51ada7060ab158ef6868da093c1.png','https://steamcdn-a.akamaihd.net/apps/583950/icons/set01/10142_large_french.3743ab9ef4915c4cad99c51c809e91c4c67ff5da.png','https://steamcdn-a.akamaihd.net/apps/583950/icons/set01/10142_large_italian.5cf9d05a5c2e9203afd6ab2ba330c481596ae2b3.png','https://steamcdn-a.akamaihd.net/apps/583950/icons/set01/10142_large_koreana.706642207b614074280ecc1e6e87441beeb99487.png','https://steamcdn-a.akamaihd.net/apps/583950/icons/set01/10142_large_spanish.28be50e41343c3f77fde0233501c60b8b865bec3.png','https://steamcdn-a.akamaihd.net/apps/583950/icons/set01/10142_large_schinese.387ea21b348f8794aaf0cc48d1f7314ec1cd9748.png','https://steamcdn-a.akamaihd.net/apps/583950/icons/set01/10142_large_tchinese.eb3d907fbd9c44eedb80838488f214a70bda9e37.png','https://steamcdn-a.akamaihd.net/apps/583950/icons/set01/10142_large_russian.d9927f7181325327438084aea10bceea59a699ee.png','https://steamcdn-a.akamaihd.net/apps/583950/icons/set01/10142_large_japanese.658d2fcc1b0414079eb060821a612713379193e5.png','https://steamcdn-a.akamaihd.net/apps/583950/icons/set01/10142_large_brazilian.a196a79473b9f3eccb560b6439bf11d742cfb84a.png','https://steamcdn-a.akamaihd.net/apps/583950/icons/set01/10142_large_latam.afab140bcf1b57ee45ecd7a1f4ad78111bebd175.png');
INSERT INTO Cartas VALUES (10191,'Spell','Robert Simon','Rare',110191);
INSERT INTO CardName VALUES(10191,"Routed","Unterwegs","Déroute","In fuga","패배의 저주","Debilitación","一败涂地","一敗塗地","Разгром","Routed","大敗の衝撃","Routed","Routed","Routed","Routed","Routed","Routed","Routed","Routed","Routed","Routed","Routed","Encaminhamento","Routed","Routed","Routed","Debilitación","Routed");
INSERT INTO LargeImage VALUES(10191,'https://steamcdn-a.akamaihd.net/apps/583950/icons/set01/10191_large_english.2da6b10f747686ef536ee67f3443b4319fe27307.png','https://steamcdn-a.akamaihd.net/apps/583950/icons/set01/10191_large_german.fbe911f590c3ab0123c99ab4eef3604c802fe760.png','https://steamcdn-a.akamaihd.net/apps/583950/icons/set01/10191_large_french.186ac246563f187656ead7ce530efa6ad51784a9.png','https://steamcdn-a.akamaihd.net/apps/583950/icons/set01/10191_large_italian.ac28b0dd2572e0edf04fdf4645179758e5aa8f9f.png','https://steamcdn-a.akamaihd.net/apps/583950/icons/set01/10191_large_koreana.a8fe0b9f013ccec68517a67fe5c24a0c918c1770.png','https://steamcdn-a.akamaihd.net/apps/583950/icons/set01/10191_large_spanish.8de33df29a2d9149a9754e7ab2a83eba02216bd3.png','https://steamcdn-a.akamaihd.net/apps/583950/icons/set01/10191_large_schinese.2434b0f7033bcb27442be355546016ea5c194262.png','https://steamcdn-a.akamaihd.net/apps/583950/icons/set01/10191_large_tchinese.a64c5931418f46a5a10eddad6507cfa6af8df803.png','https://steamcdn-a.akamaihd.net/apps/583950/icons/set01/10191_large_russian.31e2b65cbf9c4996fa999258e06a5df9971eedba.png','https://steamcdn-a.akamaihd.net/apps/583950/icons/set01/10191_large_japanese.1ec1fb1a00a108d0f1b9ade806d012d10671e551.png','https://steamcdn-a.akamaihd.net/apps/583950/icons/set01/10191_large_brazilian.a73d835142333da615473f22cd1709384b230875.png','https://steamcdn-a.akamaihd.net/apps/583950/icons/set01/10191_large_latam.19357afee0ed8eeb7505f66f78092d881c9c46bd.png');
INSERT INTO Cartas VALUES (10196,'Spell','Randy Vargas','Uncommon',110196);
INSERT INTO CardName VALUES(10196,"...And One For Me","… und einmal für mich","À moi !","...E uno per me","하나는 내 몫으로...","Y uno para mí","…我也来一个","…我也來一個","Я тоже хочу!","...And One For Me","俺にもくれ","...And One For Me","...And One For Me","...And One For Me","...And One For Me","...And One For Me","...And One For Me","...And One For Me","...And One For Me","...And One For Me","...And One For Me","...And One For Me","Me Vê Um Também","...And One For Me","...And One For Me","...And One For Me","Y uno para mí","...And One For Me");
INSERT INTO LargeImage VALUES(10196,'https://steamcdn-a.akamaihd.net/apps/583950/icons/set01/10196_large_english.d11f718767716be6937ea1a038e4470891ffd276.png','https://steamcdn-a.akamaihd.net/apps/583950/icons/set01/10196_large_german.8377210ca7920781ab73f75d25abb220295b15a7.png','https://steamcdn-a.akamaihd.net/apps/583950/icons/set01/10196_large_french.6d4db42527e89a90aee2af855f13fd605029560c.png','https://steamcdn-a.akamaihd.net/apps/583950/icons/set01/10196_large_italian.deff5f67ab65d8b99bdbc78be86b8a6a27d6bebd.png','https://steamcdn-a.akamaihd.net/apps/583950/icons/set01/10196_large_koreana.1af454ff34a2b2054ba3584e53656db4615d6d6a.png','https://steamcdn-a.akamaihd.net/apps/583950/icons/set01/10196_large_spanish.8f12f0d337ec0ee18289e02e3f8fe0a3d6559b13.png','https://steamcdn-a.akamaihd.net/apps/583950/icons/set01/10196_large_schinese.62d3a9cc45a46d56ab1cd297ee8cdccf3bf95b08.png','https://steamcdn-a.akamaihd.net/apps/583950/icons/set01/10196_large_tchinese.e1edf299f61ebab3acc8b5a644cc9ddb2c93e826.png','https://steamcdn-a.akamaihd.net/apps/583950/icons/set01/10196_large_russian.952b551d0adbba3f6216c13b0b9cb51a63d9f028.png','https://steamcdn-a.akamaihd.net/apps/583950/icons/set01/10196_large_japanese.a3a3e58ea371ed2acce043757ae925752a8af16e.png','https://steamcdn-a.akamaihd.net/apps/583950/icons/set01/10196_large_brazilian.7192e84c5cc5a9bc5e02ad536f0abb5385f6aba4.png','https://steamcdn-a.akamaihd.net/apps/583950/icons/set01/10196_large_latam.bd59724308074b2f437dcd2fb58da86f00a9f77e.png');
INSERT INTO Cartas VALUES (10198,'Spell','Daarken','Uncommon',110198);
INSERT INTO CardName VALUES(10198,"Rolling Storm","Rollender Sturm","Roulements de tonnerre","Tempesta roboante","요동치는 폭풍","Tormenta arrolladora","奔腾风暴","奔騰風暴","Бушующий шторм","Rolling Storm","とどろく嵐","Rolling Storm","Rolling Storm","Rolling Storm","Rolling Storm","Rolling Storm","Rolling Storm","Rolling Storm","Rolling Storm","Rolling Storm","Rolling Storm","Rolling Storm","Tempestade Fustigante","Rolling Storm","Rolling Storm","Rolling Storm","Tormenta arrolladora","Rolling Storm");
INSERT INTO LargeImage VALUES(10198,'https://steamcdn-a.akamaihd.net/apps/583950/icons/set01/10198_large_english.c5de6c02d8f1f8239ee742c3a57721e87df9cf6f.png','https://steamcdn-a.akamaihd.net/apps/583950/icons/set01/10198_large_german.253eb07e7d5dd25d509edb81f796d55d7e164c1b.png','https://steamcdn-a.akamaihd.net/apps/583950/icons/set01/10198_large_french.8e5ce078513235adde1060503bd8565482981409.png','https://steamcdn-a.akamaihd.net/apps/583950/icons/set01/10198_large_italian.02ef0f546d3d6b461293aeb707c60130b13812da.png','https://steamcdn-a.akamaihd.net/apps/583950/icons/set01/10198_large_koreana.716d0caae6baf98321120f172d44b766568cfd87.png','https://steamcdn-a.akamaihd.net/apps/583950/icons/set01/10198_large_spanish.eec6627663076444ffead77d20b10c8b13c19110.png','https://steamcdn-a.akamaihd.net/apps/583950/icons/set01/10198_large_schinese.27283531de7299d75ff0135e9f5a86625e80dd2c.png','https://steamcdn-a.akamaihd.net/apps/583950/icons/set01/10198_large_tchinese.a1afc87f37b231bbe37db65aa5201be03e5a5095.png','https://steamcdn-a.akamaihd.net/apps/583950/icons/set01/10198_large_russian.7b76f8c1bc040d6b41e60563104054fee65d3fc3.png','https://steamcdn-a.akamaihd.net/apps/583950/icons/set01/10198_large_japanese.5bbbbb48dc7104fd0689aeccbb0cf6062633f455.png','https://steamcdn-a.akamaihd.net/apps/583950/icons/set01/10198_large_brazilian.cd1c79f49900a285041968a33d0ce5d128b9bfc8.png','https://steamcdn-a.akamaihd.net/apps/583950/icons/set01/10198_large_latam.b23888b276ca25f2bb5f03bc8950358ff588d441.png');
INSERT INTO Cartas VALUES (10268,'Spell','Darek Zabrocki','Uncommon',110268);
INSERT INTO CardName VALUES(10268,"Lodestone Demolition","Magnetitsprengung","Anéantissement magnétique","Demolizione della magnetite","자석 철거","Demolición de calamita","磁石爆破","磁石爆破","Магнитное разрушение","Lodestone Demolition","磁鉄鉱による破壊","Lodestone Demolition","Lodestone Demolition","Lodestone Demolition","Lodestone Demolition","Lodestone Demolition","Lodestone Demolition","Lodestone Demolition","Lodestone Demolition","Lodestone Demolition","Lodestone Demolition","Lodestone Demolition","Magnetita da Demolição","Lodestone Demolition","Lodestone Demolition","Lodestone Demolition","Demolición de calamita","Lodestone Demolition");
INSERT INTO LargeImage VALUES(10268,'https://steamcdn-a.akamaihd.net/apps/583950/icons/set01/10268_large_english.21ecc3db4a25f6636c3159d35ba49c353431c94f.png','https://steamcdn-a.akamaihd.net/apps/583950/icons/set01/10268_large_german.55f622576c4a868d50a5b6596bb6874a4e5350c1.png','https://steamcdn-a.akamaihd.net/apps/583950/icons/set01/10268_large_french.df1776a6202d71bcbde198fc9f9c37dbae027d25.png','https://steamcdn-a.akamaihd.net/apps/583950/icons/set01/10268_large_italian.0624ad3f5661bd7fc745d0cff7b339a5d24fce16.png','https://steamcdn-a.akamaihd.net/apps/583950/icons/set01/10268_large_koreana.8ac34ac2acccb364b3d528c13bed57544307abc5.png','https://steamcdn-a.akamaihd.net/apps/583950/icons/set01/10268_large_spanish.58a06c9f727f8bd38d1908ad44c73247ab1c3349.png','https://steamcdn-a.akamaihd.net/apps/583950/icons/set01/10268_large_schinese.44e868fae82b62548bedd60758780b7db255859f.png','https://steamcdn-a.akamaihd.net/apps/583950/icons/set01/10268_large_tchinese.61858e22a92e7015a8349aca357b7b3b3a7beee1.png','https://steamcdn-a.akamaihd.net/apps/583950/icons/set01/10268_large_russian.2f51f82072a125e58d63e68337260abd66de590b.png','https://steamcdn-a.akamaihd.net/apps/583950/icons/set01/10268_large_japanese.45ed655983b54d3843c4a8d7d2db83ca189c1d7f.png','https://steamcdn-a.akamaihd.net/apps/583950/icons/set01/10268_large_brazilian.f2fffab0d85bddd247a32cd2c80d6a8c8c1e3ba4.png','https://steamcdn-a.akamaihd.net/apps/583950/icons/set01/10268_large_latam.9eafbc1ff132ab5314e688e168ea676197c6aa0a.png');
INSERT INTO Cartas VALUES (10270,'Spell','Kieran Yanner','Common',110270);
INSERT INTO CardName VALUES(10270,"Grazing Shot","Streifschuss","Tir écorcheur","Colpo di striscio","스치는 사격","Tiro rasante","擦肩之矢","擦肩之矢","Настильный огонь","Grazing Shot","かすり弾","Grazing Shot","Grazing Shot","Grazing Shot","Grazing Shot","Grazing Shot","Grazing Shot","Grazing Shot","Grazing Shot","Grazing Shot","Grazing Shot","Grazing Shot","Disparo Resvalante","Grazing Shot","Grazing Shot","Grazing Shot","Tiro rasante","Grazing Shot");
INSERT INTO LargeImage VALUES(10270,'https://steamcdn-a.akamaihd.net/apps/583950/icons/set01/10270_large_english.f0a76224de3f36c7d279d288a89dc985e19f591b.png','https://steamcdn-a.akamaihd.net/apps/583950/icons/set01/10270_large_german.91ac6a629e012f3bb6013369049f619ebe956d34.png','https://steamcdn-a.akamaihd.net/apps/583950/icons/set01/10270_large_french.9f6a531a69bf0386bad383ccd3e6464162eb755c.png','https://steamcdn-a.akamaihd.net/apps/583950/icons/set01/10270_large_italian.4a22976e91b9fc47f43ff8e5166731f41ead7388.png','https://steamcdn-a.akamaihd.net/apps/583950/icons/set01/10270_large_koreana.25eeeb0cef4218ae0688d1fa36d58cb42ca097f2.png','https://steamcdn-a.akamaihd.net/apps/583950/icons/set01/10270_large_spanish.7d69ca0fef6d6562c537a089050e75ed8a4b034e.png','https://steamcdn-a.akamaihd.net/apps/583950/icons/set01/10270_large_schinese.e0df96cbbc18c537f910077cc8b1f15e7af9e079.png','https://steamcdn-a.akamaihd.net/apps/583950/icons/set01/10270_large_tchinese.1ced2a6c72b7a476928b6f0fba31d84657cd0e62.png','https://steamcdn-a.akamaihd.net/apps/583950/icons/set01/10270_large_russian.93da30f23bd8682b9cf9033b4eb9fd17f32fd006.png','https://steamcdn-a.akamaihd.net/apps/583950/icons/set01/10270_large_japanese.ca8fef6210842e444a7d34a7d1c27ac11fcf4907.png','https://steamcdn-a.akamaihd.net/apps/583950/icons/set01/10270_large_brazilian.c4616e9124f268316ede7de2530727a7306cf0e0.png','https://steamcdn-a.akamaihd.net/apps/583950/icons/set01/10270_large_latam.3627f0750f4ebfeafb0dd262fe33678c4856d785.png');
INSERT INTO Cartas VALUES (10273,'Spell','Daarken','Common',110273);
INSERT INTO CardName VALUES(10273,"Hip Fire","Hüftschuss","Tir à l'aveugle","Colpo impreciso","비조준 사격","Tiro rápido","腰射","腰射","Выстрел от бедра","Hip Fire","腰撃ち","Hip Fire","Hip Fire","Hip Fire","Hip Fire","Hip Fire","Hip Fire","Hip Fire","Hip Fire","Hip Fire","Hip Fire","Hip Fire","Disparo a Esmo","Hip Fire","Hip Fire","Hip Fire","Tiro rápido","Hip Fire");
INSERT INTO LargeImage VALUES(10273,'https://steamcdn-a.akamaihd.net/apps/583950/icons/set01/10273_large_english.5173e2b6964d4b49ed7c6bb7c1a53f6805a86f2a.png','https://steamcdn-a.akamaihd.net/apps/583950/icons/set01/10273_large_german.bf1f35b101aa569d4975bbc1296f1ad1eed1c270.png','https://steamcdn-a.akamaihd.net/apps/583950/icons/set01/10273_large_french.c413b5d8aa4b1c91e50f6b1beba67fd5615aed60.png','https://steamcdn-a.akamaihd.net/apps/583950/icons/set01/10273_large_italian.90bc689f380572ce821489bca9223cc0fd0500e9.png','https://steamcdn-a.akamaihd.net/apps/583950/icons/set01/10273_large_koreana.93a954f6843a2e9b22ddb887ab07dd677b0eac01.png','https://steamcdn-a.akamaihd.net/apps/583950/icons/set01/10273_large_spanish.69279e4105f88fc627b0cc0ec87eb904b3c31a52.png','https://steamcdn-a.akamaihd.net/apps/583950/icons/set01/10273_large_schinese.d0cf7d65485bf14ac19e48144355d327afdf9ac3.png','https://steamcdn-a.akamaihd.net/apps/583950/icons/set01/10273_large_tchinese.b046d88797cf7811fd842aec35d4c2959e647836.png','https://steamcdn-a.akamaihd.net/apps/583950/icons/set01/10273_large_russian.278b60b84e9da7b11764c898cfb4ca9e39e196ef.png','https://steamcdn-a.akamaihd.net/apps/583950/icons/set01/10273_large_japanese.07e8034d1c1aa3f5e07084f9ea019b395a47cb5d.png','https://steamcdn-a.akamaihd.net/apps/583950/icons/set01/10273_large_brazilian.d60c09feabc42b8521ae1bdee3e4434191415533.png','https://steamcdn-a.akamaihd.net/apps/583950/icons/set01/10273_large_latam.d85de5457625bd5da187065df9de9563c19ddbeb.png');
INSERT INTO Cartas VALUES (10295,'Spell','Alix Branwyn','Common',110295);
INSERT INTO CardName VALUES(10295,"Arcane Censure","Arkane Zensur","Censure arcanique","Censura arcana","신비의 질책","Censura arcana","奥术谴责","奧術譴責","Порицание колдовства","Arcane Censure","秘術の糾弾","Arcane Censure","Arcane Censure","Arcane Censure","Arcane Censure","Arcane Censure","Arcane Censure","Arcane Censure","Arcane Censure","Arcane Censure","Arcane Censure","Arcane Censure","Coerção Arcana","Arcane Censure","Arcane Censure","Arcane Censure","Censura arcana","Arcane Censure");
INSERT INTO LargeImage VALUES(10295,'https://steamcdn-a.akamaihd.net/apps/583950/icons/set01/10295_large_english.f5bd5e4e7749b085d35e5dd0d9f59e335f0646af.png','https://steamcdn-a.akamaihd.net/apps/583950/icons/set01/10295_large_german.8db9a9f263a48d8ffd928d0f993aba9a4ef77b02.png','https://steamcdn-a.akamaihd.net/apps/583950/icons/set01/10295_large_french.7b45603f6d06ade449235d4117621efa51fbc20c.png','https://steamcdn-a.akamaihd.net/apps/583950/icons/set01/10295_large_italian.55dd5f7f0bd9042e2186377ab50db765efddc8f7.png','https://steamcdn-a.akamaihd.net/apps/583950/icons/set01/10295_large_koreana.bfd034fbe0c93ac204a049de3ce23b53ac5ecaba.png','https://steamcdn-a.akamaihd.net/apps/583950/icons/set01/10295_large_spanish.2ab422efed04d9607d5b62194b008e2b480dccaf.png','https://steamcdn-a.akamaihd.net/apps/583950/icons/set01/10295_large_schinese.cdda641ed1d75740842d4d1fea2f2eaeb6085c7b.png','https://steamcdn-a.akamaihd.net/apps/583950/icons/set01/10295_large_tchinese.e8c6492f6772f25da12376fdf497babf91dc0e36.png','https://steamcdn-a.akamaihd.net/apps/583950/icons/set01/10295_large_russian.d0ccf957c1472fc37afe68e5387c6578340aec8f.png','https://steamcdn-a.akamaihd.net/apps/583950/icons/set01/10295_large_japanese.ff7b0870502038d9197788204a3c320cb4f27a1b.png','https://steamcdn-a.akamaihd.net/apps/583950/icons/set01/10295_large_brazilian.55a74593d795df311e9acb24183ff682e3fcc1a2.png','https://steamcdn-a.akamaihd.net/apps/583950/icons/set01/10295_large_latam.445a79c4e0a2a482681674cb8f1e001ed4332234.png');
INSERT INTO Cartas VALUES (10297,'Spell','Bayard Wu','Common',110297);
INSERT INTO CardName VALUES(10297,"Defensive Stance","Verteidigungshaltung","Posture défensive","Posizione difensiva","방어 태세","Posición defensiva","防御架势","防禦架勢","Защитная стойка","Defensive Stance","防御体勢","Defensive Stance","Defensive Stance","Defensive Stance","Defensive Stance","Defensive Stance","Defensive Stance","Defensive Stance","Defensive Stance","Defensive Stance","Defensive Stance","Defensive Stance","Postura Defensiva","Defensive Stance","Defensive Stance","Defensive Stance","Posición defensiva","Defensive Stance");
INSERT INTO LargeImage VALUES(10297,'https://steamcdn-a.akamaihd.net/apps/583950/icons/set01/10297_large_english.d98b3a597fe54ab8787d764432a8e9ce4f5a6a8d.png','https://steamcdn-a.akamaihd.net/apps/583950/icons/set01/10297_large_german.ad8b1336ad8fb88e18913a758e5b5b9fc50d1c77.png','https://steamcdn-a.akamaihd.net/apps/583950/icons/set01/10297_large_french.c67128e484dc9c4b293c820e0b95723ad3d1176b.png','https://steamcdn-a.akamaihd.net/apps/583950/icons/set01/10297_large_italian.7ace075dbe66fcb9c46538e34879dfc4c1c9cc4d.png','https://steamcdn-a.akamaihd.net/apps/583950/icons/set01/10297_large_koreana.3e17a3f331b0e304a3c53b7b4aa517c3568e7777.png','https://steamcdn-a.akamaihd.net/apps/583950/icons/set01/10297_large_spanish.e4049664a801c6191bc0ee1794532e4bde570811.png','https://steamcdn-a.akamaihd.net/apps/583950/icons/set01/10297_large_schinese.b8d474b13492fbf59446f2326ae89297d0a7481d.png','https://steamcdn-a.akamaihd.net/apps/583950/icons/set01/10297_large_tchinese.7850e1cdaaa9757630360c120474cc501d2955ec.png','https://steamcdn-a.akamaihd.net/apps/583950/icons/set01/10297_large_russian.9c3ac191bc01646a34af21e065f9a5e83a0ab28a.png','https://steamcdn-a.akamaihd.net/apps/583950/icons/set01/10297_large_japanese.c4f3fbc9e64da82cd815eb2be00dfbe71adb21f9.png','https://steamcdn-a.akamaihd.net/apps/583950/icons/set01/10297_large_brazilian.6745b98166ef98fdd206c264d078653e4f93e6bc.png','https://steamcdn-a.akamaihd.net/apps/583950/icons/set01/10297_large_latam.cea10d1d8629023b704703ce4713790f55c08911.png');
INSERT INTO Cartas VALUES (10298,'Spell','JiHun Lee','Uncommon',110298);
INSERT INTO CardName VALUES(10298,"Lost in Time","Verloren in der Zeit","Perdu dans le temps","Persi nel tempo","잃어버린 시간 속으로","Perdido en el tiempo","迷失时空","迷失時空","Затерянные во времени","Lost in Time","時に埋もれる","Lost in Time","Lost in Time","Lost in Time","Lost in Time","Lost in Time","Lost in Time","Lost in Time","Lost in Time","Lost in Time","Lost in Time","Lost in Time","Perdido no Tempo","Lost in Time","Lost in Time","Lost in Time","Perdido en el tiempo","Lost in Time");
INSERT INTO LargeImage VALUES(10298,'https://steamcdn-a.akamaihd.net/apps/583950/icons/set01/10298_large_english.55733a73900f04017d7aa15ac1d55e7cd24f8827.png','https://steamcdn-a.akamaihd.net/apps/583950/icons/set01/10298_large_german.f67f3d42792e801d5245c91a3c65721130e49c23.png','https://steamcdn-a.akamaihd.net/apps/583950/icons/set01/10298_large_french.e077e2199d8f2c65f9e2439b4a07a7e31521162f.png','https://steamcdn-a.akamaihd.net/apps/583950/icons/set01/10298_large_italian.fc7a7f85912e6a38df2b6c7fdc1d823c08666c93.png','https://steamcdn-a.akamaihd.net/apps/583950/icons/set01/10298_large_koreana.6ee5d0b8aeef42ac40a6e27ae87f305a443d7596.png','https://steamcdn-a.akamaihd.net/apps/583950/icons/set01/10298_large_spanish.2510297a4a96f47eb719195ff237ed64ae52d474.png','https://steamcdn-a.akamaihd.net/apps/583950/icons/set01/10298_large_schinese.45814497c45b152448af2e27a0edbd72a7472aeb.png','https://steamcdn-a.akamaihd.net/apps/583950/icons/set01/10298_large_tchinese.c090dcf9d0323290dc2d5af54b8dccbc897b29c2.png','https://steamcdn-a.akamaihd.net/apps/583950/icons/set01/10298_large_russian.d4183a385585e6397b596b88917ac2d40a8a3316.png','https://steamcdn-a.akamaihd.net/apps/583950/icons/set01/10298_large_japanese.e7e7b535d280a54f6c384ded58095d3120167639.png','https://steamcdn-a.akamaihd.net/apps/583950/icons/set01/10298_large_brazilian.9fc3d4c048eefd05e44b6dc02d03b5a7fe6bc41e.png','https://steamcdn-a.akamaihd.net/apps/583950/icons/set01/10298_large_latam.8a0dea5ec654a3019e75d7516a9d0ee378c41e75.png');
INSERT INTO Cartas VALUES (10299,'Spell','Svetlin Velinov','Uncommon',110299);
INSERT INTO CardName VALUES(10299,"Defend the Weak","Die Schwachen verteidigen","Défense des faibles","Difesa dei deboli","약자 방어","Defensor de los débiles","捍卫弱者","捍衛弱者","Защитник слабых","Defend the Weak","弱者の防衛","Defend the Weak","Defend the Weak","Defend the Weak","Defend the Weak","Defend the Weak","Defend the Weak","Defend the Weak","Defend the Weak","Defend the Weak","Defend the Weak","Defend the Weak","Defendam os Fracos","Defend the Weak","Defend the Weak","Defend the Weak","Defensor de los débiles","Defend the Weak");
INSERT INTO LargeImage VALUES(10299,'https://steamcdn-a.akamaihd.net/apps/583950/icons/set01/10299_large_english.fe12399319a582b6ec7c6da4df3fdbf110b5e174.png','https://steamcdn-a.akamaihd.net/apps/583950/icons/set01/10299_large_german.347c7629c367030a9bf8537eae9a324c068bbcba.png','https://steamcdn-a.akamaihd.net/apps/583950/icons/set01/10299_large_french.a0b51365c289b09edfd2bd1aa6b3635a72a5060a.png','https://steamcdn-a.akamaihd.net/apps/583950/icons/set01/10299_large_italian.89924c28cbcc35dc1aa47bdf060e9670062da097.png','https://steamcdn-a.akamaihd.net/apps/583950/icons/set01/10299_large_koreana.46fc87cdff2949afec4324b6edd7f4a46c45623e.png','https://steamcdn-a.akamaihd.net/apps/583950/icons/set01/10299_large_spanish.1f1b348f7f7919c1a3794c22931a368e1799bc8f.png','https://steamcdn-a.akamaihd.net/apps/583950/icons/set01/10299_large_schinese.66b51511b9193edaef734acbe2a765048b59193f.png','https://steamcdn-a.akamaihd.net/apps/583950/icons/set01/10299_large_tchinese.7163134f402145113759574a40a4e46023424d34.png','https://steamcdn-a.akamaihd.net/apps/583950/icons/set01/10299_large_russian.b5b2d879a5649ca6514a52d21a6f49d878a4fa24.png','https://steamcdn-a.akamaihd.net/apps/583950/icons/set01/10299_large_japanese.8414c632ea9273dacda5e0e405600e635ce4a0ce.png','https://steamcdn-a.akamaihd.net/apps/583950/icons/set01/10299_large_brazilian.37a56cc7dcd7c8b2d0647eca13533628b52c3c10.png','https://steamcdn-a.akamaihd.net/apps/583950/icons/set01/10299_large_latam.a51fe87343c984c05212b1b51caf0ca826193e01.png');
INSERT INTO Cartas VALUES (10300,'Spell','Magali Villeneuve','Common',110300);
INSERT INTO CardName VALUES(10300,"Combat Training","Kampftraining","Entraînement au combat","Tecniche di combattimento","전투 훈련","Entrenamiento de combate","战斗训练","戰鬥訓練","Обучение бою","Combat Training","戦闘訓練","Combat Training","Combat Training","Combat Training","Combat Training","Combat Training","Combat Training","Combat Training","Combat Training","Combat Training","Combat Training","Combat Training","Treinamento de Combate","Combat Training","Combat Training","Combat Training","Entrenamiento de combate","Combat Training");
INSERT INTO LargeImage VALUES(10300,'https://steamcdn-a.akamaihd.net/apps/583950/icons/set01/10300_large_english.d3e8cc8a874bc0073bebdc559829d98ba5d5fc91.png','https://steamcdn-a.akamaihd.net/apps/583950/icons/set01/10300_large_german.384db5c59759e64aa14a1ac6b570155e55e7ff4e.png','https://steamcdn-a.akamaihd.net/apps/583950/icons/set01/10300_large_french.4ab580bc34f7c79822724594151543ce28bf2681.png','https://steamcdn-a.akamaihd.net/apps/583950/icons/set01/10300_large_italian.561ceadaa299d8c0967838cb1fcc547b037e72ff.png','https://steamcdn-a.akamaihd.net/apps/583950/icons/set01/10300_large_koreana.affc3f9b975098f20ecbe538907a9525a1ba62d8.png','https://steamcdn-a.akamaihd.net/apps/583950/icons/set01/10300_large_spanish.92bb56a6234385a09423bc3d2d1c20a0f86493a2.png','https://steamcdn-a.akamaihd.net/apps/583950/icons/set01/10300_large_schinese.15f0ed396bd600e9e243b4acd85ed2f44232b93b.png','https://steamcdn-a.akamaihd.net/apps/583950/icons/set01/10300_large_tchinese.4893156497289aa3e5889eb5e4ed4e2560782a04.png','https://steamcdn-a.akamaihd.net/apps/583950/icons/set01/10300_large_russian.0e3f5d0f891a608d1eaeb2ebfcacc98e0694496d.png','https://steamcdn-a.akamaihd.net/apps/583950/icons/set01/10300_large_japanese.868b4a6ac525f5e2d3a26a5701831cb29ff5f52c.png','https://steamcdn-a.akamaihd.net/apps/583950/icons/set01/10300_large_brazilian.54e805b60c243fd41c03c94063f1953422c7cc9d.png','https://steamcdn-a.akamaihd.net/apps/583950/icons/set01/10300_large_latam.6668611f6470f91eafbfe8e3099df11ed42591d8.png');
INSERT INTO Cartas VALUES (10302,'Spell','JiHun Lee','Uncommon',110302);
INSERT INTO CardName VALUES(10302,"Self Sabotage","Selbstsabotage","Corruption","Autosabotaggio","자해","Autosabotaje","自我破坏","自我破壞","Диверсия","Self Sabotage","自己破壊的行為","Self Sabotage","Self Sabotage","Self Sabotage","Self Sabotage","Self Sabotage","Self Sabotage","Self Sabotage","Self Sabotage","Self Sabotage","Self Sabotage","Self Sabotage","Autossabotagem","Self Sabotage","Self Sabotage","Self Sabotage","Autosabotaje","Self Sabotage");
INSERT INTO LargeImage VALUES(10302,'https://steamcdn-a.akamaihd.net/apps/583950/icons/set01/10302_large_english.97205289f2cebe3f7d9383e3cc3929457198ce0b.png','https://steamcdn-a.akamaihd.net/apps/583950/icons/set01/10302_large_german.e408bd365686bd1ebadc4583dfea1cf83e38b6a9.png','https://steamcdn-a.akamaihd.net/apps/583950/icons/set01/10302_large_french.7135a9f54e857dbb6834d7c7ec5e66a94922b9ae.png','https://steamcdn-a.akamaihd.net/apps/583950/icons/set01/10302_large_italian.ba3dc7bfe56cf7f87da13aa91f423fd17a590012.png','https://steamcdn-a.akamaihd.net/apps/583950/icons/set01/10302_large_koreana.458500859d633d570dee3bd9f04ec5acf6755415.png','https://steamcdn-a.akamaihd.net/apps/583950/icons/set01/10302_large_spanish.33e3b6766fcbc93cc117a4844924abefea40b7d0.png','https://steamcdn-a.akamaihd.net/apps/583950/icons/set01/10302_large_schinese.e7c77aa2f48a6cdc3ff05b31b3a322a143a8cc03.png','https://steamcdn-a.akamaihd.net/apps/583950/icons/set01/10302_large_tchinese.19760745f9449d9463dd03c2e4be71f1464b8cef.png','https://steamcdn-a.akamaihd.net/apps/583950/icons/set01/10302_large_russian.68016d47c41c27781f34a9dfff53d86ebe15a742.png','https://steamcdn-a.akamaihd.net/apps/583950/icons/set01/10302_large_japanese.6d5c180a52e4ec8a7e1c01bc45a252bbd79ca18d.png','https://steamcdn-a.akamaihd.net/apps/583950/icons/set01/10302_large_brazilian.cd519fda81a730cefe3ee6f3efd569289c7e018c.png','https://steamcdn-a.akamaihd.net/apps/583950/icons/set01/10302_large_latam.58e68861d135311b19554a5ce5b7270108918e56.png');
INSERT INTO Cartas VALUES (10303,'Spell','Forrest Imel','Common',110303);
INSERT INTO CardName VALUES(10303,"Bellow","Brüllen","Hurlement","Urlo","호령","Gruñido","喝斥","喝斥","Устрашающий рык","Bellow","とどろく叫び","Bellow","Bellow","Bellow","Bellow","Bellow","Bellow","Bellow","Bellow","Bellow","Bellow","Bellow","Rugido","Bellow","Bellow","Bellow","Gruñido","Bellow");
INSERT INTO LargeImage VALUES(10303,'https://steamcdn-a.akamaihd.net/apps/583950/icons/set01/10303_large_english.a1e0b07ea8a9b42189473b581ede11588206ff88.png','https://steamcdn-a.akamaihd.net/apps/583950/icons/set01/10303_large_german.229975624caf85e4bd436204c1b10c7b3c33a974.png','https://steamcdn-a.akamaihd.net/apps/583950/icons/set01/10303_large_french.45c42243422e04896a5dadcac3f317f07bf73cce.png','https://steamcdn-a.akamaihd.net/apps/583950/icons/set01/10303_large_italian.ef461b47f6e13e7753eb047dc50c60a6f0fbf349.png','https://steamcdn-a.akamaihd.net/apps/583950/icons/set01/10303_large_koreana.09a155ea5576a74cfe74cfa650c8c3436411a104.png','https://steamcdn-a.akamaihd.net/apps/583950/icons/set01/10303_large_spanish.4eedda7ba679fe697bcdbab2749b68607c9e20ce.png','https://steamcdn-a.akamaihd.net/apps/583950/icons/set01/10303_large_schinese.d057ec80da9b702d91e72dc4b516cbd7ebffdcff.png','https://steamcdn-a.akamaihd.net/apps/583950/icons/set01/10303_large_tchinese.74985bb5d6823efeee22c3f917a7306bd10efa88.png','https://steamcdn-a.akamaihd.net/apps/583950/icons/set01/10303_large_russian.f11696b1fbd5187774f6ae5f3c3e163d71b0bf02.png','https://steamcdn-a.akamaihd.net/apps/583950/icons/set01/10303_large_japanese.f616907530bf0c32ba85d2845e1ab25da5782af7.png','https://steamcdn-a.akamaihd.net/apps/583950/icons/set01/10303_large_brazilian.a925a29cbde584c276d4377dbce99a3dfdaad248.png','https://steamcdn-a.akamaihd.net/apps/583950/icons/set01/10303_large_latam.a6dc6cb8facb04fd449e59eb828be42b1461208d.png');
INSERT INTO Cartas VALUES (10305,'Spell','Mike Azevedo','Rare',110305);
INSERT INTO CardName VALUES(10305,"Raze","Kahlschlag","Dévastation","Radi al suolo","휩쓸기","Arrasamejoras","全面拆除","全面拆除","Опустошение","Raze","徹底破壊","Raze","Raze","Raze","Raze","Raze","Raze","Raze","Raze","Raze","Raze","Raze","Arrasar","Raze","Raze","Raze","Estrago","Raze");
INSERT INTO LargeImage VALUES(10305,'https://steamcdn-a.akamaihd.net/apps/583950/icons/set01/10305_large_english.6328f3740cf96cb4deb53b9be77740125eb18602.png','https://steamcdn-a.akamaihd.net/apps/583950/icons/set01/10305_large_german.32fb23538d9e5cf99712f8cf20fa88404d7b4a2b.png','https://steamcdn-a.akamaihd.net/apps/583950/icons/set01/10305_large_french.102ef64927b08f6887dd7a8212f63ae17452deaf.png','https://steamcdn-a.akamaihd.net/apps/583950/icons/set01/10305_large_italian.a560c2bb651b857a14556e4b8a6e1631b529c0d7.png','https://steamcdn-a.akamaihd.net/apps/583950/icons/set01/10305_large_koreana.7f8eaf7bb5ec262dfcb8b14a71369d45dddc17aa.png','https://steamcdn-a.akamaihd.net/apps/583950/icons/set01/10305_large_spanish.addf5f83b55363f7d8758ca26900631907ab12e9.png','https://steamcdn-a.akamaihd.net/apps/583950/icons/set01/10305_large_schinese.98266c3939996428c4d572f520dfb649d2905987.png','https://steamcdn-a.akamaihd.net/apps/583950/icons/set01/10305_large_tchinese.4377d1823ac0a0fdf06cc797c3c86d306293bc6f.png','https://steamcdn-a.akamaihd.net/apps/583950/icons/set01/10305_large_russian.c4509ab824d12351cef18f602a19723cfc736afe.png','https://steamcdn-a.akamaihd.net/apps/583950/icons/set01/10305_large_japanese.f7b881a7fcf5ed593c5a136082c84e1e55c20ef7.png','https://steamcdn-a.akamaihd.net/apps/583950/icons/set01/10305_large_brazilian.fae420f9cfcb9f79c2d7a5dab4b26cd5397b4dba.png','https://steamcdn-a.akamaihd.net/apps/583950/icons/set01/10305_large_latam.d8574e598e85e9eb50cb686ecb434eaa0e688e73.png');
INSERT INTO Cartas VALUES (10306,'Spell','JiHun Lee','Uncommon',110306);
INSERT INTO CardName VALUES(10306,"Smash Their Defenses!","Zerstört ihre Verteidigungen!","Brisez leurs défenses !","Schiaccia le loro difese!","방어선 돌파!","¡Defensas debilitadas!","粉碎防御！","粉碎防禦！","Сокрушить оборону!","Smash Their Defenses!","防衛網の粉砕","Smash Their Defenses!","Smash Their Defenses!","Smash Their Defenses!","Smash Their Defenses!","Smash Their Defenses!","Smash Their Defenses!","Smash Their Defenses!","Smash Their Defenses!","Smash Their Defenses!","Smash Their Defenses!","Smash Their Defenses!","Destruam as Defesas!","Smash Their Defenses!","Smash Their Defenses!","Smash Their Defenses!","¡Defensas debilitadas!","Smash Their Defenses!");
INSERT INTO LargeImage VALUES(10306,'https://steamcdn-a.akamaihd.net/apps/583950/icons/set01/10306_large_english.d6697f8b55be3e9f61662553085fa98515fb419c.png','https://steamcdn-a.akamaihd.net/apps/583950/icons/set01/10306_large_german.86dd2a97bad332fa3ad7890a0220b4b088e104fc.png','https://steamcdn-a.akamaihd.net/apps/583950/icons/set01/10306_large_french.c61ed6ee57d0c03ef12205af08d6c7d497ab502c.png','https://steamcdn-a.akamaihd.net/apps/583950/icons/set01/10306_large_italian.b619d74a12292bbdc9d8b2cee8c9de848bdabcf1.png','https://steamcdn-a.akamaihd.net/apps/583950/icons/set01/10306_large_koreana.20bffbd286b7bb450069ab36e57c221c2a934e5f.png','https://steamcdn-a.akamaihd.net/apps/583950/icons/set01/10306_large_spanish.6fa6b2c75fcf497611bd99a61cfeaa1d4adb8959.png','https://steamcdn-a.akamaihd.net/apps/583950/icons/set01/10306_large_schinese.d3b01bd635dec9ab221ad34d988d68ba05b3f323.png','https://steamcdn-a.akamaihd.net/apps/583950/icons/set01/10306_large_tchinese.d9827a7092a0831ec80c2a072f211135b91b479f.png','https://steamcdn-a.akamaihd.net/apps/583950/icons/set01/10306_large_russian.4b0bb4a90a9bbc871cec07f7b863bdfe5f5e4638.png','https://steamcdn-a.akamaihd.net/apps/583950/icons/set01/10306_large_japanese.40c286ebc1fb62108d6eddb9edf45f0c8355c93a.png','https://steamcdn-a.akamaihd.net/apps/583950/icons/set01/10306_large_brazilian.c070237d841033b7cf3be6e62b5ec86e07f0c102.png','https://steamcdn-a.akamaihd.net/apps/583950/icons/set01/10306_large_latam.9e67e925cd64b713a53778ee21df3e936ab52971.png');
INSERT INTO Cartas VALUES (10307,'Spell','Magali Villeneuve','Common',110307);
INSERT INTO CardName VALUES(10307,"Foresight","Voraussicht","Prévoyance","Preveggenza","예지","Previsión","先见之明","先見之明","Предвидение","Foresight","予見","Foresight","Foresight","Foresight","Foresight","Foresight","Foresight","Foresight","Foresight","Foresight","Foresight","Foresight","Previsão","Foresight","Foresight","Foresight","Previsión","Foresight");
INSERT INTO LargeImage VALUES(10307,'https://steamcdn-a.akamaihd.net/apps/583950/icons/set01/10307_large_english.9c82bc810eeb460221096379f4bb88e391769813.png','https://steamcdn-a.akamaihd.net/apps/583950/icons/set01/10307_large_german.dff7502ef9f0933f741c954b14c57984e92ac4c9.png','https://steamcdn-a.akamaihd.net/apps/583950/icons/set01/10307_large_french.06d04ca54f26af92e529638166be53f3cdbb5b50.png','https://steamcdn-a.akamaihd.net/apps/583950/icons/set01/10307_large_italian.b65028b3f619bdd6189074a474be586576d0895a.png','https://steamcdn-a.akamaihd.net/apps/583950/icons/set01/10307_large_koreana.233131892a68712d464a45a560a09e93fea072d2.png','https://steamcdn-a.akamaihd.net/apps/583950/icons/set01/10307_large_spanish.7014e696d963381b70533d5dfa390fef0350c1f1.png','https://steamcdn-a.akamaihd.net/apps/583950/icons/set01/10307_large_schinese.86197094ed89d678f39595bbf5944bf9d4b3258c.png','https://steamcdn-a.akamaihd.net/apps/583950/icons/set01/10307_large_tchinese.b3b1f0712af0d756616e79819774578e60b9804c.png','https://steamcdn-a.akamaihd.net/apps/583950/icons/set01/10307_large_russian.1e1fa7fbcc082ed329f0cd84b9accad398833080.png','https://steamcdn-a.akamaihd.net/apps/583950/icons/set01/10307_large_japanese.16c75009970968c0e892a1c29bfb69e5bf3f4699.png','https://steamcdn-a.akamaihd.net/apps/583950/icons/set01/10307_large_brazilian.34ce8cd1c9dc48af3e733b1e8fe621f60fd95850.png','https://steamcdn-a.akamaihd.net/apps/583950/icons/set01/10307_large_latam.1f36ae0ffbf418b2a52cb578d052bdacc0d2c94b.png');
INSERT INTO Cartas VALUES (10310,'Creep','Mark Winters','Uncommon',110310);
INSERT INTO CardName VALUES(10310,"Oglodi Catapult","Oglodi-Katapult","Catapulte oglodie","Catapulta Oglodi","오글로디 투석기","Catapulta Oglodi","高地人投石器","歐格羅迪投石器","Катапульта оглоди","Oglodi Catapult","オグローディの投石機","Oglodi Catapult","Oglodi Catapult","Oglodi Catapult","Oglodi Catapult","Oglodi Catapult","Oglodi Catapult","Oglodi Catapult","Oglodi Catapult","Oglodi Catapult","Oglodi Catapult","Oglodi Catapult","Catapulta dos Oglodi","Oglodi Catapult","Oglodi Catapult","Oglodi Catapult","Catapulta Oglodi","Oglodi Catapult");
INSERT INTO LargeImage VALUES(10310,'https://steamcdn-a.akamaihd.net/apps/583950/icons/set01/10310_large_english.1d56b51b9028224db6ff6edb421fe4026d87ec12.png','https://steamcdn-a.akamaihd.net/apps/583950/icons/set01/10310_large_german.3fda789eebfc590da938eb50fed332a8b0c97868.png','https://steamcdn-a.akamaihd.net/apps/583950/icons/set01/10310_large_french.768d04efe1ddf3cc94396b6a93c25e7ce2878db6.png','https://steamcdn-a.akamaihd.net/apps/583950/icons/set01/10310_large_italian.3d42f8e69ebebed85869ccb855ebfd2666ddfefc.png','https://steamcdn-a.akamaihd.net/apps/583950/icons/set01/10310_large_koreana.cd97381418acab462be7f83ba0b561540f68cd0b.png','https://steamcdn-a.akamaihd.net/apps/583950/icons/set01/10310_large_spanish.0dbedcf80a21d0f4fb39d0c34b2279ef7f107504.png','https://steamcdn-a.akamaihd.net/apps/583950/icons/set01/10310_large_schinese.4c96f8511d905efd3809e9fe183feed6e5f40102.png','https://steamcdn-a.akamaihd.net/apps/583950/icons/set01/10310_large_tchinese.6986621985e664656a8618bdbaa546659f65722f.png','https://steamcdn-a.akamaihd.net/apps/583950/icons/set01/10310_large_russian.fb36c68d83bd22d356c69c0c7aadaa930f43ecd7.png','https://steamcdn-a.akamaihd.net/apps/583950/icons/set01/10310_large_japanese.c9bcaecbda6310f0258d0584180cc40617f7917d.png','https://steamcdn-a.akamaihd.net/apps/583950/icons/set01/10310_large_brazilian.4279b38304007105692c08fc1996a9eee25671bd.png','https://steamcdn-a.akamaihd.net/apps/583950/icons/set01/10310_large_latam.7341f525b13a7366cdc741d136d7fa01dba1ff5d.png');
INSERT INTO Cartas VALUES (10311,'Spell','Robert Simon','Common',110311);
INSERT INTO CardName VALUES(10311,"Arm the Rebellion","Bewaffnet die Rebellion","Armer la rébellion","Arma la ribellione","반란군 무장","¡Por la rebelión!","武装叛军","武裝叛軍","К оружию!","Arm the Rebellion","反乱軍の武装化","Arm the Rebellion","Arm the Rebellion","Arm the Rebellion","Arm the Rebellion","Arm the Rebellion","Arm the Rebellion","Arm the Rebellion","Arm the Rebellion","Arm the Rebellion","Arm the Rebellion","Arm the Rebellion","Armar a Rebelião","Arm the Rebellion","Arm the Rebellion","Arm the Rebellion","¡Por la rebelión!","Arm the Rebellion");
INSERT INTO LargeImage VALUES(10311,'https://steamcdn-a.akamaihd.net/apps/583950/icons/set01/10311_large_english.e6e073300e8677f274d06c608471511dd68d9357.png','https://steamcdn-a.akamaihd.net/apps/583950/icons/set01/10311_large_german.f40d63011fa614fdee3569848d1b6af18d8333f8.png','https://steamcdn-a.akamaihd.net/apps/583950/icons/set01/10311_large_french.cabad6f1a10eb08c8fc15bdfc2827bbc72c95df5.png','https://steamcdn-a.akamaihd.net/apps/583950/icons/set01/10311_large_italian.528162bae932ef8de4bf25860bea77f015185684.png','https://steamcdn-a.akamaihd.net/apps/583950/icons/set01/10311_large_koreana.9822b10d95552192f8fe2ded1e41507a9b031993.png','https://steamcdn-a.akamaihd.net/apps/583950/icons/set01/10311_large_spanish.16d553a1de511ff2366880653d5c42a421f75d3e.png','https://steamcdn-a.akamaihd.net/apps/583950/icons/set01/10311_large_schinese.6939a1b6ebcacff649612b2ac906e9441b4a898e.png','https://steamcdn-a.akamaihd.net/apps/583950/icons/set01/10311_large_tchinese.e570e1594f9f92e48855a837d8352c6f6993cd70.png','https://steamcdn-a.akamaihd.net/apps/583950/icons/set01/10311_large_russian.45db5650cff67868e5b6e2e0964234f2aea1e2fc.png','https://steamcdn-a.akamaihd.net/apps/583950/icons/set01/10311_large_japanese.d8628aaa0ad4a4ed719f70bf6f46d29eb4187785.png','https://steamcdn-a.akamaihd.net/apps/583950/icons/set01/10311_large_brazilian.c419a446c16019e2d4aff54501cc2686da92182d.png','https://steamcdn-a.akamaihd.net/apps/583950/icons/set01/10311_large_latam.85fd78e9ecd6b33f1e63d38a042c479b9f0d2063.png');
INSERT INTO Cartas VALUES (10312,'Spell','Daarken','Common',110312);
INSERT INTO CardName VALUES(10312,"Strafing Run","Rasanter Angriff","Mitraillage","Corsa laterale","전방위 난사","Ofensiva multiataque","低空扫射","低空掃射","Небесный шквал","Strafing Run","掃射攻撃","Strafing Run","Strafing Run","Strafing Run","Strafing Run","Strafing Run","Strafing Run","Strafing Run","Strafing Run","Strafing Run","Strafing Run","Strafing Run","Ataque Abrangente","Strafing Run","Strafing Run","Strafing Run","Ofensiva multiataque","Strafing Run");
INSERT INTO LargeImage VALUES(10312,'https://steamcdn-a.akamaihd.net/apps/583950/icons/set01/10312_large_english.79d0ac03da1fd341b9542326bb3bfb2a525c90cd.png','https://steamcdn-a.akamaihd.net/apps/583950/icons/set01/10312_large_german.6aab6ac09633560556c008b908f41f1215ea9d89.png','https://steamcdn-a.akamaihd.net/apps/583950/icons/set01/10312_large_french.846b93860f12bf0d8269c286a3a360bf5f6bbf2e.png','https://steamcdn-a.akamaihd.net/apps/583950/icons/set01/10312_large_italian.4b10210a87442419e9de09d1dcb3cce844d602b4.png','https://steamcdn-a.akamaihd.net/apps/583950/icons/set01/10312_large_koreana.d0e1af37182af264eb57c6339574207dbba1f24b.png','https://steamcdn-a.akamaihd.net/apps/583950/icons/set01/10312_large_spanish.bdfe10f56a6663b03919eee97c2ffafa3c2e3170.png','https://steamcdn-a.akamaihd.net/apps/583950/icons/set01/10312_large_schinese.b749a030054b445c7413d4122dbef0bdc3382f10.png','https://steamcdn-a.akamaihd.net/apps/583950/icons/set01/10312_large_tchinese.e20fe1d25252bbd4f9a6a4d0cdf853157668616c.png','https://steamcdn-a.akamaihd.net/apps/583950/icons/set01/10312_large_russian.e70672fb427eb7e9738ba1aeb9868802c7d92ba4.png','https://steamcdn-a.akamaihd.net/apps/583950/icons/set01/10312_large_japanese.7584935c0ae2c8b87222e9b6ceda63d009da7c4a.png','https://steamcdn-a.akamaihd.net/apps/583950/icons/set01/10312_large_brazilian.51aa318f491940dcb59c0e168570f9355327d5fc.png','https://steamcdn-a.akamaihd.net/apps/583950/icons/set01/10312_large_latam.604dde4cf09533397cd7bd29d0e2a550a4c6262c.png');
INSERT INTO Cartas VALUES (10313,'Spell','Magali Villeneuve','Common',110313);
INSERT INTO CardName VALUES(10313,"Poised to Strike","Bereit zum Angriff","Prêt à frapper","Pronto a colpire","공습 태세","Listo para atacar","如箭在弦","如箭在弦","Готовность к битве","Poised to Strike","攻撃の構え","Poised to Strike","Poised to Strike","Poised to Strike","Poised to Strike","Poised to Strike","Poised to Strike","Poised to Strike","Poised to Strike","Poised to Strike","Poised to Strike","Poised to Strike","Postura de Ataque","Poised to Strike","Poised to Strike","Poised to Strike","Listo para atacar","Poised to Strike");
INSERT INTO LargeImage VALUES(10313,'https://steamcdn-a.akamaihd.net/apps/583950/icons/set01/10313_large_english.eb9a96d881f327c5daf62e2db42b872f60208b4c.png','https://steamcdn-a.akamaihd.net/apps/583950/icons/set01/10313_large_german.71c1240d824a4009ed2c56eeb9c675b1176d8b2e.png','https://steamcdn-a.akamaihd.net/apps/583950/icons/set01/10313_large_french.7b351df492e5cf44e3bca3bda88084e8d5f09756.png','https://steamcdn-a.akamaihd.net/apps/583950/icons/set01/10313_large_italian.1de46bca88bc80d9aca16eb5448d114155bace92.png','https://steamcdn-a.akamaihd.net/apps/583950/icons/set01/10313_large_koreana.333398d53ee7c616266647fb1c70dcb41987eb36.png','https://steamcdn-a.akamaihd.net/apps/583950/icons/set01/10313_large_spanish.86fe0f30a2e44107caf62b0918dd3e21861dbf79.png','https://steamcdn-a.akamaihd.net/apps/583950/icons/set01/10313_large_schinese.5d143973ff78d68e793698d0b60b4328e47061ce.png','https://steamcdn-a.akamaihd.net/apps/583950/icons/set01/10313_large_tchinese.94a5b3f810ad75db349862fa5a47209db509a10c.png','https://steamcdn-a.akamaihd.net/apps/583950/icons/set01/10313_large_russian.08ea540d1dc3bd575493242eb357b09d7c63284e.png','https://steamcdn-a.akamaihd.net/apps/583950/icons/set01/10313_large_japanese.d7310fc96f56d0c62c206915afeae96129ec2821.png','https://steamcdn-a.akamaihd.net/apps/583950/icons/set01/10313_large_brazilian.9c2d1dded1fb557226825059e3401b5441183bd9.png','https://steamcdn-a.akamaihd.net/apps/583950/icons/set01/10313_large_latam.787eac54e06b8c7a499180f2f5d5228b31aeb5fc.png');
INSERT INTO Cartas VALUES (10314,'Spell','Forrest Imel','Uncommon',110314);
INSERT INTO CardName VALUES(10314,"Dirty Deeds","Schmutzige Machenschaften","Méfaits","Cattive azioni","비열한 행동","Golpe sucio","肮脏勾当","骯髒勾當","Грязное дельце","Dirty Deeds","卑劣な行為","Dirty Deeds","Dirty Deeds","Dirty Deeds","Dirty Deeds","Dirty Deeds","Dirty Deeds","Dirty Deeds","Dirty Deeds","Dirty Deeds","Dirty Deeds","Dirty Deeds","Façanhas Escusas","Dirty Deeds","Dirty Deeds","Dirty Deeds","Golpe sucio","Dirty Deeds");
INSERT INTO LargeImage VALUES(10314,'https://steamcdn-a.akamaihd.net/apps/583950/icons/set01/10314_large_english.283e86ef4b377c7f22aa55c0781446d18be4201b.png','https://steamcdn-a.akamaihd.net/apps/583950/icons/set01/10314_large_german.fd85d3c06a2ac9691957276fa96017988f3bef5b.png','https://steamcdn-a.akamaihd.net/apps/583950/icons/set01/10314_large_french.1b529f42c194036854781e665973a4b6d8cd94a2.png','https://steamcdn-a.akamaihd.net/apps/583950/icons/set01/10314_large_italian.04c0cd519b79ed15864c510a4a554127454bba10.png','https://steamcdn-a.akamaihd.net/apps/583950/icons/set01/10314_large_koreana.f157edde16fa0274ca141393a1509923178bab98.png','https://steamcdn-a.akamaihd.net/apps/583950/icons/set01/10314_large_spanish.9cc34f4df6c0623127655de56bb10a44798342a3.png','https://steamcdn-a.akamaihd.net/apps/583950/icons/set01/10314_large_schinese.767b2dbbfa9639fddda9301dc6da4592320892d3.png','https://steamcdn-a.akamaihd.net/apps/583950/icons/set01/10314_large_tchinese.2866f1e308fb24c67887422703372ade960cfd59.png','https://steamcdn-a.akamaihd.net/apps/583950/icons/set01/10314_large_russian.eb0ac625c1f0c4f16ef1c6ede5a83dd6481cfa32.png','https://steamcdn-a.akamaihd.net/apps/583950/icons/set01/10314_large_japanese.23c893b5b6aebdf12c06224da2270694434dbe82.png','https://steamcdn-a.akamaihd.net/apps/583950/icons/set01/10314_large_brazilian.6a7798f11a1813a3e38e8ab5b3012cf7ea63f90f.png','https://steamcdn-a.akamaihd.net/apps/583950/icons/set01/10314_large_latam.edeae80104e92e1e9317fbbc6ef62b79985cb8ac.png');
INSERT INTO Cartas VALUES (10315,'Spell','Titus Lunter','Rare',110315);
INSERT INTO CardName VALUES(10315,"Annihilation","Vernichtung","Annihilation","Annientamento","절멸","Aniquilación","灭绝","滅絕","Истребление","Annihilation","完全抹殺","Annihilation","Annihilation","Annihilation","Annihilation","Annihilation","Annihilation","Annihilation","Annihilation","Annihilation","Annihilation","Annihilation","Aniquilação","Annihilation","Annihilation","Annihilation","Aniquilación","Annihilation");
INSERT INTO LargeImage VALUES(10315,'https://steamcdn-a.akamaihd.net/apps/583950/icons/set01/10315_large_english.35868e547d951637e7e861885e687da942d1f67a.png','https://steamcdn-a.akamaihd.net/apps/583950/icons/set01/10315_large_german.b95bb77c219cad608be47335a49d28242511f1cc.png','https://steamcdn-a.akamaihd.net/apps/583950/icons/set01/10315_large_french.c65feebe15279a0d40c355fbd54653a6701c804c.png','https://steamcdn-a.akamaihd.net/apps/583950/icons/set01/10315_large_italian.cd78f7031d4f6a45959229b7e48d9b9fbf41342a.png','https://steamcdn-a.akamaihd.net/apps/583950/icons/set01/10315_large_koreana.bb24c7fa81108ae34738afde4efe9e6f35916e0f.png','https://steamcdn-a.akamaihd.net/apps/583950/icons/set01/10315_large_spanish.6af79e4a8834095bf4a2f7f97ba3199282cfbee1.png','https://steamcdn-a.akamaihd.net/apps/583950/icons/set01/10315_large_schinese.98cb4fbc908d4a1eeec3f86381599fe31083f609.png','https://steamcdn-a.akamaihd.net/apps/583950/icons/set01/10315_large_tchinese.41dd68e8c37f01a7145e6aed3bee17ba255f572c.png','https://steamcdn-a.akamaihd.net/apps/583950/icons/set01/10315_large_russian.210f9cbba48b5e5359d880fd6094c008cca955a0.png','https://steamcdn-a.akamaihd.net/apps/583950/icons/set01/10315_large_japanese.56c1b2b42303791d4c4148cbcbf6378bff3050db.png','https://steamcdn-a.akamaihd.net/apps/583950/icons/set01/10315_large_brazilian.b8dc19bd9e662c5da44762c6dc5e1f442e8beb07.png','https://steamcdn-a.akamaihd.net/apps/583950/icons/set01/10315_large_latam.67bf79e22042b1d3081c319b179a437bfa7eea6a.png');
INSERT INTO Cartas VALUES (10316,'Spell','Lius Lasahido','Uncommon',110316);
INSERT INTO CardName VALUES(10316,"Spot Weakness","Schwäche erkennen","Point faible","Punto debole","약점 찾기","Punto débil","洞察弱点","洞察弱點","Слабое место","Spot Weakness","弱点発見","Spot Weakness","Spot Weakness","Spot Weakness","Spot Weakness","Spot Weakness","Spot Weakness","Spot Weakness","Spot Weakness","Spot Weakness","Spot Weakness","Spot Weakness","Encontrar Fraqueza","Spot Weakness","Spot Weakness","Spot Weakness","Punto débil","Spot Weakness");
INSERT INTO LargeImage VALUES(10316,'https://steamcdn-a.akamaihd.net/apps/583950/icons/set01/10316_large_english.08cf8dd4274aed67cb288684bd4dc5d20c55ad7f.png','https://steamcdn-a.akamaihd.net/apps/583950/icons/set01/10316_large_german.15f3061d7b865b1108760466b264608c23c1788b.png','https://steamcdn-a.akamaihd.net/apps/583950/icons/set01/10316_large_french.2c6d537b6c611e35dddaaf69675b7716c4cb733d.png','https://steamcdn-a.akamaihd.net/apps/583950/icons/set01/10316_large_italian.571d751956b53756b7bfb00c5b3cce1c2401c547.png','https://steamcdn-a.akamaihd.net/apps/583950/icons/set01/10316_large_koreana.118ef9378f3f95c7d4dd71c3015f1f33472cfc88.png','https://steamcdn-a.akamaihd.net/apps/583950/icons/set01/10316_large_spanish.c187acbfe0e5750987fb078a279a80de6bde3e1c.png','https://steamcdn-a.akamaihd.net/apps/583950/icons/set01/10316_large_schinese.4db8f1958e0aaa633b63690bc6517e0a5fa4c82f.png','https://steamcdn-a.akamaihd.net/apps/583950/icons/set01/10316_large_tchinese.7fdf75aba13ec4462a6ea86d29b006a5d9b8ce1d.png','https://steamcdn-a.akamaihd.net/apps/583950/icons/set01/10316_large_russian.26a6fb784d0be5e03025996d4ed17d339e7165e8.png','https://steamcdn-a.akamaihd.net/apps/583950/icons/set01/10316_large_japanese.d06d4a8a4971a66d927087ce43a417cb8943eba3.png','https://steamcdn-a.akamaihd.net/apps/583950/icons/set01/10316_large_brazilian.8ca15a665b785231c6a1edd3f172e5e5d26c6b24.png','https://steamcdn-a.akamaihd.net/apps/583950/icons/set01/10316_large_latam.569ef3b4645c9f90d7e64c01442cb71b193b7e73.png');
INSERT INTO Cartas VALUES (10317,'Spell','Magali Villeneuve','Rare',110317);
INSERT INTO CardName VALUES(10317,"Curse of Atrophy","Fluch der Verkümmerung","Malédiction d'atrophie","Maledizione dell'atrofia","위축의 저주","Maldición atrofiante","衰退诅咒","衰退詛咒","Проклятие изнурения","Curse of Atrophy","萎縮の呪い","Curse of Atrophy","Curse of Atrophy","Curse of Atrophy","Curse of Atrophy","Curse of Atrophy","Curse of Atrophy","Curse of Atrophy","Curse of Atrophy","Curse of Atrophy","Curse of Atrophy","Curse of Atrophy","Maldição da Atrofia","Curse of Atrophy","Curse of Atrophy","Curse of Atrophy","Maldición atrofiante","Curse of Atrophy");
INSERT INTO LargeImage VALUES(10317,'https://steamcdn-a.akamaihd.net/apps/583950/icons/set01/10317_large_english.1e4fc7f9fb9da3c71c9d73af5b7dd9976b417f1d.png','https://steamcdn-a.akamaihd.net/apps/583950/icons/set01/10317_large_german.d5382b87bb0088e1e3b22a97b114ce622e4d724d.png','https://steamcdn-a.akamaihd.net/apps/583950/icons/set01/10317_large_french.bdf7fb3255717a441bf2f85e4b696094c2364f7e.png','https://steamcdn-a.akamaihd.net/apps/583950/icons/set01/10317_large_italian.db9e5ddb6cc254ae3282cbb5c7624e35cedaaa14.png','https://steamcdn-a.akamaihd.net/apps/583950/icons/set01/10317_large_koreana.8f92761ad3ad3c0187c36a16eeb72ab468eb0cbf.png','https://steamcdn-a.akamaihd.net/apps/583950/icons/set01/10317_large_spanish.49141b6b4809492e741aa69804cb5e4fbad427db.png','https://steamcdn-a.akamaihd.net/apps/583950/icons/set01/10317_large_schinese.eb45b3b0a7047fc3eac2362ef6708d9ce3bc43c0.png','https://steamcdn-a.akamaihd.net/apps/583950/icons/set01/10317_large_tchinese.e74fc85bd3bd4836d6d763b5b90defe69fe4531d.png','https://steamcdn-a.akamaihd.net/apps/583950/icons/set01/10317_large_russian.2e273a72dd49faf27bded2f05618b1e4e034933f.png','https://steamcdn-a.akamaihd.net/apps/583950/icons/set01/10317_large_japanese.2f6732ccb50f8786d9414058547d78e59373e8cf.png','https://steamcdn-a.akamaihd.net/apps/583950/icons/set01/10317_large_brazilian.2eba4068e0864bc28405caac25e78f3c7c3b39bd.png','https://steamcdn-a.akamaihd.net/apps/583950/icons/set01/10317_large_latam.4fca6e129e9f7f76a7dbf4c2b5a59c53e47b1fbc.png');
INSERT INTO Cartas VALUES (10319,'Spell','Jana Schirmer','Uncommon',110319);
INSERT INTO CardName VALUES(10319,"Diabolic Revelation","Diabolische Offenbarung","Révélation diabolique","Rivelazione diabolica","마성의 계시","Revelación diabólica","恶魔启示","惡魔啟示","Безжалостное откровение","Diabolic Revelation","悪魔の啓示","Diabolic Revelation","Diabolic Revelation","Diabolic Revelation","Diabolic Revelation","Diabolic Revelation","Diabolic Revelation","Diabolic Revelation","Diabolic Revelation","Diabolic Revelation","Diabolic Revelation","Diabolic Revelation","Revelação Diabólica","Diabolic Revelation","Diabolic Revelation","Diabolic Revelation","Revelación diabólica","Diabolic Revelation");
INSERT INTO LargeImage VALUES(10319,'https://steamcdn-a.akamaihd.net/apps/583950/icons/set01/10319_large_english.5e8e4e89ce9e92347f7049804400f271466eca54.png','https://steamcdn-a.akamaihd.net/apps/583950/icons/set01/10319_large_german.0eb3e2a59f37098ba810c76da438501d0284732a.png','https://steamcdn-a.akamaihd.net/apps/583950/icons/set01/10319_large_french.ccddd322f7d97ac8834458a6c6bfd2dec3b36f44.png','https://steamcdn-a.akamaihd.net/apps/583950/icons/set01/10319_large_italian.24cd3bf8c1cfce9870b42dd969df3c6769268085.png','https://steamcdn-a.akamaihd.net/apps/583950/icons/set01/10319_large_koreana.222f884d7fa6329332bfea2998d0b90e0b2170e2.png','https://steamcdn-a.akamaihd.net/apps/583950/icons/set01/10319_large_spanish.aee2f9b3e4573b53dfd01218cf572746e7303f6d.png','https://steamcdn-a.akamaihd.net/apps/583950/icons/set01/10319_large_schinese.888768cc17a8d3005caf9e5537f9bd641f05bc84.png','https://steamcdn-a.akamaihd.net/apps/583950/icons/set01/10319_large_tchinese.abab79ea177bd5112a7adcf1cc72bf03883ee0e2.png','https://steamcdn-a.akamaihd.net/apps/583950/icons/set01/10319_large_russian.d229da3904cf5ad8db0a45ff1b70e53f31101a1c.png','https://steamcdn-a.akamaihd.net/apps/583950/icons/set01/10319_large_japanese.d2797ba47697a423c93c055016ae4cf25c618236.png','https://steamcdn-a.akamaihd.net/apps/583950/icons/set01/10319_large_brazilian.b606e005657478c5f59aab7f4208677a2874d82d.png','https://steamcdn-a.akamaihd.net/apps/583950/icons/set01/10319_large_latam.7ba07c1e7822d079bcdd86c36916ae86bf2210bb.png');
INSERT INTO Cartas VALUES (10322,'Spell','JiHun Lee','Common',110322);
INSERT INTO CardName VALUES(10322,"Payday","Zahltag","Jour de paie","Giorno di paga","보수 지급일","Día de pago","发薪日","發薪日","Щедрая плата","Payday","給料日","Payday","Payday","Payday","Payday","Payday","Payday","Payday","Payday","Payday","Payday","Payday","Dia do Pagamento","Payday","Payday","Payday","Día de pago","Payday");
INSERT INTO LargeImage VALUES(10322,'https://steamcdn-a.akamaihd.net/apps/583950/icons/set01/10322_large_english.9a294a2a4507212f9390c05da2065cf4d9af805a.png','https://steamcdn-a.akamaihd.net/apps/583950/icons/set01/10322_large_german.7f78e10276cae44523f0fdab397160b38e520c2e.png','https://steamcdn-a.akamaihd.net/apps/583950/icons/set01/10322_large_french.6f88762a0648fc328e262ab969fd802a57de3713.png','https://steamcdn-a.akamaihd.net/apps/583950/icons/set01/10322_large_italian.c611aaef56448c810e4d120c65215079d9d7dd3e.png','https://steamcdn-a.akamaihd.net/apps/583950/icons/set01/10322_large_koreana.1f5b39ae99db290080aee45afa7211f10a3a5704.png','https://steamcdn-a.akamaihd.net/apps/583950/icons/set01/10322_large_spanish.36f35bde3a93ff79b7b6fe7ff453ec79108bc459.png','https://steamcdn-a.akamaihd.net/apps/583950/icons/set01/10322_large_schinese.c2b3f8cc2b4c10cbc0dd10b9a4403850621151ef.png','https://steamcdn-a.akamaihd.net/apps/583950/icons/set01/10322_large_tchinese.e58bf9db13ec685cd31b9f6db3d1434edb317d63.png','https://steamcdn-a.akamaihd.net/apps/583950/icons/set01/10322_large_russian.5cce1fd0eb4e29c9ef352825c781e5af36754ec8.png','https://steamcdn-a.akamaihd.net/apps/583950/icons/set01/10322_large_japanese.087035257e4319642f8500eef4706d063ef21124.png','https://steamcdn-a.akamaihd.net/apps/583950/icons/set01/10322_large_brazilian.9dbc1abcdd9a8f85fe354f68953dc6b75fe8234d.png','https://steamcdn-a.akamaihd.net/apps/583950/icons/set01/10322_large_latam.9cf17c085d9161484c0febd04c73ff5477c8d0b2.png');
INSERT INTO Cartas VALUES (10324,'Spell','Magali Villeneuve','Uncommon',110324);
INSERT INTO CardName VALUES(10324,"Iron Branch Protection","Eisenzweigschutz","Protection de la branche de fer","Protezione del ramo di ferro","쇳가지의 보호","Protección de Ramas férreas","铁树枝干守护","鐵樹枝幹守護","Защита железных ветвей","Iron Branch Protection","アイアンブランチの守り","Iron Branch Protection","Iron Branch Protection","Iron Branch Protection","Iron Branch Protection","Iron Branch Protection","Iron Branch Protection","Iron Branch Protection","Iron Branch Protection","Iron Branch Protection","Iron Branch Protection","Iron Branch Protection","Proteção do Galho de Ferro","Iron Branch Protection","Iron Branch Protection","Iron Branch Protection","Protección de las Ramas férreas","Iron Branch Protection");
INSERT INTO LargeImage VALUES(10324,'https://steamcdn-a.akamaihd.net/apps/583950/icons/set01/10324_large_english.eeebc14e10b36ece1917921062d55d3af99d7c6c.png','https://steamcdn-a.akamaihd.net/apps/583950/icons/set01/10324_large_german.b93320468ef41f79749fb0f5f09746a119479312.png','https://steamcdn-a.akamaihd.net/apps/583950/icons/set01/10324_large_french.66bbb40ea247946d3b8f230844904407c4c3ee05.png','https://steamcdn-a.akamaihd.net/apps/583950/icons/set01/10324_large_italian.345f8e892ac7a0bd92a1360b4696a10da5312a29.png','https://steamcdn-a.akamaihd.net/apps/583950/icons/set01/10324_large_koreana.c91f8097ad97673144207b55eb641dc4631de0cb.png','https://steamcdn-a.akamaihd.net/apps/583950/icons/set01/10324_large_spanish.6fb5496c7ba524544afb7af9c7ef85efcb170f1a.png','https://steamcdn-a.akamaihd.net/apps/583950/icons/set01/10324_large_schinese.1cbeab9fc29c3700416821abf1e412cf3654aaf8.png','https://steamcdn-a.akamaihd.net/apps/583950/icons/set01/10324_large_tchinese.bc832d1eb5ca5624c5ad253bfeb5732aef2c2965.png','https://steamcdn-a.akamaihd.net/apps/583950/icons/set01/10324_large_russian.55bf0690e122cf3a9a004537391f8b4cb0791d33.png','https://steamcdn-a.akamaihd.net/apps/583950/icons/set01/10324_large_japanese.82d02434f224cdca7b01e3712a76ce6fe2860e86.png','https://steamcdn-a.akamaihd.net/apps/583950/icons/set01/10324_large_brazilian.5e5f3e2094404af13cf31d126816953b5ccd6a22.png','https://steamcdn-a.akamaihd.net/apps/583950/icons/set01/10324_large_latam.7e5b72e6cd244f12825610f3a2eb7926a52a2493.png');
INSERT INTO Cartas VALUES (10326,'Spell','JiHun Lee','Uncommon',110326);
INSERT INTO CardName VALUES(10326,"Enough Magic!","Genug Magie!","Ça suffit !","Basta magia!","마법은 그만!","¡Basta de magia!","废话少说！","廢話少說！","Довольно магии!","Enough Magic!","魔術はもういい！","Enough Magic!","Enough Magic!","Enough Magic!","Enough Magic!","Enough Magic!","Enough Magic!","Enough Magic!","Enough Magic!","Enough Magic!","Enough Magic!","Enough Magic!","Chega de Magia!","Enough Magic!","Enough Magic!","Enough Magic!","¡Basta de magia!","Enough Magic!");
INSERT INTO LargeImage VALUES(10326,'https://steamcdn-a.akamaihd.net/apps/583950/icons/set01/10326_large_english.699b6ebafeaaa165cf8e0e3d876c9a515d74e38e.png','https://steamcdn-a.akamaihd.net/apps/583950/icons/set01/10326_large_german.2bd6ea76aca68995cad2775dd9b5731805c2ce53.png','https://steamcdn-a.akamaihd.net/apps/583950/icons/set01/10326_large_french.d38c27b6c7fffa32b7d017285b5b5acbaa6b5e99.png','https://steamcdn-a.akamaihd.net/apps/583950/icons/set01/10326_large_italian.084edfc45dae5d3f8826b7f5b8c93bc80ee8d9fa.png','https://steamcdn-a.akamaihd.net/apps/583950/icons/set01/10326_large_koreana.c8f10995ac7d7364067fe7d97c0f6082ff6119ff.png','https://steamcdn-a.akamaihd.net/apps/583950/icons/set01/10326_large_spanish.ff20aefe487a200a311a9e5bd0cef0680bb87747.png','https://steamcdn-a.akamaihd.net/apps/583950/icons/set01/10326_large_schinese.53282a9bc87480c08fc25acb2c293c476b615295.png','https://steamcdn-a.akamaihd.net/apps/583950/icons/set01/10326_large_tchinese.c20d8aeb2af5fe535e2d7aafa18642a081d5c43b.png','https://steamcdn-a.akamaihd.net/apps/583950/icons/set01/10326_large_russian.f8e880ab505e46e7427449aec867b36532b2a88a.png','https://steamcdn-a.akamaihd.net/apps/583950/icons/set01/10326_large_japanese.961d5011947cb4de5442d6722280b89b43b927a0.png','https://steamcdn-a.akamaihd.net/apps/583950/icons/set01/10326_large_brazilian.b8bf995612c57071daf5c349346966f4bd010e15.png','https://steamcdn-a.akamaihd.net/apps/583950/icons/set01/10326_large_latam.debdf92f9548824e743419ed258ddee70dc3e10b.png');
INSERT INTO Cartas VALUES (10327,'Spell','JiHun Lee','Rare',110327);
INSERT INTO CardName VALUES(10327,"Heroic Resolve","Heldenhafte Entschlossenheit","Détermination héroïque","Risolutezza eroica","영웅의 다짐","Determinación heroica","英勇意志","英勇意志","Героическая решимость","Heroic Resolve","英雄の決意","Heroic Resolve","Heroic Resolve","Heroic Resolve","Heroic Resolve","Heroic Resolve","Heroic Resolve","Heroic Resolve","Heroic Resolve","Heroic Resolve","Heroic Resolve","Heroic Resolve","Determinação Heroica","Heroic Resolve","Heroic Resolve","Heroic Resolve","Determinación heroica","Heroic Resolve");
INSERT INTO LargeImage VALUES(10327,'https://steamcdn-a.akamaihd.net/apps/583950/icons/set01/10327_large_english.82a00fb9452c8badf8d2d55e9eb014dfda6bd322.png','https://steamcdn-a.akamaihd.net/apps/583950/icons/set01/10327_large_german.6f6fd1c6cc3eed2fe783f074e116f049a171f760.png','https://steamcdn-a.akamaihd.net/apps/583950/icons/set01/10327_large_french.d6806949bdd73ad734d9da200500ffb8108c8f76.png','https://steamcdn-a.akamaihd.net/apps/583950/icons/set01/10327_large_italian.2510093f5b5f9149c614e5585c44673feaa83002.png','https://steamcdn-a.akamaihd.net/apps/583950/icons/set01/10327_large_koreana.320c1c6bced38a851ecb16ece33fad21febfc2b8.png','https://steamcdn-a.akamaihd.net/apps/583950/icons/set01/10327_large_spanish.82b002acebff1b5357e225abdb5e6176b6569d2d.png','https://steamcdn-a.akamaihd.net/apps/583950/icons/set01/10327_large_schinese.96f877ccb794c441e01286294a771bec1e8dec6e.png','https://steamcdn-a.akamaihd.net/apps/583950/icons/set01/10327_large_tchinese.426486a36e8117c445dde2c4830f73bb297ce795.png','https://steamcdn-a.akamaihd.net/apps/583950/icons/set01/10327_large_russian.cb4665e60265a4d0d025a139bd0ac20ae61808e9.png','https://steamcdn-a.akamaihd.net/apps/583950/icons/set01/10327_large_japanese.88b22ad4b4b9f1eb1f36ec151f2e9f698174d6ac.png','https://steamcdn-a.akamaihd.net/apps/583950/icons/set01/10327_large_brazilian.e5dfdb2b7c694518d4a769355bfb03f4b7e03f58.png','https://steamcdn-a.akamaihd.net/apps/583950/icons/set01/10327_large_latam.98ab7ec22f639d9eb0e3691cc2ba419413040af5.png');
INSERT INTO Cartas VALUES (10328,'Spell','Yongjae Choi','Uncommon',110328);
INSERT INTO CardName VALUES(10328,"Gank","Überfall","Confrontation","Imboscata","무방비 습격","Ataque súbito","偷袭","偷襲","Внезапный удар","Gank","ガンク","Gank","Gank","Gank","Gank","Gank","Gank","Gank","Gank","Gank","Gank","Gank","Emboscar","Gank","Gank","Gank","Emboscada","Gank");
INSERT INTO LargeImage VALUES(10328,'https://steamcdn-a.akamaihd.net/apps/583950/icons/set01/10328_large_english.6e8db7b41a780eac3a434da13ad22e8ed466fdd7.png','https://steamcdn-a.akamaihd.net/apps/583950/icons/set01/10328_large_german.40e71685a76a2e5a8b88fee606b55286eeeadfd1.png','https://steamcdn-a.akamaihd.net/apps/583950/icons/set01/10328_large_french.672a1c6fed7e70356e33db30b4a7ee63de5406bf.png','https://steamcdn-a.akamaihd.net/apps/583950/icons/set01/10328_large_italian.d20be75f48437bbb0c5b557d11ab6d2e4750adf7.png','https://steamcdn-a.akamaihd.net/apps/583950/icons/set01/10328_large_koreana.a8c34989436d0d1626a635324d0cc77824871d15.png','https://steamcdn-a.akamaihd.net/apps/583950/icons/set01/10328_large_spanish.a84e6f7da28f0103cf8f9c892cd201d6b8c85498.png','https://steamcdn-a.akamaihd.net/apps/583950/icons/set01/10328_large_schinese.495e36f3ee36fe402c0068dc50ed5ade68ef98e2.png','https://steamcdn-a.akamaihd.net/apps/583950/icons/set01/10328_large_tchinese.796d644d9015a4399b26867e7a81d2aba9f4ccbf.png','https://steamcdn-a.akamaihd.net/apps/583950/icons/set01/10328_large_russian.d8e6f7d4bfbc7150890129bb0e27015898f58c3f.png','https://steamcdn-a.akamaihd.net/apps/583950/icons/set01/10328_large_japanese.8f2f0ee103d2be4f4bda4b4a5dd76ad0a0e13727.png','https://steamcdn-a.akamaihd.net/apps/583950/icons/set01/10328_large_brazilian.9640fc48370e07e90005fb934e605efaefdc5698.png','https://steamcdn-a.akamaihd.net/apps/583950/icons/set01/10328_large_latam.27cdc4c24c1b76b95ff46ce45d6ca080d8916186.png');
INSERT INTO Cartas VALUES (10331,'Spell','Mike Azevedo','Rare',110331);
INSERT INTO CardName VALUES(10331,"Wrath of Gold","Zorn des Goldes","Fureur aurifère","Furia dell'oro","황금의 분노","Derroche de oro","金钱之怒","金錢之怒","Ярость монет","Wrath of Gold","富の暴走","Wrath of Gold","Wrath of Gold","Wrath of Gold","Wrath of Gold","Wrath of Gold","Wrath of Gold","Wrath of Gold","Wrath of Gold","Wrath of Gold","Wrath of Gold","Wrath of Gold","Frenesi do Ouro","Wrath of Gold","Wrath of Gold","Wrath of Gold","Derroche de oro","Wrath of Gold");
INSERT INTO LargeImage VALUES(10331,'https://steamcdn-a.akamaihd.net/apps/583950/icons/set01/10331_large_english.44b23fc3f889e8f3c6e45d7e0e4c5ad6275f4cf3.png','https://steamcdn-a.akamaihd.net/apps/583950/icons/set01/10331_large_german.b4723a88732b3da52cd7f6367fa1b0446a0fc1fe.png','https://steamcdn-a.akamaihd.net/apps/583950/icons/set01/10331_large_french.dcb4b029e393f81a6d84e25feb725e2f40fc0db6.png','https://steamcdn-a.akamaihd.net/apps/583950/icons/set01/10331_large_italian.0e50a0223a42382c0fa678c29c9311ac47350fb5.png','https://steamcdn-a.akamaihd.net/apps/583950/icons/set01/10331_large_koreana.4170b8737c8a99273c0e8e997d81f057870d8d28.png','https://steamcdn-a.akamaihd.net/apps/583950/icons/set01/10331_large_spanish.7ae8a1365a57953e89cfbd5fa04dc0f206d1f9e5.png','https://steamcdn-a.akamaihd.net/apps/583950/icons/set01/10331_large_schinese.4fd7654e149c2f0d5113966cd082c84f0af70e91.png','https://steamcdn-a.akamaihd.net/apps/583950/icons/set01/10331_large_tchinese.83383c6ef97db92c5541c80565c4c29163c6f2a6.png','https://steamcdn-a.akamaihd.net/apps/583950/icons/set01/10331_large_russian.3a7d41d25baab8621c97b579f957be554bb10a1c.png','https://steamcdn-a.akamaihd.net/apps/583950/icons/set01/10331_large_japanese.861cabacc06c966c33d36684604887e9e9874bf7.png','https://steamcdn-a.akamaihd.net/apps/583950/icons/set01/10331_large_brazilian.816d9f287a99aa725defeb1b8e970ac2b5852920.png','https://steamcdn-a.akamaihd.net/apps/583950/icons/set01/10331_large_latam.2d76aeb58b7ca5092981a7bd5bef7a5df0c568e4.png');
INSERT INTO Cartas VALUES (10332,'Spell','Kieran Yanner','Uncommon',110332);
INSERT INTO CardName VALUES(10332,"Murder Plot","Mordkomplott","Complot meurtrier","Piano omicida","살해 계획","Plan de asesinato","杀戮阴谋","殺戮陰謀","Заговор","Murder Plot","殺害計画","Murder Plot","Murder Plot","Murder Plot","Murder Plot","Murder Plot","Murder Plot","Murder Plot","Murder Plot","Murder Plot","Murder Plot","Murder Plot","Plano de Assassinato","Murder Plot","Murder Plot","Murder Plot","Plan letal","Murder Plot");
INSERT INTO LargeImage VALUES(10332,'https://steamcdn-a.akamaihd.net/apps/583950/icons/set01/10332_large_english.666b07b5f9cdc47ea15ea63f687ab413cca82042.png','https://steamcdn-a.akamaihd.net/apps/583950/icons/set01/10332_large_german.d26cdfea675c0052631a5f25f3cc0138d643ae89.png','https://steamcdn-a.akamaihd.net/apps/583950/icons/set01/10332_large_french.eaf85b29b14c0002340d5f0fa7dd9faa1c02c05f.png','https://steamcdn-a.akamaihd.net/apps/583950/icons/set01/10332_large_italian.a6f71a53715d4e42d3728befa4b72fc898d8400c.png','https://steamcdn-a.akamaihd.net/apps/583950/icons/set01/10332_large_koreana.8db626d4c73f9bbe76519b065d620c446babd379.png','https://steamcdn-a.akamaihd.net/apps/583950/icons/set01/10332_large_spanish.e5757eed97fc35204ed2b6cf5dca88d75017ab45.png','https://steamcdn-a.akamaihd.net/apps/583950/icons/set01/10332_large_schinese.0bda433ec8290586dbfa910ad7885164d1596c49.png','https://steamcdn-a.akamaihd.net/apps/583950/icons/set01/10332_large_tchinese.271115726283de8d97be1b1ad9e69ef3919cb425.png','https://steamcdn-a.akamaihd.net/apps/583950/icons/set01/10332_large_russian.a6bf348a50127c0e0d5fea2201d7952fcea0058a.png','https://steamcdn-a.akamaihd.net/apps/583950/icons/set01/10332_large_japanese.4a9c72ff9713d21868dce6082e76c014b4c2db01.png','https://steamcdn-a.akamaihd.net/apps/583950/icons/set01/10332_large_brazilian.22a3f2a68f3f9424eff2771ddf9c76ccd78f7230.png','https://steamcdn-a.akamaihd.net/apps/583950/icons/set01/10332_large_latam.2928b4a2d839c0d48ca4fee79a22cb7ecaf84e51.png');
INSERT INTO Cartas VALUES (10334,'Spell','John Stanko','Uncommon',110334);
INSERT INTO CardName VALUES(10334,"Stars Align","Die Sterne stehen günstig","Alignement des astres","Allineamento delle stelle","찾아온 기적","Estrellas alineadas","五星连珠","五星連珠","Так сошлись звёзды","Stars Align","星々の整列","Stars Align","Stars Align","Stars Align","Stars Align","Stars Align","Stars Align","Stars Align","Stars Align","Stars Align","Stars Align","Stars Align","Alinhamento Estelar","Stars Align","Stars Align","Stars Align","Estrellas alineadas","Stars Align");
INSERT INTO LargeImage VALUES(10334,'https://steamcdn-a.akamaihd.net/apps/583950/icons/set01/10334_large_english.06fb7ae75b03309abd17e1c26c263a1187944c70.png','https://steamcdn-a.akamaihd.net/apps/583950/icons/set01/10334_large_german.5932bb7377f260c77ead687c47282afacb7958a2.png','https://steamcdn-a.akamaihd.net/apps/583950/icons/set01/10334_large_french.c1d743fbe657628d470edf7bacbe3e34fd0c2f6c.png','https://steamcdn-a.akamaihd.net/apps/583950/icons/set01/10334_large_italian.ff303c38af373fbcec261d3d399cc84cb82d63f8.png','https://steamcdn-a.akamaihd.net/apps/583950/icons/set01/10334_large_koreana.cff9aaae30540ee82644f37fd1c06497c4c04727.png','https://steamcdn-a.akamaihd.net/apps/583950/icons/set01/10334_large_spanish.bc172f101c655273504c50211f05abbe9db13a1b.png','https://steamcdn-a.akamaihd.net/apps/583950/icons/set01/10334_large_schinese.6d10b9b2e4abd23ba2d0ceec1ba70ead7107c714.png','https://steamcdn-a.akamaihd.net/apps/583950/icons/set01/10334_large_tchinese.5c979f4de383207b01ce5c0e6ce0d9385bc2329d.png','https://steamcdn-a.akamaihd.net/apps/583950/icons/set01/10334_large_russian.d23ff28c22085cae5d8c2ca0ac69863c5f9b7529.png','https://steamcdn-a.akamaihd.net/apps/583950/icons/set01/10334_large_japanese.0a17cab46eeec2c72c65867bdbd6e864b21f0888.png','https://steamcdn-a.akamaihd.net/apps/583950/icons/set01/10334_large_brazilian.674ecb462e674583a683fa67e6dd9aeccdd74ce2.png','https://steamcdn-a.akamaihd.net/apps/583950/icons/set01/10334_large_latam.11696532a35a9785d8be1cb9272e21bc0ef8be67.png');
INSERT INTO Cartas VALUES (10335,'Spell','Mike Azevedo','Uncommon',110335);
INSERT INTO CardName VALUES(10335,"Call the Reserves","Einberufung der Reserve","Appel des renforts","Richiama le riserve","예비 병력 호출","Petición de refuerzos","呼叫预备军","呼叫預備軍","Призыв резервов","Call the Reserves","予備兵力投入","Call the Reserves","Call the Reserves","Call the Reserves","Call the Reserves","Call the Reserves","Call the Reserves","Call the Reserves","Call the Reserves","Call the Reserves","Call the Reserves","Call the Reserves","Convocar Reservistas","Call the Reserves","Call the Reserves","Call the Reserves","Petición de refuerzos","Call the Reserves");
INSERT INTO LargeImage VALUES(10335,'https://steamcdn-a.akamaihd.net/apps/583950/icons/set01/10335_large_english.d9dae1e798c4cf1a9ec804cfdf6a1fece51320a9.png','https://steamcdn-a.akamaihd.net/apps/583950/icons/set01/10335_large_german.bf815b6057440bdd98ac4aad6a8393dcce58885b.png','https://steamcdn-a.akamaihd.net/apps/583950/icons/set01/10335_large_french.b82e376fe49aa773457c523a640bd3547e3367c4.png','https://steamcdn-a.akamaihd.net/apps/583950/icons/set01/10335_large_italian.0212d7e55d3c83b08823ab3c7fb61eed724fa795.png','https://steamcdn-a.akamaihd.net/apps/583950/icons/set01/10335_large_koreana.e10ebaae5feddb27c623005cb3ce6ff7ee46d6d8.png','https://steamcdn-a.akamaihd.net/apps/583950/icons/set01/10335_large_spanish.7930279c41129c1a13525caf7491c6dc3213a217.png','https://steamcdn-a.akamaihd.net/apps/583950/icons/set01/10335_large_schinese.cd87eff1bc625ae0900c7bcee7faf44dcd7d3795.png','https://steamcdn-a.akamaihd.net/apps/583950/icons/set01/10335_large_tchinese.0a261f70d52eadbc17827fcf3a8b9d944f02c4c9.png','https://steamcdn-a.akamaihd.net/apps/583950/icons/set01/10335_large_russian.2022cadc553849618f710070cd382daa480d1933.png','https://steamcdn-a.akamaihd.net/apps/583950/icons/set01/10335_large_japanese.acbf89e1fcc2690c12dacb95e4f544b6a941c6e8.png','https://steamcdn-a.akamaihd.net/apps/583950/icons/set01/10335_large_brazilian.b11dd86770d217861beac60bba4fc7877af16e88.png','https://steamcdn-a.akamaihd.net/apps/583950/icons/set01/10335_large_latam.12970962fd67ba34d0efd7e7787e95f70903d264.png');
INSERT INTO Cartas VALUES (10336,'Spell','Lake Hurwitz','Common',110336);
INSERT INTO CardName VALUES(10336,"Better Late Than Never","Besser spät als nie","Mieux vaut tard que jamais","Meglio tardi che mai","늦더라도 하는 게 낫다","Más vale tarde que nunca","为时未晚","為時未晚","Лучше поздно, чем никогда","Better Late Than Never","遅れた参戦","Better Late Than Never","Better Late Than Never","Better Late Than Never","Better Late Than Never","Better Late Than Never","Better Late Than Never","Better Late Than Never","Better Late Than Never","Better Late Than Never","Better Late Than Never","Better Late Than Never","Antes Tarde do que Nunca","Better Late Than Never","Better Late Than Never","Better Late Than Never","Más vale tarde que nunca","Better Late Than Never");
INSERT INTO LargeImage VALUES(10336,'https://steamcdn-a.akamaihd.net/apps/583950/icons/set01/10336_large_english.5e175992c4e38880d3f49d59bd7ce6818ffda358.png','https://steamcdn-a.akamaihd.net/apps/583950/icons/set01/10336_large_german.b953ada2ac0debd0e78da1d6a31fc1ac70f967ee.png','https://steamcdn-a.akamaihd.net/apps/583950/icons/set01/10336_large_french.f2bfe239cd48bc424f870210d6bf56251a6b90c7.png','https://steamcdn-a.akamaihd.net/apps/583950/icons/set01/10336_large_italian.a71c82eee15748f225231cf39acfccb750945f14.png','https://steamcdn-a.akamaihd.net/apps/583950/icons/set01/10336_large_koreana.f7f1e1fbb092ff3c02768741f3f44d11d3c58a36.png','https://steamcdn-a.akamaihd.net/apps/583950/icons/set01/10336_large_spanish.05614b119df28102ef574ed5fea4ad570bd6cb68.png','https://steamcdn-a.akamaihd.net/apps/583950/icons/set01/10336_large_schinese.e1080ab57325d8f85c3f4ec7da162ff9ab404b50.png','https://steamcdn-a.akamaihd.net/apps/583950/icons/set01/10336_large_tchinese.5a70195d0f02f56eff7856a76c06f6219d7cfa92.png','https://steamcdn-a.akamaihd.net/apps/583950/icons/set01/10336_large_russian.98d735d4ea94dcfd638061e130ad6e253a29e22f.png','https://steamcdn-a.akamaihd.net/apps/583950/icons/set01/10336_large_japanese.7a9b43db0d6882db4356474443bb40a4edde8e12.png','https://steamcdn-a.akamaihd.net/apps/583950/icons/set01/10336_large_brazilian.26ef2d31b7723ec4c45b7451218e1c3e4d01ecb6.png','https://steamcdn-a.akamaihd.net/apps/583950/icons/set01/10336_large_latam.b12d625d123c40ce002b172dbc6d5b438dc76d1e.png');
INSERT INTO Cartas VALUES (10338,'Spell','Wisnu Tan','Uncommon',110338);
INSERT INTO CardName VALUES(10338,"Divine Intervention","Göttliche Einmischung","Intervention divine","Intervento divino","신의 중재","Intervención divina","神圣干预","神聖干預","Божественное вмешательство","Divine Intervention","神の手の介入","Divine Intervention","Divine Intervention","Divine Intervention","Divine Intervention","Divine Intervention","Divine Intervention","Divine Intervention","Divine Intervention","Divine Intervention","Divine Intervention","Divine Intervention","Intervenção Divina","Divine Intervention","Divine Intervention","Divine Intervention","Intervención divina","Divine Intervention");
INSERT INTO LargeImage VALUES(10338,'https://steamcdn-a.akamaihd.net/apps/583950/icons/set01/10338_large_english.3aceaebf21d4a25ea3e962a01962ce406d5079a7.png','https://steamcdn-a.akamaihd.net/apps/583950/icons/set01/10338_large_german.90df18f5bada726e0c9eb05d3cc9449f9093a181.png','https://steamcdn-a.akamaihd.net/apps/583950/icons/set01/10338_large_french.21065486fbd155320f10309e193e1db2c0dcebe5.png','https://steamcdn-a.akamaihd.net/apps/583950/icons/set01/10338_large_italian.c972c78b1c93bda4e226ca8d32ef6c062d881db6.png','https://steamcdn-a.akamaihd.net/apps/583950/icons/set01/10338_large_koreana.d0d923a5e764d9826c0eb55cd5f6711a442bdc99.png','https://steamcdn-a.akamaihd.net/apps/583950/icons/set01/10338_large_spanish.5b6d945048f8d005b5ac8abcced76d20972a9c85.png','https://steamcdn-a.akamaihd.net/apps/583950/icons/set01/10338_large_schinese.79831167780b5db5777d4fc99bd5f2ed44de5968.png','https://steamcdn-a.akamaihd.net/apps/583950/icons/set01/10338_large_tchinese.d3d37de15da39abe350e6ac9ce99c5eac29c8b12.png','https://steamcdn-a.akamaihd.net/apps/583950/icons/set01/10338_large_russian.0a0fba82ee9b0ab3c92d32d6e01fc8168e872438.png','https://steamcdn-a.akamaihd.net/apps/583950/icons/set01/10338_large_japanese.a51342a0bad39029932bcb3770938d2b2d7c0d6a.png','https://steamcdn-a.akamaihd.net/apps/583950/icons/set01/10338_large_brazilian.89c7ee5d9652802e6a08397fee49cf999da07140.png','https://steamcdn-a.akamaihd.net/apps/583950/icons/set01/10338_large_latam.19bcb70abbcb766c22e3ed1eb1a17ad889a710a9.png');
INSERT INTO Cartas VALUES (10342,'Spell','JiHun Lee','Common',110342);
INSERT INTO CardName VALUES(10342,"Pick a Fight","Einen Kampf anzetteln","Provocation","Provocazione","싸움 걸기","Ganas de pelea","惹是生非","惹是生非","Повод для драки","Pick a Fight","望んだ戦い","Pick a Fight","Pick a Fight","Pick a Fight","Pick a Fight","Pick a Fight","Pick a Fight","Pick a Fight","Pick a Fight","Pick a Fight","Pick a Fight","Pick a Fight","Atrás de Confusão","Pick a Fight","Pick a Fight","Pick a Fight","Ganas de pelear","Pick a Fight");
INSERT INTO LargeImage VALUES(10342,'https://steamcdn-a.akamaihd.net/apps/583950/icons/set01/10342_large_english.29eac7aa73f13670ced4786cf6d55f1a1cb264f5.png','https://steamcdn-a.akamaihd.net/apps/583950/icons/set01/10342_large_german.0de15e0627c27c87e13f57f00b832e5c8e31f19b.png','https://steamcdn-a.akamaihd.net/apps/583950/icons/set01/10342_large_french.40429c4990bbacc0f3d962d3f1c2350c1284a355.png','https://steamcdn-a.akamaihd.net/apps/583950/icons/set01/10342_large_italian.2304a98b687115e625d004e8c4601fc8bf69fed8.png','https://steamcdn-a.akamaihd.net/apps/583950/icons/set01/10342_large_koreana.e5cbd4446d92f57c73f031e1bf4fe856cbf06f93.png','https://steamcdn-a.akamaihd.net/apps/583950/icons/set01/10342_large_spanish.9b004112f26081bf1cd0896e9bbd352b89b87b57.png','https://steamcdn-a.akamaihd.net/apps/583950/icons/set01/10342_large_schinese.db14648e3fba8978afa85bcb1e0eff4a914b8159.png','https://steamcdn-a.akamaihd.net/apps/583950/icons/set01/10342_large_tchinese.5aa9da2f853d7f3ebf2ef761a3b787ffed24e196.png','https://steamcdn-a.akamaihd.net/apps/583950/icons/set01/10342_large_russian.cbcb855a39c7629a29a1d8bef7ccf5314f833d3f.png','https://steamcdn-a.akamaihd.net/apps/583950/icons/set01/10342_large_japanese.48f3cd457c98cfb97ea6ed083d2746212200ed3e.png','https://steamcdn-a.akamaihd.net/apps/583950/icons/set01/10342_large_brazilian.07260c7cc5de5615eb776ae2abc25531a346a038.png','https://steamcdn-a.akamaihd.net/apps/583950/icons/set01/10342_large_latam.eeb2f8c92e78dc30a8d2be5a9824da118aa9e9ab.png');
INSERT INTO Cartas VALUES (10344,'Spell','Bayard Wu','Common',110344);
INSERT INTO CardName VALUES(10344,"Clear the Deck","Klar Schiff machen","Grand ménage","Pulizia generale","길을 비켜라","Limpieza de cubierta","一扫而空","一掃而空","Расчистить палубу!","Clear the Deck","一掃攻撃","Clear the Deck","Clear the Deck","Clear the Deck","Clear the Deck","Clear the Deck","Clear the Deck","Clear the Deck","Clear the Deck","Clear the Deck","Clear the Deck","Clear the Deck","Façam uma Limpa!","Clear the Deck","Clear the Deck","Clear the Deck","Despejar la cubierta","Clear the Deck");
INSERT INTO LargeImage VALUES(10344,'https://steamcdn-a.akamaihd.net/apps/583950/icons/set01/10344_large_english.6254acee69f6db283f6c2d43e5dc3e5a0b29507d.png','https://steamcdn-a.akamaihd.net/apps/583950/icons/set01/10344_large_german.ee707a51ae1a0c47cb5306734e65a60f6a3cb8bf.png','https://steamcdn-a.akamaihd.net/apps/583950/icons/set01/10344_large_french.786df52f6de69e26ac59dd1252bb31238d8a2149.png','https://steamcdn-a.akamaihd.net/apps/583950/icons/set01/10344_large_italian.ba31236a3f4a2ed99a1fa5e8409678ca96f3214f.png','https://steamcdn-a.akamaihd.net/apps/583950/icons/set01/10344_large_koreana.53406aa38c4ff33e731105078c11a5b664a28086.png','https://steamcdn-a.akamaihd.net/apps/583950/icons/set01/10344_large_spanish.818f66290752360ac2de2e0571dd849273237aa7.png','https://steamcdn-a.akamaihd.net/apps/583950/icons/set01/10344_large_schinese.ac38a3e97cefbaa81e9e6eba2987b8ffa7964db1.png','https://steamcdn-a.akamaihd.net/apps/583950/icons/set01/10344_large_tchinese.a908cb1f7e767bd48f2306db7e0da88839495e30.png','https://steamcdn-a.akamaihd.net/apps/583950/icons/set01/10344_large_russian.23b8f7a04dd592158705af4529b310746d02fbff.png','https://steamcdn-a.akamaihd.net/apps/583950/icons/set01/10344_large_japanese.1aabb6bc1bc281ae70a950e7ea919cbc06a2e9a9.png','https://steamcdn-a.akamaihd.net/apps/583950/icons/set01/10344_large_brazilian.33ac9917e5ae1e4177d7986aaaef8da68ae3f74e.png','https://steamcdn-a.akamaihd.net/apps/583950/icons/set01/10344_large_latam.0ba7023a717ab5b1117d477d379a50f7e45ba16b.png');
INSERT INTO Cartas VALUES (10347,'Spell','Jana Schirmer','Uncommon',110347);
INSERT INTO CardName VALUES(10347,"Defensive Bloom","Blühende Verteidigung","Éclat défensif","Fioritura difensiva","방어의 꽃","Defensa rosoidea","绽放防御","綻放防御","Цветущий оплот","Defensive Bloom","花咲く防壁","Defensive Bloom","Defensive Bloom","Defensive Bloom","Defensive Bloom","Defensive Bloom","Defensive Bloom","Defensive Bloom","Defensive Bloom","Defensive Bloom","Defensive Bloom","Defensive Bloom","Floração Defensiva","Defensive Bloom","Defensive Bloom","Defensive Bloom","Defensa rosoidea","Defensive Bloom");
INSERT INTO LargeImage VALUES(10347,'https://steamcdn-a.akamaihd.net/apps/583950/icons/set01/10347_large_english.f7767df962db0baaecc42fbe1daf6d260689bada.png','https://steamcdn-a.akamaihd.net/apps/583950/icons/set01/10347_large_german.d448f8ef7d1f6efec0ef654df1dae5c4b0b61efc.png','https://steamcdn-a.akamaihd.net/apps/583950/icons/set01/10347_large_french.fc7e5a6985783307192b908bbd3cd965b84f5f0e.png','https://steamcdn-a.akamaihd.net/apps/583950/icons/set01/10347_large_italian.24557b287bab6b697561118eb610ea64f7a35865.png','https://steamcdn-a.akamaihd.net/apps/583950/icons/set01/10347_large_koreana.68c81d21a7f0f8589fe1397598585506d32c0dab.png','https://steamcdn-a.akamaihd.net/apps/583950/icons/set01/10347_large_spanish.773be71022f8a220a68e65156ddbfd584387a752.png','https://steamcdn-a.akamaihd.net/apps/583950/icons/set01/10347_large_schinese.eca7199a9291524e483985f034c255ef5305db5f.png','https://steamcdn-a.akamaihd.net/apps/583950/icons/set01/10347_large_tchinese.21c8616b41faace3e906b4a709fcbf86a43fe432.png','https://steamcdn-a.akamaihd.net/apps/583950/icons/set01/10347_large_russian.7a8145a28bc05f0aacf654f6d8ef8519743ee585.png','https://steamcdn-a.akamaihd.net/apps/583950/icons/set01/10347_large_japanese.6f790cb5bb80a9788d88364067adeadce3578154.png','https://steamcdn-a.akamaihd.net/apps/583950/icons/set01/10347_large_brazilian.aa96f51ec08e6287ba1963b130aca82177e67ecc.png','https://steamcdn-a.akamaihd.net/apps/583950/icons/set01/10347_large_latam.dab3b08c4bfe1db3853b6f9ab47d9fd46b8d1b5f.png');
INSERT INTO Cartas VALUES (10349,'Spell','JiHun Lee','Rare',110349);
INSERT INTO CardName VALUES(10349,"Rising Anger","Aufsteigender Ärger","Accès de colère","Rabbia crescente","솟구치는 분노","Ira creciente","怒火高涨","怒火高漲","Закипающая ярость","Rising Anger","昂ぶる怒り","Rising Anger","Rising Anger","Rising Anger","Rising Anger","Rising Anger","Rising Anger","Rising Anger","Rising Anger","Rising Anger","Rising Anger","Rising Anger","Cólera Crescente","Rising Anger","Rising Anger","Rising Anger","Ira creciente","Rising Anger");
INSERT INTO LargeImage VALUES(10349,'https://steamcdn-a.akamaihd.net/apps/583950/icons/set01/10349_large_english.f6e8a1ea6619fc1eeb59b38040f1ae5cafe80727.png','https://steamcdn-a.akamaihd.net/apps/583950/icons/set01/10349_large_german.1f221c3f51a5c70d95954472fc5d819e36943012.png','https://steamcdn-a.akamaihd.net/apps/583950/icons/set01/10349_large_french.53dbec9a8e76e1a17635c3fb610c8e6ae0f955ef.png','https://steamcdn-a.akamaihd.net/apps/583950/icons/set01/10349_large_italian.8eed83b736c7c89e84318448eb83f99ebd1a56f4.png','https://steamcdn-a.akamaihd.net/apps/583950/icons/set01/10349_large_koreana.c629d84c4fce3b6f82fbd3329421387400180b17.png','https://steamcdn-a.akamaihd.net/apps/583950/icons/set01/10349_large_spanish.50fc691a8861da0143ef90fa79befc7cec0ac4cc.png','https://steamcdn-a.akamaihd.net/apps/583950/icons/set01/10349_large_schinese.c6185db5cac97710464069aa4229c889098bf91b.png','https://steamcdn-a.akamaihd.net/apps/583950/icons/set01/10349_large_tchinese.e44df1d3263f40863d6fb729304e81df8919c70a.png','https://steamcdn-a.akamaihd.net/apps/583950/icons/set01/10349_large_russian.522b6596d6f98b486c17cb7633a47dafd9589605.png','https://steamcdn-a.akamaihd.net/apps/583950/icons/set01/10349_large_japanese.9c8018d9da8b336053fc7e865da72e5460571b7d.png','https://steamcdn-a.akamaihd.net/apps/583950/icons/set01/10349_large_brazilian.8202e79d96ac849d06a313c62f972daa395f2926.png','https://steamcdn-a.akamaihd.net/apps/583950/icons/set01/10349_large_latam.1def9853d4e1faffa3d6916d8f5ca959c8227ce6.png');
INSERT INTO Cartas VALUES (10350,'Spell','Wisnu Tan','Common',110350);
INSERT INTO CardName VALUES(10350,"Sucker Punch","Unerwarteter Schlag","Coup bas","Colpo basso","불시의 타격","Golpe aturdidor","冷不胜防","冷不勝防","Подлый удар","Sucker Punch","不意打ちパンチ","Sucker Punch","Sucker Punch","Sucker Punch","Sucker Punch","Sucker Punch","Sucker Punch","Sucker Punch","Sucker Punch","Sucker Punch","Sucker Punch","Sucker Punch","Golpe Baixo","Sucker Punch","Sucker Punch","Sucker Punch","Golpe aturdidor","Sucker Punch");
INSERT INTO LargeImage VALUES(10350,'https://steamcdn-a.akamaihd.net/apps/583950/icons/set01/10350_large_english.bb2927d1de05341fad5150d99e93d5ae653ed6f9.png','https://steamcdn-a.akamaihd.net/apps/583950/icons/set01/10350_large_german.13593f2d8ba604bbdaeca4db690fed6718c5877f.png','https://steamcdn-a.akamaihd.net/apps/583950/icons/set01/10350_large_french.10b304e3e2d003309a9df2ba42443bfb70d075fc.png','https://steamcdn-a.akamaihd.net/apps/583950/icons/set01/10350_large_italian.245035ac2f6f9a9438bdc1b08f5b7ae16cf46a15.png','https://steamcdn-a.akamaihd.net/apps/583950/icons/set01/10350_large_koreana.ce44da961aa51f3b4d69c8dfbf5628c2a43bf307.png','https://steamcdn-a.akamaihd.net/apps/583950/icons/set01/10350_large_spanish.88d668784c03271967fe329de55d8475aa267835.png','https://steamcdn-a.akamaihd.net/apps/583950/icons/set01/10350_large_schinese.80162524cec8bac2b54c4f4e1cce50972927e559.png','https://steamcdn-a.akamaihd.net/apps/583950/icons/set01/10350_large_tchinese.27bccd171ed116aaf5f03cec8f1798521da4f5c3.png','https://steamcdn-a.akamaihd.net/apps/583950/icons/set01/10350_large_russian.4ce74b86fe3dc3368ff7d21ce1e5b16ec946cb11.png','https://steamcdn-a.akamaihd.net/apps/583950/icons/set01/10350_large_japanese.72c7c0cf4344a6a8d583df329e429b3f94cb4c60.png','https://steamcdn-a.akamaihd.net/apps/583950/icons/set01/10350_large_brazilian.f1ea1ac15b0dc0fa9e43bb20f7bec9c7a8c467a5.png','https://steamcdn-a.akamaihd.net/apps/583950/icons/set01/10350_large_latam.424b2d3615636f7866be09b2fcd08f1b31535056.png');
INSERT INTO Cartas VALUES (10352,'Spell','Daniel Romanovsky','Common',110352);
INSERT INTO CardName VALUES(10352,"Lightning Strike","Blitzschlag","Coup de tonnerre","Colpo fulmineo","번개 강타","Relámpago","闪电一击","閃電一擊","Разряд молнии","Lightning Strike","ライトニングストライク","Lightning Strike","Lightning Strike","Lightning Strike","Lightning Strike","Lightning Strike","Lightning Strike","Lightning Strike","Lightning Strike","Lightning Strike","Lightning Strike","Lightning Strike","Descarga Elétrica","Lightning Strike","Lightning Strike","Lightning Strike","Relámpago","Lightning Strike");
INSERT INTO LargeImage VALUES(10352,'https://steamcdn-a.akamaihd.net/apps/583950/icons/set01/10352_large_english.1aa0fffa5c453b77f13fab02696f82a4c5c0071d.png','https://steamcdn-a.akamaihd.net/apps/583950/icons/set01/10352_large_german.a9e69842c6125ae30c05540c94744d66172a2a7e.png','https://steamcdn-a.akamaihd.net/apps/583950/icons/set01/10352_large_french.aa6e5ce45a17e70ef2b93f674499f3a8025e02bb.png','https://steamcdn-a.akamaihd.net/apps/583950/icons/set01/10352_large_italian.d8cb5a9072919a6c7aa6f2c4e97fde8941b62293.png','https://steamcdn-a.akamaihd.net/apps/583950/icons/set01/10352_large_koreana.6aea4978e9faa5c6e465898536cd38db9af76f87.png','https://steamcdn-a.akamaihd.net/apps/583950/icons/set01/10352_large_spanish.84a657e957820eb712ff44c89af9acf158fac37c.png','https://steamcdn-a.akamaihd.net/apps/583950/icons/set01/10352_large_schinese.f35e8516a81ff0e346b5d3db4b0aef4418f77279.png','https://steamcdn-a.akamaihd.net/apps/583950/icons/set01/10352_large_tchinese.79a2d801a75a7124006ec4494e6be6e84bc4d422.png','https://steamcdn-a.akamaihd.net/apps/583950/icons/set01/10352_large_russian.d6fb972de495f621692cd971353b28bbc129606c.png','https://steamcdn-a.akamaihd.net/apps/583950/icons/set01/10352_large_japanese.5692cea3c2b7b39251a0903d985ef089cbacfea9.png','https://steamcdn-a.akamaihd.net/apps/583950/icons/set01/10352_large_brazilian.b3ec56e821b9533e49992e00ac4c937c0d7196b6.png','https://steamcdn-a.akamaihd.net/apps/583950/icons/set01/10352_large_latam.89c903cc63f3c5bea9673373465bac5a79f93c3f.png');
INSERT INTO Cartas VALUES (10353,'Spell','Daniel Romanovsky','Rare',110353);
INSERT INTO CardName VALUES(10353,"Bolt of Damocles","Blitz des Damokles","Éclair de Damoclès","Dardo di Damocle","다모클레스의 벼락","Rayo de Damocles","达摩克斯霹雳","達摩克斯霹靂","Дамоклова молния","Bolt of Damocles","ダモクレスの雷撃","Bolt of Damocles","Bolt of Damocles","Bolt of Damocles","Bolt of Damocles","Bolt of Damocles","Bolt of Damocles","Bolt of Damocles","Bolt of Damocles","Bolt of Damocles","Bolt of Damocles","Bolt of Damocles","Raio de Dâmocles","Bolt of Damocles","Bolt of Damocles","Bolt of Damocles","Rayo de Damocles","Bolt of Damocles");
INSERT INTO LargeImage VALUES(10353,'https://steamcdn-a.akamaihd.net/apps/583950/icons/set01/10353_large_english.a75a7613e99250863002d2545ed3ee626778dd7e.png','https://steamcdn-a.akamaihd.net/apps/583950/icons/set01/10353_large_german.b0966e0690c14fa5979a9c173a08ce1c3007bfc6.png','https://steamcdn-a.akamaihd.net/apps/583950/icons/set01/10353_large_french.8347a047eca352593832aa383612685bfc325a19.png','https://steamcdn-a.akamaihd.net/apps/583950/icons/set01/10353_large_italian.0961c5c639778c05b5009af023bd5bb7c86cc5c4.png','https://steamcdn-a.akamaihd.net/apps/583950/icons/set01/10353_large_koreana.ce3020f9bdc6fdb8941538418f7473956021698c.png','https://steamcdn-a.akamaihd.net/apps/583950/icons/set01/10353_large_spanish.26668ea8af4b4ee7b2b01aa5053fa9d564896644.png','https://steamcdn-a.akamaihd.net/apps/583950/icons/set01/10353_large_schinese.bfb3cee4627a7108692c6ba90db7bf41a1971072.png','https://steamcdn-a.akamaihd.net/apps/583950/icons/set01/10353_large_tchinese.5393c1d8297302158edca6671dd087bed6b8dcfe.png','https://steamcdn-a.akamaihd.net/apps/583950/icons/set01/10353_large_russian.50924130491291d13a3ee1e3c8ee2777fb0246a4.png','https://steamcdn-a.akamaihd.net/apps/583950/icons/set01/10353_large_japanese.d5a79496b9c6a634a048459cf28d1ad060da6223.png','https://steamcdn-a.akamaihd.net/apps/583950/icons/set01/10353_large_brazilian.36c1e61cd7fed3401d31a8c89d25707c769f00e1.png','https://steamcdn-a.akamaihd.net/apps/583950/icons/set01/10353_large_latam.5a348ac7e0f9c21591c33c44f080b52e87a55782.png');
INSERT INTO Cartas VALUES (10354,'Spell','Randy Vargas','Uncommon',110354);
INSERT INTO CardName VALUES(10354,"Pick Off","Ausschalten","Élimination","Eliminazione selettiva","특별한 지목","Daño selectivo","逐一击破","逐一擊破","Точный расчёт","Pick Off","狙い撃ち","Pick Off","Pick Off","Pick Off","Pick Off","Pick Off","Pick Off","Pick Off","Pick Off","Pick Off","Pick Off","Pick Off","Um por Um","Pick Off","Pick Off","Pick Off","Daño selectivo","Pick Off");
INSERT INTO LargeImage VALUES(10354,'https://steamcdn-a.akamaihd.net/apps/583950/icons/set01/10354_large_english.232a2f0465ef402162e5a9579439c84e1d16803d.png','https://steamcdn-a.akamaihd.net/apps/583950/icons/set01/10354_large_german.965f785f12df2e6ca0f022584dde7cfafe18fdd0.png','https://steamcdn-a.akamaihd.net/apps/583950/icons/set01/10354_large_french.0aab6416235d0d02f9c731f3e0162b489d95e005.png','https://steamcdn-a.akamaihd.net/apps/583950/icons/set01/10354_large_italian.10b28da74bf9957de31a16baf06dcd9eca05eea4.png','https://steamcdn-a.akamaihd.net/apps/583950/icons/set01/10354_large_koreana.00132ac4a2a0c17fa98cfcf744e837f76f473491.png','https://steamcdn-a.akamaihd.net/apps/583950/icons/set01/10354_large_spanish.1d573d2c4a843674e17f955ce4a32d46f2ecb824.png','https://steamcdn-a.akamaihd.net/apps/583950/icons/set01/10354_large_schinese.f2c708d40761bff8be735cf7ecd24c46970ca8a2.png','https://steamcdn-a.akamaihd.net/apps/583950/icons/set01/10354_large_tchinese.df64467256eee17cf3f63a43d3f6a0e1b1f7a9aa.png','https://steamcdn-a.akamaihd.net/apps/583950/icons/set01/10354_large_russian.6e3afc7c2a9dcac4f8324559d12eb65310462ee9.png','https://steamcdn-a.akamaihd.net/apps/583950/icons/set01/10354_large_japanese.2a06bcfc770c9680fd7868abed7801a2a8410d99.png','https://steamcdn-a.akamaihd.net/apps/583950/icons/set01/10354_large_brazilian.a206fabbc0057bdf3d4fac2e417a648a5c337ecf.png','https://steamcdn-a.akamaihd.net/apps/583950/icons/set01/10354_large_latam.85f04c1392950af46a523f7351debbcfdd792bb3.png');
INSERT INTO Cartas VALUES (10355,'Spell','Svetlin Velinov','Common',110355);
INSERT INTO CardName VALUES(10355,"Dimensional Portal","Dimensionsportal","Portail dimensionnel","Portale dimensionale","차원문","Portal dimensional","次元传送门","次元傳送門","Пространственный портал","Dimensional Portal","次元間ポータル","Dimensional Portal","Dimensional Portal","Dimensional Portal","Dimensional Portal","Dimensional Portal","Dimensional Portal","Dimensional Portal","Dimensional Portal","Dimensional Portal","Dimensional Portal","Dimensional Portal","Portal Dimensional","Dimensional Portal","Dimensional Portal","Dimensional Portal","Portal dimensional","Dimensional Portal");
INSERT INTO LargeImage VALUES(10355,'https://steamcdn-a.akamaihd.net/apps/583950/icons/set01/10355_large_english.4256d1a98387e171fd20ada091d40e61a40ff8ee.png','https://steamcdn-a.akamaihd.net/apps/583950/icons/set01/10355_large_german.0fa94ec772e9deb7fb5134fef69e2bb43519abf4.png','https://steamcdn-a.akamaihd.net/apps/583950/icons/set01/10355_large_french.a3a202efcd723bbefced9f13208fb9979584691c.png','https://steamcdn-a.akamaihd.net/apps/583950/icons/set01/10355_large_italian.904ff5c320fb5baaf7ab56c82c76bee15c867c54.png','https://steamcdn-a.akamaihd.net/apps/583950/icons/set01/10355_large_koreana.588acc1f47298044c604a9fda729b13e3df47854.png','https://steamcdn-a.akamaihd.net/apps/583950/icons/set01/10355_large_spanish.f3c3e54e7ae028b4fc23a5fb94eb8e406f8dfb68.png','https://steamcdn-a.akamaihd.net/apps/583950/icons/set01/10355_large_schinese.4b891283941dcb87a82250d4f29e309b3aecef0c.png','https://steamcdn-a.akamaihd.net/apps/583950/icons/set01/10355_large_tchinese.e0b2ebaf474715104fee1b961a79465aecb39234.png','https://steamcdn-a.akamaihd.net/apps/583950/icons/set01/10355_large_russian.2a46d344ec12855d1077816aba8083ff77c1f6d2.png','https://steamcdn-a.akamaihd.net/apps/583950/icons/set01/10355_large_japanese.587eaa94992902dc0fcbe60a0fe434388e997d16.png','https://steamcdn-a.akamaihd.net/apps/583950/icons/set01/10355_large_brazilian.3ee2a1c5c8871d811f75970eb21d7be7f9fc8989.png','https://steamcdn-a.akamaihd.net/apps/583950/icons/set01/10355_large_latam.4391445e88c368cdeb8fe7a485b7b555c0889ea8.png');
INSERT INTO Cartas VALUES (10358,'Spell','Darkken','Uncommon',110358);
INSERT INTO CardName VALUES(10358,"Restoration Effort","Wiederaufbau","Effort de restauration","Rinascita","복구 노력","Restauración","妙手回春","妙手回春","Реставрация","Restoration Effort","修復作業","Restoration Effort","Restoration Effort","Restoration Effort","Restoration Effort","Restoration Effort","Restoration Effort","Restoration Effort","Restoration Effort","Restoration Effort","Restoration Effort","Restoration Effort","Mutirão de Restauração","Restoration Effort","Restoration Effort","Restoration Effort","Restauración","Restoration Effort");
INSERT INTO LargeImage VALUES(10358,'https://steamcdn-a.akamaihd.net/apps/583950/icons/set01/10358_large_english.7f9595da0163c7d2e4b51382834eb66d6b200cf0.png','https://steamcdn-a.akamaihd.net/apps/583950/icons/set01/10358_large_german.252bcded29cc1264eaa16cb2fd7a3b4c401cc7f0.png','https://steamcdn-a.akamaihd.net/apps/583950/icons/set01/10358_large_french.09cf3aac47032ea5da8f7ecc17f4df8d341bc596.png','https://steamcdn-a.akamaihd.net/apps/583950/icons/set01/10358_large_italian.f14e6f67903dfb23e22ac2d839ba77743e859d60.png','https://steamcdn-a.akamaihd.net/apps/583950/icons/set01/10358_large_koreana.824342ccb2b4770b6694f0d05c2eac3069d799e7.png','https://steamcdn-a.akamaihd.net/apps/583950/icons/set01/10358_large_spanish.b4a857ddbd96bc8842bd0fc2f266c02687ecf1e2.png','https://steamcdn-a.akamaihd.net/apps/583950/icons/set01/10358_large_schinese.f2c791fc4f3b0a06387ce604ec264be2cf72b2f5.png','https://steamcdn-a.akamaihd.net/apps/583950/icons/set01/10358_large_tchinese.12dda608b0c6e401631c35fcc008bb4304ec9c8d.png','https://steamcdn-a.akamaihd.net/apps/583950/icons/set01/10358_large_russian.4d3b66b6786ab8edf40885fc54dd78aa4155cd7f.png','https://steamcdn-a.akamaihd.net/apps/583950/icons/set01/10358_large_japanese.8726479e91e186711eb79f6de2da8288931d07cb.png','https://steamcdn-a.akamaihd.net/apps/583950/icons/set01/10358_large_brazilian.9a0d5f5237bb58dd7ea23a0415d970d0809fb67f.png','https://steamcdn-a.akamaihd.net/apps/583950/icons/set01/10358_large_latam.daa70fd420bb82a6daf8f7c784e1b49ef3f2164b.png');
INSERT INTO Cartas VALUES (10359,'Spell','Sung Choi','Common',110359);
INSERT INTO CardName VALUES(10359,"Buying Time","Zeit gewinnen","Gain de temps","Prendere tempo","시간 벌기","Ganar tiempo","拖延战术","拖延戰術","Запас времени","Buying Time","時間稼ぎ","Buying Time","Buying Time","Buying Time","Buying Time","Buying Time","Buying Time","Buying Time","Buying Time","Buying Time","Buying Time","Buying Time","Ganhando Tempo","Buying Time","Buying Time","Buying Time","Ganar tiempo","Buying Time");
INSERT INTO LargeImage VALUES(10359,'https://steamcdn-a.akamaihd.net/apps/583950/icons/set01/10359_large_english.886e3dd61cb133a4819d6fa1fab7720ddd380a1d.png','https://steamcdn-a.akamaihd.net/apps/583950/icons/set01/10359_large_german.36155cc51d7c0bc4de150bc937e3382fb6bd3000.png','https://steamcdn-a.akamaihd.net/apps/583950/icons/set01/10359_large_french.16f3a73c42162fbe541113caf09e12052cfa883c.png','https://steamcdn-a.akamaihd.net/apps/583950/icons/set01/10359_large_italian.2cd3a6ebcafbd61d3059c36ea900621e3ea4d101.png','https://steamcdn-a.akamaihd.net/apps/583950/icons/set01/10359_large_koreana.64c6a3aeac593b3f074bd21baae26826d3ef6458.png','https://steamcdn-a.akamaihd.net/apps/583950/icons/set01/10359_large_spanish.a20570a31b408a434afe05552e5ae56c8c6bad3b.png','https://steamcdn-a.akamaihd.net/apps/583950/icons/set01/10359_large_schinese.84fa95081852bbe8cbbdc7354ec3ef7992248a56.png','https://steamcdn-a.akamaihd.net/apps/583950/icons/set01/10359_large_tchinese.10929ac1a7608c731b77cdd99097d91f2683126f.png','https://steamcdn-a.akamaihd.net/apps/583950/icons/set01/10359_large_russian.2775d95ce1791ce74302a9a131ca40a66243846e.png','https://steamcdn-a.akamaihd.net/apps/583950/icons/set01/10359_large_japanese.0f9602251c75f7f28ff4b25b1aba74e05148c623.png','https://steamcdn-a.akamaihd.net/apps/583950/icons/set01/10359_large_brazilian.e6a4f4c61650dcd1e59f4dd0fe63a0c3e52ea0a3.png','https://steamcdn-a.akamaihd.net/apps/583950/icons/set01/10359_large_latam.2faa73c0d5ffd34a9aae1d052b5d104ee52fcfe1.png');
INSERT INTO Cartas VALUES (10360,'Spell','Darek Zabrocki','Uncommon',110360);
INSERT INTO CardName VALUES(10360,"Friendly Fire","Eigenbeschuss","Tir ami","Fuoco amico","상호 처리반","Fuego aliado","误伤","誤傷","Огонь по своим","Friendly Fire","同士討ち","Friendly Fire","Friendly Fire","Friendly Fire","Friendly Fire","Friendly Fire","Friendly Fire","Friendly Fire","Friendly Fire","Friendly Fire","Friendly Fire","Friendly Fire","Fogo Amigo","Friendly Fire","Friendly Fire","Friendly Fire","Fuego aliado","Friendly Fire");
INSERT INTO LargeImage VALUES(10360,'https://steamcdn-a.akamaihd.net/apps/583950/icons/set01/10360_large_english.6a2d9776cafcd32aed03c52db4d25c16e2c5abd6.png','https://steamcdn-a.akamaihd.net/apps/583950/icons/set01/10360_large_german.fa618982754e9b32eacad6cfcfe51b18e5899af4.png','https://steamcdn-a.akamaihd.net/apps/583950/icons/set01/10360_large_french.d9e6dc1c9846aee29433684be0a03860033851fd.png','https://steamcdn-a.akamaihd.net/apps/583950/icons/set01/10360_large_italian.8382f7946eede72e3c7937fb22c2070e33248be9.png','https://steamcdn-a.akamaihd.net/apps/583950/icons/set01/10360_large_koreana.90058e0697c7c22879c419683b47be02457ad0ae.png','https://steamcdn-a.akamaihd.net/apps/583950/icons/set01/10360_large_spanish.1022809160ea0647a297a4cfa38981c94731c0f0.png','https://steamcdn-a.akamaihd.net/apps/583950/icons/set01/10360_large_schinese.83850acac4c08923b5f691b911e49a068ba5c495.png','https://steamcdn-a.akamaihd.net/apps/583950/icons/set01/10360_large_tchinese.0023c01a75f8a0edd01064b7c1925aac10a40094.png','https://steamcdn-a.akamaihd.net/apps/583950/icons/set01/10360_large_russian.1bc1c9261ebe5c0e64c05892c04466ef2fee49f6.png','https://steamcdn-a.akamaihd.net/apps/583950/icons/set01/10360_large_japanese.f55b0a2acc045644f5e8f106512ebf97d2a4e53b.png','https://steamcdn-a.akamaihd.net/apps/583950/icons/set01/10360_large_brazilian.d32c0c5a0bd19110917ba7586cb9109f3943d006.png','https://steamcdn-a.akamaihd.net/apps/583950/icons/set01/10360_large_latam.f34c42972286720f1653e21fc79827ce2e7a62c0.png');
INSERT INTO Cartas VALUES (10361,'Spell','Wisnu Tan','Rare',110361);
INSERT INTO CardName VALUES(10361,"Coordinated Assault","Koordinierter Sturmangriff","Assaut synchronisé","Assalto coordinato","조율된 습격","Asalto coordinado","联手突袭","聯手突襲","Слаженное нападение","Coordinated Assault","連携襲撃","Coordinated Assault","Coordinated Assault","Coordinated Assault","Coordinated Assault","Coordinated Assault","Coordinated Assault","Coordinated Assault","Coordinated Assault","Coordinated Assault","Coordinated Assault","Coordinated Assault","Ataque Coordenado","Coordinated Assault","Coordinated Assault","Coordinated Assault","Asalto coordinado","Coordinated Assault");
INSERT INTO LargeImage VALUES(10361,'https://steamcdn-a.akamaihd.net/apps/583950/icons/set01/10361_large_english.10b5e5591d5751cbcae29e485e0c40c4ba89140e.png','https://steamcdn-a.akamaihd.net/apps/583950/icons/set01/10361_large_german.ca433d782559fd3544ca4f9bc25a8019e3dd6cd0.png','https://steamcdn-a.akamaihd.net/apps/583950/icons/set01/10361_large_french.9a641a4cd586fa68e297979c7cbda524449175c5.png','https://steamcdn-a.akamaihd.net/apps/583950/icons/set01/10361_large_italian.9f23819ae0a7280f297ab91ffd7152184a8bdf5d.png','https://steamcdn-a.akamaihd.net/apps/583950/icons/set01/10361_large_koreana.7970beb7f056834cd7c187e39379196d62723f2f.png','https://steamcdn-a.akamaihd.net/apps/583950/icons/set01/10361_large_spanish.cf17eb3e33550855768573dbef69ef2731a9358f.png','https://steamcdn-a.akamaihd.net/apps/583950/icons/set01/10361_large_schinese.9b84400918b56ec18c7c66f9eaa5003efa79f74c.png','https://steamcdn-a.akamaihd.net/apps/583950/icons/set01/10361_large_tchinese.023dd55699d797bd6c156a0e04535ed44c58adfd.png','https://steamcdn-a.akamaihd.net/apps/583950/icons/set01/10361_large_russian.cf6783cb707c9933c2f6ed35402e0ac52a0255cd.png','https://steamcdn-a.akamaihd.net/apps/583950/icons/set01/10361_large_japanese.710b6636b32cf42e16e415c22efa878bbd829858.png','https://steamcdn-a.akamaihd.net/apps/583950/icons/set01/10361_large_brazilian.4b1148cc7761adf98028116c7a11e7073139564e.png','https://steamcdn-a.akamaihd.net/apps/583950/icons/set01/10361_large_latam.0e6224dc827f8ea5f2fc131aa73de770a3f750c1.png');
INSERT INTO Cartas VALUES (10365,'Spell','Forrest Imel','Common',110365);
INSERT INTO CardName VALUES(10365,"Juke","Finte","Feinte","Schivata","빠져나가기","Intercambio vecinal","绕树","迷蹤步","Манёвр","Juke","フェイント","Juke","Juke","Juke","Juke","Juke","Juke","Juke","Juke","Juke","Juke","Juke","Esquiva","Juke","Juke","Juke","Intercambio vecinal","Juke");
INSERT INTO LargeImage VALUES(10365,'https://steamcdn-a.akamaihd.net/apps/583950/icons/set01/10365_large_english.1762bb9c778dfcdd623cf8cfac4cac491bc9bce1.png','https://steamcdn-a.akamaihd.net/apps/583950/icons/set01/10365_large_german.1b82fc9604c1d28a6a74def1260d54bfadc25f24.png','https://steamcdn-a.akamaihd.net/apps/583950/icons/set01/10365_large_french.5f8430f2501aac9f0db0864148742ce2baa7e4f4.png','https://steamcdn-a.akamaihd.net/apps/583950/icons/set01/10365_large_italian.40fcd6218f6131048317791886dfea9936fcb2e3.png','https://steamcdn-a.akamaihd.net/apps/583950/icons/set01/10365_large_koreana.ede10f66a4b0f244686f165de06fa381e92d2639.png','https://steamcdn-a.akamaihd.net/apps/583950/icons/set01/10365_large_spanish.be3d57534a4a70b551c990aa010149a947bedb14.png','https://steamcdn-a.akamaihd.net/apps/583950/icons/set01/10365_large_schinese.fcf0ec7b4e751164aa2b3799e2bb2fb5ec8ff8b3.png','https://steamcdn-a.akamaihd.net/apps/583950/icons/set01/10365_large_tchinese.96c2aae5ae6bfc2ccc4359193f07ce5a78cbe5eb.png','https://steamcdn-a.akamaihd.net/apps/583950/icons/set01/10365_large_russian.f03df738dbf1150b3db197c9f94f3d0ff24cf7cb.png','https://steamcdn-a.akamaihd.net/apps/583950/icons/set01/10365_large_japanese.e64869bcb9e29aaed0ab6ae01e0e0ca64de3da56.png','https://steamcdn-a.akamaihd.net/apps/583950/icons/set01/10365_large_brazilian.84bdb96937f6219769a0a0f0b0a070be6f932ff7.png','https://steamcdn-a.akamaihd.net/apps/583950/icons/set01/10365_large_latam.9c4080062d94100ebf4bf14aa02828c24a44defa.png');
INSERT INTO Cartas VALUES (10366,'Spell','Robert Simon','Common',110366);
INSERT INTO CardName VALUES(10366,"New Orders","Neue Befehle","Nouveaux ordres","Nuovi ordini","새로운 명령","Nuevas órdenes","新命令","新命令","Новый приказ","New Orders","新たな指令","New Orders","New Orders","New Orders","New Orders","New Orders","New Orders","New Orders","New Orders","New Orders","New Orders","New Orders","Novas Ordens","New Orders","New Orders","New Orders","Nuevas órdenes","New Orders");
INSERT INTO LargeImage VALUES(10366,'https://steamcdn-a.akamaihd.net/apps/583950/icons/set01/10366_large_english.276e416982d06fc224fb582cfd9bf709642fd472.png','https://steamcdn-a.akamaihd.net/apps/583950/icons/set01/10366_large_german.91af51bb5fbd3245d4368a139c2321ebc61523a2.png','https://steamcdn-a.akamaihd.net/apps/583950/icons/set01/10366_large_french.79f9352cf53934958ec88199025fdabf25a29e0a.png','https://steamcdn-a.akamaihd.net/apps/583950/icons/set01/10366_large_italian.10209d3a110112e9832c06b272088a4b04b3f628.png','https://steamcdn-a.akamaihd.net/apps/583950/icons/set01/10366_large_koreana.4e215e30f48ace011193c5033615621e141f1b8b.png','https://steamcdn-a.akamaihd.net/apps/583950/icons/set01/10366_large_spanish.7f99aef6a2231cd05d2cb3da9f4463f8f2f605fd.png','https://steamcdn-a.akamaihd.net/apps/583950/icons/set01/10366_large_schinese.fc20ed105149b6826e7c5039abc7c9654214d475.png','https://steamcdn-a.akamaihd.net/apps/583950/icons/set01/10366_large_tchinese.4384d199b521349a6b0affd14a697b835d72e4f8.png','https://steamcdn-a.akamaihd.net/apps/583950/icons/set01/10366_large_russian.900f28ec18a921718edf0046e36999e327d19052.png','https://steamcdn-a.akamaihd.net/apps/583950/icons/set01/10366_large_japanese.4fab2c117f184508b33e07b2ef08ee82da3f3095.png','https://steamcdn-a.akamaihd.net/apps/583950/icons/set01/10366_large_brazilian.c626053a95260f2d760b9b94f1681c5916a435cf.png','https://steamcdn-a.akamaihd.net/apps/583950/icons/set01/10366_large_latam.e7b076bae5087dabdb7c2620d5ad191168ef8c6f.png');
INSERT INTO Cartas VALUES (10367,'Spell','Forrest Imel','Uncommon',110367);
INSERT INTO CardName VALUES(10367,"Rend Armor","Rüstung spalten","Brise armure","Armatura strappata","방어 분쇄","Incisión de armadura","撕裂护甲","撕裂護甲","Броня в клочья","Rend Armor","鎧裂き","Rend Armor","Rend Armor","Rend Armor","Rend Armor","Rend Armor","Rend Armor","Rend Armor","Rend Armor","Rend Armor","Rend Armor","Rend Armor","Fender Armadura","Rend Armor","Rend Armor","Rend Armor","Incisión de Armadura","Rend Armor");
INSERT INTO LargeImage VALUES(10367,'https://steamcdn-a.akamaihd.net/apps/583950/icons/set01/10367_large_english.ea2b17769402f558e2096ee2b8467074f47823fe.png','https://steamcdn-a.akamaihd.net/apps/583950/icons/set01/10367_large_german.1a94b90c1856199db90c37f334aeeb701860f68c.png','https://steamcdn-a.akamaihd.net/apps/583950/icons/set01/10367_large_french.21531f3ed193034109d57db7b22be473044273e6.png','https://steamcdn-a.akamaihd.net/apps/583950/icons/set01/10367_large_italian.2a73924fa07336af434af5f2324b85dacea08826.png','https://steamcdn-a.akamaihd.net/apps/583950/icons/set01/10367_large_koreana.f27e7e53d4b969b4a0d73d74d1f79f262b6f1412.png','https://steamcdn-a.akamaihd.net/apps/583950/icons/set01/10367_large_spanish.a0e9968462829b24cdcd7029ade6cf0f361f36c9.png','https://steamcdn-a.akamaihd.net/apps/583950/icons/set01/10367_large_schinese.11f3272715a7f682e31ddac319f7e2d6c4a9195e.png','https://steamcdn-a.akamaihd.net/apps/583950/icons/set01/10367_large_tchinese.1da54740613275c164c73d5b090ca56045a47e3f.png','https://steamcdn-a.akamaihd.net/apps/583950/icons/set01/10367_large_russian.23b683b51478fc2a9d9426735659442b4075f254.png','https://steamcdn-a.akamaihd.net/apps/583950/icons/set01/10367_large_japanese.4d21c93865b933fbe50b6d7443e862a27781f0db.png','https://steamcdn-a.akamaihd.net/apps/583950/icons/set01/10367_large_brazilian.355951a3b1f94dbeb1ba1542d20d1928feeb9cd5.png','https://steamcdn-a.akamaihd.net/apps/583950/icons/set01/10367_large_latam.b0a0096e6a0ec9bec37f6cef75e5322f30ad5e6b.png');
INSERT INTO Cartas VALUES (10368,'Spell','Livia Prima','Common',110368);
INSERT INTO CardName VALUES(10368,"Avernus' Blessing","Segen der Avernus","Bénédiction d'Avernus","Benedizione dell'Averno","아베르누스의 축복","Bendición del Averno","魔霭福泽","地獄福澤","Благословение Аверно","Avernus' Blessing","アヴァーナスの祝福","Avernus' Blessing","Avernus' Blessing","Avernus' Blessing","Avernus' Blessing","Avernus' Blessing","Avernus' Blessing","Avernus' Blessing","Avernus' Blessing","Avernus' Blessing","Avernus' Blessing","Avernus' Blessing","Bênção de Averno","Avernus' Blessing","Avernus' Blessing","Avernus' Blessing","Bendición del Averno","Avernus' Blessing");
INSERT INTO LargeImage VALUES(10368,'https://steamcdn-a.akamaihd.net/apps/583950/icons/set01/10368_large_english.a6e66625310c71ed91a6c52aa714604403fed60d.png','https://steamcdn-a.akamaihd.net/apps/583950/icons/set01/10368_large_german.a7c48d035718f035c2377f92b2a11b7e5176e638.png','https://steamcdn-a.akamaihd.net/apps/583950/icons/set01/10368_large_french.04812300fb9dd34612698496ee94ad7906fff61c.png','https://steamcdn-a.akamaihd.net/apps/583950/icons/set01/10368_large_italian.bdcec0addd4346481b3f917c6a6cd7102dffeb9b.png','https://steamcdn-a.akamaihd.net/apps/583950/icons/set01/10368_large_koreana.8025ec3b7c5522f19f17b03ecce47ac6d1dca002.png','https://steamcdn-a.akamaihd.net/apps/583950/icons/set01/10368_large_spanish.6e7d2ca442251f5bc38c9f7d0541ff3709aafa99.png','https://steamcdn-a.akamaihd.net/apps/583950/icons/set01/10368_large_schinese.149b9523679d211fdb849a9190b7492309a9f214.png','https://steamcdn-a.akamaihd.net/apps/583950/icons/set01/10368_large_tchinese.823557946903ef65cc7ded0ae90b0d9762e27da2.png','https://steamcdn-a.akamaihd.net/apps/583950/icons/set01/10368_large_russian.ac40f1652ba0245345a08ec4dd654f4cc3bb5e55.png','https://steamcdn-a.akamaihd.net/apps/583950/icons/set01/10368_large_japanese.7f17f6da38af0a9c316dd6e147175873b4705019.png','https://steamcdn-a.akamaihd.net/apps/583950/icons/set01/10368_large_brazilian.23dabb6b24f248aac74b5b4e39de8d172c6f7c2f.png','https://steamcdn-a.akamaihd.net/apps/583950/icons/set01/10368_large_latam.c641344e60df6c29b1df43a8aa6f00aa4977a8d4.png');
INSERT INTO Cartas VALUES (10370,'Spell','Forrest Imel','Common',110370);
INSERT INTO CardName VALUES(10370,"Fight Through the Pain","Zähne zusammenbeißen","Résistance à la douleur","Resistenza al dolore","고통 감내","Resistencia al dolor","忍痛奋战","忍痛奮戰","Превозмогая боль","Fight Through the Pain","痛みの克服","Fight Through the Pain","Fight Through the Pain","Fight Through the Pain","Fight Through the Pain","Fight Through the Pain","Fight Through the Pain","Fight Through the Pain","Fight Through the Pain","Fight Through the Pain","Fight Through the Pain","Fight Through the Pain","Resistindo à Dor","Fight Through the Pain","Fight Through the Pain","Fight Through the Pain","Resistencia al dolor","Fight Through the Pain");
INSERT INTO LargeImage VALUES(10370,'https://steamcdn-a.akamaihd.net/apps/583950/icons/set01/10370_large_english.daa99017f7ee0a7173c2d152c8680a1c0d7de67b.png','https://steamcdn-a.akamaihd.net/apps/583950/icons/set01/10370_large_german.46623863cd4a58601ff5e3001d7ed6348dc19659.png','https://steamcdn-a.akamaihd.net/apps/583950/icons/set01/10370_large_french.1fd7c71640268e961db1b53f24c2f62b024ba127.png','https://steamcdn-a.akamaihd.net/apps/583950/icons/set01/10370_large_italian.3f6bf7f9afef36e3e1e3d3cf15356b79bc0f0d5b.png','https://steamcdn-a.akamaihd.net/apps/583950/icons/set01/10370_large_koreana.4a025c131cae0c71c76b82abef4d1d2dfa742977.png','https://steamcdn-a.akamaihd.net/apps/583950/icons/set01/10370_large_spanish.cc0937f9b9863e2e4e3bf4642ae887b3c0acbd53.png','https://steamcdn-a.akamaihd.net/apps/583950/icons/set01/10370_large_schinese.0127edfbc194761e67c76ca17302d9923a21ddb3.png','https://steamcdn-a.akamaihd.net/apps/583950/icons/set01/10370_large_tchinese.bfe11a31a3189ffa80a0c991924a21d8d0201e7d.png','https://steamcdn-a.akamaihd.net/apps/583950/icons/set01/10370_large_russian.1fda435eba37aaae8b1f2b5c426c52fcfe18c667.png','https://steamcdn-a.akamaihd.net/apps/583950/icons/set01/10370_large_japanese.cf95a4339a2faab77f7f1f4267ddaf9dc8fa6c69.png','https://steamcdn-a.akamaihd.net/apps/583950/icons/set01/10370_large_brazilian.c43b3895f552458cc4ff985ee3422cd4ad22f283.png','https://steamcdn-a.akamaihd.net/apps/583950/icons/set01/10370_large_latam.84beaab334ba422db4d7b13b19811a10f32a1bc1.png');
INSERT INTO Cartas VALUES (10373,'Spell','Jana Schirmer','Rare',110373);
INSERT INTO CardName VALUES(10373,"Soul of Spring","Seele des Frühlings","Esprit du printemps","Anima della primavera","봄의 영혼","Alma primaveral","回春之魂","回春之魂","Весенняя душа","Soul of Spring","春の魂","Soul of Spring","Soul of Spring","Soul of Spring","Soul of Spring","Soul of Spring","Soul of Spring","Soul of Spring","Soul of Spring","Soul of Spring","Soul of Spring","Soul of Spring","Alma Primaveril","Soul of Spring","Soul of Spring","Soul of Spring","Alma primaveral","Soul of Spring");
INSERT INTO LargeImage VALUES(10373,'https://steamcdn-a.akamaihd.net/apps/583950/icons/set01/10373_large_english.daa28400fcf5a5b15c68849660d69ead50e57e43.png','https://steamcdn-a.akamaihd.net/apps/583950/icons/set01/10373_large_german.f7741fe389d6fc859359a5107f4b45c42a30c713.png','https://steamcdn-a.akamaihd.net/apps/583950/icons/set01/10373_large_french.d2182f09feb7089a859c48c2a65902e5594457fd.png','https://steamcdn-a.akamaihd.net/apps/583950/icons/set01/10373_large_italian.6825af54426d0d3c16571448a9028e53c3cb1564.png','https://steamcdn-a.akamaihd.net/apps/583950/icons/set01/10373_large_koreana.5bb4c44f954a0e4ad4335f6d8e84a3a5d31dc7e6.png','https://steamcdn-a.akamaihd.net/apps/583950/icons/set01/10373_large_spanish.7ee0d96ede44187e9f6901b5c41d342d8f65f493.png','https://steamcdn-a.akamaihd.net/apps/583950/icons/set01/10373_large_schinese.f7f8cbd2f558def36bccf40da8ab19d9e5d95cc2.png','https://steamcdn-a.akamaihd.net/apps/583950/icons/set01/10373_large_tchinese.33c8c2bc4fa6605b013806db5d45b1e8b55e5dbc.png','https://steamcdn-a.akamaihd.net/apps/583950/icons/set01/10373_large_russian.e565d619ae2bb549f25fdb33279a59743e8f43a4.png','https://steamcdn-a.akamaihd.net/apps/583950/icons/set01/10373_large_japanese.80393266144bb4022ff5c146238aae24cfd72f91.png','https://steamcdn-a.akamaihd.net/apps/583950/icons/set01/10373_large_brazilian.ac8ad77c29022beacf299d20944ba4387da72d8c.png','https://steamcdn-a.akamaihd.net/apps/583950/icons/set01/10373_large_latam.a6bc3754ec43d3cfc4df9541951a979696141b40.png');
INSERT INTO Cartas VALUES (10374,'Spell','Alix Branwyn','Common',110374);
INSERT INTO CardName VALUES(10374,"Arcane Assault","Arkaner Angriff","Assaut arcanique","Assalto arcano","신비의 습격","Asalto arcano","奥术突袭","奧術突襲","Магический штурм","Arcane Assault","秘術の猛攻","Arcane Assault","Arcane Assault","Arcane Assault","Arcane Assault","Arcane Assault","Arcane Assault","Arcane Assault","Arcane Assault","Arcane Assault","Arcane Assault","Arcane Assault","Ataque Arcano","Arcane Assault","Arcane Assault","Arcane Assault","Asalto arcano","Arcane Assault");
INSERT INTO LargeImage VALUES(10374,'https://steamcdn-a.akamaihd.net/apps/583950/icons/set01/10374_large_english.d7ec322d242d33191a714bc200324a1a53e399af.png','https://steamcdn-a.akamaihd.net/apps/583950/icons/set01/10374_large_german.8592378127034023c691143346bca0be338afa23.png','https://steamcdn-a.akamaihd.net/apps/583950/icons/set01/10374_large_french.0dca45e2c038d4d924c911eedf9a3047b4be63d3.png','https://steamcdn-a.akamaihd.net/apps/583950/icons/set01/10374_large_italian.da5b68c533d3c8b1548faa08c22e7e346278ef70.png','https://steamcdn-a.akamaihd.net/apps/583950/icons/set01/10374_large_koreana.2b612e6ca492932a731be569aa1dde7f35f65a49.png','https://steamcdn-a.akamaihd.net/apps/583950/icons/set01/10374_large_spanish.c60dc59e2ae7015462f85733359d73cf1a437d57.png','https://steamcdn-a.akamaihd.net/apps/583950/icons/set01/10374_large_schinese.03df2dd6f537a9f1ec3633fe6022d3e06f59d9e8.png','https://steamcdn-a.akamaihd.net/apps/583950/icons/set01/10374_large_tchinese.038186fad19d75f5b3deda688dbb7d19a651b2d5.png','https://steamcdn-a.akamaihd.net/apps/583950/icons/set01/10374_large_russian.7962b4cf5a5d83ab61f473d588882a60c3349c2d.png','https://steamcdn-a.akamaihd.net/apps/583950/icons/set01/10374_large_japanese.df4dbad40251e9dd188f9eaf64629f02b872e618.png','https://steamcdn-a.akamaihd.net/apps/583950/icons/set01/10374_large_brazilian.9d7dcb4cb6c460f7560f133d7b5151d0636063b5.png','https://steamcdn-a.akamaihd.net/apps/583950/icons/set01/10374_large_latam.e7e45493f6e5867ff3f58fb2bf917cd361f01146.png');
INSERT INTO Cartas VALUES (10376,'Spell','Jason Kang','Rare',110376);
INSERT INTO CardName VALUES(10376,"Remote Detonation","Fernzündung","Explosion à distance","Detonazione a distanza","원격 폭발","Detonación remota","遥控引爆","遙控引爆","Дистанционный подрыв","Remote Detonation","遠隔起爆","Remote Detonation","Remote Detonation","Remote Detonation","Remote Detonation","Remote Detonation","Remote Detonation","Remote Detonation","Remote Detonation","Remote Detonation","Remote Detonation","Remote Detonation","Detonação Remota","Remote Detonation","Remote Detonation","Remote Detonation","Detonación remota","Remote Detonation");
INSERT INTO LargeImage VALUES(10376,'https://steamcdn-a.akamaihd.net/apps/583950/icons/set01/10376_large_english.39bdcc2547793784ccfe920befe3212aa708592b.png','https://steamcdn-a.akamaihd.net/apps/583950/icons/set01/10376_large_german.33ab47c0db910341d2900ba52e910bb7d22fdaa7.png','https://steamcdn-a.akamaihd.net/apps/583950/icons/set01/10376_large_french.7e1453431d416f503fb824b2079eec27cfa55c4a.png','https://steamcdn-a.akamaihd.net/apps/583950/icons/set01/10376_large_italian.d729233ec11ff8b1f9fb8fa3a45236be9f0c7cec.png','https://steamcdn-a.akamaihd.net/apps/583950/icons/set01/10376_large_koreana.72c4284545318b41417b1670976f4c1cfd8fb0f5.png','https://steamcdn-a.akamaihd.net/apps/583950/icons/set01/10376_large_spanish.5d7465c1ee88497782f2b90eaa37b3dc294b4ff9.png','https://steamcdn-a.akamaihd.net/apps/583950/icons/set01/10376_large_schinese.3818204f71fd49ca7c2fc8a04925e889b54a9712.png','https://steamcdn-a.akamaihd.net/apps/583950/icons/set01/10376_large_tchinese.afc54d371816c473f77fcca393de52eb920d3567.png','https://steamcdn-a.akamaihd.net/apps/583950/icons/set01/10376_large_russian.87b4b8913ee1a2c68eaae588557d297fba6da3f5.png','https://steamcdn-a.akamaihd.net/apps/583950/icons/set01/10376_large_japanese.c2249d5872cc759a0865f0686c69049e7b561d91.png','https://steamcdn-a.akamaihd.net/apps/583950/icons/set01/10376_large_brazilian.2595d8fad637eaebdedecfc836480af6c9ba3ac1.png','https://steamcdn-a.akamaihd.net/apps/583950/icons/set01/10376_large_latam.cc23f2c35e7ca09c7b65377958d39e03faf3977c.png');
INSERT INTO Cartas VALUES (10377,'Spell','Magali Villeneuve','Rare',110377);
INSERT INTO CardName VALUES(10377,"Fog of War","Nebel des Krieges","Brouillard de guerre","Nebbia di guerra","전장의 안개","Niebla de guerra","战场迷雾","戰場迷霧","Туман войны","Fog of War","戦場の霧","Fog of War","Fog of War","Fog of War","Fog of War","Fog of War","Fog of War","Fog of War","Fog of War","Fog of War","Fog of War","Fog of War","Névoa de Guerra","Fog of War","Fog of War","Fog of War","Niebla de guerra","Fog of War");
INSERT INTO LargeImage VALUES(10377,'https://steamcdn-a.akamaihd.net/apps/583950/icons/set01/10377_large_english.db75651827899a914424ecb5a56cb445f2b03d48.png','https://steamcdn-a.akamaihd.net/apps/583950/icons/set01/10377_large_german.dc1a6377b88abd0eefef802e17640b6de151bc51.png','https://steamcdn-a.akamaihd.net/apps/583950/icons/set01/10377_large_french.302659d2e2eded0b122f43d7fcfc86290163f838.png','https://steamcdn-a.akamaihd.net/apps/583950/icons/set01/10377_large_italian.8c1693373066e07435954c35db753f0e20cdac3f.png','https://steamcdn-a.akamaihd.net/apps/583950/icons/set01/10377_large_koreana.62c21e2c48900d20ad3e9fc4eb9d964637ce8c81.png','https://steamcdn-a.akamaihd.net/apps/583950/icons/set01/10377_large_spanish.7bef15b6d06b95a94b43050bacef5c423de469ca.png','https://steamcdn-a.akamaihd.net/apps/583950/icons/set01/10377_large_schinese.f9d54ed2f1d3ba039a77451624d46caadc077b23.png','https://steamcdn-a.akamaihd.net/apps/583950/icons/set01/10377_large_tchinese.65abaabb51ba2e25686e0ed46c0717233afc99a3.png','https://steamcdn-a.akamaihd.net/apps/583950/icons/set01/10377_large_russian.d59e569cd91158566bd2246c418e4738d3058b9e.png','https://steamcdn-a.akamaihd.net/apps/583950/icons/set01/10377_large_japanese.0d02ff04ca3c4f4ece0ffda5157ebde82832b740.png','https://steamcdn-a.akamaihd.net/apps/583950/icons/set01/10377_large_brazilian.47a9ebb7cab5c0f92ef7bc557cb050bfada4c100.png','https://steamcdn-a.akamaihd.net/apps/583950/icons/set01/10377_large_latam.b93ac8416da5f07122b8f8c4367b39efc6ca681c.png');
INSERT INTO Cartas VALUES (10378,'Spell','Kieran Yanner','Rare',110378);
INSERT INTO CardName VALUES(10378,"Divine Purpose","Göttlicher Zweck","Volonté divine","Convinzione divina","신성한 목적","Propósito divino","神圣旨意","神聖旨意","Божественное предназначение","Divine Purpose","神の使命","Divine Purpose","Divine Purpose","Divine Purpose","Divine Purpose","Divine Purpose","Divine Purpose","Divine Purpose","Divine Purpose","Divine Purpose","Divine Purpose","Divine Purpose","Propósito Divino","Divine Purpose","Divine Purpose","Divine Purpose","Propósito divino","Divine Purpose");
INSERT INTO LargeImage VALUES(10378,'https://steamcdn-a.akamaihd.net/apps/583950/icons/set01/10378_large_english.8b01e7814afd8c6c1320616be4fde905b0595cd2.png','https://steamcdn-a.akamaihd.net/apps/583950/icons/set01/10378_large_german.964a5d29057e21e6d039d76d41e2f42178c5c81d.png','https://steamcdn-a.akamaihd.net/apps/583950/icons/set01/10378_large_french.0029854146bab7abf23a13f67856091f98ec7c13.png','https://steamcdn-a.akamaihd.net/apps/583950/icons/set01/10378_large_italian.05a34c434bb284ae243f412241594d9f6e551ad6.png','https://steamcdn-a.akamaihd.net/apps/583950/icons/set01/10378_large_koreana.994e9a3bb8e7fd9c16385810d326bddc405a6072.png','https://steamcdn-a.akamaihd.net/apps/583950/icons/set01/10378_large_spanish.2cbfb84a8676d46ca16df13b190a8981a2d508b8.png','https://steamcdn-a.akamaihd.net/apps/583950/icons/set01/10378_large_schinese.0434078207fc3cbfb5300bd69160faadd083ccd0.png','https://steamcdn-a.akamaihd.net/apps/583950/icons/set01/10378_large_tchinese.8f693c5f5ace41aa86ee65f92b536bd292469e31.png','https://steamcdn-a.akamaihd.net/apps/583950/icons/set01/10378_large_russian.4f0640bd17df1c0e8bfc8bf134f69841c94302fe.png','https://steamcdn-a.akamaihd.net/apps/583950/icons/set01/10378_large_japanese.64d725431344eedddf83622e75fb02c0c074df85.png','https://steamcdn-a.akamaihd.net/apps/583950/icons/set01/10378_large_brazilian.f1c8a54e2aacb8bacfe12d8f81002b708f10c350.png','https://steamcdn-a.akamaihd.net/apps/583950/icons/set01/10378_large_latam.a749d7fc3df9e20d90b99c8ef9434475899e5e7d.png');
INSERT INTO Cartas VALUES (10379,'Spell','Bayard Wu','Common',110379);
INSERT INTO CardName VALUES(10379,"Intimidation","Einschüchterung","Intimidation","Intimidazione","위협","Intimidación","恫吓","恫嚇","Устрашение","Intimidation","威嚇","Intimidation","Intimidation","Intimidation","Intimidation","Intimidation","Intimidation","Intimidation","Intimidation","Intimidation","Intimidation","Intimidation","Intimidação","Intimidation","Intimidation","Intimidation","Intimidación","Intimidation");
INSERT INTO LargeImage VALUES(10379,'https://steamcdn-a.akamaihd.net/apps/583950/icons/set01/10379_large_english.0eb63b94f6d9bab5ab67865b7bb25343e30f2ca3.png','https://steamcdn-a.akamaihd.net/apps/583950/icons/set01/10379_large_german.3e61fbb6e1fabea5cbdccf65463427b6b4806e23.png','https://steamcdn-a.akamaihd.net/apps/583950/icons/set01/10379_large_french.b5ed6148b6f1b5d9efdc26938a6e416b29e314ab.png','https://steamcdn-a.akamaihd.net/apps/583950/icons/set01/10379_large_italian.dd543d74b568fdd107e889589a3e9938bde60b10.png','https://steamcdn-a.akamaihd.net/apps/583950/icons/set01/10379_large_koreana.9401c039589d68ca0933610baf8b941d1d45edd4.png','https://steamcdn-a.akamaihd.net/apps/583950/icons/set01/10379_large_spanish.4757948330a816e119c0c2b9e5dd51ef0b8b0ade.png','https://steamcdn-a.akamaihd.net/apps/583950/icons/set01/10379_large_schinese.30a305deea6c894813fcb04c6ef595fbed762dd0.png','https://steamcdn-a.akamaihd.net/apps/583950/icons/set01/10379_large_tchinese.15fb54a8be598fdb7b1084ca14ac281ca04e82b6.png','https://steamcdn-a.akamaihd.net/apps/583950/icons/set01/10379_large_russian.304646ea4be92dd153c99a68e912c2412529ead4.png','https://steamcdn-a.akamaihd.net/apps/583950/icons/set01/10379_large_japanese.b723644053e997769298816bc0843a34fd83943c.png','https://steamcdn-a.akamaihd.net/apps/583950/icons/set01/10379_large_brazilian.39e3d0cfdcce0bceea336f2b5fbd4fd5a493cac2.png','https://steamcdn-a.akamaihd.net/apps/583950/icons/set01/10379_large_latam.7371563104be8b0ae5e030f8f9a59f049ed196e4.png');
INSERT INTO Cartas VALUES (10382,'Spell','John Stanko','Uncommon',110382);
INSERT INTO CardName VALUES(10382,"Cleansing Rite","Reinigungsritual","Rite de purification","Rituale di purificazione","정화 의식","Ritual purificador","净化仪式","淨化儀式","Обряд очищения","Cleansing Rite","清めの儀式","Cleansing Rite","Cleansing Rite","Cleansing Rite","Cleansing Rite","Cleansing Rite","Cleansing Rite","Cleansing Rite","Cleansing Rite","Cleansing Rite","Cleansing Rite","Cleansing Rite","Rito de Purificação","Cleansing Rite","Cleansing Rite","Cleansing Rite","Ritual purificador","Cleansing Rite");
INSERT INTO LargeImage VALUES(10382,'https://steamcdn-a.akamaihd.net/apps/583950/icons/set01/10382_large_english.8a35e6a88ac2f28395c017435978538bc3932686.png','https://steamcdn-a.akamaihd.net/apps/583950/icons/set01/10382_large_german.e4da063d3d58d971c951c012aa41de87095b0732.png','https://steamcdn-a.akamaihd.net/apps/583950/icons/set01/10382_large_french.5f15285ff058462f6e9ea3b032a65fb548f6a904.png','https://steamcdn-a.akamaihd.net/apps/583950/icons/set01/10382_large_italian.3f3521e51a0abf04519cba27b981567ae130f05d.png','https://steamcdn-a.akamaihd.net/apps/583950/icons/set01/10382_large_koreana.e2224b0c340d8a79ede429e64f2c57a450517fa2.png','https://steamcdn-a.akamaihd.net/apps/583950/icons/set01/10382_large_spanish.a079d195cd113ba87b6203ff3990e351fb7a2de7.png','https://steamcdn-a.akamaihd.net/apps/583950/icons/set01/10382_large_schinese.8fa4ce3097875d44b6905efd7c8126b27adb6ec3.png','https://steamcdn-a.akamaihd.net/apps/583950/icons/set01/10382_large_tchinese.8ad5bd473c1aec0698ea1abc046555e9cdd09bbd.png','https://steamcdn-a.akamaihd.net/apps/583950/icons/set01/10382_large_russian.f1609493475ee061061904855d9fb65725d3f73c.png','https://steamcdn-a.akamaihd.net/apps/583950/icons/set01/10382_large_japanese.458673d86a4138bf079d9f9acfeedc81d4419771.png','https://steamcdn-a.akamaihd.net/apps/583950/icons/set01/10382_large_brazilian.c4f08ef996f536aecd77f9e8e54f6ad164acbf8a.png','https://steamcdn-a.akamaihd.net/apps/583950/icons/set01/10382_large_latam.308ecb5b14160e4e207eb6126ad66d65b2fede2f.png');
INSERT INTO Cartas VALUES (10385,'Spell','James Paick','Rare',110385);
INSERT INTO CardName VALUES(10385,"Tresdin's Standards","Tresdins Standarten","Principes de Tresdin","Stendardi di Tresdin","트레스딘의 군단기","Estandartes de Tresdin","特蕾丝汀的战旗","特蕾絲汀的戰旗","Знамёна Тресдин","Tresdin's Standards","トレスディンの軍旗","Tresdin's Standards","Tresdin's Standards","Tresdin's Standards","Tresdin's Standards","Tresdin's Standards","Tresdin's Standards","Tresdin's Standards","Tresdin's Standards","Tresdin's Standards","Tresdin's Standards","Tresdin's Standards","Estandartes de Tresdin","Tresdin's Standards","Tresdin's Standards","Tresdin's Standards","Estandartes de Tresdin","Tresdin's Standards");
INSERT INTO LargeImage VALUES(10385,'https://steamcdn-a.akamaihd.net/apps/583950/icons/set01/10385_large_english.715235379efb3fad5a89e36d00a7063f4248d255.png','https://steamcdn-a.akamaihd.net/apps/583950/icons/set01/10385_large_german.0dccd988c287b864c67b8543a6292cbb99bb6c32.png','https://steamcdn-a.akamaihd.net/apps/583950/icons/set01/10385_large_french.bf2222a3c7f12cad5e29e133e6868b4f2b1aefbb.png','https://steamcdn-a.akamaihd.net/apps/583950/icons/set01/10385_large_italian.2ef665249195a6f14c64c4d5da120f08de0fa2bb.png','https://steamcdn-a.akamaihd.net/apps/583950/icons/set01/10385_large_koreana.28f3a57411733a27e117fe039b5710c3d0d994dd.png','https://steamcdn-a.akamaihd.net/apps/583950/icons/set01/10385_large_spanish.0c9217f40e467256a46d8bcfe55dc4565357793b.png','https://steamcdn-a.akamaihd.net/apps/583950/icons/set01/10385_large_schinese.b2a4860fe919ea7bfe84b2d4cc33b675d5cc5635.png','https://steamcdn-a.akamaihd.net/apps/583950/icons/set01/10385_large_tchinese.03bd696768d1de0bf6942b8bb4e9d1e30ca1ac88.png','https://steamcdn-a.akamaihd.net/apps/583950/icons/set01/10385_large_russian.5815c0b4f9c24dc6ccbabb27855a7398508d8525.png','https://steamcdn-a.akamaihd.net/apps/583950/icons/set01/10385_large_japanese.d243f219dc7f0d48f0e65effda7584526cd0517f.png','https://steamcdn-a.akamaihd.net/apps/583950/icons/set01/10385_large_brazilian.1423426ce132a8fbecc162e3da7ce86482662141.png','https://steamcdn-a.akamaihd.net/apps/583950/icons/set01/10385_large_latam.ca4b2c531ee5abb7ffb196d41851b7676712c8ba.png');
INSERT INTO Cartas VALUES (10391,'Spell','Lake Hurwitz','Uncommon',110391);
INSERT INTO CardName VALUES(10391,"Compel","Zwang","Contrainte","Costrizione","강요","Imposición","勒令","勒令","Принуждение","Compel","強要","Compel","Compel","Compel","Compel","Compel","Compel","Compel","Compel","Compel","Compel","Compel","Compelir","Compel","Compel","Compel","Imposición","Compel");
INSERT INTO LargeImage VALUES(10391,'https://steamcdn-a.akamaihd.net/apps/583950/icons/set01/10391_large_english.92445e48a05cabad336b928e76686297d7074569.png','https://steamcdn-a.akamaihd.net/apps/583950/icons/set01/10391_large_german.c25b594e7b77122e0a8f550100c865060b2314ed.png','https://steamcdn-a.akamaihd.net/apps/583950/icons/set01/10391_large_french.70b6cb5e570e751778d7d8e12587ba6362d287ce.png','https://steamcdn-a.akamaihd.net/apps/583950/icons/set01/10391_large_italian.e9cac8cb141f48f3a506105a6983b2f24330b00c.png','https://steamcdn-a.akamaihd.net/apps/583950/icons/set01/10391_large_koreana.f80e4a45b4d418dac0ddb9bf8e46ad1d050f4a81.png','https://steamcdn-a.akamaihd.net/apps/583950/icons/set01/10391_large_spanish.7380c74ae63528fed1262128b0076f3a39b202b3.png','https://steamcdn-a.akamaihd.net/apps/583950/icons/set01/10391_large_schinese.d7731bfbe86803419fff6eb5ce5abd94ef8a40a7.png','https://steamcdn-a.akamaihd.net/apps/583950/icons/set01/10391_large_tchinese.d778a26c71857c4a2d2089a07475c90a2812e9ee.png','https://steamcdn-a.akamaihd.net/apps/583950/icons/set01/10391_large_russian.455c9ee986119da142ddfa5248c2b44c19b0f0d7.png','https://steamcdn-a.akamaihd.net/apps/583950/icons/set01/10391_large_japanese.7c8798f8d3128db89783f9179e2f62a6ac5fe1f8.png','https://steamcdn-a.akamaihd.net/apps/583950/icons/set01/10391_large_brazilian.21fa31b00715736567a3f9344090c02a2b3972ba.png','https://steamcdn-a.akamaihd.net/apps/583950/icons/set01/10391_large_latam.3f3df3a7857ddf010249b8f5735ba41321c58b04.png');
INSERT INTO Cartas VALUES (10396,'Spell','Forrest Imel','Rare',110396);
INSERT INTO CardName VALUES(10396,"Caught Unprepared","Überrumpelt","Pris au dépourvu","Colto impreparato","빈틈 공략","Pillado desprevenido","攻其不备","攻其不備","Застать врасплох","Caught Unprepared","不意打ち","Caught Unprepared","Caught Unprepared","Caught Unprepared","Caught Unprepared","Caught Unprepared","Caught Unprepared","Caught Unprepared","Caught Unprepared","Caught Unprepared","Caught Unprepared","Caught Unprepared","De Calças Curtas","Caught Unprepared","Caught Unprepared","Caught Unprepared","Ataque sorpresivo","Caught Unprepared");
INSERT INTO LargeImage VALUES(10396,'https://steamcdn-a.akamaihd.net/apps/583950/icons/set01/10396_large_english.c6d9167945ebb28f0c27f7e99b532e647bf7912d.png','https://steamcdn-a.akamaihd.net/apps/583950/icons/set01/10396_large_german.509b768a9cccb23435dd0e6ba18af7d74159a7af.png','https://steamcdn-a.akamaihd.net/apps/583950/icons/set01/10396_large_french.000480475ebbf529b3f8f7c4062072483b420b4f.png','https://steamcdn-a.akamaihd.net/apps/583950/icons/set01/10396_large_italian.82957ff28f8e4710e79f0b6779cdd24b1f20ad18.png','https://steamcdn-a.akamaihd.net/apps/583950/icons/set01/10396_large_koreana.f509cf894cb8164f05c784eaa666b31b541fa3b0.png','https://steamcdn-a.akamaihd.net/apps/583950/icons/set01/10396_large_spanish.940a840763221119cb4a0c67e1d187eca9d43eca.png','https://steamcdn-a.akamaihd.net/apps/583950/icons/set01/10396_large_schinese.7b30753a82459b8bfeb0b855207d80ee81bb9670.png','https://steamcdn-a.akamaihd.net/apps/583950/icons/set01/10396_large_tchinese.f8170e97a92dbc5c6b2eea679ddc91eef1fb668d.png','https://steamcdn-a.akamaihd.net/apps/583950/icons/set01/10396_large_russian.34d17084e34d62db0896cc5839f9f97b6a342ada.png','https://steamcdn-a.akamaihd.net/apps/583950/icons/set01/10396_large_japanese.0a886680af4b757c773c345fd00037a7fda8e559.png','https://steamcdn-a.akamaihd.net/apps/583950/icons/set01/10396_large_brazilian.dc33fe1500b22ba27a64243e9092fe3d7a3d0f43.png','https://steamcdn-a.akamaihd.net/apps/583950/icons/set01/10396_large_latam.3772819beb680fcf2287bb44cb28aa7f1900f72a.png');
INSERT INTO Cartas VALUES (10399,'Spell','Stepan Alekseev','Uncommon',110399);
INSERT INTO CardName VALUES(10399,"Relentless Pursuit","Gnadenlose Jagd","Poursuite incessante","Inseguimento inarrestabile","끈질긴 추격","Persecución incesante","穷追不舍","窮追不捨","Безжалостная погоня","Relentless Pursuit","容赦ない追跡","Relentless Pursuit","Relentless Pursuit","Relentless Pursuit","Relentless Pursuit","Relentless Pursuit","Relentless Pursuit","Relentless Pursuit","Relentless Pursuit","Relentless Pursuit","Relentless Pursuit","Relentless Pursuit","Perseguição Implacável","Relentless Pursuit","Relentless Pursuit","Relentless Pursuit","Persecución incesante","Relentless Pursuit");
INSERT INTO LargeImage VALUES(10399,'https://steamcdn-a.akamaihd.net/apps/583950/icons/set01/10399_large_english.7ea57b2a54ec2595624762f3e0c6d4d052130062.png','https://steamcdn-a.akamaihd.net/apps/583950/icons/set01/10399_large_german.a0eb7912c23a64dc4d8c18e5590b3c0ce6bb0488.png','https://steamcdn-a.akamaihd.net/apps/583950/icons/set01/10399_large_french.594dfbbbd0fbc02c2e4f71d769391cc939cd537e.png','https://steamcdn-a.akamaihd.net/apps/583950/icons/set01/10399_large_italian.a40b5512b3116b517eb909f0c2cc77afbd549357.png','https://steamcdn-a.akamaihd.net/apps/583950/icons/set01/10399_large_koreana.012e3f6bcfb97a7d85dd98a4bf1a9ef02a2260ea.png','https://steamcdn-a.akamaihd.net/apps/583950/icons/set01/10399_large_spanish.849adc43b5b063a82125be2a0bfaedc7ac37d8ba.png','https://steamcdn-a.akamaihd.net/apps/583950/icons/set01/10399_large_schinese.537d7f5ff4426a3d9aa11f8321ba56db6692a269.png','https://steamcdn-a.akamaihd.net/apps/583950/icons/set01/10399_large_tchinese.a69c178f439dfc64734fbd9558050a38ae08bd07.png','https://steamcdn-a.akamaihd.net/apps/583950/icons/set01/10399_large_russian.5f72715654390c87c99e02a0b11ccd4610d30241.png','https://steamcdn-a.akamaihd.net/apps/583950/icons/set01/10399_large_japanese.5de6d951d1bef20e3789f6f6bfd08b1dd471def1.png','https://steamcdn-a.akamaihd.net/apps/583950/icons/set01/10399_large_brazilian.790a5887ad7725bc348c88d43ad1dcc4b383c9eb.png','https://steamcdn-a.akamaihd.net/apps/583950/icons/set01/10399_large_latam.769840a2a17451c261c9ae695c18ee65d15e379c.png');
INSERT INTO Cartas VALUES (10402,'Spell','JiHun Lee','Common',110402);
INSERT INTO CardName VALUES(10402,"Tower Barrage","Turmsperrfeuer","Tour de barrage","Raffica della torre","포탑 폭격","Andanada de la torre","塔防炮火","塔防砲火","Башенный залп","Tower Barrage","タワー弾幕","Tower Barrage","Tower Barrage","Tower Barrage","Tower Barrage","Tower Barrage","Tower Barrage","Tower Barrage","Tower Barrage","Tower Barrage","Tower Barrage","Tower Barrage","Barragem de Torre","Tower Barrage","Tower Barrage","Tower Barrage","Andanada de la torre","Tower Barrage");
INSERT INTO LargeImage VALUES(10402,'https://steamcdn-a.akamaihd.net/apps/583950/icons/set01/10402_large_english.c932d309e27ec46689a9bf92ca1b95e7b3915ed3.png','https://steamcdn-a.akamaihd.net/apps/583950/icons/set01/10402_large_german.1da55059baa4fcbf382a830a8d37c1ae337c85f0.png','https://steamcdn-a.akamaihd.net/apps/583950/icons/set01/10402_large_french.da75942a52d1468a093df42f1635ccd0d81dd169.png','https://steamcdn-a.akamaihd.net/apps/583950/icons/set01/10402_large_italian.7d297a6f95cbcefdb17dbfdbefd7b7e0d321d5be.png','https://steamcdn-a.akamaihd.net/apps/583950/icons/set01/10402_large_koreana.d9309833443b8e55c8213182e9970824a0b6f947.png','https://steamcdn-a.akamaihd.net/apps/583950/icons/set01/10402_large_spanish.8dcb4d67ef868e8ab58bf51061868e4e355c18a5.png','https://steamcdn-a.akamaihd.net/apps/583950/icons/set01/10402_large_schinese.d26f2010c10d6402acafc8245a68c217d17b000d.png','https://steamcdn-a.akamaihd.net/apps/583950/icons/set01/10402_large_tchinese.f39222d2adeae10dd0dc9c8099504a1903f5fa9f.png','https://steamcdn-a.akamaihd.net/apps/583950/icons/set01/10402_large_russian.b8c4dc8526cebd0c4b42ac398382b9d384d0ab31.png','https://steamcdn-a.akamaihd.net/apps/583950/icons/set01/10402_large_japanese.b60a906ed37ec634065c2df7384becfedc330cf7.png','https://steamcdn-a.akamaihd.net/apps/583950/icons/set01/10402_large_brazilian.4661b46592cf2bc18dc6d58aa65d27680069c281.png','https://steamcdn-a.akamaihd.net/apps/583950/icons/set01/10402_large_latam.601d58a9c7e36fcbdc482d8741ea6f0486d69a4c.png');
INSERT INTO Cartas VALUES (10403,'Spell','Darek Zabrocki','Uncommon',110403);
INSERT INTO CardName VALUES(10403,"Steal Strength","Stärke stehlen","Vol de force","Furto di forza","힘 훔치기","Robo de fuerza","窃取力量","竊取力量","Кража силы","Steal Strength","力の奪取","Steal Strength","Steal Strength","Steal Strength","Steal Strength","Steal Strength","Steal Strength","Steal Strength","Steal Strength","Steal Strength","Steal Strength","Steal Strength","Roubar Força","Steal Strength","Steal Strength","Steal Strength","Robo de fuerza","Steal Strength");
INSERT INTO LargeImage VALUES(10403,'https://steamcdn-a.akamaihd.net/apps/583950/icons/set01/10403_large_english.ae6756635f47897d0f39454d7e432ddfb6c0bbbb.png','https://steamcdn-a.akamaihd.net/apps/583950/icons/set01/10403_large_german.f10ca8058284b6d3d33cbaacb9dfc7675aee2ca9.png','https://steamcdn-a.akamaihd.net/apps/583950/icons/set01/10403_large_french.ef5e77df564afa771cbf893b2c2fe638d78cbd04.png','https://steamcdn-a.akamaihd.net/apps/583950/icons/set01/10403_large_italian.d0f8f215a880fdd6d0813430b17bb2cf47251a61.png','https://steamcdn-a.akamaihd.net/apps/583950/icons/set01/10403_large_koreana.9ab391b78551434f97db96b07816babd45b21541.png','https://steamcdn-a.akamaihd.net/apps/583950/icons/set01/10403_large_spanish.2500c1ad4cb629f43585074ee2052b82ad723da0.png','https://steamcdn-a.akamaihd.net/apps/583950/icons/set01/10403_large_schinese.44d7b0952ea677f5d5998263d5cbcfd28ad363fa.png','https://steamcdn-a.akamaihd.net/apps/583950/icons/set01/10403_large_tchinese.f784f6d122fc33a86f9eca0e50dd0198b603e007.png','https://steamcdn-a.akamaihd.net/apps/583950/icons/set01/10403_large_russian.3488d67acdf54eff07ed8dedfe4b7e3f5f892f94.png','https://steamcdn-a.akamaihd.net/apps/583950/icons/set01/10403_large_japanese.1529d128779893282ef35463cda0766bb0d1facc.png','https://steamcdn-a.akamaihd.net/apps/583950/icons/set01/10403_large_brazilian.6f3a1fbe2be63fefc223ba456550b2a53e710c60.png','https://steamcdn-a.akamaihd.net/apps/583950/icons/set01/10403_large_latam.bab8e9b13948f6821c9c9aff35ec7c8736dfe7e1.png');
INSERT INTO Cartas VALUES (10404,'Spell','Michael Kommark','Rare',110404);
INSERT INTO CardName VALUES(10404,"The Cover of Night","Schutz der Nacht","Mouvement nocturne","Il favore delle tenebre","밤의 장막","Bajo el manto de la noche","夜色掩护","夜色掩護","Под покровом ночи","The Cover of Night","闇夜紛れ","The Cover of Night","The Cover of Night","The Cover of Night","The Cover of Night","The Cover of Night","The Cover of Night","The Cover of Night","The Cover of Night","The Cover of Night","The Cover of Night","The Cover of Night","Manto da Noite","The Cover of Night","The Cover of Night","The Cover of Night","Bajo el manto de la noche","The Cover of Night");
INSERT INTO LargeImage VALUES(10404,'https://steamcdn-a.akamaihd.net/apps/583950/icons/set01/10404_large_english.825ec8a894c8b049d937c2dfbabc1d14ef115f99.png','https://steamcdn-a.akamaihd.net/apps/583950/icons/set01/10404_large_german.8f791ecfa1bf53ae31860032d028ecefc4ea45ef.png','https://steamcdn-a.akamaihd.net/apps/583950/icons/set01/10404_large_french.3e7f498bf554d5a8418f149dd1ff8d41dee82ef6.png','https://steamcdn-a.akamaihd.net/apps/583950/icons/set01/10404_large_italian.425a2605b60c281fa8e9b4ff38a6326ef7487128.png','https://steamcdn-a.akamaihd.net/apps/583950/icons/set01/10404_large_koreana.f63b1142d99127d5cd3bd2ed940141533e7ecd2e.png','https://steamcdn-a.akamaihd.net/apps/583950/icons/set01/10404_large_spanish.fd7cc4d343b9e2294222b914cbc340ea6a63c237.png','https://steamcdn-a.akamaihd.net/apps/583950/icons/set01/10404_large_schinese.ea084231e1351724a0ed50e2792a78b90f11ad72.png','https://steamcdn-a.akamaihd.net/apps/583950/icons/set01/10404_large_tchinese.5fcbd937c156b769f730188fc5e9808539f2b04e.png','https://steamcdn-a.akamaihd.net/apps/583950/icons/set01/10404_large_russian.6fc036ae056966518020fc11b6b8503a3d740237.png','https://steamcdn-a.akamaihd.net/apps/583950/icons/set01/10404_large_japanese.666d0b7a89a2348e23f7877750c17089461554ae.png','https://steamcdn-a.akamaihd.net/apps/583950/icons/set01/10404_large_brazilian.729720605c06b4ddfae009f4bb6a6840af0d24b3.png','https://steamcdn-a.akamaihd.net/apps/583950/icons/set01/10404_large_latam.6855da54139de00f367f2eefd94a7632d47c4a8f.png');
INSERT INTO Cartas VALUES (10410,'Spell','Jana Schirmer','Common',110410);
INSERT INTO CardName VALUES(10410,"Slay","Erschlagen","Massacre","Uccisione","퇴치","Condena críptida","杀戮","殺戮","Убийство","Slay","殺害","Slay","Slay","Slay","Slay","Slay","Slay","Slay","Slay","Slay","Slay","Slay","Abater","Slay","Slay","Slay","Condena críptida","Slay");
INSERT INTO LargeImage VALUES(10410,'https://steamcdn-a.akamaihd.net/apps/583950/icons/set01/10410_large_english.b8c152d6e3de01acec5479d1f5ab5c2eb4593afc.png','https://steamcdn-a.akamaihd.net/apps/583950/icons/set01/10410_large_german.d6e2bd75596cb28e18264866f4af69f823739908.png','https://steamcdn-a.akamaihd.net/apps/583950/icons/set01/10410_large_french.3de9a49111eaef03ca6ca9bc5f0458eb0cb68ac1.png','https://steamcdn-a.akamaihd.net/apps/583950/icons/set01/10410_large_italian.6970f3c1b6289808731b10a38b4b9a1aeb6ebafe.png','https://steamcdn-a.akamaihd.net/apps/583950/icons/set01/10410_large_koreana.a1a5e30f7305ab18c79004104e7c8b226030ae19.png','https://steamcdn-a.akamaihd.net/apps/583950/icons/set01/10410_large_spanish.19adb765fdc71e57f38e8cdc30173b41a344e197.png','https://steamcdn-a.akamaihd.net/apps/583950/icons/set01/10410_large_schinese.3bee10049cf9e80a596b0ffe68bb1865c6f50fe1.png','https://steamcdn-a.akamaihd.net/apps/583950/icons/set01/10410_large_tchinese.4ff315e2f9c1fa7edc9020dabc581049749fc051.png','https://steamcdn-a.akamaihd.net/apps/583950/icons/set01/10410_large_russian.e04089868e1a855a16165c563fc5190bcaa3b40e.png','https://steamcdn-a.akamaihd.net/apps/583950/icons/set01/10410_large_japanese.845a3b4ca50dfd0d6c9ed40c50b1cefeda5d776c.png','https://steamcdn-a.akamaihd.net/apps/583950/icons/set01/10410_large_brazilian.7c059ae00c1065251e56f579341ef2f3049b183f.png','https://steamcdn-a.akamaihd.net/apps/583950/icons/set01/10410_large_latam.0632a24386826afef75f92213e6c2d5f0e0e937f.png');
INSERT INTO Cartas VALUES (10411,'Spell','Bayard Wu','Common',110411);
INSERT INTO CardName VALUES(10411,"Cunning Plan","Listiger Plan","Manigance","Stratagemma astuto","교활한 계획","Plan astuto","狡诈计谋","狡詐計謀","Коварный план","Cunning Plan","狡猾な計画","Cunning Plan","Cunning Plan","Cunning Plan","Cunning Plan","Cunning Plan","Cunning Plan","Cunning Plan","Cunning Plan","Cunning Plan","Cunning Plan","Cunning Plan","Plano Ardiloso","Cunning Plan","Cunning Plan","Cunning Plan","Plan astuto","Cunning Plan");
INSERT INTO LargeImage VALUES(10411,'https://steamcdn-a.akamaihd.net/apps/583950/icons/set01/10411_large_english.1d3d3ae6f51f69518001ef4f94a653ebfa397f1a.png','https://steamcdn-a.akamaihd.net/apps/583950/icons/set01/10411_large_german.3199ef5434f625ed90c561714203e8489ded3b84.png','https://steamcdn-a.akamaihd.net/apps/583950/icons/set01/10411_large_french.8cd035d81c324f906bface8afe2025475727f600.png','https://steamcdn-a.akamaihd.net/apps/583950/icons/set01/10411_large_italian.8de2fcd381af4be32f38fa97e8654dfbd2bd0d82.png','https://steamcdn-a.akamaihd.net/apps/583950/icons/set01/10411_large_koreana.541672183b5cc60098288e9034f547643cf60025.png','https://steamcdn-a.akamaihd.net/apps/583950/icons/set01/10411_large_spanish.6d2565a32529ca9bc31879334b4b9591b05ae7bd.png','https://steamcdn-a.akamaihd.net/apps/583950/icons/set01/10411_large_schinese.ac51f0862c3f944a2494cd5c53ede03235a99fec.png','https://steamcdn-a.akamaihd.net/apps/583950/icons/set01/10411_large_tchinese.6845f3fe05e16ed2eb43fe5f1f2e80750844b9e0.png','https://steamcdn-a.akamaihd.net/apps/583950/icons/set01/10411_large_russian.55f320bb0d75ad0d1901aa3eb398e4db1c5f5b94.png','https://steamcdn-a.akamaihd.net/apps/583950/icons/set01/10411_large_japanese.879903637310c105a14cd82d8517fb767d0e1555.png','https://steamcdn-a.akamaihd.net/apps/583950/icons/set01/10411_large_brazilian.b08fb454ddebca816426ca0e221f1c1e6070e58e.png','https://steamcdn-a.akamaihd.net/apps/583950/icons/set01/10411_large_latam.3aceff25b772ffc9e02761da5d6cb0d03a96971b.png');
INSERT INTO Cartas VALUES (10412,'Spell','James Paick','Uncommon',110412);
INSERT INTO CardName VALUES(10412,"Thunderstorm","Gewitter","Orage","Tempesta di fulmini","뇌우","Tormenta eléctrica","雷霆风暴","雷霆風暴","Грозовая буря","Thunderstorm","サンダーストーム","Thunderstorm","Thunderstorm","Thunderstorm","Thunderstorm","Thunderstorm","Thunderstorm","Thunderstorm","Thunderstorm","Thunderstorm","Thunderstorm","Thunderstorm","Trovoada","Thunderstorm","Thunderstorm","Thunderstorm","Tormenta eléctrica","Thunderstorm");
INSERT INTO LargeImage VALUES(10412,'https://steamcdn-a.akamaihd.net/apps/583950/icons/set01/10412_large_english.65801ca4f84b22fae76859a7320d898786792a29.png','https://steamcdn-a.akamaihd.net/apps/583950/icons/set01/10412_large_german.cab0d6727e0e35cc6f954a71c7bb9e54a3ec5db2.png','https://steamcdn-a.akamaihd.net/apps/583950/icons/set01/10412_large_french.c513e23f0cb7d415ad9cb1bdac1a414d203c4e4d.png','https://steamcdn-a.akamaihd.net/apps/583950/icons/set01/10412_large_italian.ac98e1ff066f0cbf1ef81a9a14871c02df719bb8.png','https://steamcdn-a.akamaihd.net/apps/583950/icons/set01/10412_large_koreana.c5f932ae76a01a657938df6029649879f245b758.png','https://steamcdn-a.akamaihd.net/apps/583950/icons/set01/10412_large_spanish.6b8ee897559ee319e7a35c1d220cf438cf2eaf75.png','https://steamcdn-a.akamaihd.net/apps/583950/icons/set01/10412_large_schinese.3734db0d5f61de6e8844b7a183b0be78c6601952.png','https://steamcdn-a.akamaihd.net/apps/583950/icons/set01/10412_large_tchinese.9301c80188fe776c37941fdd9725dad9e4ab4c75.png','https://steamcdn-a.akamaihd.net/apps/583950/icons/set01/10412_large_russian.d7b114932fecdb28eb7db8b24e1f5157a1f76806.png','https://steamcdn-a.akamaihd.net/apps/583950/icons/set01/10412_large_japanese.385445fb372e1db7091e27f09c6779b925bd712e.png','https://steamcdn-a.akamaihd.net/apps/583950/icons/set01/10412_large_brazilian.4062d92406e8393e2ebaf9480af884310209e305.png','https://steamcdn-a.akamaihd.net/apps/583950/icons/set01/10412_large_latam.d3bef680f6721eac5d4887272e45fda1d21f487b.png');
INSERT INTO Cartas VALUES (10413,'Spell','Darek Zabrocki','Uncommon',110413);
INSERT INTO CardName VALUES(10413,"Forward Charge","Ansturm","Chargez !","Carica poderosa","전방 돌격","Carga impetuosa","冲锋陷阵","衝鋒陷陣","Рывок вперёд","Forward Charge","前方突撃","Forward Charge","Forward Charge","Forward Charge","Forward Charge","Forward Charge","Forward Charge","Forward Charge","Forward Charge","Forward Charge","Forward Charge","Forward Charge","Investida Direta","Forward Charge","Forward Charge","Forward Charge","Carga impetuosa","Forward Charge");
INSERT INTO LargeImage VALUES(10413,'https://steamcdn-a.akamaihd.net/apps/583950/icons/set01/10413_large_english.b6848b8bdd2973db3f3ae820a4c80791355ac09b.png','https://steamcdn-a.akamaihd.net/apps/583950/icons/set01/10413_large_german.b67ca1dd802811c25ef8075c06a871505e908ae8.png','https://steamcdn-a.akamaihd.net/apps/583950/icons/set01/10413_large_french.d853bac5ddb4d070c5f7d63f34cc9e4eea7e07d5.png','https://steamcdn-a.akamaihd.net/apps/583950/icons/set01/10413_large_italian.e2e8796fd9894dc8c3002456db84eb57bd3d0072.png','https://steamcdn-a.akamaihd.net/apps/583950/icons/set01/10413_large_koreana.59e135eff73f17b93a9d149b7b701b808e986620.png','https://steamcdn-a.akamaihd.net/apps/583950/icons/set01/10413_large_spanish.fe089dfe4165c1767fb56671822cc93b69aeb950.png','https://steamcdn-a.akamaihd.net/apps/583950/icons/set01/10413_large_schinese.687daaeff5549f771a39a6c05c0b784ea397ff0f.png','https://steamcdn-a.akamaihd.net/apps/583950/icons/set01/10413_large_tchinese.7083954c4be7c94d38f29c9867e725fda38eb1b9.png','https://steamcdn-a.akamaihd.net/apps/583950/icons/set01/10413_large_russian.9a07874b7bbf91746c2cb72023f814804899f867.png','https://steamcdn-a.akamaihd.net/apps/583950/icons/set01/10413_large_japanese.1ca4f8364861018b5ed2443cda916237d1377fcc.png','https://steamcdn-a.akamaihd.net/apps/583950/icons/set01/10413_large_brazilian.4f9d95cd19a1b5588dd9186d9d7bcbdb63fe1477.png','https://steamcdn-a.akamaihd.net/apps/583950/icons/set01/10413_large_latam.190c90a5681b865bc1b6810f3162276f25bf18b7.png');
INSERT INTO Cartas VALUES (10415,'Spell','JiHun Lee','Common',110415);
INSERT INTO CardName VALUES(10415,"Collateral Damage","Kollateralschaden","Dégâts collatéraux","Danni collaterali","부수적 피해","Daño colateral","连带伤害","連帶傷害","Побочный ущерб","Collateral Damage","巻き添え被害","Collateral Damage","Collateral Damage","Collateral Damage","Collateral Damage","Collateral Damage","Collateral Damage","Collateral Damage","Collateral Damage","Collateral Damage","Collateral Damage","Collateral Damage","Dano Colateral","Collateral Damage","Collateral Damage","Collateral Damage","Daño colateral","Collateral Damage");
INSERT INTO LargeImage VALUES(10415,'https://steamcdn-a.akamaihd.net/apps/583950/icons/set01/10415_large_english.26a26fa7b94f2f36f0a01dac1e0521de88658388.png','https://steamcdn-a.akamaihd.net/apps/583950/icons/set01/10415_large_german.15decf56ca819c589da5d1cc18282c94d7b0b137.png','https://steamcdn-a.akamaihd.net/apps/583950/icons/set01/10415_large_french.c5cdeb5abd0f2487b4a3d26abdeeaefcd6960676.png','https://steamcdn-a.akamaihd.net/apps/583950/icons/set01/10415_large_italian.4cd63b011dbb4fcee7b4f4c6efca9e4226fcbbf0.png','https://steamcdn-a.akamaihd.net/apps/583950/icons/set01/10415_large_koreana.25e69d3f4fcbd50bde8095feaf722c5542549ec9.png','https://steamcdn-a.akamaihd.net/apps/583950/icons/set01/10415_large_spanish.19c08b38b1d1a94e2ab7b089deaaa578367dc3ce.png','https://steamcdn-a.akamaihd.net/apps/583950/icons/set01/10415_large_schinese.d329fae5e0a925bfb376a50d1861ec35d388ba6b.png','https://steamcdn-a.akamaihd.net/apps/583950/icons/set01/10415_large_tchinese.b5ddf1685529ae2de70db441a535fe737d7fd075.png','https://steamcdn-a.akamaihd.net/apps/583950/icons/set01/10415_large_russian.9b1999787d2f96a49bbc4e284097cc1ade80c093.png','https://steamcdn-a.akamaihd.net/apps/583950/icons/set01/10415_large_japanese.4590ff0ce0e61bf88362f78ef075b974bdcfac11.png','https://steamcdn-a.akamaihd.net/apps/583950/icons/set01/10415_large_brazilian.ab84f22a9390ac97da51f0864061714fa905295c.png','https://steamcdn-a.akamaihd.net/apps/583950/icons/set01/10415_large_latam.4de96fcb6300eaecad13a738fa651130f4a0f1d9.png');
INSERT INTO Cartas VALUES (10417,'Spell','James Paick','Rare',110417);
INSERT INTO CardName VALUES(10417,"Spring the Trap","Zuschnappende Falle","Pris au piège","Trappola a sorpresa","덫 작동하기","Trampa activada","触发陷阱","觸發陷阱","Выйти из засады","Spring the Trap","トラップ発動","Spring the Trap","Spring the Trap","Spring the Trap","Spring the Trap","Spring the Trap","Spring the Trap","Spring the Trap","Spring the Trap","Spring the Trap","Spring the Trap","Spring the Trap","Plano Surpresa","Spring the Trap","Spring the Trap","Spring the Trap","Trampa activada","Spring the Trap");
INSERT INTO LargeImage VALUES(10417,'https://steamcdn-a.akamaihd.net/apps/583950/icons/set01/10417_large_english.65e13343dcdc92236e0a0683f3a101ae1a7382cb.png','https://steamcdn-a.akamaihd.net/apps/583950/icons/set01/10417_large_german.0f2406feda1003fcf9171ca05b4727f4c258a797.png','https://steamcdn-a.akamaihd.net/apps/583950/icons/set01/10417_large_french.7b3e3d7a524cbfb2c1e6c377d3f7041387b7eaa3.png','https://steamcdn-a.akamaihd.net/apps/583950/icons/set01/10417_large_italian.3d228325cb5dbc7dbe4744b66b1852160d6a6de4.png','https://steamcdn-a.akamaihd.net/apps/583950/icons/set01/10417_large_koreana.04da1c330164958462629886df718e1ba163b32b.png','https://steamcdn-a.akamaihd.net/apps/583950/icons/set01/10417_large_spanish.6d344e7eb5da570adb69649c7401bcd2da962f4e.png','https://steamcdn-a.akamaihd.net/apps/583950/icons/set01/10417_large_schinese.b0234b1834e2bc091b59e8f7f1201a10a55f751a.png','https://steamcdn-a.akamaihd.net/apps/583950/icons/set01/10417_large_tchinese.d56556601ec02699f8c38744b867b2463c821647.png','https://steamcdn-a.akamaihd.net/apps/583950/icons/set01/10417_large_russian.fb7c46898cf9093176665c9f61d67e5e77db6249.png','https://steamcdn-a.akamaihd.net/apps/583950/icons/set01/10417_large_japanese.f5379c87ff7056111b8d8d2fbbba5cb22ccdb617.png','https://steamcdn-a.akamaihd.net/apps/583950/icons/set01/10417_large_brazilian.e2a59c1c0c673b943a5fad8a6ceb5466373ec692.png','https://steamcdn-a.akamaihd.net/apps/583950/icons/set01/10417_large_latam.106c5895f2f293ca907e300122ca4685e609c92e.png');
INSERT INTO Cartas VALUES (10418,'Spell','Daarken','Common',110418);
INSERT INTO CardName VALUES(10418,"Ventriloquy","Bauchrednerei","Ventriloquie","Ventriloquio","복화술","Ventriloquía","腹语术","腹語術","Чревовещание","Ventriloquy","音声投射","Ventriloquy","Ventriloquy","Ventriloquy","Ventriloquy","Ventriloquy","Ventriloquy","Ventriloquy","Ventriloquy","Ventriloquy","Ventriloquy","Ventriloquy","Ventriloquia","Ventriloquy","Ventriloquy","Ventriloquy","Ventriloquía","Ventriloquy");
INSERT INTO LargeImage VALUES(10418,'https://steamcdn-a.akamaihd.net/apps/583950/icons/set01/10418_large_english.d6cb137804751d5b3ac863e5cc533687c1a48ca7.png','https://steamcdn-a.akamaihd.net/apps/583950/icons/set01/10418_large_german.32a27166411336511b238430e91cd73056a969a0.png','https://steamcdn-a.akamaihd.net/apps/583950/icons/set01/10418_large_french.d6d4473d6082fc31dae194ff9d60aee200b47a0d.png','https://steamcdn-a.akamaihd.net/apps/583950/icons/set01/10418_large_italian.8350cce46afb5950a8ac5c811d2ac73abeefa35c.png','https://steamcdn-a.akamaihd.net/apps/583950/icons/set01/10418_large_koreana.a411c289396845afc79aef6f91774621e9698f20.png','https://steamcdn-a.akamaihd.net/apps/583950/icons/set01/10418_large_spanish.4b781c8a1a275aaee1f5cf200bd7b0a075b2c2b9.png','https://steamcdn-a.akamaihd.net/apps/583950/icons/set01/10418_large_schinese.ab169612e607d14d66a050bab764720550149ae1.png','https://steamcdn-a.akamaihd.net/apps/583950/icons/set01/10418_large_tchinese.eb0f7f7097c86091e4f57b3e6bd8637418c419c0.png','https://steamcdn-a.akamaihd.net/apps/583950/icons/set01/10418_large_russian.4b817436916417653e282880f60617d2c4f2d425.png','https://steamcdn-a.akamaihd.net/apps/583950/icons/set01/10418_large_japanese.0d534df4a1479691083196cd0c75ec30f881d112.png','https://steamcdn-a.akamaihd.net/apps/583950/icons/set01/10418_large_brazilian.9917f98906a2c59e80e0d3a42d07a5a39004b607.png','https://steamcdn-a.akamaihd.net/apps/583950/icons/set01/10418_large_latam.a0c6a36f75eaf9245d813e8295c465010aa7c6e2.png');
INSERT INTO Cartas VALUES (10421,'Spell','Daarken','Common',110421);
INSERT INTO CardName VALUES(10421,"Crippling Blow","Verkrüppelnder Schlag","Coup paralysant","Colpo paralizzante","끔찍한 한 방","Golpe paralizante","致残重击","致殘重擊","Калечащий удар","Crippling Blow","のたうつ一撃","Crippling Blow","Crippling Blow","Crippling Blow","Crippling Blow","Crippling Blow","Crippling Blow","Crippling Blow","Crippling Blow","Crippling Blow","Crippling Blow","Crippling Blow","Golpe Debilitante","Crippling Blow","Crippling Blow","Crippling Blow","Golpe paralizante","Crippling Blow");
INSERT INTO LargeImage VALUES(10421,'https://steamcdn-a.akamaihd.net/apps/583950/icons/set01/10421_large_english.48d3d5afbe285b8750295440d950e17a6b46053e.png','https://steamcdn-a.akamaihd.net/apps/583950/icons/set01/10421_large_german.e793068368590cf025bdaa784fd7e9455848a4a0.png','https://steamcdn-a.akamaihd.net/apps/583950/icons/set01/10421_large_french.f9bfd144a36b14d85f8b324641e452ae507d2b59.png','https://steamcdn-a.akamaihd.net/apps/583950/icons/set01/10421_large_italian.998510bec5f8cfeb1dfffdfe7bb630d68fac0585.png','https://steamcdn-a.akamaihd.net/apps/583950/icons/set01/10421_large_koreana.4539153191711656dd0927ddc95f024de2257f4c.png','https://steamcdn-a.akamaihd.net/apps/583950/icons/set01/10421_large_spanish.84a9defff388649b55eb0ba790d317e5d068487b.png','https://steamcdn-a.akamaihd.net/apps/583950/icons/set01/10421_large_schinese.b92123de51ce172db2672fa50a0b31c46d7a9db6.png','https://steamcdn-a.akamaihd.net/apps/583950/icons/set01/10421_large_tchinese.6d5bc633ddfe91914a869609568f0b5dc7611f3b.png','https://steamcdn-a.akamaihd.net/apps/583950/icons/set01/10421_large_russian.4b58623149c6abe7de350aa5cb97ad74c7890ef1.png','https://steamcdn-a.akamaihd.net/apps/583950/icons/set01/10421_large_japanese.1632071d0aa87fa98be3b4c721485c104166c8f8.png','https://steamcdn-a.akamaihd.net/apps/583950/icons/set01/10421_large_brazilian.95828a4a0d38e10d3825f93d1efa348a6e1dedeb.png','https://steamcdn-a.akamaihd.net/apps/583950/icons/set01/10421_large_latam.3b3af3cfbc7e4ca00054e798618a63a3a5eee934.png');
INSERT INTO Cartas VALUES (10422,'Spell','Daarken','Rare',110422);
INSERT INTO CardName VALUES(10422,"Whispers of Madness","Geflüster des Wahnsinns","Murmures dissonants","Sussurri di follia","광기의 속삭임","Susurros de la locura","疯狂低语","瘋狂低語","Шёпот безумия","Whispers of Madness","狂気のささやき","Whispers of Madness","Whispers of Madness","Whispers of Madness","Whispers of Madness","Whispers of Madness","Whispers of Madness","Whispers of Madness","Whispers of Madness","Whispers of Madness","Whispers of Madness","Whispers of Madness","Sussurros da Loucura","Whispers of Madness","Whispers of Madness","Whispers of Madness","Susurros de la locura","Whispers of Madness");
INSERT INTO LargeImage VALUES(10422,'https://steamcdn-a.akamaihd.net/apps/583950/icons/set01/10422_large_english.a57a57fe1cd8c9a14914dc7526813a34b9c27af1.png','https://steamcdn-a.akamaihd.net/apps/583950/icons/set01/10422_large_german.81bf9d8e018ed3f585339d5f8e3ea3cc3a6f50f0.png','https://steamcdn-a.akamaihd.net/apps/583950/icons/set01/10422_large_french.e791aa9f2bca2e4625c67d44aae764535a2bc10a.png','https://steamcdn-a.akamaihd.net/apps/583950/icons/set01/10422_large_italian.376fe2b9a112a0f7f11ba7249691b473fec384b9.png','https://steamcdn-a.akamaihd.net/apps/583950/icons/set01/10422_large_koreana.dd5c23b68248eb5d80018fcc89b5883f4c9075e4.png','https://steamcdn-a.akamaihd.net/apps/583950/icons/set01/10422_large_spanish.ceb010d3a141b6cf2a20ee772c80d1081fc72a55.png','https://steamcdn-a.akamaihd.net/apps/583950/icons/set01/10422_large_schinese.b0e2b0ee549ac5f57cf639f95b471f96f45cd739.png','https://steamcdn-a.akamaihd.net/apps/583950/icons/set01/10422_large_tchinese.1f77acf2043753bb643de9f6ae16c8d6827d52f7.png','https://steamcdn-a.akamaihd.net/apps/583950/icons/set01/10422_large_russian.7d3bcdf36d3d4bb20807b0aea720fd50bfca9eff.png','https://steamcdn-a.akamaihd.net/apps/583950/icons/set01/10422_large_japanese.d6a29d1d104852ea39b73bed464313b875692382.png','https://steamcdn-a.akamaihd.net/apps/583950/icons/set01/10422_large_brazilian.013bca9c7e67ea485d7fc66e7f70a5a52a09af9a.png','https://steamcdn-a.akamaihd.net/apps/583950/icons/set01/10422_large_latam.308a7fd6a94ef1c659897afaa48bee6fa045e033.png');
INSERT INTO Cartas VALUES (10424,'Spell','Livia Prima','Rare',110424);
INSERT INTO CardName VALUES(10424,"At Any Cost","Um jeden Preis","À tout prix","A qualsiasi costo","전력투구","Cueste lo que cueste","不惜代价","不惜代價","Любой ценой","At Any Cost","容赦ない作戦","At Any Cost","At Any Cost","At Any Cost","At Any Cost","At Any Cost","At Any Cost","At Any Cost","At Any Cost","At Any Cost","At Any Cost","At Any Cost","A Qualquer Custo","At Any Cost","At Any Cost","At Any Cost","Cueste lo que cueste","At Any Cost");
INSERT INTO LargeImage VALUES(10424,'https://steamcdn-a.akamaihd.net/apps/583950/icons/set01/10424_large_english.6f96762a509e2a86d7198e340052b22b50f880b0.png','https://steamcdn-a.akamaihd.net/apps/583950/icons/set01/10424_large_german.40b81a9397377c79cae7d99d7af1f9a2fe0ad2cb.png','https://steamcdn-a.akamaihd.net/apps/583950/icons/set01/10424_large_french.03d08054ab4eb00ec79b4349732568f2382a916d.png','https://steamcdn-a.akamaihd.net/apps/583950/icons/set01/10424_large_italian.e366b52cee8e75aa733b8b9f5fb32967fd6650a4.png','https://steamcdn-a.akamaihd.net/apps/583950/icons/set01/10424_large_koreana.9d1cbfaaa12493a0da6d53ee2a833a6364e9b06c.png','https://steamcdn-a.akamaihd.net/apps/583950/icons/set01/10424_large_spanish.6a59da38e731dec0081a2640912ffbc03504f62a.png','https://steamcdn-a.akamaihd.net/apps/583950/icons/set01/10424_large_schinese.c0e0f96827b52564ba2fe9d115352c58e5fcf1ca.png','https://steamcdn-a.akamaihd.net/apps/583950/icons/set01/10424_large_tchinese.757c4527c5f9854ea7508ad267ff26fc5158b4b7.png','https://steamcdn-a.akamaihd.net/apps/583950/icons/set01/10424_large_russian.3f80fc4908abe622fd7757711204703c11ebf42d.png','https://steamcdn-a.akamaihd.net/apps/583950/icons/set01/10424_large_japanese.8787169fde73b5fc1888df319496e49ccec977fe.png','https://steamcdn-a.akamaihd.net/apps/583950/icons/set01/10424_large_brazilian.44f193e960783536eeaab76b2e19db63987dd49a.png','https://steamcdn-a.akamaihd.net/apps/583950/icons/set01/10424_large_latam.6bfd1484be87c718c4819df87fc81c7c84437365.png');
INSERT INTO Cartas VALUES (10425,'Spell','Darek Zabrocki','Rare',110425);
INSERT INTO CardName VALUES(10425,"Time of Triumph","Zeit des Triumphs","Moment de triomphe","Ora del trionfo","승리의 시간","Momento triunfal","胜利时刻","勝利時刻","Пора свершений","Time of Triumph","栄光の瞬間","Time of Triumph","Time of Triumph","Time of Triumph","Time of Triumph","Time of Triumph","Time of Triumph","Time of Triumph","Time of Triumph","Time of Triumph","Time of Triumph","Time of Triumph","Tempo de Triunfo","Time of Triumph","Time of Triumph","Time of Triumph","Momento triunfal","Time of Triumph");
INSERT INTO LargeImage VALUES(10425,'https://steamcdn-a.akamaihd.net/apps/583950/icons/set01/10425_large_english.d95743c2ebd0390d295cdf99f93b1045c90c5b38.png','https://steamcdn-a.akamaihd.net/apps/583950/icons/set01/10425_large_german.9c308b3bd3cc254ffce5e7b813fabb2c48c0d9e6.png','https://steamcdn-a.akamaihd.net/apps/583950/icons/set01/10425_large_french.8a46c71face116f44fae11017be980e9f2b3594a.png','https://steamcdn-a.akamaihd.net/apps/583950/icons/set01/10425_large_italian.889c1f5d184be8dd92fd78252f309e4aaae5fc1a.png','https://steamcdn-a.akamaihd.net/apps/583950/icons/set01/10425_large_koreana.0746761bc9eedb2f9cf4da421c3ff0743788d35a.png','https://steamcdn-a.akamaihd.net/apps/583950/icons/set01/10425_large_spanish.a720aa0442dd9945daa9b633da0cbd504dc7cb9f.png','https://steamcdn-a.akamaihd.net/apps/583950/icons/set01/10425_large_schinese.4d28de081a32bd62b4ceec1f893fc6300aeed8e6.png','https://steamcdn-a.akamaihd.net/apps/583950/icons/set01/10425_large_tchinese.f607469ee25e3325005a2f3904c687d1af0dc94c.png','https://steamcdn-a.akamaihd.net/apps/583950/icons/set01/10425_large_russian.506a0ef5243d1f14459853319e73a6ec88e6e021.png','https://steamcdn-a.akamaihd.net/apps/583950/icons/set01/10425_large_japanese.1a98cf4997a4e79d0cfa9655acead93d0d00b5a6.png','https://steamcdn-a.akamaihd.net/apps/583950/icons/set01/10425_large_brazilian.02803d41831d358bfa083c444c4a7959036c9f9e.png','https://steamcdn-a.akamaihd.net/apps/583950/icons/set01/10425_large_latam.f844dad19eb3db74dac4f36a051b99946ef339c9.png');
INSERT INTO Cartas VALUES (10536,'Hero','JiHun Lee','Rare',110536);
INSERT INTO CardName VALUES(10536,"Storm Spirit","Sturmgeist","Esprit de la tempête","Spirito della Tempesta","폭풍령","Espíritu de la Tormenta","风暴之灵","風暴之靈","Дух шторма","Storm Spirit","ストームスピリット","Storm Spirit","Storm Spirit","Storm Spirit","Storm Spirit","Storm Spirit","Storm Spirit","Storm Spirit","Storm Spirit","Storm Spirit","Storm Spirit","Storm Spirit","Espírito da Tempestade","Storm Spirit","Storm Spirit","Storm Spirit","Espíritu de la Tormenta","Storm Spirit");
INSERT INTO LargeImage VALUES(10536,'https://steamcdn-a.akamaihd.net/apps/583950/icons/set01/10536_large_english.84ce7ce30da364c6110edaf1fb60a56f16a6c001.png','https://steamcdn-a.akamaihd.net/apps/583950/icons/set01/10536_large_german.071697412507a2adb6cd860e6c901e0252ea65bb.png','https://steamcdn-a.akamaihd.net/apps/583950/icons/set01/10536_large_french.abf6f8132b4db4c3e99ae940a6304b6a0e9a6f5e.png','https://steamcdn-a.akamaihd.net/apps/583950/icons/set01/10536_large_italian.6d5106705ca089795e85172becbf608699e21bd0.png','https://steamcdn-a.akamaihd.net/apps/583950/icons/set01/10536_large_koreana.4e772b270b09d9c57d87d71ce16703c194e504c4.png','https://steamcdn-a.akamaihd.net/apps/583950/icons/set01/10536_large_spanish.a3656a2c634664ccf15dbc508af66d55342f4a6e.png','https://steamcdn-a.akamaihd.net/apps/583950/icons/set01/10536_large_schinese.fe9ba90c44e302d551343637cf4d9a1db8b9d285.png','https://steamcdn-a.akamaihd.net/apps/583950/icons/set01/10536_large_tchinese.b885429799bc389cfea6c70b62126f87cf35bb5b.png','https://steamcdn-a.akamaihd.net/apps/583950/icons/set01/10536_large_russian.05e9dd0688f37bcdba6ef50cb59fdd9447272b4e.png','https://steamcdn-a.akamaihd.net/apps/583950/icons/set01/10536_large_japanese.2c6ec7a0aec1bfef202cd5c5725b25bf860e77b5.png','https://steamcdn-a.akamaihd.net/apps/583950/icons/set01/10536_large_brazilian.63828cff3369638ea6855d5d154b85778e179e7c.png','https://steamcdn-a.akamaihd.net/apps/583950/icons/set01/10536_large_latam.f4a4f2aed382adfdebf572ade45d8bd4b6bce193.png');
