use artifact;

INSERT INTO carta(id, card_type, illustrator, rarity, item_def) VALUES (10001,'Hero','JiHun Lee','Common',110001);
INSERT INTO card_name(carta_id, lang, value_) VALUES(10001,"english","Venomancer");
INSERT INTO card_name(carta_id, lang, value_) VALUES(10001,"german","Venomant");
INSERT INTO card_name(carta_id, lang, value_) VALUES(10001,"french","Vénimancien");
INSERT INTO card_name(carta_id, lang, value_) VALUES(10001,"italian","Venomante");

INSERT INTO card_name(carta_id, lang, value_) VALUES(10001,"spanish","Venomante");



INSERT INTO card_name(carta_id, lang, value_) VALUES(10001,"thai","Venomancer");

INSERT INTO card_name(carta_id, lang, value_) VALUES(10001,"portuguese","Venomancer");
INSERT INTO card_name(carta_id, lang, value_) VALUES(10001,"polish","Venomancer");
INSERT INTO card_name(carta_id, lang, value_) VALUES(10001,"danish","Venomancer");
INSERT INTO card_name(carta_id, lang, value_) VALUES(10001,"dutch","Venomancer");
INSERT INTO card_name(carta_id, lang, value_) VALUES(10001,"finnish","Venomancer");
INSERT INTO card_name(carta_id, lang, value_) VALUES(10001,"norwegian","Venomancer");
INSERT INTO card_name(carta_id, lang, value_) VALUES(10001,"swedish","Venomancer");
INSERT INTO card_name(carta_id, lang, value_) VALUES(10001,"hungarian","Venomancer");
INSERT INTO card_name(carta_id, lang, value_) VALUES(10001,"czech","Venomancer");
INSERT INTO card_name(carta_id, lang, value_) VALUES(10001,"romanian","Venomancer");
INSERT INTO card_name(carta_id, lang, value_) VALUES(10001,"turkish","Venomancer");
INSERT INTO card_name(carta_id, lang, value_) VALUES(10001,"brazilian","Venomante");
INSERT INTO card_name(carta_id, lang, value_) VALUES(10001,"bulgarian","Venomancer");
INSERT INTO card_name(carta_id, lang, value_) VALUES(10001,"greek","Venomancer");
INSERT INTO card_name(carta_id, lang, value_) VALUES(10001,"ukrainian","Venomancer");
INSERT INTO card_name(carta_id, lang, value_) VALUES(10001,"latam","Venomante");
INSERT INTO card_name(carta_id, lang, value_) VALUES(10001,"vietnamese","Venomancer");
INSERT INTO large_image(carta_id, lang, value_) VALUES(10001,"default","https://steamcdn-a.akamaihd.net/apps/583950/icons/set01/10001_large_english.471b1f9a93eb38bada2237baba27d9dd2354264c.png");
INSERT INTO large_image(carta_id, lang, value_) VALUES(10001,"german","https://steamcdn-a.akamaihd.net/apps/583950/icons/set01/10001_large_german.41ba6b2ee7b09a89e999a5d71622ea1b7290343b.png");
INSERT INTO large_image(carta_id, lang, value_) VALUES(10001,"french","https://steamcdn-a.akamaihd.net/apps/583950/icons/set01/10001_large_french.97d08597b66d5efe2bb697b4b198ee77439ae8ab.png");
INSERT INTO large_image(carta_id, lang, value_) VALUES(10001,"italian","https://steamcdn-a.akamaihd.net/apps/583950/icons/set01/10001_large_italian.6e30acc038dfbdc7b75e90439d8ea3c24bc3f4df.png");

INSERT INTO large_image(carta_id, lang, value_) VALUES(10001,"spanish","https://steamcdn-a.akamaihd.net/apps/583950/icons/set01/10001_large_spanish.88fb0ac553e77074e28403231c36a46faa4f978d.png");




INSERT INTO large_image(carta_id, lang, value_) VALUES(10001,"brazilian","https://steamcdn-a.akamaihd.net/apps/583950/icons/set01/10001_large_brazilian.72b91ac089d9924ab3981ab7786d45261e361a19.png");
INSERT INTO large_image(carta_id, lang, value_) VALUES(10001,"latam","https://steamcdn-a.akamaihd.net/apps/583950/icons/set01/10001_large_latam.1590b052bd3b618afd9d9d3b54b0ca1fe30d632a.png");
INSERT INTO carta(id, card_type, illustrator, rarity, item_def) VALUES (10004,'Hero','Wisnu Tan','Rare',110004);
INSERT INTO card_name(carta_id, lang, value_) VALUES(10004,"english","Meepo");
INSERT INTO card_name(carta_id, lang, value_) VALUES(10004,"german","Meepo");
INSERT INTO card_name(carta_id, lang, value_) VALUES(10004,"french","Meepo");
INSERT INTO card_name(carta_id, lang, value_) VALUES(10004,"italian","Meepo");

INSERT INTO card_name(carta_id, lang, value_) VALUES(10004,"spanish","Mipo");



INSERT INTO card_name(carta_id, lang, value_) VALUES(10004,"thai","Meepo");

INSERT INTO card_name(carta_id, lang, value_) VALUES(10004,"portuguese","Meepo");
INSERT INTO card_name(carta_id, lang, value_) VALUES(10004,"polish","Meepo");
INSERT INTO card_name(carta_id, lang, value_) VALUES(10004,"danish","Meepo");
INSERT INTO card_name(carta_id, lang, value_) VALUES(10004,"dutch","Meepo");
INSERT INTO card_name(carta_id, lang, value_) VALUES(10004,"finnish","Meepo");
INSERT INTO card_name(carta_id, lang, value_) VALUES(10004,"norwegian","Meepo");
INSERT INTO card_name(carta_id, lang, value_) VALUES(10004,"swedish","Meepo");
INSERT INTO card_name(carta_id, lang, value_) VALUES(10004,"hungarian","Meepo");
INSERT INTO card_name(carta_id, lang, value_) VALUES(10004,"czech","Meepo");
INSERT INTO card_name(carta_id, lang, value_) VALUES(10004,"romanian","Meepo");
INSERT INTO card_name(carta_id, lang, value_) VALUES(10004,"turkish","Meepo");
INSERT INTO card_name(carta_id, lang, value_) VALUES(10004,"brazilian","Meepo");
INSERT INTO card_name(carta_id, lang, value_) VALUES(10004,"bulgarian","Meepo");
INSERT INTO card_name(carta_id, lang, value_) VALUES(10004,"greek","Meepo");
INSERT INTO card_name(carta_id, lang, value_) VALUES(10004,"ukrainian","Meepo");
INSERT INTO card_name(carta_id, lang, value_) VALUES(10004,"latam","Mipo");
INSERT INTO card_name(carta_id, lang, value_) VALUES(10004,"vietnamese","Meepo");
INSERT INTO large_image(carta_id, lang, value_) VALUES(10004,"default","https://steamcdn-a.akamaihd.net/apps/583950/icons/set01/10004_large_english.9d4e36797e294d59e4ba5885d3299f23dba76fd7.png");
INSERT INTO large_image(carta_id, lang, value_) VALUES(10004,"german","https://steamcdn-a.akamaihd.net/apps/583950/icons/set01/10004_large_german.95bfacb2f5089c2fa1c1b641d5bf15d0608eb2ff.png");
INSERT INTO large_image(carta_id, lang, value_) VALUES(10004,"french","https://steamcdn-a.akamaihd.net/apps/583950/icons/set01/10004_large_french.acd7f2a9a64bdfd672ffd55a0d0037d5c7c5bed8.png");
INSERT INTO large_image(carta_id, lang, value_) VALUES(10004,"italian","https://steamcdn-a.akamaihd.net/apps/583950/icons/set01/10004_large_italian.95bfacb2f5089c2fa1c1b641d5bf15d0608eb2ff.png");

INSERT INTO large_image(carta_id, lang, value_) VALUES(10004,"spanish","https://steamcdn-a.akamaihd.net/apps/583950/icons/set01/10004_large_spanish.236eef54ea0ccbe9f988e75540c278a7e1419c49.png");




INSERT INTO large_image(carta_id, lang, value_) VALUES(10004,"brazilian","https://steamcdn-a.akamaihd.net/apps/583950/icons/set01/10004_large_brazilian.acd7f2a9a64bdfd672ffd55a0d0037d5c7c5bed8.png");
INSERT INTO large_image(carta_id, lang, value_) VALUES(10004,"latam","https://steamcdn-a.akamaihd.net/apps/583950/icons/set01/10004_large_latam.924f5a091a839b84ecde9405905a402c3a168f49.png");
INSERT INTO carta(id, card_type, illustrator, rarity, item_def) VALUES (10006,'Hero','Anthony Palumbo','Uncommon',110006);
INSERT INTO card_name(carta_id, lang, value_) VALUES(10006,"english","Luna");
INSERT INTO card_name(carta_id, lang, value_) VALUES(10006,"german","Luna");
INSERT INTO card_name(carta_id, lang, value_) VALUES(10006,"french","Luna");
INSERT INTO card_name(carta_id, lang, value_) VALUES(10006,"italian","Luna");

INSERT INTO card_name(carta_id, lang, value_) VALUES(10006,"spanish","Luna");



INSERT INTO card_name(carta_id, lang, value_) VALUES(10006,"thai","Luna");

INSERT INTO card_name(carta_id, lang, value_) VALUES(10006,"portuguese","Luna");
INSERT INTO card_name(carta_id, lang, value_) VALUES(10006,"polish","Luna");
INSERT INTO card_name(carta_id, lang, value_) VALUES(10006,"danish","Luna");
INSERT INTO card_name(carta_id, lang, value_) VALUES(10006,"dutch","Luna");
INSERT INTO card_name(carta_id, lang, value_) VALUES(10006,"finnish","Luna");
INSERT INTO card_name(carta_id, lang, value_) VALUES(10006,"norwegian","Luna");
INSERT INTO card_name(carta_id, lang, value_) VALUES(10006,"swedish","Luna");
INSERT INTO card_name(carta_id, lang, value_) VALUES(10006,"hungarian","Luna");
INSERT INTO card_name(carta_id, lang, value_) VALUES(10006,"czech","Luna");
INSERT INTO card_name(carta_id, lang, value_) VALUES(10006,"romanian","Luna");
INSERT INTO card_name(carta_id, lang, value_) VALUES(10006,"turkish","Luna");
INSERT INTO card_name(carta_id, lang, value_) VALUES(10006,"brazilian","Luna");
INSERT INTO card_name(carta_id, lang, value_) VALUES(10006,"bulgarian","Luna");
INSERT INTO card_name(carta_id, lang, value_) VALUES(10006,"greek","Luna");
INSERT INTO card_name(carta_id, lang, value_) VALUES(10006,"ukrainian","Luna");
INSERT INTO card_name(carta_id, lang, value_) VALUES(10006,"latam","Luna");
INSERT INTO card_name(carta_id, lang, value_) VALUES(10006,"vietnamese","Luna");
INSERT INTO large_image(carta_id, lang, value_) VALUES(10006,"default","https://steamcdn-a.akamaihd.net/apps/583950/icons/set01/10006_large_english.ffbe600379323799783d6e0e809bc19e506f2b00.png");
INSERT INTO large_image(carta_id, lang, value_) VALUES(10006,"german","https://steamcdn-a.akamaihd.net/apps/583950/icons/set01/10006_large_german.98900e0892bc762e4610b2f6aa69dd1f8fd1a98a.png");
INSERT INTO large_image(carta_id, lang, value_) VALUES(10006,"french","https://steamcdn-a.akamaihd.net/apps/583950/icons/set01/10006_large_french.d6f9e6f8317e7616656188997b02b7f06d6a751d.png");
INSERT INTO large_image(carta_id, lang, value_) VALUES(10006,"italian","https://steamcdn-a.akamaihd.net/apps/583950/icons/set01/10006_large_italian.98900e0892bc762e4610b2f6aa69dd1f8fd1a98a.png");

INSERT INTO large_image(carta_id, lang, value_) VALUES(10006,"spanish","https://steamcdn-a.akamaihd.net/apps/583950/icons/set01/10006_large_spanish.65f0b58dcb91d107c8a18db0514a284ab801778e.png");




INSERT INTO large_image(carta_id, lang, value_) VALUES(10006,"brazilian","https://steamcdn-a.akamaihd.net/apps/583950/icons/set01/10006_large_brazilian.d6f9e6f8317e7616656188997b02b7f06d6a751d.png");
INSERT INTO large_image(carta_id, lang, value_) VALUES(10006,"latam","https://steamcdn-a.akamaihd.net/apps/583950/icons/set01/10006_large_latam.4624609be02fcdf07a91d94d2b938dfcf7410c38.png");
INSERT INTO carta(id, card_type, illustrator, rarity, item_def) VALUES (10010,'Hero','Sung Choi','Uncommon',110010);
INSERT INTO card_name(carta_id, lang, value_) VALUES(10010,"english","Winter Wyvern");
INSERT INTO card_name(carta_id, lang, value_) VALUES(10010,"german","Winterlindwurm");
INSERT INTO card_name(carta_id, lang, value_) VALUES(10010,"french","Vouivre de l'hiver");
INSERT INTO card_name(carta_id, lang, value_) VALUES(10010,"italian","Viverna invernale");

INSERT INTO card_name(carta_id, lang, value_) VALUES(10010,"spanish","Guiverna Invernal");



INSERT INTO card_name(carta_id, lang, value_) VALUES(10010,"thai","Winter Wyvern");

INSERT INTO card_name(carta_id, lang, value_) VALUES(10010,"portuguese","Winter Wyvern");
INSERT INTO card_name(carta_id, lang, value_) VALUES(10010,"polish","Winter Wyvern");
INSERT INTO card_name(carta_id, lang, value_) VALUES(10010,"danish","Winter Wyvern");
INSERT INTO card_name(carta_id, lang, value_) VALUES(10010,"dutch","Winter Wyvern");
INSERT INTO card_name(carta_id, lang, value_) VALUES(10010,"finnish","Winter Wyvern");
INSERT INTO card_name(carta_id, lang, value_) VALUES(10010,"norwegian","Winter Wyvern");
INSERT INTO card_name(carta_id, lang, value_) VALUES(10010,"swedish","Winter Wyvern");
INSERT INTO card_name(carta_id, lang, value_) VALUES(10010,"hungarian","Winter Wyvern");
INSERT INTO card_name(carta_id, lang, value_) VALUES(10010,"czech","Winter Wyvern");
INSERT INTO card_name(carta_id, lang, value_) VALUES(10010,"romanian","Winter Wyvern");
INSERT INTO card_name(carta_id, lang, value_) VALUES(10010,"turkish","Winter Wyvern");
INSERT INTO card_name(carta_id, lang, value_) VALUES(10010,"brazilian","Serpe Invernal");
INSERT INTO card_name(carta_id, lang, value_) VALUES(10010,"bulgarian","Winter Wyvern");
INSERT INTO card_name(carta_id, lang, value_) VALUES(10010,"greek","Winter Wyvern");
INSERT INTO card_name(carta_id, lang, value_) VALUES(10010,"ukrainian","Winter Wyvern");
INSERT INTO card_name(carta_id, lang, value_) VALUES(10010,"latam","Guiverna Invernal");
INSERT INTO card_name(carta_id, lang, value_) VALUES(10010,"vietnamese","Winter Wyvern");
INSERT INTO large_image(carta_id, lang, value_) VALUES(10010,"default","https://steamcdn-a.akamaihd.net/apps/583950/icons/set01/10010_large_english.87fc976d89e586be6df0b10b0023847829bc803d.png");
INSERT INTO large_image(carta_id, lang, value_) VALUES(10010,"german","https://steamcdn-a.akamaihd.net/apps/583950/icons/set01/10010_large_german.002bb8c8d35c63d29cf50008fa3ee78abb813fd1.png");
INSERT INTO large_image(carta_id, lang, value_) VALUES(10010,"french","https://steamcdn-a.akamaihd.net/apps/583950/icons/set01/10010_large_french.447c69cd7705c6a0057d611814d3c39578e55ed4.png");
INSERT INTO large_image(carta_id, lang, value_) VALUES(10010,"italian","https://steamcdn-a.akamaihd.net/apps/583950/icons/set01/10010_large_italian.64754570371e3706719c852a35f1af14fc5f879c.png");

INSERT INTO large_image(carta_id, lang, value_) VALUES(10010,"spanish","https://steamcdn-a.akamaihd.net/apps/583950/icons/set01/10010_large_spanish.f73758912e6656f6c59977927fe72b585a754b8d.png");




INSERT INTO large_image(carta_id, lang, value_) VALUES(10010,"brazilian","https://steamcdn-a.akamaihd.net/apps/583950/icons/set01/10010_large_brazilian.74c718166eca732a3041368a4920c4b220b9129e.png");
INSERT INTO large_image(carta_id, lang, value_) VALUES(10010,"latam","https://steamcdn-a.akamaihd.net/apps/583950/icons/set01/10010_large_latam.51f7815fd5b9f68af6d32e5522f72a18866c88e4.png");
INSERT INTO carta(id, card_type, illustrator, rarity, item_def) VALUES (10014,'Hero','Ryan Pancoast','Common',110014);
INSERT INTO card_name(carta_id, lang, value_) VALUES(10014,"english","Lycan");
INSERT INTO card_name(carta_id, lang, value_) VALUES(10014,"german","Lykan");
INSERT INTO card_name(carta_id, lang, value_) VALUES(10014,"french","Lycanthrope");
INSERT INTO card_name(carta_id, lang, value_) VALUES(10014,"italian","Lycan");

INSERT INTO card_name(carta_id, lang, value_) VALUES(10014,"spanish","Licántropo");



INSERT INTO card_name(carta_id, lang, value_) VALUES(10014,"thai","Lycan");

INSERT INTO card_name(carta_id, lang, value_) VALUES(10014,"portuguese","Lycan");
INSERT INTO card_name(carta_id, lang, value_) VALUES(10014,"polish","Lycan");
INSERT INTO card_name(carta_id, lang, value_) VALUES(10014,"danish","Lycan");
INSERT INTO card_name(carta_id, lang, value_) VALUES(10014,"dutch","Lycan");
INSERT INTO card_name(carta_id, lang, value_) VALUES(10014,"finnish","Lycan");
INSERT INTO card_name(carta_id, lang, value_) VALUES(10014,"norwegian","Lycan");
INSERT INTO card_name(carta_id, lang, value_) VALUES(10014,"swedish","Lycan");
INSERT INTO card_name(carta_id, lang, value_) VALUES(10014,"hungarian","Lycan");
INSERT INTO card_name(carta_id, lang, value_) VALUES(10014,"czech","Lycan");
INSERT INTO card_name(carta_id, lang, value_) VALUES(10014,"romanian","Lycan");
INSERT INTO card_name(carta_id, lang, value_) VALUES(10014,"turkish","Lycan");
INSERT INTO card_name(carta_id, lang, value_) VALUES(10014,"brazilian","Lican");
INSERT INTO card_name(carta_id, lang, value_) VALUES(10014,"bulgarian","Lycan");
INSERT INTO card_name(carta_id, lang, value_) VALUES(10014,"greek","Lycan");
INSERT INTO card_name(carta_id, lang, value_) VALUES(10014,"ukrainian","Lycan");
INSERT INTO card_name(carta_id, lang, value_) VALUES(10014,"latam","Licántropo");
INSERT INTO card_name(carta_id, lang, value_) VALUES(10014,"vietnamese","Lycan");
INSERT INTO large_image(carta_id, lang, value_) VALUES(10014,"default","https://steamcdn-a.akamaihd.net/apps/583950/icons/set01/10014_large_english.4eb9bfd9dd8daeae35483590d8f746a9c1f2e5e5.png");
INSERT INTO large_image(carta_id, lang, value_) VALUES(10014,"german","https://steamcdn-a.akamaihd.net/apps/583950/icons/set01/10014_large_german.5a127d4e0aec3fdd355e49c30f7bb22381e10040.png");
INSERT INTO large_image(carta_id, lang, value_) VALUES(10014,"french","https://steamcdn-a.akamaihd.net/apps/583950/icons/set01/10014_large_french.eb5765e42f517389f8904fcdb8948f4eb7f52b94.png");
INSERT INTO large_image(carta_id, lang, value_) VALUES(10014,"italian","https://steamcdn-a.akamaihd.net/apps/583950/icons/set01/10014_large_italian.354f6421909728406b534634f4f8c034541d6e1a.png");

INSERT INTO large_image(carta_id, lang, value_) VALUES(10014,"spanish","https://steamcdn-a.akamaihd.net/apps/583950/icons/set01/10014_large_spanish.a47a767430866f344ab733f18b729c0b495ff15b.png");




INSERT INTO large_image(carta_id, lang, value_) VALUES(10014,"brazilian","https://steamcdn-a.akamaihd.net/apps/583950/icons/set01/10014_large_brazilian.2c3b6b51656a84f06b7e7753257527fb89b8fd66.png");
INSERT INTO large_image(carta_id, lang, value_) VALUES(10014,"latam","https://steamcdn-a.akamaihd.net/apps/583950/icons/set01/10014_large_latam.1a406bdd81d89f9a0f57b38b07aa5187890c9bf1.png");
INSERT INTO carta(id, card_type, illustrator, rarity, item_def) VALUES (10016,'Hero','Chase Stone','Uncommon',110016);
INSERT INTO card_name(carta_id, lang, value_) VALUES(10016,"english","Abaddon");
INSERT INTO card_name(carta_id, lang, value_) VALUES(10016,"german","Abaddon");
INSERT INTO card_name(carta_id, lang, value_) VALUES(10016,"french","Abaddon");
INSERT INTO card_name(carta_id, lang, value_) VALUES(10016,"italian","Abaddon");

INSERT INTO card_name(carta_id, lang, value_) VALUES(10016,"spanish","Abadón");



INSERT INTO card_name(carta_id, lang, value_) VALUES(10016,"thai","Abaddon");

INSERT INTO card_name(carta_id, lang, value_) VALUES(10016,"portuguese","Abaddon");
INSERT INTO card_name(carta_id, lang, value_) VALUES(10016,"polish","Abaddon");
INSERT INTO card_name(carta_id, lang, value_) VALUES(10016,"danish","Abaddon");
INSERT INTO card_name(carta_id, lang, value_) VALUES(10016,"dutch","Abaddon");
INSERT INTO card_name(carta_id, lang, value_) VALUES(10016,"finnish","Abaddon");
INSERT INTO card_name(carta_id, lang, value_) VALUES(10016,"norwegian","Abaddon");
INSERT INTO card_name(carta_id, lang, value_) VALUES(10016,"swedish","Abaddon");
INSERT INTO card_name(carta_id, lang, value_) VALUES(10016,"hungarian","Abaddon");
INSERT INTO card_name(carta_id, lang, value_) VALUES(10016,"czech","Abaddon");
INSERT INTO card_name(carta_id, lang, value_) VALUES(10016,"romanian","Abaddon");
INSERT INTO card_name(carta_id, lang, value_) VALUES(10016,"turkish","Abaddon");
INSERT INTO card_name(carta_id, lang, value_) VALUES(10016,"brazilian","Abaddon");
INSERT INTO card_name(carta_id, lang, value_) VALUES(10016,"bulgarian","Abaddon");
INSERT INTO card_name(carta_id, lang, value_) VALUES(10016,"greek","Abaddon");
INSERT INTO card_name(carta_id, lang, value_) VALUES(10016,"ukrainian","Abaddon");
INSERT INTO card_name(carta_id, lang, value_) VALUES(10016,"latam","Abadón");
INSERT INTO card_name(carta_id, lang, value_) VALUES(10016,"vietnamese","Abaddon");
INSERT INTO large_image(carta_id, lang, value_) VALUES(10016,"default","https://steamcdn-a.akamaihd.net/apps/583950/icons/set01/10016_large_english.75cec7e4f701e9122315ddc5736d17d140529310.png");
INSERT INTO large_image(carta_id, lang, value_) VALUES(10016,"german","https://steamcdn-a.akamaihd.net/apps/583950/icons/set01/10016_large_german.fc37d7b803579ac63dd0152d1c21caa96df6acf2.png");
INSERT INTO large_image(carta_id, lang, value_) VALUES(10016,"french","https://steamcdn-a.akamaihd.net/apps/583950/icons/set01/10016_large_french.f7059705be7b0cf0d63e9c3b369effd8bd40150b.png");
INSERT INTO large_image(carta_id, lang, value_) VALUES(10016,"italian","https://steamcdn-a.akamaihd.net/apps/583950/icons/set01/10016_large_italian.fc37d7b803579ac63dd0152d1c21caa96df6acf2.png");

INSERT INTO large_image(carta_id, lang, value_) VALUES(10016,"spanish","https://steamcdn-a.akamaihd.net/apps/583950/icons/set01/10016_large_spanish.3ff253a918bbcc49725ca4a4ef1c7ae86059fe70.png");




INSERT INTO large_image(carta_id, lang, value_) VALUES(10016,"brazilian","https://steamcdn-a.akamaihd.net/apps/583950/icons/set01/10016_large_brazilian.f7059705be7b0cf0d63e9c3b369effd8bd40150b.png");
INSERT INTO large_image(carta_id, lang, value_) VALUES(10016,"latam","https://steamcdn-a.akamaihd.net/apps/583950/icons/set01/10016_large_latam.288c893f3b2f04c4127d02a22ea684dc5f92aea4.png");
INSERT INTO carta(id, card_type, illustrator, rarity, item_def) VALUES (10017,'Hero','Clint Cearley','Rare',110017);
INSERT INTO card_name(carta_id, lang, value_) VALUES(10017,"english","Chen");
INSERT INTO card_name(carta_id, lang, value_) VALUES(10017,"german","Chen");
INSERT INTO card_name(carta_id, lang, value_) VALUES(10017,"french","Chen");
INSERT INTO card_name(carta_id, lang, value_) VALUES(10017,"italian","Chen");

INSERT INTO card_name(carta_id, lang, value_) VALUES(10017,"spanish","Chen");



INSERT INTO card_name(carta_id, lang, value_) VALUES(10017,"thai","Chen");

INSERT INTO card_name(carta_id, lang, value_) VALUES(10017,"portuguese","Chen");
INSERT INTO card_name(carta_id, lang, value_) VALUES(10017,"polish","Chen");
INSERT INTO card_name(carta_id, lang, value_) VALUES(10017,"danish","Chen");
INSERT INTO card_name(carta_id, lang, value_) VALUES(10017,"dutch","Chen");
INSERT INTO card_name(carta_id, lang, value_) VALUES(10017,"finnish","Chen");
INSERT INTO card_name(carta_id, lang, value_) VALUES(10017,"norwegian","Chen");
INSERT INTO card_name(carta_id, lang, value_) VALUES(10017,"swedish","Chen");
INSERT INTO card_name(carta_id, lang, value_) VALUES(10017,"hungarian","Chen");
INSERT INTO card_name(carta_id, lang, value_) VALUES(10017,"czech","Chen");
INSERT INTO card_name(carta_id, lang, value_) VALUES(10017,"romanian","Chen");
INSERT INTO card_name(carta_id, lang, value_) VALUES(10017,"turkish","Chen");
INSERT INTO card_name(carta_id, lang, value_) VALUES(10017,"brazilian","Chen");
INSERT INTO card_name(carta_id, lang, value_) VALUES(10017,"bulgarian","Chen");
INSERT INTO card_name(carta_id, lang, value_) VALUES(10017,"greek","Chen");
INSERT INTO card_name(carta_id, lang, value_) VALUES(10017,"ukrainian","Chen");
INSERT INTO card_name(carta_id, lang, value_) VALUES(10017,"latam","Chen");
INSERT INTO card_name(carta_id, lang, value_) VALUES(10017,"vietnamese","Chen");
INSERT INTO large_image(carta_id, lang, value_) VALUES(10017,"default","https://steamcdn-a.akamaihd.net/apps/583950/icons/set01/10017_large_english.1dcaf23af049fccad6622cd140fa0c4a43f60a2e.png");
INSERT INTO large_image(carta_id, lang, value_) VALUES(10017,"german","https://steamcdn-a.akamaihd.net/apps/583950/icons/set01/10017_large_german.c53fa9132ab784ad4b5e6ce3199d0675df0fe793.png");
INSERT INTO large_image(carta_id, lang, value_) VALUES(10017,"french","https://steamcdn-a.akamaihd.net/apps/583950/icons/set01/10017_large_french.bf2071ea8864952c58a0bbd9f91d01e875b6a094.png");
INSERT INTO large_image(carta_id, lang, value_) VALUES(10017,"italian","https://steamcdn-a.akamaihd.net/apps/583950/icons/set01/10017_large_italian.c53fa9132ab784ad4b5e6ce3199d0675df0fe793.png");

INSERT INTO large_image(carta_id, lang, value_) VALUES(10017,"spanish","https://steamcdn-a.akamaihd.net/apps/583950/icons/set01/10017_large_spanish.68b79e0d103d7db1d79e90b90f649d95c4a1f81a.png");




INSERT INTO large_image(carta_id, lang, value_) VALUES(10017,"brazilian","https://steamcdn-a.akamaihd.net/apps/583950/icons/set01/10017_large_brazilian.bf2071ea8864952c58a0bbd9f91d01e875b6a094.png");
INSERT INTO large_image(carta_id, lang, value_) VALUES(10017,"latam","https://steamcdn-a.akamaihd.net/apps/583950/icons/set01/10017_large_latam.09935b4341edc194493cd7ed70bb2821b7e8bee8.png");
INSERT INTO carta(id, card_type, illustrator, rarity, item_def) VALUES (10018,'Hero','Lake Hurwitz','Common',110018);
INSERT INTO card_name(carta_id, lang, value_) VALUES(10018,"english","Bloodseeker");
INSERT INTO card_name(carta_id, lang, value_) VALUES(10018,"german","Blutjäger");
INSERT INTO card_name(carta_id, lang, value_) VALUES(10018,"french","Sanguinaire");
INSERT INTO card_name(carta_id, lang, value_) VALUES(10018,"italian","Cercatore di Sangue");

INSERT INTO card_name(carta_id, lang, value_) VALUES(10018,"spanish","Buscasangre");



INSERT INTO card_name(carta_id, lang, value_) VALUES(10018,"thai","Bloodseeker");

INSERT INTO card_name(carta_id, lang, value_) VALUES(10018,"portuguese","Bloodseeker");
INSERT INTO card_name(carta_id, lang, value_) VALUES(10018,"polish","Bloodseeker");
INSERT INTO card_name(carta_id, lang, value_) VALUES(10018,"danish","Bloodseeker");
INSERT INTO card_name(carta_id, lang, value_) VALUES(10018,"dutch","Bloodseeker");
INSERT INTO card_name(carta_id, lang, value_) VALUES(10018,"finnish","Bloodseeker");
INSERT INTO card_name(carta_id, lang, value_) VALUES(10018,"norwegian","Bloodseeker");
INSERT INTO card_name(carta_id, lang, value_) VALUES(10018,"swedish","Bloodseeker");
INSERT INTO card_name(carta_id, lang, value_) VALUES(10018,"hungarian","Bloodseeker");
INSERT INTO card_name(carta_id, lang, value_) VALUES(10018,"czech","Bloodseeker");
INSERT INTO card_name(carta_id, lang, value_) VALUES(10018,"romanian","Bloodseeker");
INSERT INTO card_name(carta_id, lang, value_) VALUES(10018,"turkish","Bloodseeker");
INSERT INTO card_name(carta_id, lang, value_) VALUES(10018,"brazilian","Sanguinário");
INSERT INTO card_name(carta_id, lang, value_) VALUES(10018,"bulgarian","Bloodseeker");
INSERT INTO card_name(carta_id, lang, value_) VALUES(10018,"greek","Bloodseeker");
INSERT INTO card_name(carta_id, lang, value_) VALUES(10018,"ukrainian","Bloodseeker");
INSERT INTO card_name(carta_id, lang, value_) VALUES(10018,"latam","Buscasangre");
INSERT INTO card_name(carta_id, lang, value_) VALUES(10018,"vietnamese","Bloodseeker");
INSERT INTO large_image(carta_id, lang, value_) VALUES(10018,"default","https://steamcdn-a.akamaihd.net/apps/583950/icons/set01/10018_large_english.a2161fe42c13586300210ebe79c438e70310cc32.png");
INSERT INTO large_image(carta_id, lang, value_) VALUES(10018,"german","https://steamcdn-a.akamaihd.net/apps/583950/icons/set01/10018_large_german.28fd4002af18f0d4e574613508e22cc85b426cf7.png");
INSERT INTO large_image(carta_id, lang, value_) VALUES(10018,"french","https://steamcdn-a.akamaihd.net/apps/583950/icons/set01/10018_large_french.0bc3a52d733cc629b8a5594b499b381aaf19ddfd.png");
INSERT INTO large_image(carta_id, lang, value_) VALUES(10018,"italian","https://steamcdn-a.akamaihd.net/apps/583950/icons/set01/10018_large_italian.de0307923fabcec310890cfa8d2fe2c67b0c608f.png");

INSERT INTO large_image(carta_id, lang, value_) VALUES(10018,"spanish","https://steamcdn-a.akamaihd.net/apps/583950/icons/set01/10018_large_spanish.05c907010291ce22e641583edb28bd3c04c6bd58.png");




INSERT INTO large_image(carta_id, lang, value_) VALUES(10018,"brazilian","https://steamcdn-a.akamaihd.net/apps/583950/icons/set01/10018_large_brazilian.2c29b5849fd0ed9cc00b7edcb90b0b81bd87fb97.png");
INSERT INTO large_image(carta_id, lang, value_) VALUES(10018,"latam","https://steamcdn-a.akamaihd.net/apps/583950/icons/set01/10018_large_latam.a5ce3c5f0cdb707ce8076089fa9d236de24634e8.png");
INSERT INTO carta(id, card_type, illustrator, rarity, item_def) VALUES (10020,'Hero','Tyler Jacobson','Rare',110020);
INSERT INTO card_name(carta_id, lang, value_) VALUES(10020,"english","Axe");
INSERT INTO card_name(carta_id, lang, value_) VALUES(10020,"german","Axt");
INSERT INTO card_name(carta_id, lang, value_) VALUES(10020,"french","Découpeur");
INSERT INTO card_name(carta_id, lang, value_) VALUES(10020,"italian","Ascia");

INSERT INTO card_name(carta_id, lang, value_) VALUES(10020,"spanish","Ax");



INSERT INTO card_name(carta_id, lang, value_) VALUES(10020,"thai","Axe");

INSERT INTO card_name(carta_id, lang, value_) VALUES(10020,"portuguese","Axe");
INSERT INTO card_name(carta_id, lang, value_) VALUES(10020,"polish","Axe");
INSERT INTO card_name(carta_id, lang, value_) VALUES(10020,"danish","Axe");
INSERT INTO card_name(carta_id, lang, value_) VALUES(10020,"dutch","Axe");
INSERT INTO card_name(carta_id, lang, value_) VALUES(10020,"finnish","Axe");
INSERT INTO card_name(carta_id, lang, value_) VALUES(10020,"norwegian","Axe");
INSERT INTO card_name(carta_id, lang, value_) VALUES(10020,"swedish","Axe");
INSERT INTO card_name(carta_id, lang, value_) VALUES(10020,"hungarian","Axe");
INSERT INTO card_name(carta_id, lang, value_) VALUES(10020,"czech","Axe");
INSERT INTO card_name(carta_id, lang, value_) VALUES(10020,"romanian","Axe");
INSERT INTO card_name(carta_id, lang, value_) VALUES(10020,"turkish","Axe");
INSERT INTO card_name(carta_id, lang, value_) VALUES(10020,"brazilian","Machado");
INSERT INTO card_name(carta_id, lang, value_) VALUES(10020,"bulgarian","Axe");
INSERT INTO card_name(carta_id, lang, value_) VALUES(10020,"greek","Axe");
INSERT INTO card_name(carta_id, lang, value_) VALUES(10020,"ukrainian","Axe");
INSERT INTO card_name(carta_id, lang, value_) VALUES(10020,"latam","Ax");
INSERT INTO card_name(carta_id, lang, value_) VALUES(10020,"vietnamese","Axe");
INSERT INTO large_image(carta_id, lang, value_) VALUES(10020,"default","https://steamcdn-a.akamaihd.net/apps/583950/icons/set01/10020_large_english.5cbf0807575742532f53e4e026b6e8567d1b8843.png");
INSERT INTO large_image(carta_id, lang, value_) VALUES(10020,"german","https://steamcdn-a.akamaihd.net/apps/583950/icons/set01/10020_large_german.279529d54be6335369cba3506d866515e7e09634.png");
INSERT INTO large_image(carta_id, lang, value_) VALUES(10020,"french","https://steamcdn-a.akamaihd.net/apps/583950/icons/set01/10020_large_french.aa5ad70f16e64dea69f49c9fd407ed649275e517.png");
INSERT INTO large_image(carta_id, lang, value_) VALUES(10020,"italian","https://steamcdn-a.akamaihd.net/apps/583950/icons/set01/10020_large_italian.93cdb985057208abe79cf53335278c3bca5d92e0.png");

INSERT INTO large_image(carta_id, lang, value_) VALUES(10020,"spanish","https://steamcdn-a.akamaihd.net/apps/583950/icons/set01/10020_large_spanish.ed36729f5695c3cbe23d392ce2778f4a0bfdc455.png");




INSERT INTO large_image(carta_id, lang, value_) VALUES(10020,"brazilian","https://steamcdn-a.akamaihd.net/apps/583950/icons/set01/10020_large_brazilian.81d234d87d34a729b433d6b76558ca86cb7be3f9.png");
INSERT INTO large_image(carta_id, lang, value_) VALUES(10020,"latam","https://steamcdn-a.akamaihd.net/apps/583950/icons/set01/10020_large_latam.f995546f42890c21a43abfe53707cc82bdcc8aac.png");
INSERT INTO carta(id, card_type, illustrator, rarity, item_def) VALUES (10021,'Hero','Lius Lasahido','Rare',110021);
INSERT INTO card_name(carta_id, lang, value_) VALUES(10021,"english","Centaur Warrunner");
INSERT INTO card_name(carta_id, lang, value_) VALUES(10021,"german","Zentaurenkriegsläufer");
INSERT INTO card_name(carta_id, lang, value_) VALUES(10021,"french","Centaure gladiateur");
INSERT INTO card_name(carta_id, lang, value_) VALUES(10021,"italian","Guerriero Centauro");

INSERT INTO card_name(carta_id, lang, value_) VALUES(10021,"spanish","Adalid Centauro");



INSERT INTO card_name(carta_id, lang, value_) VALUES(10021,"thai","Centaur Warrunner");

INSERT INTO card_name(carta_id, lang, value_) VALUES(10021,"portuguese","Centaur Warrunner");
INSERT INTO card_name(carta_id, lang, value_) VALUES(10021,"polish","Centaur Warrunner");
INSERT INTO card_name(carta_id, lang, value_) VALUES(10021,"danish","Centaur Warrunner");
INSERT INTO card_name(carta_id, lang, value_) VALUES(10021,"dutch","Centaur Warrunner");
INSERT INTO card_name(carta_id, lang, value_) VALUES(10021,"finnish","Centaur Warrunner");
INSERT INTO card_name(carta_id, lang, value_) VALUES(10021,"norwegian","Centaur Warrunner");
INSERT INTO card_name(carta_id, lang, value_) VALUES(10021,"swedish","Centaur Warrunner");
INSERT INTO card_name(carta_id, lang, value_) VALUES(10021,"hungarian","Centaur Warrunner");
INSERT INTO card_name(carta_id, lang, value_) VALUES(10021,"czech","Centaur Warrunner");
INSERT INTO card_name(carta_id, lang, value_) VALUES(10021,"romanian","Centaur Warrunner");
INSERT INTO card_name(carta_id, lang, value_) VALUES(10021,"turkish","Centaur Warrunner");
INSERT INTO card_name(carta_id, lang, value_) VALUES(10021,"brazilian","Capitão Centauro");
INSERT INTO card_name(carta_id, lang, value_) VALUES(10021,"bulgarian","Centaur Warrunner");
INSERT INTO card_name(carta_id, lang, value_) VALUES(10021,"greek","Centaur Warrunner");
INSERT INTO card_name(carta_id, lang, value_) VALUES(10021,"ukrainian","Centaur Warrunner");
INSERT INTO card_name(carta_id, lang, value_) VALUES(10021,"latam","Adalid Centauro");
INSERT INTO card_name(carta_id, lang, value_) VALUES(10021,"vietnamese","Centaur Warrunner");
INSERT INTO large_image(carta_id, lang, value_) VALUES(10021,"default","https://steamcdn-a.akamaihd.net/apps/583950/icons/set01/10021_large_english.5415fb112792d648b4086287e0b0a3531239dacb.png");
INSERT INTO large_image(carta_id, lang, value_) VALUES(10021,"german","https://steamcdn-a.akamaihd.net/apps/583950/icons/set01/10021_large_german.4ea2ce169a25c256d915880fb2e138ffb387f067.png");
INSERT INTO large_image(carta_id, lang, value_) VALUES(10021,"french","https://steamcdn-a.akamaihd.net/apps/583950/icons/set01/10021_large_french.8a3fc1760ebbe5bd27e2c6a81713a77154578461.png");
INSERT INTO large_image(carta_id, lang, value_) VALUES(10021,"italian","https://steamcdn-a.akamaihd.net/apps/583950/icons/set01/10021_large_italian.8b88e9af4442df043d2b31171a6fc344012581a3.png");

INSERT INTO large_image(carta_id, lang, value_) VALUES(10021,"spanish","https://steamcdn-a.akamaihd.net/apps/583950/icons/set01/10021_large_spanish.d68bb01dbdcba1c9be429ca8f5bca4873d6f8e4f.png");




INSERT INTO large_image(carta_id, lang, value_) VALUES(10021,"brazilian","https://steamcdn-a.akamaihd.net/apps/583950/icons/set01/10021_large_brazilian.2762bbbd6b3ffd89620075935353d9c05f32bcef.png");
INSERT INTO large_image(carta_id, lang, value_) VALUES(10021,"latam","https://steamcdn-a.akamaihd.net/apps/583950/icons/set01/10021_large_latam.3cc612d4292ae56d0cc071a5b2cc75547aedf488.png");
INSERT INTO carta(id, card_type, illustrator, rarity, item_def) VALUES (10022,'Hero','JiHun Lee','Uncommon',110022);
INSERT INTO card_name(carta_id, lang, value_) VALUES(10022,"english","Timbersaw");
INSERT INTO card_name(carta_id, lang, value_) VALUES(10022,"german","Waldsäge");
INSERT INTO card_name(carta_id, lang, value_) VALUES(10022,"french","Déboiseur");
INSERT INTO card_name(carta_id, lang, value_) VALUES(10022,"italian","Abbattialberi");

INSERT INTO card_name(carta_id, lang, value_) VALUES(10022,"spanish","Deforestador");



INSERT INTO card_name(carta_id, lang, value_) VALUES(10022,"thai","Timbersaw");

INSERT INTO card_name(carta_id, lang, value_) VALUES(10022,"portuguese","Timbersaw");
INSERT INTO card_name(carta_id, lang, value_) VALUES(10022,"polish","Timbersaw");
INSERT INTO card_name(carta_id, lang, value_) VALUES(10022,"danish","Timbersaw");
INSERT INTO card_name(carta_id, lang, value_) VALUES(10022,"dutch","Timbersaw");
INSERT INTO card_name(carta_id, lang, value_) VALUES(10022,"finnish","Timbersaw");
INSERT INTO card_name(carta_id, lang, value_) VALUES(10022,"norwegian","Timbersaw");
INSERT INTO card_name(carta_id, lang, value_) VALUES(10022,"swedish","Timbersaw");
INSERT INTO card_name(carta_id, lang, value_) VALUES(10022,"hungarian","Timbersaw");
INSERT INTO card_name(carta_id, lang, value_) VALUES(10022,"czech","Timbersaw");
INSERT INTO card_name(carta_id, lang, value_) VALUES(10022,"romanian","Timbersaw");
INSERT INTO card_name(carta_id, lang, value_) VALUES(10022,"turkish","Timbersaw");
INSERT INTO card_name(carta_id, lang, value_) VALUES(10022,"brazilian","Serrote");
INSERT INTO card_name(carta_id, lang, value_) VALUES(10022,"bulgarian","Timbersaw");
INSERT INTO card_name(carta_id, lang, value_) VALUES(10022,"greek","Timbersaw");
INSERT INTO card_name(carta_id, lang, value_) VALUES(10022,"ukrainian","Timbersaw");
INSERT INTO card_name(carta_id, lang, value_) VALUES(10022,"latam","Deforestador");
INSERT INTO card_name(carta_id, lang, value_) VALUES(10022,"vietnamese","Timbersaw");
INSERT INTO large_image(carta_id, lang, value_) VALUES(10022,"default","https://steamcdn-a.akamaihd.net/apps/583950/icons/set01/10022_large_english.3bee551d86e9afa59163edd202cc7706b8869481.png");
INSERT INTO large_image(carta_id, lang, value_) VALUES(10022,"german","https://steamcdn-a.akamaihd.net/apps/583950/icons/set01/10022_large_german.40f7c5323a22463a8282da6a0d33fced36c3b09a.png");
INSERT INTO large_image(carta_id, lang, value_) VALUES(10022,"french","https://steamcdn-a.akamaihd.net/apps/583950/icons/set01/10022_large_french.0c8b53afc5c9b2171a336fa33ce880da9135aaaa.png");
INSERT INTO large_image(carta_id, lang, value_) VALUES(10022,"italian","https://steamcdn-a.akamaihd.net/apps/583950/icons/set01/10022_large_italian.b710ab965f4f2216b6f94c73893ed7d405f2b708.png");

INSERT INTO large_image(carta_id, lang, value_) VALUES(10022,"spanish","https://steamcdn-a.akamaihd.net/apps/583950/icons/set01/10022_large_spanish.9b4556e9bf62d7d598038bf525d782fb3bfad601.png");




INSERT INTO large_image(carta_id, lang, value_) VALUES(10022,"brazilian","https://steamcdn-a.akamaihd.net/apps/583950/icons/set01/10022_large_brazilian.354030e9d570e235c3cbfbc794646a2dd74b9387.png");
INSERT INTO large_image(carta_id, lang, value_) VALUES(10022,"latam","https://steamcdn-a.akamaihd.net/apps/583950/icons/set01/10022_large_latam.00dfbe83aabab031c44816d6330cce0854c0fc28.png");
INSERT INTO carta(id, card_type, illustrator, rarity, item_def) VALUES (10023,'Hero','E.M. Gist','Common',110023);
INSERT INTO card_name(carta_id, lang, value_) VALUES(10023,"english","Bounty Hunter");
INSERT INTO card_name(carta_id, lang, value_) VALUES(10023,"german","Kopfgeldjäger");
INSERT INTO card_name(carta_id, lang, value_) VALUES(10023,"french","Chasseur de primes");
INSERT INTO card_name(carta_id, lang, value_) VALUES(10023,"italian","Cacciatore di Taglie");

INSERT INTO card_name(carta_id, lang, value_) VALUES(10023,"spanish","Cazarrecompensas");



INSERT INTO card_name(carta_id, lang, value_) VALUES(10023,"thai","Bounty Hunter");

INSERT INTO card_name(carta_id, lang, value_) VALUES(10023,"portuguese","Bounty Hunter");
INSERT INTO card_name(carta_id, lang, value_) VALUES(10023,"polish","Bounty Hunter");
INSERT INTO card_name(carta_id, lang, value_) VALUES(10023,"danish","Bounty Hunter");
INSERT INTO card_name(carta_id, lang, value_) VALUES(10023,"dutch","Bounty Hunter");
INSERT INTO card_name(carta_id, lang, value_) VALUES(10023,"finnish","Bounty Hunter");
INSERT INTO card_name(carta_id, lang, value_) VALUES(10023,"norwegian","Bounty Hunter");
INSERT INTO card_name(carta_id, lang, value_) VALUES(10023,"swedish","Bounty Hunter");
INSERT INTO card_name(carta_id, lang, value_) VALUES(10023,"hungarian","Bounty Hunter");
INSERT INTO card_name(carta_id, lang, value_) VALUES(10023,"czech","Bounty Hunter");
INSERT INTO card_name(carta_id, lang, value_) VALUES(10023,"romanian","Bounty Hunter");
INSERT INTO card_name(carta_id, lang, value_) VALUES(10023,"turkish","Bounty Hunter");
INSERT INTO card_name(carta_id, lang, value_) VALUES(10023,"brazilian","Caçador de Recompensas");
INSERT INTO card_name(carta_id, lang, value_) VALUES(10023,"bulgarian","Bounty Hunter");
INSERT INTO card_name(carta_id, lang, value_) VALUES(10023,"greek","Bounty Hunter");
INSERT INTO card_name(carta_id, lang, value_) VALUES(10023,"ukrainian","Bounty Hunter");
INSERT INTO card_name(carta_id, lang, value_) VALUES(10023,"latam","Cazarrecompensas");
INSERT INTO card_name(carta_id, lang, value_) VALUES(10023,"vietnamese","Bounty Hunter");
INSERT INTO large_image(carta_id, lang, value_) VALUES(10023,"default","https://steamcdn-a.akamaihd.net/apps/583950/icons/set01/10023_large_english.d8627eaefd31a0094c0a0939a43f5b0cb41c0c73.png");
INSERT INTO large_image(carta_id, lang, value_) VALUES(10023,"german","https://steamcdn-a.akamaihd.net/apps/583950/icons/set01/10023_large_german.5773be29ee7df04193a4a3fda19e8fbb35fd3761.png");
INSERT INTO large_image(carta_id, lang, value_) VALUES(10023,"french","https://steamcdn-a.akamaihd.net/apps/583950/icons/set01/10023_large_french.16d71d469ca06b154e55f693aa6aa5c158370bff.png");
INSERT INTO large_image(carta_id, lang, value_) VALUES(10023,"italian","https://steamcdn-a.akamaihd.net/apps/583950/icons/set01/10023_large_italian.6149e07f5734368f7fa3f89cd1045b542c52b72b.png");

INSERT INTO large_image(carta_id, lang, value_) VALUES(10023,"spanish","https://steamcdn-a.akamaihd.net/apps/583950/icons/set01/10023_large_spanish.87c0ce8d47114efd2c9ac99f17771f7944ade425.png");




INSERT INTO large_image(carta_id, lang, value_) VALUES(10023,"brazilian","https://steamcdn-a.akamaihd.net/apps/583950/icons/set01/10023_large_brazilian.3d743a8c9cc2d057c62f560e42ff27e6c1426e6a.png");
INSERT INTO large_image(carta_id, lang, value_) VALUES(10023,"latam","https://steamcdn-a.akamaihd.net/apps/583950/icons/set01/10023_large_latam.0eef9c8c10b8908a86e5181ecec98df7700bbd57.png");
INSERT INTO carta(id, card_type, illustrator, rarity, item_def) VALUES (10024,'Hero','Daarken','Uncommon',110024);
INSERT INTO card_name(carta_id, lang, value_) VALUES(10024,"english","Tidehunter");
INSERT INTO card_name(carta_id, lang, value_) VALUES(10024,"german","Gezeitenjäger");
INSERT INTO card_name(carta_id, lang, value_) VALUES(10024,"french","Chasse-marée");
INSERT INTO card_name(carta_id, lang, value_) VALUES(10024,"italian","Cacciatore delle Maree");

INSERT INTO card_name(carta_id, lang, value_) VALUES(10024,"spanish","Cazamareas");



INSERT INTO card_name(carta_id, lang, value_) VALUES(10024,"thai","Tidehunter");

INSERT INTO card_name(carta_id, lang, value_) VALUES(10024,"portuguese","Tidehunter");
INSERT INTO card_name(carta_id, lang, value_) VALUES(10024,"polish","Tidehunter");
INSERT INTO card_name(carta_id, lang, value_) VALUES(10024,"danish","Tidehunter");
INSERT INTO card_name(carta_id, lang, value_) VALUES(10024,"dutch","Tidehunter");
INSERT INTO card_name(carta_id, lang, value_) VALUES(10024,"finnish","Tidehunter");
INSERT INTO card_name(carta_id, lang, value_) VALUES(10024,"norwegian","Tidehunter");
INSERT INTO card_name(carta_id, lang, value_) VALUES(10024,"swedish","Tidehunter");
INSERT INTO card_name(carta_id, lang, value_) VALUES(10024,"hungarian","Tidehunter");
INSERT INTO card_name(carta_id, lang, value_) VALUES(10024,"czech","Tidehunter");
INSERT INTO card_name(carta_id, lang, value_) VALUES(10024,"romanian","Tidehunter");
INSERT INTO card_name(carta_id, lang, value_) VALUES(10024,"turkish","Tidehunter");
INSERT INTO card_name(carta_id, lang, value_) VALUES(10024,"brazilian","Caçador da Maré");
INSERT INTO card_name(carta_id, lang, value_) VALUES(10024,"bulgarian","Tidehunter");
INSERT INTO card_name(carta_id, lang, value_) VALUES(10024,"greek","Tidehunter");
INSERT INTO card_name(carta_id, lang, value_) VALUES(10024,"ukrainian","Tidehunter");
INSERT INTO card_name(carta_id, lang, value_) VALUES(10024,"latam","Cazamareas");
INSERT INTO card_name(carta_id, lang, value_) VALUES(10024,"vietnamese","Tidehunter");
INSERT INTO large_image(carta_id, lang, value_) VALUES(10024,"default","https://steamcdn-a.akamaihd.net/apps/583950/icons/set01/10024_large_english.5f48e3d85b90249b248a99f42ae6a7a2854a0559.png");
INSERT INTO large_image(carta_id, lang, value_) VALUES(10024,"german","https://steamcdn-a.akamaihd.net/apps/583950/icons/set01/10024_large_german.3793370f4fda8d5656b67072afb8d574afd7c442.png");
INSERT INTO large_image(carta_id, lang, value_) VALUES(10024,"french","https://steamcdn-a.akamaihd.net/apps/583950/icons/set01/10024_large_french.08454ad1196d3154b86e41a6181b81aeec189ab7.png");
INSERT INTO large_image(carta_id, lang, value_) VALUES(10024,"italian","https://steamcdn-a.akamaihd.net/apps/583950/icons/set01/10024_large_italian.b770065024931aa82dfe7cd815f46b827a5b55c4.png");

INSERT INTO large_image(carta_id, lang, value_) VALUES(10024,"spanish","https://steamcdn-a.akamaihd.net/apps/583950/icons/set01/10024_large_spanish.59f58ac393f3bce899a03609d82618c70d0e5939.png");




INSERT INTO large_image(carta_id, lang, value_) VALUES(10024,"brazilian","https://steamcdn-a.akamaihd.net/apps/583950/icons/set01/10024_large_brazilian.50d516a635e883d450f90fbc7649a575e1cecba2.png");
INSERT INTO large_image(carta_id, lang, value_) VALUES(10024,"latam","https://steamcdn-a.akamaihd.net/apps/583950/icons/set01/10024_large_latam.241b46b56ce6485b3d61631d5901ae84134fd8cf.png");
INSERT INTO carta(id, card_type, illustrator, rarity, item_def) VALUES (10025,'Hero','James Paick','Rare',110025);
INSERT INTO card_name(carta_id, lang, value_) VALUES(10025,"english","Tinker");
INSERT INTO card_name(carta_id, lang, value_) VALUES(10025,"german","Bastler");
INSERT INTO card_name(carta_id, lang, value_) VALUES(10025,"french","Ingénieur");
INSERT INTO card_name(carta_id, lang, value_) VALUES(10025,"italian","Riparatore");

INSERT INTO card_name(carta_id, lang, value_) VALUES(10025,"spanish","Inventor");



INSERT INTO card_name(carta_id, lang, value_) VALUES(10025,"thai","Tinker");

INSERT INTO card_name(carta_id, lang, value_) VALUES(10025,"portuguese","Tinker");
INSERT INTO card_name(carta_id, lang, value_) VALUES(10025,"polish","Tinker");
INSERT INTO card_name(carta_id, lang, value_) VALUES(10025,"danish","Tinker");
INSERT INTO card_name(carta_id, lang, value_) VALUES(10025,"dutch","Tinker");
INSERT INTO card_name(carta_id, lang, value_) VALUES(10025,"finnish","Tinker");
INSERT INTO card_name(carta_id, lang, value_) VALUES(10025,"norwegian","Tinker");
INSERT INTO card_name(carta_id, lang, value_) VALUES(10025,"swedish","Tinker");
INSERT INTO card_name(carta_id, lang, value_) VALUES(10025,"hungarian","Tinker");
INSERT INTO card_name(carta_id, lang, value_) VALUES(10025,"czech","Tinker");
INSERT INTO card_name(carta_id, lang, value_) VALUES(10025,"romanian","Tinker");
INSERT INTO card_name(carta_id, lang, value_) VALUES(10025,"turkish","Tinker");
INSERT INTO card_name(carta_id, lang, value_) VALUES(10025,"brazilian","Inventor");
INSERT INTO card_name(carta_id, lang, value_) VALUES(10025,"bulgarian","Tinker");
INSERT INTO card_name(carta_id, lang, value_) VALUES(10025,"greek","Tinker");
INSERT INTO card_name(carta_id, lang, value_) VALUES(10025,"ukrainian","Tinker");
INSERT INTO card_name(carta_id, lang, value_) VALUES(10025,"latam","Inventor");
INSERT INTO card_name(carta_id, lang, value_) VALUES(10025,"vietnamese","Tinker");
INSERT INTO large_image(carta_id, lang, value_) VALUES(10025,"default","https://steamcdn-a.akamaihd.net/apps/583950/icons/set01/10025_large_english.b388d9bcc0b1212ebee4a98677589be78020a004.png");
INSERT INTO large_image(carta_id, lang, value_) VALUES(10025,"german","https://steamcdn-a.akamaihd.net/apps/583950/icons/set01/10025_large_german.9b4df0bcaca5fcca9cce9a01dce0441b3de4ce97.png");
INSERT INTO large_image(carta_id, lang, value_) VALUES(10025,"french","https://steamcdn-a.akamaihd.net/apps/583950/icons/set01/10025_large_french.d3510c1dfebc471ca34f44ef20887b2fdee47781.png");
INSERT INTO large_image(carta_id, lang, value_) VALUES(10025,"italian","https://steamcdn-a.akamaihd.net/apps/583950/icons/set01/10025_large_italian.c1fcc2fd8d7d6000aab0576c13074bfe173d5d4b.png");

INSERT INTO large_image(carta_id, lang, value_) VALUES(10025,"spanish","https://steamcdn-a.akamaihd.net/apps/583950/icons/set01/10025_large_spanish.3baf4cdf0f66c30029807e92cb6e83ebb0479038.png");




INSERT INTO large_image(carta_id, lang, value_) VALUES(10025,"brazilian","https://steamcdn-a.akamaihd.net/apps/583950/icons/set01/10025_large_brazilian.3bd568638d9c12572da5ab76302bbff10fe75677.png");
INSERT INTO large_image(carta_id, lang, value_) VALUES(10025,"latam","https://steamcdn-a.akamaihd.net/apps/583950/icons/set01/10025_large_latam.45cd00d2eb485234e326485f23977ea3d353c2ce.png");
INSERT INTO carta(id, card_type, illustrator, rarity, item_def) VALUES (10026,'Hero','Chris Rahn','Uncommon',110026);
INSERT INTO card_name(carta_id, lang, value_) VALUES(10026,"english","Rix");
INSERT INTO card_name(carta_id, lang, value_) VALUES(10026,"german","Rix");
INSERT INTO card_name(carta_id, lang, value_) VALUES(10026,"french","Rix");
INSERT INTO card_name(carta_id, lang, value_) VALUES(10026,"italian","Rix");

INSERT INTO card_name(carta_id, lang, value_) VALUES(10026,"spanish","Rix");



INSERT INTO card_name(carta_id, lang, value_) VALUES(10026,"thai","Rix");

INSERT INTO card_name(carta_id, lang, value_) VALUES(10026,"portuguese","Rix");
INSERT INTO card_name(carta_id, lang, value_) VALUES(10026,"polish","Rix");
INSERT INTO card_name(carta_id, lang, value_) VALUES(10026,"danish","Rix");
INSERT INTO card_name(carta_id, lang, value_) VALUES(10026,"dutch","Rix");
INSERT INTO card_name(carta_id, lang, value_) VALUES(10026,"finnish","Rix");
INSERT INTO card_name(carta_id, lang, value_) VALUES(10026,"norwegian","Rix");
INSERT INTO card_name(carta_id, lang, value_) VALUES(10026,"swedish","Rix");
INSERT INTO card_name(carta_id, lang, value_) VALUES(10026,"hungarian","Rix");
INSERT INTO card_name(carta_id, lang, value_) VALUES(10026,"czech","Rix");
INSERT INTO card_name(carta_id, lang, value_) VALUES(10026,"romanian","Rix");
INSERT INTO card_name(carta_id, lang, value_) VALUES(10026,"turkish","Rix");
INSERT INTO card_name(carta_id, lang, value_) VALUES(10026,"brazilian","Rix");
INSERT INTO card_name(carta_id, lang, value_) VALUES(10026,"bulgarian","Rix");
INSERT INTO card_name(carta_id, lang, value_) VALUES(10026,"greek","Rix");
INSERT INTO card_name(carta_id, lang, value_) VALUES(10026,"ukrainian","Rix");
INSERT INTO card_name(carta_id, lang, value_) VALUES(10026,"latam","Rix");
INSERT INTO card_name(carta_id, lang, value_) VALUES(10026,"vietnamese","Rix");
INSERT INTO large_image(carta_id, lang, value_) VALUES(10026,"default","https://steamcdn-a.akamaihd.net/apps/583950/icons/set01/10026_large_english.32810121ff8212a1c2e1835107881741495cca4a.png");
INSERT INTO large_image(carta_id, lang, value_) VALUES(10026,"german","https://steamcdn-a.akamaihd.net/apps/583950/icons/set01/10026_large_german.ad98baae4e81ff9db29a2be2ff9be63eb69c1f57.png");
INSERT INTO large_image(carta_id, lang, value_) VALUES(10026,"french","https://steamcdn-a.akamaihd.net/apps/583950/icons/set01/10026_large_french.f3e7ea52545c747d52aa2eb859fdf0dd8fa3f8e1.png");
INSERT INTO large_image(carta_id, lang, value_) VALUES(10026,"italian","https://steamcdn-a.akamaihd.net/apps/583950/icons/set01/10026_large_italian.ad98baae4e81ff9db29a2be2ff9be63eb69c1f57.png");

INSERT INTO large_image(carta_id, lang, value_) VALUES(10026,"spanish","https://steamcdn-a.akamaihd.net/apps/583950/icons/set01/10026_large_spanish.87628eae961c94b2758b1d5b4f05abe1638711bb.png");




INSERT INTO large_image(carta_id, lang, value_) VALUES(10026,"brazilian","https://steamcdn-a.akamaihd.net/apps/583950/icons/set01/10026_large_brazilian.f3e7ea52545c747d52aa2eb859fdf0dd8fa3f8e1.png");
INSERT INTO large_image(carta_id, lang, value_) VALUES(10026,"latam","https://steamcdn-a.akamaihd.net/apps/583950/icons/set01/10026_large_latam.9edbad63edf281bae33c6a406449822fbfc8612a.png");
INSERT INTO carta(id, card_type, illustrator, rarity, item_def) VALUES (10028,'Hero','Lars Grant-West','Uncommon',110028);
INSERT INTO card_name(carta_id, lang, value_) VALUES(10028,"english","Viper");
INSERT INTO card_name(carta_id, lang, value_) VALUES(10028,"german","Viper");
INSERT INTO card_name(carta_id, lang, value_) VALUES(10028,"french","Viper");
INSERT INTO card_name(carta_id, lang, value_) VALUES(10028,"italian","Vipera");

INSERT INTO card_name(carta_id, lang, value_) VALUES(10028,"spanish","Víbora");



INSERT INTO card_name(carta_id, lang, value_) VALUES(10028,"thai","Viper");

INSERT INTO card_name(carta_id, lang, value_) VALUES(10028,"portuguese","Viper");
INSERT INTO card_name(carta_id, lang, value_) VALUES(10028,"polish","Viper");
INSERT INTO card_name(carta_id, lang, value_) VALUES(10028,"danish","Viper");
INSERT INTO card_name(carta_id, lang, value_) VALUES(10028,"dutch","Viper");
INSERT INTO card_name(carta_id, lang, value_) VALUES(10028,"finnish","Viper");
INSERT INTO card_name(carta_id, lang, value_) VALUES(10028,"norwegian","Viper");
INSERT INTO card_name(carta_id, lang, value_) VALUES(10028,"swedish","Viper");
INSERT INTO card_name(carta_id, lang, value_) VALUES(10028,"hungarian","Viper");
INSERT INTO card_name(carta_id, lang, value_) VALUES(10028,"czech","Viper");
INSERT INTO card_name(carta_id, lang, value_) VALUES(10028,"romanian","Viper");
INSERT INTO card_name(carta_id, lang, value_) VALUES(10028,"turkish","Viper");
INSERT INTO card_name(carta_id, lang, value_) VALUES(10028,"brazilian","Víbora");
INSERT INTO card_name(carta_id, lang, value_) VALUES(10028,"bulgarian","Viper");
INSERT INTO card_name(carta_id, lang, value_) VALUES(10028,"greek","Viper");
INSERT INTO card_name(carta_id, lang, value_) VALUES(10028,"ukrainian","Viper");
INSERT INTO card_name(carta_id, lang, value_) VALUES(10028,"latam","Víbora");
INSERT INTO card_name(carta_id, lang, value_) VALUES(10028,"vietnamese","Viper");
INSERT INTO large_image(carta_id, lang, value_) VALUES(10028,"default","https://steamcdn-a.akamaihd.net/apps/583950/icons/set01/10028_large_english.e719ad20481512a8afb4ca33ee882e3bad9e22b7.png");
INSERT INTO large_image(carta_id, lang, value_) VALUES(10028,"german","https://steamcdn-a.akamaihd.net/apps/583950/icons/set01/10028_large_german.db0459c94753c701dac0a1a04bf2918dce7ea444.png");
INSERT INTO large_image(carta_id, lang, value_) VALUES(10028,"french","https://steamcdn-a.akamaihd.net/apps/583950/icons/set01/10028_large_french.e3190c98a5e9723d87cfebb9b982fa25d0a2bf67.png");
INSERT INTO large_image(carta_id, lang, value_) VALUES(10028,"italian","https://steamcdn-a.akamaihd.net/apps/583950/icons/set01/10028_large_italian.5f39181c1f4b65868e0b5af0a9a93a5e0daab4c9.png");

INSERT INTO large_image(carta_id, lang, value_) VALUES(10028,"spanish","https://steamcdn-a.akamaihd.net/apps/583950/icons/set01/10028_large_spanish.27b376a88a35cd9bf2549eef4c58a8ddaabb05f8.png");




INSERT INTO large_image(carta_id, lang, value_) VALUES(10028,"brazilian","https://steamcdn-a.akamaihd.net/apps/583950/icons/set01/10028_large_brazilian.eee441c177546e7b69cff550b65d9948ce369ceb.png");
INSERT INTO large_image(carta_id, lang, value_) VALUES(10028,"latam","https://steamcdn-a.akamaihd.net/apps/583950/icons/set01/10028_large_latam.acd930b7ff23c38675a8416514ded1d9a9f0e24b.png");
INSERT INTO carta(id, card_type, illustrator, rarity, item_def) VALUES (10029,'Hero','Clint Cearley','Common',110029);
INSERT INTO card_name(carta_id, lang, value_) VALUES(10029,"english","Beastmaster");
INSERT INTO card_name(carta_id, lang, value_) VALUES(10029,"german","Bestienmeister");
INSERT INTO card_name(carta_id, lang, value_) VALUES(10029,"french","Maître des bêtes");
INSERT INTO card_name(carta_id, lang, value_) VALUES(10029,"italian","Signore delle Belve");

INSERT INTO card_name(carta_id, lang, value_) VALUES(10029,"spanish","Señor de las Bestias");



INSERT INTO card_name(carta_id, lang, value_) VALUES(10029,"thai","Beastmaster");

INSERT INTO card_name(carta_id, lang, value_) VALUES(10029,"portuguese","Beastmaster");
INSERT INTO card_name(carta_id, lang, value_) VALUES(10029,"polish","Beastmaster");
INSERT INTO card_name(carta_id, lang, value_) VALUES(10029,"danish","Beastmaster");
INSERT INTO card_name(carta_id, lang, value_) VALUES(10029,"dutch","Beastmaster");
INSERT INTO card_name(carta_id, lang, value_) VALUES(10029,"finnish","Beastmaster");
INSERT INTO card_name(carta_id, lang, value_) VALUES(10029,"norwegian","Beastmaster");
INSERT INTO card_name(carta_id, lang, value_) VALUES(10029,"swedish","Beastmaster");
INSERT INTO card_name(carta_id, lang, value_) VALUES(10029,"hungarian","Beastmaster");
INSERT INTO card_name(carta_id, lang, value_) VALUES(10029,"czech","Beastmaster");
INSERT INTO card_name(carta_id, lang, value_) VALUES(10029,"romanian","Beastmaster");
INSERT INTO card_name(carta_id, lang, value_) VALUES(10029,"turkish","Beastmaster");
INSERT INTO card_name(carta_id, lang, value_) VALUES(10029,"brazilian","Senhor das Feras");
INSERT INTO card_name(carta_id, lang, value_) VALUES(10029,"bulgarian","Beastmaster");
INSERT INTO card_name(carta_id, lang, value_) VALUES(10029,"greek","Beastmaster");
INSERT INTO card_name(carta_id, lang, value_) VALUES(10029,"ukrainian","Beastmaster");
INSERT INTO card_name(carta_id, lang, value_) VALUES(10029,"latam","Señor de las Bestias");
INSERT INTO card_name(carta_id, lang, value_) VALUES(10029,"vietnamese","Beastmaster");
INSERT INTO large_image(carta_id, lang, value_) VALUES(10029,"default","https://steamcdn-a.akamaihd.net/apps/583950/icons/set01/10029_large_english.342eae2e10527cf4555aa4cbb95e620784c36c06.png");
INSERT INTO large_image(carta_id, lang, value_) VALUES(10029,"german","https://steamcdn-a.akamaihd.net/apps/583950/icons/set01/10029_large_german.7e6046dd5fba1b44fd8547b4670fac5ca6d6ea9f.png");
INSERT INTO large_image(carta_id, lang, value_) VALUES(10029,"french","https://steamcdn-a.akamaihd.net/apps/583950/icons/set01/10029_large_french.fe43778207bbfb054552c9a3c071b9756f6b59fe.png");
INSERT INTO large_image(carta_id, lang, value_) VALUES(10029,"italian","https://steamcdn-a.akamaihd.net/apps/583950/icons/set01/10029_large_italian.03d6a373d4d723780f489cc8c238d6daa3745f6d.png");

INSERT INTO large_image(carta_id, lang, value_) VALUES(10029,"spanish","https://steamcdn-a.akamaihd.net/apps/583950/icons/set01/10029_large_spanish.baf6fac4d10715b729d66ab6cf9e730249a05d1c.png");




INSERT INTO large_image(carta_id, lang, value_) VALUES(10029,"brazilian","https://steamcdn-a.akamaihd.net/apps/583950/icons/set01/10029_large_brazilian.1d833bc220305bd636b0f4961908b7fb33f739ba.png");
INSERT INTO large_image(carta_id, lang, value_) VALUES(10029,"latam","https://steamcdn-a.akamaihd.net/apps/583950/icons/set01/10029_large_latam.271af2d4961d32c496996cbbc1667cb35ffec0f6.png");
INSERT INTO carta(id, card_type, illustrator, rarity, item_def) VALUES (10030,'Hero','JiHun Lee','Common',110030);
INSERT INTO card_name(carta_id, lang, value_) VALUES(10030,"english","Bristleback");
INSERT INTO card_name(carta_id, lang, value_) VALUES(10030,"german","Borstenrücken");
INSERT INTO card_name(carta_id, lang, value_) VALUES(10030,"french","Hystripic");
INSERT INTO card_name(carta_id, lang, value_) VALUES(10030,"italian","Schiena Acuminata");

INSERT INTO card_name(carta_id, lang, value_) VALUES(10030,"spanish","Lanzapúas");



INSERT INTO card_name(carta_id, lang, value_) VALUES(10030,"thai","Bristleback");

INSERT INTO card_name(carta_id, lang, value_) VALUES(10030,"portuguese","Bristleback");
INSERT INTO card_name(carta_id, lang, value_) VALUES(10030,"polish","Bristleback");
INSERT INTO card_name(carta_id, lang, value_) VALUES(10030,"danish","Bristleback");
INSERT INTO card_name(carta_id, lang, value_) VALUES(10030,"dutch","Bristleback");
INSERT INTO card_name(carta_id, lang, value_) VALUES(10030,"finnish","Bristleback");
INSERT INTO card_name(carta_id, lang, value_) VALUES(10030,"norwegian","Bristleback");
INSERT INTO card_name(carta_id, lang, value_) VALUES(10030,"swedish","Bristleback");
INSERT INTO card_name(carta_id, lang, value_) VALUES(10030,"hungarian","Bristleback");
INSERT INTO card_name(carta_id, lang, value_) VALUES(10030,"czech","Bristleback");
INSERT INTO card_name(carta_id, lang, value_) VALUES(10030,"romanian","Bristleback");
INSERT INTO card_name(carta_id, lang, value_) VALUES(10030,"turkish","Bristleback");
INSERT INTO card_name(carta_id, lang, value_) VALUES(10030,"brazilian","Espinhoso");
INSERT INTO card_name(carta_id, lang, value_) VALUES(10030,"bulgarian","Bristleback");
INSERT INTO card_name(carta_id, lang, value_) VALUES(10030,"greek","Bristleback");
INSERT INTO card_name(carta_id, lang, value_) VALUES(10030,"ukrainian","Bristleback");
INSERT INTO card_name(carta_id, lang, value_) VALUES(10030,"latam","Lanzapúas");
INSERT INTO card_name(carta_id, lang, value_) VALUES(10030,"vietnamese","Bristleback");
INSERT INTO large_image(carta_id, lang, value_) VALUES(10030,"default","https://steamcdn-a.akamaihd.net/apps/583950/icons/set01/10030_large_english.7baac5097d6dfae1df54f0dde30ef299ce47f7aa.png");
INSERT INTO large_image(carta_id, lang, value_) VALUES(10030,"german","https://steamcdn-a.akamaihd.net/apps/583950/icons/set01/10030_large_german.3594b194c5142f40c0526f8faebedcefa37be89e.png");
INSERT INTO large_image(carta_id, lang, value_) VALUES(10030,"french","https://steamcdn-a.akamaihd.net/apps/583950/icons/set01/10030_large_french.7db8455142d370a73c2ab7bda987d29e9fc2dbd3.png");
INSERT INTO large_image(carta_id, lang, value_) VALUES(10030,"italian","https://steamcdn-a.akamaihd.net/apps/583950/icons/set01/10030_large_italian.d6118fcda4ecf67e3cb0da744a0ed6c1d84f27ea.png");

INSERT INTO large_image(carta_id, lang, value_) VALUES(10030,"spanish","https://steamcdn-a.akamaihd.net/apps/583950/icons/set01/10030_large_spanish.60f616caa0518d6ae1327abeface74b5b643be43.png");




INSERT INTO large_image(carta_id, lang, value_) VALUES(10030,"brazilian","https://steamcdn-a.akamaihd.net/apps/583950/icons/set01/10030_large_brazilian.ba18a838b21a2da2b11765357ca9ebc91299cf78.png");
INSERT INTO large_image(carta_id, lang, value_) VALUES(10030,"latam","https://steamcdn-a.akamaihd.net/apps/583950/icons/set01/10030_large_latam.d4a4176ba4ad7bd91546e8691e44577634de19cc.png");
INSERT INTO carta(id, card_type, illustrator, rarity, item_def) VALUES (10031,'Hero','Scott M Fischer','Rare',110031);
INSERT INTO card_name(carta_id, lang, value_) VALUES(10031,"english","Kanna");
INSERT INTO card_name(carta_id, lang, value_) VALUES(10031,"german","Kanna");
INSERT INTO card_name(carta_id, lang, value_) VALUES(10031,"french","Kanna");
INSERT INTO card_name(carta_id, lang, value_) VALUES(10031,"italian","Kanna");

INSERT INTO card_name(carta_id, lang, value_) VALUES(10031,"spanish","Kanna");



INSERT INTO card_name(carta_id, lang, value_) VALUES(10031,"thai","Kanna");

INSERT INTO card_name(carta_id, lang, value_) VALUES(10031,"portuguese","Kanna");
INSERT INTO card_name(carta_id, lang, value_) VALUES(10031,"polish","Kanna");
INSERT INTO card_name(carta_id, lang, value_) VALUES(10031,"danish","Kanna");
INSERT INTO card_name(carta_id, lang, value_) VALUES(10031,"dutch","Kanna");
INSERT INTO card_name(carta_id, lang, value_) VALUES(10031,"finnish","Kanna");
INSERT INTO card_name(carta_id, lang, value_) VALUES(10031,"norwegian","Kanna");
INSERT INTO card_name(carta_id, lang, value_) VALUES(10031,"swedish","Kanna");
INSERT INTO card_name(carta_id, lang, value_) VALUES(10031,"hungarian","Kanna");
INSERT INTO card_name(carta_id, lang, value_) VALUES(10031,"czech","Kanna");
INSERT INTO card_name(carta_id, lang, value_) VALUES(10031,"romanian","Kanna");
INSERT INTO card_name(carta_id, lang, value_) VALUES(10031,"turkish","Kanna");
INSERT INTO card_name(carta_id, lang, value_) VALUES(10031,"brazilian","Kanna");
INSERT INTO card_name(carta_id, lang, value_) VALUES(10031,"bulgarian","Kanna");
INSERT INTO card_name(carta_id, lang, value_) VALUES(10031,"greek","Kanna");
INSERT INTO card_name(carta_id, lang, value_) VALUES(10031,"ukrainian","Kanna");
INSERT INTO card_name(carta_id, lang, value_) VALUES(10031,"latam","Kanna");
INSERT INTO card_name(carta_id, lang, value_) VALUES(10031,"vietnamese","Kanna");
INSERT INTO large_image(carta_id, lang, value_) VALUES(10031,"default","https://steamcdn-a.akamaihd.net/apps/583950/icons/set01/10031_large_english.c6fe233e118b6070aff7960f72b23446d76d53f4.png");
INSERT INTO large_image(carta_id, lang, value_) VALUES(10031,"german","https://steamcdn-a.akamaihd.net/apps/583950/icons/set01/10031_large_german.73ef5e5a73a35a1e1cca19903cec219340af3f79.png");
INSERT INTO large_image(carta_id, lang, value_) VALUES(10031,"french","https://steamcdn-a.akamaihd.net/apps/583950/icons/set01/10031_large_french.b3af635fb7e6635e4121844d44a39b002a52c81f.png");
INSERT INTO large_image(carta_id, lang, value_) VALUES(10031,"italian","https://steamcdn-a.akamaihd.net/apps/583950/icons/set01/10031_large_italian.73ef5e5a73a35a1e1cca19903cec219340af3f79.png");

INSERT INTO large_image(carta_id, lang, value_) VALUES(10031,"spanish","https://steamcdn-a.akamaihd.net/apps/583950/icons/set01/10031_large_spanish.6a851984a982dee8b50d8b3f9c0051b3fec18abd.png");




INSERT INTO large_image(carta_id, lang, value_) VALUES(10031,"brazilian","https://steamcdn-a.akamaihd.net/apps/583950/icons/set01/10031_large_brazilian.b3af635fb7e6635e4121844d44a39b002a52c81f.png");
INSERT INTO large_image(carta_id, lang, value_) VALUES(10031,"latam","https://steamcdn-a.akamaihd.net/apps/583950/icons/set01/10031_large_latam.0369f2819e2de8e970f7afe185dfc50a199b2ee2.png");
INSERT INTO carta(id, card_type, illustrator, rarity, item_def) VALUES (10032,'Hero','Livia Prima','Rare',110032);
INSERT INTO card_name(carta_id, lang, value_) VALUES(10032,"english","Drow Ranger");
INSERT INTO card_name(carta_id, lang, value_) VALUES(10032,"german","Waldhüterin der Drow");
INSERT INTO card_name(carta_id, lang, value_) VALUES(10032,"french","Rôdeuse drow");
INSERT INTO card_name(carta_id, lang, value_) VALUES(10032,"italian","Guardaboschi Drow");

INSERT INTO card_name(carta_id, lang, value_) VALUES(10032,"spanish","Arquera Drow");



INSERT INTO card_name(carta_id, lang, value_) VALUES(10032,"thai","Drow Ranger");

INSERT INTO card_name(carta_id, lang, value_) VALUES(10032,"portuguese","Drow Ranger");
INSERT INTO card_name(carta_id, lang, value_) VALUES(10032,"polish","Drow Ranger");
INSERT INTO card_name(carta_id, lang, value_) VALUES(10032,"danish","Drow Ranger");
INSERT INTO card_name(carta_id, lang, value_) VALUES(10032,"dutch","Drow Ranger");
INSERT INTO card_name(carta_id, lang, value_) VALUES(10032,"finnish","Drow Ranger");
INSERT INTO card_name(carta_id, lang, value_) VALUES(10032,"norwegian","Drow Ranger");
INSERT INTO card_name(carta_id, lang, value_) VALUES(10032,"swedish","Drow Ranger");
INSERT INTO card_name(carta_id, lang, value_) VALUES(10032,"hungarian","Drow Ranger");
INSERT INTO card_name(carta_id, lang, value_) VALUES(10032,"czech","Drow Ranger");
INSERT INTO card_name(carta_id, lang, value_) VALUES(10032,"romanian","Drow Ranger");
INSERT INTO card_name(carta_id, lang, value_) VALUES(10032,"turkish","Drow Ranger");
INSERT INTO card_name(carta_id, lang, value_) VALUES(10032,"brazilian","Patrulheira Drow");
INSERT INTO card_name(carta_id, lang, value_) VALUES(10032,"bulgarian","Drow Ranger");
INSERT INTO card_name(carta_id, lang, value_) VALUES(10032,"greek","Drow Ranger");
INSERT INTO card_name(carta_id, lang, value_) VALUES(10032,"ukrainian","Drow Ranger");
INSERT INTO card_name(carta_id, lang, value_) VALUES(10032,"latam","Arquera Drow");
INSERT INTO card_name(carta_id, lang, value_) VALUES(10032,"vietnamese","Drow Ranger");
INSERT INTO large_image(carta_id, lang, value_) VALUES(10032,"default","https://steamcdn-a.akamaihd.net/apps/583950/icons/set01/10032_large_english.760a74718fa8175604d4dd1f77955b5c975262ad.png");
INSERT INTO large_image(carta_id, lang, value_) VALUES(10032,"german","https://steamcdn-a.akamaihd.net/apps/583950/icons/set01/10032_large_german.0883d7533c515c7a61b488999c9ccae4edd39772.png");
INSERT INTO large_image(carta_id, lang, value_) VALUES(10032,"french","https://steamcdn-a.akamaihd.net/apps/583950/icons/set01/10032_large_french.75692fc330ebc2b65d13281504a03e15a11082ee.png");
INSERT INTO large_image(carta_id, lang, value_) VALUES(10032,"italian","https://steamcdn-a.akamaihd.net/apps/583950/icons/set01/10032_large_italian.22880133c70fd0233363b7b68b371e21a33ec8a6.png");

INSERT INTO large_image(carta_id, lang, value_) VALUES(10032,"spanish","https://steamcdn-a.akamaihd.net/apps/583950/icons/set01/10032_large_spanish.0561bccb71483706f56af89c3b97d88488bccffe.png");




INSERT INTO large_image(carta_id, lang, value_) VALUES(10032,"brazilian","https://steamcdn-a.akamaihd.net/apps/583950/icons/set01/10032_large_brazilian.db6952772ccb0e298142c0c6e9568444c3c96728.png");
INSERT INTO large_image(carta_id, lang, value_) VALUES(10032,"latam","https://steamcdn-a.akamaihd.net/apps/583950/icons/set01/10032_large_latam.71d355326ced6772507e4b73b6e4cc0ea6d38693.png");
INSERT INTO carta(id, card_type, illustrator, rarity, item_def) VALUES (10033,'Hero','Forrest Imel','Rare',110033);
INSERT INTO card_name(carta_id, lang, value_) VALUES(10033,"english","Earthshaker");
INSERT INTO card_name(carta_id, lang, value_) VALUES(10033,"german","Erdrüttler");
INSERT INTO card_name(carta_id, lang, value_) VALUES(10033,"french","Trembleterre");
INSERT INTO card_name(carta_id, lang, value_) VALUES(10033,"italian","Scuotiterra");

INSERT INTO card_name(carta_id, lang, value_) VALUES(10033,"spanish","Rompetierra");



INSERT INTO card_name(carta_id, lang, value_) VALUES(10033,"thai","Earthshaker");

INSERT INTO card_name(carta_id, lang, value_) VALUES(10033,"portuguese","Earthshaker");
INSERT INTO card_name(carta_id, lang, value_) VALUES(10033,"polish","Earthshaker");
INSERT INTO card_name(carta_id, lang, value_) VALUES(10033,"danish","Earthshaker");
INSERT INTO card_name(carta_id, lang, value_) VALUES(10033,"dutch","Earthshaker");
INSERT INTO card_name(carta_id, lang, value_) VALUES(10033,"finnish","Earthshaker");
INSERT INTO card_name(carta_id, lang, value_) VALUES(10033,"norwegian","Earthshaker");
INSERT INTO card_name(carta_id, lang, value_) VALUES(10033,"swedish","Earthshaker");
INSERT INTO card_name(carta_id, lang, value_) VALUES(10033,"hungarian","Earthshaker");
INSERT INTO card_name(carta_id, lang, value_) VALUES(10033,"czech","Earthshaker");
INSERT INTO card_name(carta_id, lang, value_) VALUES(10033,"romanian","Earthshaker");
INSERT INTO card_name(carta_id, lang, value_) VALUES(10033,"turkish","Earthshaker");
INSERT INTO card_name(carta_id, lang, value_) VALUES(10033,"brazilian","Terremoto");
INSERT INTO card_name(carta_id, lang, value_) VALUES(10033,"bulgarian","Earthshaker");
INSERT INTO card_name(carta_id, lang, value_) VALUES(10033,"greek","Earthshaker");
INSERT INTO card_name(carta_id, lang, value_) VALUES(10033,"ukrainian","Earthshaker");
INSERT INTO card_name(carta_id, lang, value_) VALUES(10033,"latam","Rompetierra");
INSERT INTO card_name(carta_id, lang, value_) VALUES(10033,"vietnamese","Earthshaker");
INSERT INTO large_image(carta_id, lang, value_) VALUES(10033,"default","https://steamcdn-a.akamaihd.net/apps/583950/icons/set01/10033_large_english.d3fc39744619f77fd6e95306dc0deb7315d17816.png");
INSERT INTO large_image(carta_id, lang, value_) VALUES(10033,"german","https://steamcdn-a.akamaihd.net/apps/583950/icons/set01/10033_large_german.1efd0aeb92989e6082ca12f31e6243d0717415a4.png");
INSERT INTO large_image(carta_id, lang, value_) VALUES(10033,"french","https://steamcdn-a.akamaihd.net/apps/583950/icons/set01/10033_large_french.9df49c85f6c56c4bdf7bc130943c258e62c17ec3.png");
INSERT INTO large_image(carta_id, lang, value_) VALUES(10033,"italian","https://steamcdn-a.akamaihd.net/apps/583950/icons/set01/10033_large_italian.9f60abb652b14a72b2e37cace6587a113f4e711b.png");

INSERT INTO large_image(carta_id, lang, value_) VALUES(10033,"spanish","https://steamcdn-a.akamaihd.net/apps/583950/icons/set01/10033_large_spanish.6692f3f4f09177a720f9414baeb3713639a594ba.png");




INSERT INTO large_image(carta_id, lang, value_) VALUES(10033,"brazilian","https://steamcdn-a.akamaihd.net/apps/583950/icons/set01/10033_large_brazilian.0005fc3780a9858a42da4c152b648318175e123b.png");
INSERT INTO large_image(carta_id, lang, value_) VALUES(10033,"latam","https://steamcdn-a.akamaihd.net/apps/583950/icons/set01/10033_large_latam.0c5ffbdb54a48ece067de8f0aa923a5d1c490923.png");
INSERT INTO carta(id, card_type, illustrator, rarity, item_def) VALUES (10036,'Hero','Randy Vargas','Common',110036);
INSERT INTO card_name(carta_id, lang, value_) VALUES(10036,"english","Enchantress");
INSERT INTO card_name(carta_id, lang, value_) VALUES(10036,"german","Verzauberin");
INSERT INTO card_name(carta_id, lang, value_) VALUES(10036,"french","Enchanteresse");
INSERT INTO card_name(carta_id, lang, value_) VALUES(10036,"italian","Incantatrice");

INSERT INTO card_name(carta_id, lang, value_) VALUES(10036,"spanish","Hechicera");



INSERT INTO card_name(carta_id, lang, value_) VALUES(10036,"thai","Enchantress");

INSERT INTO card_name(carta_id, lang, value_) VALUES(10036,"portuguese","Enchantress");
INSERT INTO card_name(carta_id, lang, value_) VALUES(10036,"polish","Enchantress");
INSERT INTO card_name(carta_id, lang, value_) VALUES(10036,"danish","Enchantress");
INSERT INTO card_name(carta_id, lang, value_) VALUES(10036,"dutch","Enchantress");
INSERT INTO card_name(carta_id, lang, value_) VALUES(10036,"finnish","Enchantress");
INSERT INTO card_name(carta_id, lang, value_) VALUES(10036,"norwegian","Enchantress");
INSERT INTO card_name(carta_id, lang, value_) VALUES(10036,"swedish","Enchantress");
INSERT INTO card_name(carta_id, lang, value_) VALUES(10036,"hungarian","Enchantress");
INSERT INTO card_name(carta_id, lang, value_) VALUES(10036,"czech","Enchantress");
INSERT INTO card_name(carta_id, lang, value_) VALUES(10036,"romanian","Enchantress");
INSERT INTO card_name(carta_id, lang, value_) VALUES(10036,"turkish","Enchantress");
INSERT INTO card_name(carta_id, lang, value_) VALUES(10036,"brazilian","Encantadora");
INSERT INTO card_name(carta_id, lang, value_) VALUES(10036,"bulgarian","Enchantress");
INSERT INTO card_name(carta_id, lang, value_) VALUES(10036,"greek","Enchantress");
INSERT INTO card_name(carta_id, lang, value_) VALUES(10036,"ukrainian","Enchantress");
INSERT INTO card_name(carta_id, lang, value_) VALUES(10036,"latam","Hechicera");
INSERT INTO card_name(carta_id, lang, value_) VALUES(10036,"vietnamese","Enchantress");
INSERT INTO large_image(carta_id, lang, value_) VALUES(10036,"default","https://steamcdn-a.akamaihd.net/apps/583950/icons/set01/10036_large_english.c39e5cc298f9f90abfc2e439e0902e943781be2f.png");
INSERT INTO large_image(carta_id, lang, value_) VALUES(10036,"german","https://steamcdn-a.akamaihd.net/apps/583950/icons/set01/10036_large_german.24a0b742ddbef7bf79042ae88609455bdb2b775c.png");
INSERT INTO large_image(carta_id, lang, value_) VALUES(10036,"french","https://steamcdn-a.akamaihd.net/apps/583950/icons/set01/10036_large_french.3977819983053f2901118f01e03fabb42a5e6568.png");
INSERT INTO large_image(carta_id, lang, value_) VALUES(10036,"italian","https://steamcdn-a.akamaihd.net/apps/583950/icons/set01/10036_large_italian.17961a8f9e8e83d58f79f3e0666d69c16fa7c39d.png");

INSERT INTO large_image(carta_id, lang, value_) VALUES(10036,"spanish","https://steamcdn-a.akamaihd.net/apps/583950/icons/set01/10036_large_spanish.5ebb45d01aaf5a79ce39143577a1e9d51b55780f.png");




INSERT INTO large_image(carta_id, lang, value_) VALUES(10036,"brazilian","https://steamcdn-a.akamaihd.net/apps/583950/icons/set01/10036_large_brazilian.d068d38a0cd719af5b8c946bbe7162f3fe4ca862.png");
INSERT INTO large_image(carta_id, lang, value_) VALUES(10036,"latam","https://steamcdn-a.akamaihd.net/apps/583950/icons/set01/10036_large_latam.f4f96ba3d2171503846a9952a50c101b6a2b7f76.png");
INSERT INTO carta(id, card_type, illustrator, rarity, item_def) VALUES (10038,'Hero','Wisnu Tan','Rare',110038);
INSERT INTO card_name(carta_id, lang, value_) VALUES(10038,"english","Lich");
INSERT INTO card_name(carta_id, lang, value_) VALUES(10038,"german","Lich");
INSERT INTO card_name(carta_id, lang, value_) VALUES(10038,"french","Mage-liche");
INSERT INTO card_name(carta_id, lang, value_) VALUES(10038,"italian","Lich");

INSERT INTO card_name(carta_id, lang, value_) VALUES(10038,"spanish","Liche");



INSERT INTO card_name(carta_id, lang, value_) VALUES(10038,"thai","Lich");

INSERT INTO card_name(carta_id, lang, value_) VALUES(10038,"portuguese","Lich");
INSERT INTO card_name(carta_id, lang, value_) VALUES(10038,"polish","Lich");
INSERT INTO card_name(carta_id, lang, value_) VALUES(10038,"danish","Lich");
INSERT INTO card_name(carta_id, lang, value_) VALUES(10038,"dutch","Lich");
INSERT INTO card_name(carta_id, lang, value_) VALUES(10038,"finnish","Lich");
INSERT INTO card_name(carta_id, lang, value_) VALUES(10038,"norwegian","Lich");
INSERT INTO card_name(carta_id, lang, value_) VALUES(10038,"swedish","Lich");
INSERT INTO card_name(carta_id, lang, value_) VALUES(10038,"hungarian","Lich");
INSERT INTO card_name(carta_id, lang, value_) VALUES(10038,"czech","Lich");
INSERT INTO card_name(carta_id, lang, value_) VALUES(10038,"romanian","Lich");
INSERT INTO card_name(carta_id, lang, value_) VALUES(10038,"turkish","Lich");
INSERT INTO card_name(carta_id, lang, value_) VALUES(10038,"brazilian","Lich");
INSERT INTO card_name(carta_id, lang, value_) VALUES(10038,"bulgarian","Lich");
INSERT INTO card_name(carta_id, lang, value_) VALUES(10038,"greek","Lich");
INSERT INTO card_name(carta_id, lang, value_) VALUES(10038,"ukrainian","Lich");
INSERT INTO card_name(carta_id, lang, value_) VALUES(10038,"latam","Liche");
INSERT INTO card_name(carta_id, lang, value_) VALUES(10038,"vietnamese","Lich");
INSERT INTO large_image(carta_id, lang, value_) VALUES(10038,"default","https://steamcdn-a.akamaihd.net/apps/583950/icons/set01/10038_large_english.cbc393ff341db8d489019a02a4593b41325716c3.png");
INSERT INTO large_image(carta_id, lang, value_) VALUES(10038,"german","https://steamcdn-a.akamaihd.net/apps/583950/icons/set01/10038_large_german.9e9a06b3cc892c0149bc0c9ccc68ad754434e9c3.png");
INSERT INTO large_image(carta_id, lang, value_) VALUES(10038,"french","https://steamcdn-a.akamaihd.net/apps/583950/icons/set01/10038_large_french.d3e4327dd22236c26000327564ff81cbd5aaf4e3.png");
INSERT INTO large_image(carta_id, lang, value_) VALUES(10038,"italian","https://steamcdn-a.akamaihd.net/apps/583950/icons/set01/10038_large_italian.9e9a06b3cc892c0149bc0c9ccc68ad754434e9c3.png");

INSERT INTO large_image(carta_id, lang, value_) VALUES(10038,"spanish","https://steamcdn-a.akamaihd.net/apps/583950/icons/set01/10038_large_spanish.c2d86ecdc129b48031ff4b48cd1e706e364c2e23.png");




INSERT INTO large_image(carta_id, lang, value_) VALUES(10038,"brazilian","https://steamcdn-a.akamaihd.net/apps/583950/icons/set01/10038_large_brazilian.a0f4cfb19cbcf7fda58facd21846a5e08232d32f.png");
INSERT INTO large_image(carta_id, lang, value_) VALUES(10038,"latam","https://steamcdn-a.akamaihd.net/apps/583950/icons/set01/10038_large_latam.be87ff1287ab2d4271323dce1b09d4cdf9168b20.png");
INSERT INTO carta(id, card_type, illustrator, rarity, item_def) VALUES (10043,'Hero','Randy Vargas','Common',110043);
INSERT INTO card_name(carta_id, lang, value_) VALUES(10043,"english","Ogre Magi");
INSERT INTO card_name(carta_id, lang, value_) VALUES(10043,"german","Ogermagier");
INSERT INTO card_name(carta_id, lang, value_) VALUES(10043,"french","Ogre mage");
INSERT INTO card_name(carta_id, lang, value_) VALUES(10043,"italian","Ogre Magi");

INSERT INTO card_name(carta_id, lang, value_) VALUES(10043,"spanish","Ogro Mago");



INSERT INTO card_name(carta_id, lang, value_) VALUES(10043,"thai","Ogre Magi");

INSERT INTO card_name(carta_id, lang, value_) VALUES(10043,"portuguese","Ogre Magi");
INSERT INTO card_name(carta_id, lang, value_) VALUES(10043,"polish","Ogre Magi");
INSERT INTO card_name(carta_id, lang, value_) VALUES(10043,"danish","Ogre Magi");
INSERT INTO card_name(carta_id, lang, value_) VALUES(10043,"dutch","Ogre Magi");
INSERT INTO card_name(carta_id, lang, value_) VALUES(10043,"finnish","Ogre Magi");
INSERT INTO card_name(carta_id, lang, value_) VALUES(10043,"norwegian","Ogre Magi");
INSERT INTO card_name(carta_id, lang, value_) VALUES(10043,"swedish","Ogre Magi");
INSERT INTO card_name(carta_id, lang, value_) VALUES(10043,"hungarian","Ogre Magi");
INSERT INTO card_name(carta_id, lang, value_) VALUES(10043,"czech","Ogre Magi");
INSERT INTO card_name(carta_id, lang, value_) VALUES(10043,"romanian","Ogre Magi");
INSERT INTO card_name(carta_id, lang, value_) VALUES(10043,"turkish","Ogre Magi");
INSERT INTO card_name(carta_id, lang, value_) VALUES(10043,"brazilian","Ogro Magi");
INSERT INTO card_name(carta_id, lang, value_) VALUES(10043,"bulgarian","Ogre Magi");
INSERT INTO card_name(carta_id, lang, value_) VALUES(10043,"greek","Ogre Magi");
INSERT INTO card_name(carta_id, lang, value_) VALUES(10043,"ukrainian","Ogre Magi");
INSERT INTO card_name(carta_id, lang, value_) VALUES(10043,"latam","Ogro Mago");
INSERT INTO card_name(carta_id, lang, value_) VALUES(10043,"vietnamese","Ogre Magi");
INSERT INTO large_image(carta_id, lang, value_) VALUES(10043,"default","https://steamcdn-a.akamaihd.net/apps/583950/icons/set01/10043_large_english.a5b2bfa21b51c7d06fdba959b6f14dbf6bb26839.png");
INSERT INTO large_image(carta_id, lang, value_) VALUES(10043,"german","https://steamcdn-a.akamaihd.net/apps/583950/icons/set01/10043_large_german.bf0570191769301b8926a87faf4532980e5163c4.png");
INSERT INTO large_image(carta_id, lang, value_) VALUES(10043,"french","https://steamcdn-a.akamaihd.net/apps/583950/icons/set01/10043_large_french.3d757cea8cb34edeba4178bb255d22aeadc82aea.png");
INSERT INTO large_image(carta_id, lang, value_) VALUES(10043,"italian","https://steamcdn-a.akamaihd.net/apps/583950/icons/set01/10043_large_italian.8ae340d8d40f107d82ac8f7f99ae7faa749015f6.png");

INSERT INTO large_image(carta_id, lang, value_) VALUES(10043,"spanish","https://steamcdn-a.akamaihd.net/apps/583950/icons/set01/10043_large_spanish.88624c81613168629a8ea724aac4712021b3f007.png");




INSERT INTO large_image(carta_id, lang, value_) VALUES(10043,"brazilian","https://steamcdn-a.akamaihd.net/apps/583950/icons/set01/10043_large_brazilian.cada3bc88c6a34c77190bf5f3b6fe698124b18cf.png");
INSERT INTO large_image(carta_id, lang, value_) VALUES(10043,"latam","https://steamcdn-a.akamaihd.net/apps/583950/icons/set01/10043_large_latam.46a55e44cfef40bccdd86acab772ef1cd3e6f1a6.png");
INSERT INTO carta(id, card_type, illustrator, rarity, item_def) VALUES (10044,'Hero','Sam Carr','Rare',110044);
INSERT INTO card_name(carta_id, lang, value_) VALUES(10044,"english","Omniknight");
INSERT INTO card_name(carta_id, lang, value_) VALUES(10044,"german","Omniritter");
INSERT INTO card_name(carta_id, lang, value_) VALUES(10044,"french","Omnichevalier");
INSERT INTO card_name(carta_id, lang, value_) VALUES(10044,"italian","Onnicavaliere");

INSERT INTO card_name(carta_id, lang, value_) VALUES(10044,"spanish","Omnipaladín");



INSERT INTO card_name(carta_id, lang, value_) VALUES(10044,"thai","Omniknight");

INSERT INTO card_name(carta_id, lang, value_) VALUES(10044,"portuguese","Omniknight");
INSERT INTO card_name(carta_id, lang, value_) VALUES(10044,"polish","Omniknight");
INSERT INTO card_name(carta_id, lang, value_) VALUES(10044,"danish","Omniknight");
INSERT INTO card_name(carta_id, lang, value_) VALUES(10044,"dutch","Omniknight");
INSERT INTO card_name(carta_id, lang, value_) VALUES(10044,"finnish","Omniknight");
INSERT INTO card_name(carta_id, lang, value_) VALUES(10044,"norwegian","Omniknight");
INSERT INTO card_name(carta_id, lang, value_) VALUES(10044,"swedish","Omniknight");
INSERT INTO card_name(carta_id, lang, value_) VALUES(10044,"hungarian","Omniknight");
INSERT INTO card_name(carta_id, lang, value_) VALUES(10044,"czech","Omniknight");
INSERT INTO card_name(carta_id, lang, value_) VALUES(10044,"romanian","Omniknight");
INSERT INTO card_name(carta_id, lang, value_) VALUES(10044,"turkish","Omniknight");
INSERT INTO card_name(carta_id, lang, value_) VALUES(10044,"brazilian","Onitemplário");
INSERT INTO card_name(carta_id, lang, value_) VALUES(10044,"bulgarian","Omniknight");
INSERT INTO card_name(carta_id, lang, value_) VALUES(10044,"greek","Omniknight");
INSERT INTO card_name(carta_id, lang, value_) VALUES(10044,"ukrainian","Omniknight");
INSERT INTO card_name(carta_id, lang, value_) VALUES(10044,"latam","Omnipaladín");
INSERT INTO card_name(carta_id, lang, value_) VALUES(10044,"vietnamese","Omniknight");
INSERT INTO large_image(carta_id, lang, value_) VALUES(10044,"default","https://steamcdn-a.akamaihd.net/apps/583950/icons/set01/10044_large_english.df491745648d452c33cf48487ba89c13129d26b4.png");
INSERT INTO large_image(carta_id, lang, value_) VALUES(10044,"german","https://steamcdn-a.akamaihd.net/apps/583950/icons/set01/10044_large_german.13e72e81b8493562cd0a07a68b026b205c19a172.png");
INSERT INTO large_image(carta_id, lang, value_) VALUES(10044,"french","https://steamcdn-a.akamaihd.net/apps/583950/icons/set01/10044_large_french.9a8c0af10f7b6d6aa8c42277e6b88a38b4e0d862.png");
INSERT INTO large_image(carta_id, lang, value_) VALUES(10044,"italian","https://steamcdn-a.akamaihd.net/apps/583950/icons/set01/10044_large_italian.4e22320a524b37369e02080bd244c37b4334df9a.png");

INSERT INTO large_image(carta_id, lang, value_) VALUES(10044,"spanish","https://steamcdn-a.akamaihd.net/apps/583950/icons/set01/10044_large_spanish.57e410a2f2b5ffa46905dc42a50851a6b41e6963.png");




INSERT INTO large_image(carta_id, lang, value_) VALUES(10044,"brazilian","https://steamcdn-a.akamaihd.net/apps/583950/icons/set01/10044_large_brazilian.42e63bebfe9d84abc8c0d9134fbd001c85e8e70d.png");
INSERT INTO large_image(carta_id, lang, value_) VALUES(10044,"latam","https://steamcdn-a.akamaihd.net/apps/583950/icons/set01/10044_large_latam.f4410477ff6c21857bd61db7d3bc73ee0604f439.png");
INSERT INTO carta(id, card_type, illustrator, rarity, item_def) VALUES (10046,'Hero','Joseph Meehan','Uncommon',110046);
INSERT INTO card_name(carta_id, lang, value_) VALUES(10046,"english","Outworld Devourer");
INSERT INTO card_name(carta_id, lang, value_) VALUES(10046,"german","Verschlinger der Außenwelten");
INSERT INTO card_name(carta_id, lang, value_) VALUES(10046,"french","Dévoreur de l'Autremonde");
INSERT INTO card_name(carta_id, lang, value_) VALUES(10046,"italian","Divoratore dell'Oltremondo");

INSERT INTO card_name(carta_id, lang, value_) VALUES(10046,"spanish","Devorador del Extramundo");



INSERT INTO card_name(carta_id, lang, value_) VALUES(10046,"thai","Outworld Devourer");

INSERT INTO card_name(carta_id, lang, value_) VALUES(10046,"portuguese","Outworld Devourer");
INSERT INTO card_name(carta_id, lang, value_) VALUES(10046,"polish","Outworld Devourer");
INSERT INTO card_name(carta_id, lang, value_) VALUES(10046,"danish","Outworld Devourer");
INSERT INTO card_name(carta_id, lang, value_) VALUES(10046,"dutch","Outworld Devourer");
INSERT INTO card_name(carta_id, lang, value_) VALUES(10046,"finnish","Outworld Devourer");
INSERT INTO card_name(carta_id, lang, value_) VALUES(10046,"norwegian","Outworld Devourer");
INSERT INTO card_name(carta_id, lang, value_) VALUES(10046,"swedish","Outworld Devourer");
INSERT INTO card_name(carta_id, lang, value_) VALUES(10046,"hungarian","Outworld Devourer");
INSERT INTO card_name(carta_id, lang, value_) VALUES(10046,"czech","Outworld Devourer");
INSERT INTO card_name(carta_id, lang, value_) VALUES(10046,"romanian","Outworld Devourer");
INSERT INTO card_name(carta_id, lang, value_) VALUES(10046,"turkish","Outworld Devourer");
INSERT INTO card_name(carta_id, lang, value_) VALUES(10046,"brazilian","Devorador D'outromundo");
INSERT INTO card_name(carta_id, lang, value_) VALUES(10046,"bulgarian","Outworld Devourer");
INSERT INTO card_name(carta_id, lang, value_) VALUES(10046,"greek","Outworld Devourer");
INSERT INTO card_name(carta_id, lang, value_) VALUES(10046,"ukrainian","Outworld Devourer");
INSERT INTO card_name(carta_id, lang, value_) VALUES(10046,"latam","Devorador del Extramundo");
INSERT INTO card_name(carta_id, lang, value_) VALUES(10046,"vietnamese","Outworld Devourer");
INSERT INTO large_image(carta_id, lang, value_) VALUES(10046,"default","https://steamcdn-a.akamaihd.net/apps/583950/icons/set01/10046_large_english.2836362043d239d59eeecf356ed6fd90ebb56c54.png");
INSERT INTO large_image(carta_id, lang, value_) VALUES(10046,"german","https://steamcdn-a.akamaihd.net/apps/583950/icons/set01/10046_large_german.aab9a230fe8eeeb114c4d7ac82454c354422f80c.png");
INSERT INTO large_image(carta_id, lang, value_) VALUES(10046,"french","https://steamcdn-a.akamaihd.net/apps/583950/icons/set01/10046_large_french.2af6d781c0304acadd2689dfd9da996d79123b00.png");
INSERT INTO large_image(carta_id, lang, value_) VALUES(10046,"italian","https://steamcdn-a.akamaihd.net/apps/583950/icons/set01/10046_large_italian.0a66c7d4487f30be789ee626b98faf6e91a19e57.png");

INSERT INTO large_image(carta_id, lang, value_) VALUES(10046,"spanish","https://steamcdn-a.akamaihd.net/apps/583950/icons/set01/10046_large_spanish.f9ab4f1726658a68050c666e378468b7b012710a.png");




INSERT INTO large_image(carta_id, lang, value_) VALUES(10046,"brazilian","https://steamcdn-a.akamaihd.net/apps/583950/icons/set01/10046_large_brazilian.8a5cc09402e584ef0bce8ba2c4066b9dc1807bc7.png");
INSERT INTO large_image(carta_id, lang, value_) VALUES(10046,"latam","https://steamcdn-a.akamaihd.net/apps/583950/icons/set01/10046_large_latam.8f473c40acbca5b8f9bab4d2b373a82caf63ccbd.png");
INSERT INTO carta(id, card_type, illustrator, rarity, item_def) VALUES (10047,'Hero','Greg Opalinski','Common',110047);
INSERT INTO card_name(carta_id, lang, value_) VALUES(10047,"english","Phantom Assassin");
INSERT INTO card_name(carta_id, lang, value_) VALUES(10047,"german","Phantomassassine");
INSERT INTO card_name(carta_id, lang, value_) VALUES(10047,"french","Lame fantôme");
INSERT INTO card_name(carta_id, lang, value_) VALUES(10047,"italian","Spettro Assassino");

INSERT INTO card_name(carta_id, lang, value_) VALUES(10047,"spanish","Asesina Fantasma");



INSERT INTO card_name(carta_id, lang, value_) VALUES(10047,"thai","Phantom Assassin");

INSERT INTO card_name(carta_id, lang, value_) VALUES(10047,"portuguese","Phantom Assassin");
INSERT INTO card_name(carta_id, lang, value_) VALUES(10047,"polish","Phantom Assassin");
INSERT INTO card_name(carta_id, lang, value_) VALUES(10047,"danish","Phantom Assassin");
INSERT INTO card_name(carta_id, lang, value_) VALUES(10047,"dutch","Phantom Assassin");
INSERT INTO card_name(carta_id, lang, value_) VALUES(10047,"finnish","Phantom Assassin");
INSERT INTO card_name(carta_id, lang, value_) VALUES(10047,"norwegian","Phantom Assassin");
INSERT INTO card_name(carta_id, lang, value_) VALUES(10047,"swedish","Phantom Assassin");
INSERT INTO card_name(carta_id, lang, value_) VALUES(10047,"hungarian","Phantom Assassin");
INSERT INTO card_name(carta_id, lang, value_) VALUES(10047,"czech","Phantom Assassin");
INSERT INTO card_name(carta_id, lang, value_) VALUES(10047,"romanian","Phantom Assassin");
INSERT INTO card_name(carta_id, lang, value_) VALUES(10047,"turkish","Phantom Assassin");
INSERT INTO card_name(carta_id, lang, value_) VALUES(10047,"brazilian","Assassina Fantasma");
INSERT INTO card_name(carta_id, lang, value_) VALUES(10047,"bulgarian","Phantom Assassin");
INSERT INTO card_name(carta_id, lang, value_) VALUES(10047,"greek","Phantom Assassin");
INSERT INTO card_name(carta_id, lang, value_) VALUES(10047,"ukrainian","Phantom Assassin");
INSERT INTO card_name(carta_id, lang, value_) VALUES(10047,"latam","Asesina Fantasma");
INSERT INTO card_name(carta_id, lang, value_) VALUES(10047,"vietnamese","Phantom Assassin");
INSERT INTO large_image(carta_id, lang, value_) VALUES(10047,"default","https://steamcdn-a.akamaihd.net/apps/583950/icons/set01/10047_large_english.32b3935783f9817f4aa750a11f0a1f1ee4b3708e.png");
INSERT INTO large_image(carta_id, lang, value_) VALUES(10047,"german","https://steamcdn-a.akamaihd.net/apps/583950/icons/set01/10047_large_german.b20d3cbf3e9c8c6a9e4144286c53f210dcba2542.png");
INSERT INTO large_image(carta_id, lang, value_) VALUES(10047,"french","https://steamcdn-a.akamaihd.net/apps/583950/icons/set01/10047_large_french.6f0d11323d97d3ae4f3ee2ab6486c79755c0b873.png");
INSERT INTO large_image(carta_id, lang, value_) VALUES(10047,"italian","https://steamcdn-a.akamaihd.net/apps/583950/icons/set01/10047_large_italian.3be625c531da120c365e6ed984d6e74a4b8c2beb.png");

INSERT INTO large_image(carta_id, lang, value_) VALUES(10047,"spanish","https://steamcdn-a.akamaihd.net/apps/583950/icons/set01/10047_large_spanish.4891d8e9101b02447cebd90c108afc76413e9397.png");




INSERT INTO large_image(carta_id, lang, value_) VALUES(10047,"brazilian","https://steamcdn-a.akamaihd.net/apps/583950/icons/set01/10047_large_brazilian.320962e62e8f87a2ac2f008050037a65c049123d.png");
INSERT INTO large_image(carta_id, lang, value_) VALUES(10047,"latam","https://steamcdn-a.akamaihd.net/apps/583950/icons/set01/10047_large_latam.4adfcc8b42a281c4683900851784a225c46db2c0.png");
INSERT INTO carta(id, card_type, illustrator, rarity, item_def) VALUES (10048,'Hero','Randy Vargas','Rare',110048);
INSERT INTO card_name(carta_id, lang, value_) VALUES(10048,"english","Pugna");
INSERT INTO card_name(carta_id, lang, value_) VALUES(10048,"german","Pugna");
INSERT INTO card_name(carta_id, lang, value_) VALUES(10048,"french","Pugna");
INSERT INTO card_name(carta_id, lang, value_) VALUES(10048,"italian","Pugna");

INSERT INTO card_name(carta_id, lang, value_) VALUES(10048,"spanish","Pugna");



INSERT INTO card_name(carta_id, lang, value_) VALUES(10048,"thai","Pugna");

INSERT INTO card_name(carta_id, lang, value_) VALUES(10048,"portuguese","Pugna");
INSERT INTO card_name(carta_id, lang, value_) VALUES(10048,"polish","Pugna");
INSERT INTO card_name(carta_id, lang, value_) VALUES(10048,"danish","Pugna");
INSERT INTO card_name(carta_id, lang, value_) VALUES(10048,"dutch","Pugna");
INSERT INTO card_name(carta_id, lang, value_) VALUES(10048,"finnish","Pugna");
INSERT INTO card_name(carta_id, lang, value_) VALUES(10048,"norwegian","Pugna");
INSERT INTO card_name(carta_id, lang, value_) VALUES(10048,"swedish","Pugna");
INSERT INTO card_name(carta_id, lang, value_) VALUES(10048,"hungarian","Pugna");
INSERT INTO card_name(carta_id, lang, value_) VALUES(10048,"czech","Pugna");
INSERT INTO card_name(carta_id, lang, value_) VALUES(10048,"romanian","Pugna");
INSERT INTO card_name(carta_id, lang, value_) VALUES(10048,"turkish","Pugna");
INSERT INTO card_name(carta_id, lang, value_) VALUES(10048,"brazilian","Pugna");
INSERT INTO card_name(carta_id, lang, value_) VALUES(10048,"bulgarian","Pugna");
INSERT INTO card_name(carta_id, lang, value_) VALUES(10048,"greek","Pugna");
INSERT INTO card_name(carta_id, lang, value_) VALUES(10048,"ukrainian","Pugna");
INSERT INTO card_name(carta_id, lang, value_) VALUES(10048,"latam","Pugna");
INSERT INTO card_name(carta_id, lang, value_) VALUES(10048,"vietnamese","Pugna");
INSERT INTO large_image(carta_id, lang, value_) VALUES(10048,"default","https://steamcdn-a.akamaihd.net/apps/583950/icons/set01/10048_large_english.97dbde314949a0de161ed7276d3b164a2b7b8bb3.png");
INSERT INTO large_image(carta_id, lang, value_) VALUES(10048,"german","https://steamcdn-a.akamaihd.net/apps/583950/icons/set01/10048_large_german.c656b2d44fbfa87c00d5978b76f7e5b75c3b0be8.png");
INSERT INTO large_image(carta_id, lang, value_) VALUES(10048,"french","https://steamcdn-a.akamaihd.net/apps/583950/icons/set01/10048_large_french.8347af5ab4abe4634c7d644eba267d023f3e2e63.png");
INSERT INTO large_image(carta_id, lang, value_) VALUES(10048,"italian","https://steamcdn-a.akamaihd.net/apps/583950/icons/set01/10048_large_italian.c656b2d44fbfa87c00d5978b76f7e5b75c3b0be8.png");

INSERT INTO large_image(carta_id, lang, value_) VALUES(10048,"spanish","https://steamcdn-a.akamaihd.net/apps/583950/icons/set01/10048_large_spanish.6db927bc907298055f4aea73dd798456c261e1aa.png");




INSERT INTO large_image(carta_id, lang, value_) VALUES(10048,"brazilian","https://steamcdn-a.akamaihd.net/apps/583950/icons/set01/10048_large_brazilian.8347af5ab4abe4634c7d644eba267d023f3e2e63.png");
INSERT INTO large_image(carta_id, lang, value_) VALUES(10048,"latam","https://steamcdn-a.akamaihd.net/apps/583950/icons/set01/10048_large_latam.a3a3e580c9fe540f16bf37c22ccd0275082cc244.png");
INSERT INTO carta(id, card_type, illustrator, rarity, item_def) VALUES (10050,'Hero','Forrest Imel','Uncommon',110050);
INSERT INTO card_name(carta_id, lang, value_) VALUES(10050,"english","Sniper");
INSERT INTO card_name(carta_id, lang, value_) VALUES(10050,"german","Scharfschütze");
INSERT INTO card_name(carta_id, lang, value_) VALUES(10050,"french","Sniper");
INSERT INTO card_name(carta_id, lang, value_) VALUES(10050,"italian","Cecchino");

INSERT INTO card_name(carta_id, lang, value_) VALUES(10050,"spanish","Francotirador");



INSERT INTO card_name(carta_id, lang, value_) VALUES(10050,"thai","Sniper");

INSERT INTO card_name(carta_id, lang, value_) VALUES(10050,"portuguese","Sniper");
INSERT INTO card_name(carta_id, lang, value_) VALUES(10050,"polish","Sniper");
INSERT INTO card_name(carta_id, lang, value_) VALUES(10050,"danish","Sniper");
INSERT INTO card_name(carta_id, lang, value_) VALUES(10050,"dutch","Sniper");
INSERT INTO card_name(carta_id, lang, value_) VALUES(10050,"finnish","Sniper");
INSERT INTO card_name(carta_id, lang, value_) VALUES(10050,"norwegian","Sniper");
INSERT INTO card_name(carta_id, lang, value_) VALUES(10050,"swedish","Sniper");
INSERT INTO card_name(carta_id, lang, value_) VALUES(10050,"hungarian","Sniper");
INSERT INTO card_name(carta_id, lang, value_) VALUES(10050,"czech","Sniper");
INSERT INTO card_name(carta_id, lang, value_) VALUES(10050,"romanian","Sniper");
INSERT INTO card_name(carta_id, lang, value_) VALUES(10050,"turkish","Sniper");
INSERT INTO card_name(carta_id, lang, value_) VALUES(10050,"brazilian","Franco-atirador");
INSERT INTO card_name(carta_id, lang, value_) VALUES(10050,"bulgarian","Sniper");
INSERT INTO card_name(carta_id, lang, value_) VALUES(10050,"greek","Sniper");
INSERT INTO card_name(carta_id, lang, value_) VALUES(10050,"ukrainian","Sniper");
INSERT INTO card_name(carta_id, lang, value_) VALUES(10050,"latam","Francotirador");
INSERT INTO card_name(carta_id, lang, value_) VALUES(10050,"vietnamese","Sniper");
INSERT INTO large_image(carta_id, lang, value_) VALUES(10050,"default","https://steamcdn-a.akamaihd.net/apps/583950/icons/set01/10050_large_english.21ad237425cc9eb7b76b2a2d6bbf63913281a3b8.png");
INSERT INTO large_image(carta_id, lang, value_) VALUES(10050,"german","https://steamcdn-a.akamaihd.net/apps/583950/icons/set01/10050_large_german.4ff92cd6180d19d575d89ef2303c1029d3e5ade3.png");
INSERT INTO large_image(carta_id, lang, value_) VALUES(10050,"french","https://steamcdn-a.akamaihd.net/apps/583950/icons/set01/10050_large_french.9e1b6bfd98f569769e7d252ed98f6ce41c6f21e3.png");
INSERT INTO large_image(carta_id, lang, value_) VALUES(10050,"italian","https://steamcdn-a.akamaihd.net/apps/583950/icons/set01/10050_large_italian.865b37a69854d125b53cd36078a087c90a05628e.png");

INSERT INTO large_image(carta_id, lang, value_) VALUES(10050,"spanish","https://steamcdn-a.akamaihd.net/apps/583950/icons/set01/10050_large_spanish.79bd4656bb08c5d21434fae6317c4e4544b7a112.png");




INSERT INTO large_image(carta_id, lang, value_) VALUES(10050,"brazilian","https://steamcdn-a.akamaihd.net/apps/583950/icons/set01/10050_large_brazilian.7145c5d8da3c95538ccda600101ce128765ef412.png");
INSERT INTO large_image(carta_id, lang, value_) VALUES(10050,"latam","https://steamcdn-a.akamaihd.net/apps/583950/icons/set01/10050_large_latam.4dc77e265c0495eafe747c609a01bcb5b1e5aff4.png");
INSERT INTO carta(id, card_type, illustrator, rarity, item_def) VALUES (10052,'Hero','Lius Lasahido','Common',110052);
INSERT INTO card_name(carta_id, lang, value_) VALUES(10052,"english","Mazzie");
INSERT INTO card_name(carta_id, lang, value_) VALUES(10052,"german","Mazzie");
INSERT INTO card_name(carta_id, lang, value_) VALUES(10052,"french","Mazzie");
INSERT INTO card_name(carta_id, lang, value_) VALUES(10052,"italian","Mazzie");

INSERT INTO card_name(carta_id, lang, value_) VALUES(10052,"spanish","Mazi");



INSERT INTO card_name(carta_id, lang, value_) VALUES(10052,"thai","Mazzie");

INSERT INTO card_name(carta_id, lang, value_) VALUES(10052,"portuguese","Mazzie");
INSERT INTO card_name(carta_id, lang, value_) VALUES(10052,"polish","Mazzie");
INSERT INTO card_name(carta_id, lang, value_) VALUES(10052,"danish","Mazzie");
INSERT INTO card_name(carta_id, lang, value_) VALUES(10052,"dutch","Mazzie");
INSERT INTO card_name(carta_id, lang, value_) VALUES(10052,"finnish","Mazzie");
INSERT INTO card_name(carta_id, lang, value_) VALUES(10052,"norwegian","Mazzie");
INSERT INTO card_name(carta_id, lang, value_) VALUES(10052,"swedish","Mazzie");
INSERT INTO card_name(carta_id, lang, value_) VALUES(10052,"hungarian","Mazzie");
INSERT INTO card_name(carta_id, lang, value_) VALUES(10052,"czech","Mazzie");
INSERT INTO card_name(carta_id, lang, value_) VALUES(10052,"romanian","Mazzie");
INSERT INTO card_name(carta_id, lang, value_) VALUES(10052,"turkish","Mazzie");
INSERT INTO card_name(carta_id, lang, value_) VALUES(10052,"brazilian","Mazzie");
INSERT INTO card_name(carta_id, lang, value_) VALUES(10052,"bulgarian","Mazzie");
INSERT INTO card_name(carta_id, lang, value_) VALUES(10052,"greek","Mazzie");
INSERT INTO card_name(carta_id, lang, value_) VALUES(10052,"ukrainian","Mazzie");
INSERT INTO card_name(carta_id, lang, value_) VALUES(10052,"latam","Mazi");
INSERT INTO card_name(carta_id, lang, value_) VALUES(10052,"vietnamese","Mazzie");
INSERT INTO large_image(carta_id, lang, value_) VALUES(10052,"default","https://steamcdn-a.akamaihd.net/apps/583950/icons/set01/10052_large_english.91ffd6e74b18310a4d0c4a7c2df3de2514d7d2fa.png");
INSERT INTO large_image(carta_id, lang, value_) VALUES(10052,"german","https://steamcdn-a.akamaihd.net/apps/583950/icons/set01/10052_large_german.a8d6f66974ad1fa0c65f58afca6eeff1ca6b7c71.png");
INSERT INTO large_image(carta_id, lang, value_) VALUES(10052,"french","https://steamcdn-a.akamaihd.net/apps/583950/icons/set01/10052_large_french.7881f96921a1adb6440dadf3086fc39c0232c0b4.png");
INSERT INTO large_image(carta_id, lang, value_) VALUES(10052,"italian","https://steamcdn-a.akamaihd.net/apps/583950/icons/set01/10052_large_italian.a8d6f66974ad1fa0c65f58afca6eeff1ca6b7c71.png");

INSERT INTO large_image(carta_id, lang, value_) VALUES(10052,"spanish","https://steamcdn-a.akamaihd.net/apps/583950/icons/set01/10052_large_spanish.dbc4525368a1085ba1a786929dd7a25e20179200.png");




INSERT INTO large_image(carta_id, lang, value_) VALUES(10052,"brazilian","https://steamcdn-a.akamaihd.net/apps/583950/icons/set01/10052_large_brazilian.7881f96921a1adb6440dadf3086fc39c0232c0b4.png");
INSERT INTO large_image(carta_id, lang, value_) VALUES(10052,"latam","https://steamcdn-a.akamaihd.net/apps/583950/icons/set01/10052_large_latam.c2ade7a6b12583a2e07ef1fe062c6188f87deb98.png");
INSERT INTO carta(id, card_type, illustrator, rarity, item_def) VALUES (10053,'Hero','Lius Lasahido','Uncommon',110053);
INSERT INTO card_name(carta_id, lang, value_) VALUES(10053,"english","Prellex");
INSERT INTO card_name(carta_id, lang, value_) VALUES(10053,"german","Prellex");
INSERT INTO card_name(carta_id, lang, value_) VALUES(10053,"french","Prellex");
INSERT INTO card_name(carta_id, lang, value_) VALUES(10053,"italian","Prellex");

INSERT INTO card_name(carta_id, lang, value_) VALUES(10053,"spanish","Prélex");



INSERT INTO card_name(carta_id, lang, value_) VALUES(10053,"thai","Prellex");

INSERT INTO card_name(carta_id, lang, value_) VALUES(10053,"portuguese","Prellex");
INSERT INTO card_name(carta_id, lang, value_) VALUES(10053,"polish","Prellex");
INSERT INTO card_name(carta_id, lang, value_) VALUES(10053,"danish","Prellex");
INSERT INTO card_name(carta_id, lang, value_) VALUES(10053,"dutch","Prellex");
INSERT INTO card_name(carta_id, lang, value_) VALUES(10053,"finnish","Prellex");
INSERT INTO card_name(carta_id, lang, value_) VALUES(10053,"norwegian","Prellex");
INSERT INTO card_name(carta_id, lang, value_) VALUES(10053,"swedish","Prellex");
INSERT INTO card_name(carta_id, lang, value_) VALUES(10053,"hungarian","Prellex");
INSERT INTO card_name(carta_id, lang, value_) VALUES(10053,"czech","Prellex");
INSERT INTO card_name(carta_id, lang, value_) VALUES(10053,"romanian","Prellex");
INSERT INTO card_name(carta_id, lang, value_) VALUES(10053,"turkish","Prellex");
INSERT INTO card_name(carta_id, lang, value_) VALUES(10053,"brazilian","Prellex");
INSERT INTO card_name(carta_id, lang, value_) VALUES(10053,"bulgarian","Prellex");
INSERT INTO card_name(carta_id, lang, value_) VALUES(10053,"greek","Prellex");
INSERT INTO card_name(carta_id, lang, value_) VALUES(10053,"ukrainian","Prellex");
INSERT INTO card_name(carta_id, lang, value_) VALUES(10053,"latam","Prélex");
INSERT INTO card_name(carta_id, lang, value_) VALUES(10053,"vietnamese","Prellex");
INSERT INTO large_image(carta_id, lang, value_) VALUES(10053,"default","https://steamcdn-a.akamaihd.net/apps/583950/icons/set01/10053_large_english.986a79a5706e263a398c2b933b1c6f297ae73fc5.png");
INSERT INTO large_image(carta_id, lang, value_) VALUES(10053,"german","https://steamcdn-a.akamaihd.net/apps/583950/icons/set01/10053_large_german.1598b689551816a7ed8764e00e62745f56f10f60.png");
INSERT INTO large_image(carta_id, lang, value_) VALUES(10053,"french","https://steamcdn-a.akamaihd.net/apps/583950/icons/set01/10053_large_french.42a24d168f19d373f5f874c96da85ec8476de883.png");
INSERT INTO large_image(carta_id, lang, value_) VALUES(10053,"italian","https://steamcdn-a.akamaihd.net/apps/583950/icons/set01/10053_large_italian.1598b689551816a7ed8764e00e62745f56f10f60.png");

INSERT INTO large_image(carta_id, lang, value_) VALUES(10053,"spanish","https://steamcdn-a.akamaihd.net/apps/583950/icons/set01/10053_large_spanish.90584618d89461cac4d67f45826af318d1a9ddfe.png");




INSERT INTO large_image(carta_id, lang, value_) VALUES(10053,"brazilian","https://steamcdn-a.akamaihd.net/apps/583950/icons/set01/10053_large_brazilian.42a24d168f19d373f5f874c96da85ec8476de883.png");
INSERT INTO large_image(carta_id, lang, value_) VALUES(10053,"latam","https://steamcdn-a.akamaihd.net/apps/583950/icons/set01/10053_large_latam.fe3616cc2cc05d5f54e6faa9d0b6aa26e57f9810.png");
INSERT INTO carta(id, card_type, illustrator, rarity, item_def) VALUES (10054,'Hero','Yongjae Choi','Common',110054);
INSERT INTO card_name(carta_id, lang, value_) VALUES(10054,"english","Sven");
INSERT INTO card_name(carta_id, lang, value_) VALUES(10054,"german","Sven");
INSERT INTO card_name(carta_id, lang, value_) VALUES(10054,"french","Sven");
INSERT INTO card_name(carta_id, lang, value_) VALUES(10054,"italian","Sven");

INSERT INTO card_name(carta_id, lang, value_) VALUES(10054,"spanish","Sven");



INSERT INTO card_name(carta_id, lang, value_) VALUES(10054,"thai","Sven");

INSERT INTO card_name(carta_id, lang, value_) VALUES(10054,"portuguese","Sven");
INSERT INTO card_name(carta_id, lang, value_) VALUES(10054,"polish","Sven");
INSERT INTO card_name(carta_id, lang, value_) VALUES(10054,"danish","Sven");
INSERT INTO card_name(carta_id, lang, value_) VALUES(10054,"dutch","Sven");
INSERT INTO card_name(carta_id, lang, value_) VALUES(10054,"finnish","Sven");
INSERT INTO card_name(carta_id, lang, value_) VALUES(10054,"norwegian","Sven");
INSERT INTO card_name(carta_id, lang, value_) VALUES(10054,"swedish","Sven");
INSERT INTO card_name(carta_id, lang, value_) VALUES(10054,"hungarian","Sven");
INSERT INTO card_name(carta_id, lang, value_) VALUES(10054,"czech","Sven");
INSERT INTO card_name(carta_id, lang, value_) VALUES(10054,"romanian","Sven");
INSERT INTO card_name(carta_id, lang, value_) VALUES(10054,"turkish","Sven");
INSERT INTO card_name(carta_id, lang, value_) VALUES(10054,"brazilian","Sven");
INSERT INTO card_name(carta_id, lang, value_) VALUES(10054,"bulgarian","Sven");
INSERT INTO card_name(carta_id, lang, value_) VALUES(10054,"greek","Sven");
INSERT INTO card_name(carta_id, lang, value_) VALUES(10054,"ukrainian","Sven");
INSERT INTO card_name(carta_id, lang, value_) VALUES(10054,"latam","Sven");
INSERT INTO card_name(carta_id, lang, value_) VALUES(10054,"vietnamese","Sven");
INSERT INTO large_image(carta_id, lang, value_) VALUES(10054,"default","https://steamcdn-a.akamaihd.net/apps/583950/icons/set01/10054_large_english.6a4fc1857433289a3777572c7860b0d00aa34712.png");
INSERT INTO large_image(carta_id, lang, value_) VALUES(10054,"german","https://steamcdn-a.akamaihd.net/apps/583950/icons/set01/10054_large_german.0c0845863c2fa16afb43090e6a9f9f1f41175f06.png");
INSERT INTO large_image(carta_id, lang, value_) VALUES(10054,"french","https://steamcdn-a.akamaihd.net/apps/583950/icons/set01/10054_large_french.b217405d5e813028d942b5bd301e486f176fb330.png");
INSERT INTO large_image(carta_id, lang, value_) VALUES(10054,"italian","https://steamcdn-a.akamaihd.net/apps/583950/icons/set01/10054_large_italian.0c0845863c2fa16afb43090e6a9f9f1f41175f06.png");

INSERT INTO large_image(carta_id, lang, value_) VALUES(10054,"spanish","https://steamcdn-a.akamaihd.net/apps/583950/icons/set01/10054_large_spanish.c6b5e466e94366548c9f4e9620a49d82ba6e55be.png");




INSERT INTO large_image(carta_id, lang, value_) VALUES(10054,"brazilian","https://steamcdn-a.akamaihd.net/apps/583950/icons/set01/10054_large_brazilian.b217405d5e813028d942b5bd301e486f176fb330.png");
INSERT INTO large_image(carta_id, lang, value_) VALUES(10054,"latam","https://steamcdn-a.akamaihd.net/apps/583950/icons/set01/10054_large_latam.d16020f4a4ba2348c320c1b340a0351477af6d6b.png");
INSERT INTO carta(id, card_type, illustrator, rarity, item_def) VALUES (10056,'Hero','Alix Branwyn','Common',110056);
INSERT INTO card_name(carta_id, lang, value_) VALUES(10056,"english","Treant Protector");
INSERT INTO card_name(carta_id, lang, value_) VALUES(10056,"german","Treant-Beschützer");
INSERT INTO card_name(carta_id, lang, value_) VALUES(10056,"french","Protecteur tréant");
INSERT INTO card_name(carta_id, lang, value_) VALUES(10056,"italian","Treant Protettore");

INSERT INTO card_name(carta_id, lang, value_) VALUES(10056,"spanish","Protector Ent");



INSERT INTO card_name(carta_id, lang, value_) VALUES(10056,"thai","Treant Protector");

INSERT INTO card_name(carta_id, lang, value_) VALUES(10056,"portuguese","Treant Protector");
INSERT INTO card_name(carta_id, lang, value_) VALUES(10056,"polish","Treant Protector");
INSERT INTO card_name(carta_id, lang, value_) VALUES(10056,"danish","Treant Protector");
INSERT INTO card_name(carta_id, lang, value_) VALUES(10056,"dutch","Treant Protector");
INSERT INTO card_name(carta_id, lang, value_) VALUES(10056,"finnish","Treant Protector");
INSERT INTO card_name(carta_id, lang, value_) VALUES(10056,"norwegian","Treant Protector");
INSERT INTO card_name(carta_id, lang, value_) VALUES(10056,"swedish","Treant Protector");
INSERT INTO card_name(carta_id, lang, value_) VALUES(10056,"hungarian","Treant Protector");
INSERT INTO card_name(carta_id, lang, value_) VALUES(10056,"czech","Treant Protector");
INSERT INTO card_name(carta_id, lang, value_) VALUES(10056,"romanian","Treant Protector");
INSERT INTO card_name(carta_id, lang, value_) VALUES(10056,"turkish","Treant Protector");
INSERT INTO card_name(carta_id, lang, value_) VALUES(10056,"brazilian","Protetor Arvoroso");
INSERT INTO card_name(carta_id, lang, value_) VALUES(10056,"bulgarian","Treant Protector");
INSERT INTO card_name(carta_id, lang, value_) VALUES(10056,"greek","Treant Protector");
INSERT INTO card_name(carta_id, lang, value_) VALUES(10056,"ukrainian","Treant Protector");
INSERT INTO card_name(carta_id, lang, value_) VALUES(10056,"latam","Protector Ent");
INSERT INTO card_name(carta_id, lang, value_) VALUES(10056,"vietnamese","Treant Protector");
INSERT INTO large_image(carta_id, lang, value_) VALUES(10056,"default","https://steamcdn-a.akamaihd.net/apps/583950/icons/set01/10056_large_english.67a59070be3f2650c6344a6b63a119442756fc03.png");
INSERT INTO large_image(carta_id, lang, value_) VALUES(10056,"german","https://steamcdn-a.akamaihd.net/apps/583950/icons/set01/10056_large_german.e47ec3a36167717a00c13b3a8bca9f585942dfb7.png");
INSERT INTO large_image(carta_id, lang, value_) VALUES(10056,"french","https://steamcdn-a.akamaihd.net/apps/583950/icons/set01/10056_large_french.1ca4cc4c775a12bdb861ebb7294f7716b462b039.png");
INSERT INTO large_image(carta_id, lang, value_) VALUES(10056,"italian","https://steamcdn-a.akamaihd.net/apps/583950/icons/set01/10056_large_italian.b0c9b4a11251bc92d04836e83f137caf7f0e122a.png");

INSERT INTO large_image(carta_id, lang, value_) VALUES(10056,"spanish","https://steamcdn-a.akamaihd.net/apps/583950/icons/set01/10056_large_spanish.0dbfe4d0d8139e3e34ea764bab3b074a84ea8275.png");




INSERT INTO large_image(carta_id, lang, value_) VALUES(10056,"brazilian","https://steamcdn-a.akamaihd.net/apps/583950/icons/set01/10056_large_brazilian.6e240002be4b16e60a902f863e96c39f6244f2d7.png");
INSERT INTO large_image(carta_id, lang, value_) VALUES(10056,"latam","https://steamcdn-a.akamaihd.net/apps/583950/icons/set01/10056_large_latam.f1a61ce8de75e86b244333592fb9d28923d5b737.png");
INSERT INTO carta(id, card_type, illustrator, rarity, item_def) VALUES (10058,'Hero','Tyler Jacobson','Uncommon',110058);
INSERT INTO card_name(carta_id, lang, value_) VALUES(10058,"english","Sorla Khan");
INSERT INTO card_name(carta_id, lang, value_) VALUES(10058,"german","Sorla Khan");
INSERT INTO card_name(carta_id, lang, value_) VALUES(10058,"french","Sorla Khan");
INSERT INTO card_name(carta_id, lang, value_) VALUES(10058,"italian","Sorla Khan");

INSERT INTO card_name(carta_id, lang, value_) VALUES(10058,"spanish","Sorla Khan");



INSERT INTO card_name(carta_id, lang, value_) VALUES(10058,"thai","Sorla Khan");

INSERT INTO card_name(carta_id, lang, value_) VALUES(10058,"portuguese","Sorla Khan");
INSERT INTO card_name(carta_id, lang, value_) VALUES(10058,"polish","Sorla Khan");
INSERT INTO card_name(carta_id, lang, value_) VALUES(10058,"danish","Sorla Khan");
INSERT INTO card_name(carta_id, lang, value_) VALUES(10058,"dutch","Sorla Khan");
INSERT INTO card_name(carta_id, lang, value_) VALUES(10058,"finnish","Sorla Khan");
INSERT INTO card_name(carta_id, lang, value_) VALUES(10058,"norwegian","Sorla Khan");
INSERT INTO card_name(carta_id, lang, value_) VALUES(10058,"swedish","Sorla Khan");
INSERT INTO card_name(carta_id, lang, value_) VALUES(10058,"hungarian","Sorla Khan");
INSERT INTO card_name(carta_id, lang, value_) VALUES(10058,"czech","Sorla Khan");
INSERT INTO card_name(carta_id, lang, value_) VALUES(10058,"romanian","Sorla Khan");
INSERT INTO card_name(carta_id, lang, value_) VALUES(10058,"turkish","Sorla Khan");
INSERT INTO card_name(carta_id, lang, value_) VALUES(10058,"brazilian","Sorla Khan");
INSERT INTO card_name(carta_id, lang, value_) VALUES(10058,"bulgarian","Sorla Khan");
INSERT INTO card_name(carta_id, lang, value_) VALUES(10058,"greek","Sorla Khan");
INSERT INTO card_name(carta_id, lang, value_) VALUES(10058,"ukrainian","Sorla Khan");
INSERT INTO card_name(carta_id, lang, value_) VALUES(10058,"latam","Sorla Khan");
INSERT INTO card_name(carta_id, lang, value_) VALUES(10058,"vietnamese","Sorla Khan");
INSERT INTO large_image(carta_id, lang, value_) VALUES(10058,"default","https://steamcdn-a.akamaihd.net/apps/583950/icons/set01/10058_large_english.bc8edede0e958a9c60bf151cb8d0da7b3080334d.png");
INSERT INTO large_image(carta_id, lang, value_) VALUES(10058,"german","https://steamcdn-a.akamaihd.net/apps/583950/icons/set01/10058_large_german.5dd14afc56f834388f35a96ac902e8fa0438b8da.png");
INSERT INTO large_image(carta_id, lang, value_) VALUES(10058,"french","https://steamcdn-a.akamaihd.net/apps/583950/icons/set01/10058_large_french.2af4a24b56610eaea13a9bba1e134f1af79a91b6.png");
INSERT INTO large_image(carta_id, lang, value_) VALUES(10058,"italian","https://steamcdn-a.akamaihd.net/apps/583950/icons/set01/10058_large_italian.5dd14afc56f834388f35a96ac902e8fa0438b8da.png");

INSERT INTO large_image(carta_id, lang, value_) VALUES(10058,"spanish","https://steamcdn-a.akamaihd.net/apps/583950/icons/set01/10058_large_spanish.030941f5fdc732dadddc05b895012e85069f926e.png");




INSERT INTO large_image(carta_id, lang, value_) VALUES(10058,"brazilian","https://steamcdn-a.akamaihd.net/apps/583950/icons/set01/10058_large_brazilian.2af4a24b56610eaea13a9bba1e134f1af79a91b6.png");
INSERT INTO large_image(carta_id, lang, value_) VALUES(10058,"latam","https://steamcdn-a.akamaihd.net/apps/583950/icons/set01/10058_large_latam.54e7bf250a2138475dda9364ed8b869b2b5e87a2.png");
INSERT INTO carta(id, card_type, illustrator, rarity, item_def) VALUES (10059,'Hero','Kieran Yanner','Common',110059);
INSERT INTO card_name(carta_id, lang, value_) VALUES(10059,"english","Necrophos");
INSERT INTO card_name(carta_id, lang, value_) VALUES(10059,"german","Nekrophos");
INSERT INTO card_name(carta_id, lang, value_) VALUES(10059,"french","Nécrophos");
INSERT INTO card_name(carta_id, lang, value_) VALUES(10059,"italian","Necrophos");

INSERT INTO card_name(carta_id, lang, value_) VALUES(10059,"spanish","Necrofos");



INSERT INTO card_name(carta_id, lang, value_) VALUES(10059,"thai","Necrophos");

INSERT INTO card_name(carta_id, lang, value_) VALUES(10059,"portuguese","Necrophos");
INSERT INTO card_name(carta_id, lang, value_) VALUES(10059,"polish","Necrophos");
INSERT INTO card_name(carta_id, lang, value_) VALUES(10059,"danish","Necrophos");
INSERT INTO card_name(carta_id, lang, value_) VALUES(10059,"dutch","Necrophos");
INSERT INTO card_name(carta_id, lang, value_) VALUES(10059,"finnish","Necrophos");
INSERT INTO card_name(carta_id, lang, value_) VALUES(10059,"norwegian","Necrophos");
INSERT INTO card_name(carta_id, lang, value_) VALUES(10059,"swedish","Necrophos");
INSERT INTO card_name(carta_id, lang, value_) VALUES(10059,"hungarian","Necrophos");
INSERT INTO card_name(carta_id, lang, value_) VALUES(10059,"czech","Necrophos");
INSERT INTO card_name(carta_id, lang, value_) VALUES(10059,"romanian","Necrophos");
INSERT INTO card_name(carta_id, lang, value_) VALUES(10059,"turkish","Necrophos");
INSERT INTO card_name(carta_id, lang, value_) VALUES(10059,"brazilian","Nécrofos");
INSERT INTO card_name(carta_id, lang, value_) VALUES(10059,"bulgarian","Necrophos");
INSERT INTO card_name(carta_id, lang, value_) VALUES(10059,"greek","Necrophos");
INSERT INTO card_name(carta_id, lang, value_) VALUES(10059,"ukrainian","Necrophos");
INSERT INTO card_name(carta_id, lang, value_) VALUES(10059,"latam","Necrofos");
INSERT INTO card_name(carta_id, lang, value_) VALUES(10059,"vietnamese","Necrophos");
INSERT INTO large_image(carta_id, lang, value_) VALUES(10059,"default","https://steamcdn-a.akamaihd.net/apps/583950/icons/set01/10059_large_english.207654d5396dfc715bdeaa28367007346653110c.png");
INSERT INTO large_image(carta_id, lang, value_) VALUES(10059,"german","https://steamcdn-a.akamaihd.net/apps/583950/icons/set01/10059_large_german.96fd307f87e0d9ab8d38db5b3f226dc7719d3a0d.png");
INSERT INTO large_image(carta_id, lang, value_) VALUES(10059,"french","https://steamcdn-a.akamaihd.net/apps/583950/icons/set01/10059_large_french.7b4ac462ce33045485ee3ac569b63aa15b88e422.png");
INSERT INTO large_image(carta_id, lang, value_) VALUES(10059,"italian","https://steamcdn-a.akamaihd.net/apps/583950/icons/set01/10059_large_italian.cefdb7bc34516fe7236ab2d6dbadef3cfb70e0be.png");

INSERT INTO large_image(carta_id, lang, value_) VALUES(10059,"spanish","https://steamcdn-a.akamaihd.net/apps/583950/icons/set01/10059_large_spanish.8523d509c4c8e19b97625308226e2b1d6c8bcc6c.png");




INSERT INTO large_image(carta_id, lang, value_) VALUES(10059,"brazilian","https://steamcdn-a.akamaihd.net/apps/583950/icons/set01/10059_large_brazilian.be7618319f09f6fce09ecc26435524bb1ba69863.png");
INSERT INTO large_image(carta_id, lang, value_) VALUES(10059,"latam","https://steamcdn-a.akamaihd.net/apps/583950/icons/set01/10059_large_latam.59b6c18548e602be6f211d3c646a84b49839f0ff.png");
INSERT INTO carta(id, card_type, illustrator, rarity, item_def) VALUES (10060,'Hero','Stepan Alekseev','Common',110060);
INSERT INTO card_name(carta_id, lang, value_) VALUES(10060,"english","Lion");
INSERT INTO card_name(carta_id, lang, value_) VALUES(10060,"german","Lion");
INSERT INTO card_name(carta_id, lang, value_) VALUES(10060,"french","Lion");
INSERT INTO card_name(carta_id, lang, value_) VALUES(10060,"italian","Lion");

INSERT INTO card_name(carta_id, lang, value_) VALUES(10060,"spanish","León");



INSERT INTO card_name(carta_id, lang, value_) VALUES(10060,"thai","Lion");

INSERT INTO card_name(carta_id, lang, value_) VALUES(10060,"portuguese","Lion");
INSERT INTO card_name(carta_id, lang, value_) VALUES(10060,"polish","Lion");
INSERT INTO card_name(carta_id, lang, value_) VALUES(10060,"danish","Lion");
INSERT INTO card_name(carta_id, lang, value_) VALUES(10060,"dutch","Lion");
INSERT INTO card_name(carta_id, lang, value_) VALUES(10060,"finnish","Lion");
INSERT INTO card_name(carta_id, lang, value_) VALUES(10060,"norwegian","Lion");
INSERT INTO card_name(carta_id, lang, value_) VALUES(10060,"swedish","Lion");
INSERT INTO card_name(carta_id, lang, value_) VALUES(10060,"hungarian","Lion");
INSERT INTO card_name(carta_id, lang, value_) VALUES(10060,"czech","Lion");
INSERT INTO card_name(carta_id, lang, value_) VALUES(10060,"romanian","Lion");
INSERT INTO card_name(carta_id, lang, value_) VALUES(10060,"turkish","Lion");
INSERT INTO card_name(carta_id, lang, value_) VALUES(10060,"brazilian","Lion");
INSERT INTO card_name(carta_id, lang, value_) VALUES(10060,"bulgarian","Lion");
INSERT INTO card_name(carta_id, lang, value_) VALUES(10060,"greek","Lion");
INSERT INTO card_name(carta_id, lang, value_) VALUES(10060,"ukrainian","Lion");
INSERT INTO card_name(carta_id, lang, value_) VALUES(10060,"latam","León");
INSERT INTO card_name(carta_id, lang, value_) VALUES(10060,"vietnamese","Lion");
INSERT INTO large_image(carta_id, lang, value_) VALUES(10060,"default","https://steamcdn-a.akamaihd.net/apps/583950/icons/set01/10060_large_english.77d466a9c6d80b1485209043de8a05e2fe4f0012.png");
INSERT INTO large_image(carta_id, lang, value_) VALUES(10060,"german","https://steamcdn-a.akamaihd.net/apps/583950/icons/set01/10060_large_german.4b8c354026f893d30e6d3e3a3ec99f7244d7e0b2.png");
INSERT INTO large_image(carta_id, lang, value_) VALUES(10060,"french","https://steamcdn-a.akamaihd.net/apps/583950/icons/set01/10060_large_french.24e35c7f6eac63dd0f65cdf2289bace6f7e79bf8.png");
INSERT INTO large_image(carta_id, lang, value_) VALUES(10060,"italian","https://steamcdn-a.akamaihd.net/apps/583950/icons/set01/10060_large_italian.4b8c354026f893d30e6d3e3a3ec99f7244d7e0b2.png");

INSERT INTO large_image(carta_id, lang, value_) VALUES(10060,"spanish","https://steamcdn-a.akamaihd.net/apps/583950/icons/set01/10060_large_spanish.fb7df931610b499e15a052e2b425f6d27e5fe33d.png");




INSERT INTO large_image(carta_id, lang, value_) VALUES(10060,"brazilian","https://steamcdn-a.akamaihd.net/apps/583950/icons/set01/10060_large_brazilian.24e35c7f6eac63dd0f65cdf2289bace6f7e79bf8.png");
INSERT INTO large_image(carta_id, lang, value_) VALUES(10060,"latam","https://steamcdn-a.akamaihd.net/apps/583950/icons/set01/10060_large_latam.304528c4a45ace0ba67c47fc0a8d96cded84f05b.png");
INSERT INTO carta(id, card_type, illustrator, rarity, item_def) VALUES (10062,'Hero','Greg Opalinski','Common',110062);
INSERT INTO card_name(carta_id, lang, value_) VALUES(10062,"english","Skywrath Mage");
INSERT INTO card_name(carta_id, lang, value_) VALUES(10062,"german","Himmelszornmagier");
INSERT INTO card_name(carta_id, lang, value_) VALUES(10062,"french","Mage de l'Ire céleste");
INSERT INTO card_name(carta_id, lang, value_) VALUES(10062,"italian","Mago Skywrath");

INSERT INTO card_name(carta_id, lang, value_) VALUES(10062,"spanish","Mago Furiaceleste");



INSERT INTO card_name(carta_id, lang, value_) VALUES(10062,"thai","Skywrath Mage");

INSERT INTO card_name(carta_id, lang, value_) VALUES(10062,"portuguese","Skywrath Mage");
INSERT INTO card_name(carta_id, lang, value_) VALUES(10062,"polish","Skywrath Mage");
INSERT INTO card_name(carta_id, lang, value_) VALUES(10062,"danish","Skywrath Mage");
INSERT INTO card_name(carta_id, lang, value_) VALUES(10062,"dutch","Skywrath Mage");
INSERT INTO card_name(carta_id, lang, value_) VALUES(10062,"finnish","Skywrath Mage");
INSERT INTO card_name(carta_id, lang, value_) VALUES(10062,"norwegian","Skywrath Mage");
INSERT INTO card_name(carta_id, lang, value_) VALUES(10062,"swedish","Skywrath Mage");
INSERT INTO card_name(carta_id, lang, value_) VALUES(10062,"hungarian","Skywrath Mage");
INSERT INTO card_name(carta_id, lang, value_) VALUES(10062,"czech","Skywrath Mage");
INSERT INTO card_name(carta_id, lang, value_) VALUES(10062,"romanian","Skywrath Mage");
INSERT INTO card_name(carta_id, lang, value_) VALUES(10062,"turkish","Skywrath Mage");
INSERT INTO card_name(carta_id, lang, value_) VALUES(10062,"brazilian","Mago Celestifúria");
INSERT INTO card_name(carta_id, lang, value_) VALUES(10062,"bulgarian","Skywrath Mage");
INSERT INTO card_name(carta_id, lang, value_) VALUES(10062,"greek","Skywrath Mage");
INSERT INTO card_name(carta_id, lang, value_) VALUES(10062,"ukrainian","Skywrath Mage");
INSERT INTO card_name(carta_id, lang, value_) VALUES(10062,"latam","Mago Furiaceleste");
INSERT INTO card_name(carta_id, lang, value_) VALUES(10062,"vietnamese","Skywrath Mage");
INSERT INTO large_image(carta_id, lang, value_) VALUES(10062,"default","https://steamcdn-a.akamaihd.net/apps/583950/icons/set01/10062_large_english.dfcf9f1fde7e50c30a5dfc6e4b49afaf0bcc4fe8.png");
INSERT INTO large_image(carta_id, lang, value_) VALUES(10062,"german","https://steamcdn-a.akamaihd.net/apps/583950/icons/set01/10062_large_german.276035d1e33339374994c170a0f451ac7562296d.png");
INSERT INTO large_image(carta_id, lang, value_) VALUES(10062,"french","https://steamcdn-a.akamaihd.net/apps/583950/icons/set01/10062_large_french.8e5b30e5a4337e6a5fcfe68d161006e4c46dd986.png");
INSERT INTO large_image(carta_id, lang, value_) VALUES(10062,"italian","https://steamcdn-a.akamaihd.net/apps/583950/icons/set01/10062_large_italian.30f04e4f139824f1e89edadde28719d00bcdd2fe.png");

INSERT INTO large_image(carta_id, lang, value_) VALUES(10062,"spanish","https://steamcdn-a.akamaihd.net/apps/583950/icons/set01/10062_large_spanish.f6c489343ac5294d5697bad1f50e03ae94f3f2c2.png");




INSERT INTO large_image(carta_id, lang, value_) VALUES(10062,"brazilian","https://steamcdn-a.akamaihd.net/apps/583950/icons/set01/10062_large_brazilian.d46f9e6a075f9ba4315568e9d526032ff532c19d.png");
INSERT INTO large_image(carta_id, lang, value_) VALUES(10062,"latam","https://steamcdn-a.akamaihd.net/apps/583950/icons/set01/10062_large_latam.095f36658c94d26beca3f05eb3e3f9c8803b6811.png");
INSERT INTO carta(id, card_type, illustrator, rarity, item_def) VALUES (10064,'Hero','Stepan Alekseev','Common',110064);
INSERT INTO card_name(carta_id, lang, value_) VALUES(10064,"english","Crystal Maiden");
INSERT INTO card_name(carta_id, lang, value_) VALUES(10064,"german","Kristallmaid");
INSERT INTO card_name(carta_id, lang, value_) VALUES(10064,"french","Vierge de cristal");
INSERT INTO card_name(carta_id, lang, value_) VALUES(10064,"italian","Fanciulla di Cristallo");

INSERT INTO card_name(carta_id, lang, value_) VALUES(10064,"spanish","Doncella Glacial");



INSERT INTO card_name(carta_id, lang, value_) VALUES(10064,"thai","Crystal Maiden");

INSERT INTO card_name(carta_id, lang, value_) VALUES(10064,"portuguese","Crystal Maiden");
INSERT INTO card_name(carta_id, lang, value_) VALUES(10064,"polish","Crystal Maiden");
INSERT INTO card_name(carta_id, lang, value_) VALUES(10064,"danish","Crystal Maiden");
INSERT INTO card_name(carta_id, lang, value_) VALUES(10064,"dutch","Crystal Maiden");
INSERT INTO card_name(carta_id, lang, value_) VALUES(10064,"finnish","Crystal Maiden");
INSERT INTO card_name(carta_id, lang, value_) VALUES(10064,"norwegian","Crystal Maiden");
INSERT INTO card_name(carta_id, lang, value_) VALUES(10064,"swedish","Crystal Maiden");
INSERT INTO card_name(carta_id, lang, value_) VALUES(10064,"hungarian","Crystal Maiden");
INSERT INTO card_name(carta_id, lang, value_) VALUES(10064,"czech","Crystal Maiden");
INSERT INTO card_name(carta_id, lang, value_) VALUES(10064,"romanian","Crystal Maiden");
INSERT INTO card_name(carta_id, lang, value_) VALUES(10064,"turkish","Crystal Maiden");
INSERT INTO card_name(carta_id, lang, value_) VALUES(10064,"brazilian","Donzela Cristalina");
INSERT INTO card_name(carta_id, lang, value_) VALUES(10064,"bulgarian","Crystal Maiden");
INSERT INTO card_name(carta_id, lang, value_) VALUES(10064,"greek","Crystal Maiden");
INSERT INTO card_name(carta_id, lang, value_) VALUES(10064,"ukrainian","Crystal Maiden");
INSERT INTO card_name(carta_id, lang, value_) VALUES(10064,"latam","Doncella Glacial");
INSERT INTO card_name(carta_id, lang, value_) VALUES(10064,"vietnamese","Crystal Maiden");
INSERT INTO large_image(carta_id, lang, value_) VALUES(10064,"default","https://steamcdn-a.akamaihd.net/apps/583950/icons/set01/10064_large_english.0ce2db2519365e04e44a47592e50239a7c3b0646.png");
INSERT INTO large_image(carta_id, lang, value_) VALUES(10064,"german","https://steamcdn-a.akamaihd.net/apps/583950/icons/set01/10064_large_german.26b28835a723d595d4c347be13d70b9d99f5ac7c.png");
INSERT INTO large_image(carta_id, lang, value_) VALUES(10064,"french","https://steamcdn-a.akamaihd.net/apps/583950/icons/set01/10064_large_french.31043c4c11b4e0f977f2f20d11f84ab3286db26f.png");
INSERT INTO large_image(carta_id, lang, value_) VALUES(10064,"italian","https://steamcdn-a.akamaihd.net/apps/583950/icons/set01/10064_large_italian.92a10633434ce6721a67b27b4a173816a7340f18.png");

INSERT INTO large_image(carta_id, lang, value_) VALUES(10064,"spanish","https://steamcdn-a.akamaihd.net/apps/583950/icons/set01/10064_large_spanish.bb7b39b5311729e968358fcb7359858a79fcd310.png");




INSERT INTO large_image(carta_id, lang, value_) VALUES(10064,"brazilian","https://steamcdn-a.akamaihd.net/apps/583950/icons/set01/10064_large_brazilian.d5f832855fa9ee11a288b990e417c5dd9db84e8f.png");
INSERT INTO large_image(carta_id, lang, value_) VALUES(10064,"latam","https://steamcdn-a.akamaihd.net/apps/583950/icons/set01/10064_large_latam.834de9eb5acbefc86794b49e202119913c96d3cd.png");
INSERT INTO carta(id, card_type, illustrator, rarity, item_def) VALUES (10065,'Hero','David Palumbo','Common',110065);
INSERT INTO card_name(carta_id, lang, value_) VALUES(10065,"english","Zeus");
INSERT INTO card_name(carta_id, lang, value_) VALUES(10065,"german","Zeus");
INSERT INTO card_name(carta_id, lang, value_) VALUES(10065,"french","Zeus");
INSERT INTO card_name(carta_id, lang, value_) VALUES(10065,"italian","Zeus");

INSERT INTO card_name(carta_id, lang, value_) VALUES(10065,"spanish","Zeus");



INSERT INTO card_name(carta_id, lang, value_) VALUES(10065,"thai","Zeus");

INSERT INTO card_name(carta_id, lang, value_) VALUES(10065,"portuguese","Zeus");
INSERT INTO card_name(carta_id, lang, value_) VALUES(10065,"polish","Zeus");
INSERT INTO card_name(carta_id, lang, value_) VALUES(10065,"danish","Zeus");
INSERT INTO card_name(carta_id, lang, value_) VALUES(10065,"dutch","Zeus");
INSERT INTO card_name(carta_id, lang, value_) VALUES(10065,"finnish","Zeus");
INSERT INTO card_name(carta_id, lang, value_) VALUES(10065,"norwegian","Zeus");
INSERT INTO card_name(carta_id, lang, value_) VALUES(10065,"swedish","Zeus");
INSERT INTO card_name(carta_id, lang, value_) VALUES(10065,"hungarian","Zeus");
INSERT INTO card_name(carta_id, lang, value_) VALUES(10065,"czech","Zeus");
INSERT INTO card_name(carta_id, lang, value_) VALUES(10065,"romanian","Zeus");
INSERT INTO card_name(carta_id, lang, value_) VALUES(10065,"turkish","Zeus");
INSERT INTO card_name(carta_id, lang, value_) VALUES(10065,"brazilian","Zeus");
INSERT INTO card_name(carta_id, lang, value_) VALUES(10065,"bulgarian","Zeus");
INSERT INTO card_name(carta_id, lang, value_) VALUES(10065,"greek","Zeus");
INSERT INTO card_name(carta_id, lang, value_) VALUES(10065,"ukrainian","Zeus");
INSERT INTO card_name(carta_id, lang, value_) VALUES(10065,"latam","Zeus");
INSERT INTO card_name(carta_id, lang, value_) VALUES(10065,"vietnamese","Zeus");
INSERT INTO large_image(carta_id, lang, value_) VALUES(10065,"default","https://steamcdn-a.akamaihd.net/apps/583950/icons/set01/10065_large_english.e8c2c20ebd42b4db6a435353c8cbc2013b294176.png");
INSERT INTO large_image(carta_id, lang, value_) VALUES(10065,"german","https://steamcdn-a.akamaihd.net/apps/583950/icons/set01/10065_large_german.3952bcf109556ffa48166c054ebd2a74ee4782e1.png");
INSERT INTO large_image(carta_id, lang, value_) VALUES(10065,"french","https://steamcdn-a.akamaihd.net/apps/583950/icons/set01/10065_large_french.f928853ed9bc4519971ea9adf107c8142103db95.png");
INSERT INTO large_image(carta_id, lang, value_) VALUES(10065,"italian","https://steamcdn-a.akamaihd.net/apps/583950/icons/set01/10065_large_italian.3952bcf109556ffa48166c054ebd2a74ee4782e1.png");

INSERT INTO large_image(carta_id, lang, value_) VALUES(10065,"spanish","https://steamcdn-a.akamaihd.net/apps/583950/icons/set01/10065_large_spanish.5ab7a1d4703732cf6e07f4046dc9daecca923132.png");




INSERT INTO large_image(carta_id, lang, value_) VALUES(10065,"brazilian","https://steamcdn-a.akamaihd.net/apps/583950/icons/set01/10065_large_brazilian.f928853ed9bc4519971ea9adf107c8142103db95.png");
INSERT INTO large_image(carta_id, lang, value_) VALUES(10065,"latam","https://steamcdn-a.akamaihd.net/apps/583950/icons/set01/10065_large_latam.f8b799f3499f73c4b8de4ebe61ace59b2f5524de.png");
INSERT INTO carta(id, card_type, illustrator, rarity, item_def) VALUES (10067,'Hero','Magali Villeneuve','Common',110067);
INSERT INTO card_name(carta_id, lang, value_) VALUES(10067,"english","Magnus");
INSERT INTO card_name(carta_id, lang, value_) VALUES(10067,"german","Magnus");
INSERT INTO card_name(carta_id, lang, value_) VALUES(10067,"french","Magnus");
INSERT INTO card_name(carta_id, lang, value_) VALUES(10067,"italian","Magnus");

INSERT INTO card_name(carta_id, lang, value_) VALUES(10067,"spanish","Magnus");



INSERT INTO card_name(carta_id, lang, value_) VALUES(10067,"thai","Magnus");

INSERT INTO card_name(carta_id, lang, value_) VALUES(10067,"portuguese","Magnus");
INSERT INTO card_name(carta_id, lang, value_) VALUES(10067,"polish","Magnus");
INSERT INTO card_name(carta_id, lang, value_) VALUES(10067,"danish","Magnus");
INSERT INTO card_name(carta_id, lang, value_) VALUES(10067,"dutch","Magnus");
INSERT INTO card_name(carta_id, lang, value_) VALUES(10067,"finnish","Magnus");
INSERT INTO card_name(carta_id, lang, value_) VALUES(10067,"norwegian","Magnus");
INSERT INTO card_name(carta_id, lang, value_) VALUES(10067,"swedish","Magnus");
INSERT INTO card_name(carta_id, lang, value_) VALUES(10067,"hungarian","Magnus");
INSERT INTO card_name(carta_id, lang, value_) VALUES(10067,"czech","Magnus");
INSERT INTO card_name(carta_id, lang, value_) VALUES(10067,"romanian","Magnus");
INSERT INTO card_name(carta_id, lang, value_) VALUES(10067,"turkish","Magnus");
INSERT INTO card_name(carta_id, lang, value_) VALUES(10067,"brazilian","Magnus");
INSERT INTO card_name(carta_id, lang, value_) VALUES(10067,"bulgarian","Magnus");
INSERT INTO card_name(carta_id, lang, value_) VALUES(10067,"greek","Magnus");
INSERT INTO card_name(carta_id, lang, value_) VALUES(10067,"ukrainian","Magnus");
INSERT INTO card_name(carta_id, lang, value_) VALUES(10067,"latam","Magnus");
INSERT INTO card_name(carta_id, lang, value_) VALUES(10067,"vietnamese","Magnus");
INSERT INTO large_image(carta_id, lang, value_) VALUES(10067,"default","https://steamcdn-a.akamaihd.net/apps/583950/icons/set01/10067_large_english.33f50cfbfff888a95840a018d4bfa87b11a4d076.png");
INSERT INTO large_image(carta_id, lang, value_) VALUES(10067,"german","https://steamcdn-a.akamaihd.net/apps/583950/icons/set01/10067_large_german.bdf5ae19008e808a7500cc3c4684dbb8331a8106.png");
INSERT INTO large_image(carta_id, lang, value_) VALUES(10067,"french","https://steamcdn-a.akamaihd.net/apps/583950/icons/set01/10067_large_french.6a468d10c64405c8d4ab77352e42880e5b3b4eaa.png");
INSERT INTO large_image(carta_id, lang, value_) VALUES(10067,"italian","https://steamcdn-a.akamaihd.net/apps/583950/icons/set01/10067_large_italian.bdf5ae19008e808a7500cc3c4684dbb8331a8106.png");

INSERT INTO large_image(carta_id, lang, value_) VALUES(10067,"spanish","https://steamcdn-a.akamaihd.net/apps/583950/icons/set01/10067_large_spanish.3c820d2a5eef3bca0fee7467c7fe8f64d2837582.png");




INSERT INTO large_image(carta_id, lang, value_) VALUES(10067,"brazilian","https://steamcdn-a.akamaihd.net/apps/583950/icons/set01/10067_large_brazilian.6a468d10c64405c8d4ab77352e42880e5b3b4eaa.png");
INSERT INTO large_image(carta_id, lang, value_) VALUES(10067,"latam","https://steamcdn-a.akamaihd.net/apps/583950/icons/set01/10067_large_latam.298426722cbc3b4607bfd2d692dbf66d9eb60870.png");
INSERT INTO carta(id, card_type, illustrator, rarity, item_def) VALUES (10068,'Hero','Stepan Alekseev','Common',110068);
INSERT INTO card_name(carta_id, lang, value_) VALUES(10068,"english","Dark Seer");
INSERT INTO card_name(carta_id, lang, value_) VALUES(10068,"german","Dunkler Seher");
INSERT INTO card_name(carta_id, lang, value_) VALUES(10068,"french","Oracle de l'ombre");
INSERT INTO card_name(carta_id, lang, value_) VALUES(10068,"italian","Veggente Oscuro");

INSERT INTO card_name(carta_id, lang, value_) VALUES(10068,"spanish","Vidente Oscuro");



INSERT INTO card_name(carta_id, lang, value_) VALUES(10068,"thai","Dark Seer");

INSERT INTO card_name(carta_id, lang, value_) VALUES(10068,"portuguese","Dark Seer");
INSERT INTO card_name(carta_id, lang, value_) VALUES(10068,"polish","Dark Seer");
INSERT INTO card_name(carta_id, lang, value_) VALUES(10068,"danish","Dark Seer");
INSERT INTO card_name(carta_id, lang, value_) VALUES(10068,"dutch","Dark Seer");
INSERT INTO card_name(carta_id, lang, value_) VALUES(10068,"finnish","Dark Seer");
INSERT INTO card_name(carta_id, lang, value_) VALUES(10068,"norwegian","Dark Seer");
INSERT INTO card_name(carta_id, lang, value_) VALUES(10068,"swedish","Dark Seer");
INSERT INTO card_name(carta_id, lang, value_) VALUES(10068,"hungarian","Dark Seer");
INSERT INTO card_name(carta_id, lang, value_) VALUES(10068,"czech","Dark Seer");
INSERT INTO card_name(carta_id, lang, value_) VALUES(10068,"romanian","Dark Seer");
INSERT INTO card_name(carta_id, lang, value_) VALUES(10068,"turkish","Dark Seer");
INSERT INTO card_name(carta_id, lang, value_) VALUES(10068,"brazilian","Áugure Sombrio");
INSERT INTO card_name(carta_id, lang, value_) VALUES(10068,"bulgarian","Dark Seer");
INSERT INTO card_name(carta_id, lang, value_) VALUES(10068,"greek","Dark Seer");
INSERT INTO card_name(carta_id, lang, value_) VALUES(10068,"ukrainian","Dark Seer");
INSERT INTO card_name(carta_id, lang, value_) VALUES(10068,"latam","Vidente Oscuro");
INSERT INTO card_name(carta_id, lang, value_) VALUES(10068,"vietnamese","Dark Seer");
INSERT INTO large_image(carta_id, lang, value_) VALUES(10068,"default","https://steamcdn-a.akamaihd.net/apps/583950/icons/set01/10068_large_english.f5329d3893ea8faac67992b4ea4a786e053a48f6.png");
INSERT INTO large_image(carta_id, lang, value_) VALUES(10068,"german","https://steamcdn-a.akamaihd.net/apps/583950/icons/set01/10068_large_german.83e0328d513e6b8c5eb25fc8d52d331143f07e8c.png");
INSERT INTO large_image(carta_id, lang, value_) VALUES(10068,"french","https://steamcdn-a.akamaihd.net/apps/583950/icons/set01/10068_large_french.1fd692d2d73f121ed520df9265a29344b21b47ac.png");
INSERT INTO large_image(carta_id, lang, value_) VALUES(10068,"italian","https://steamcdn-a.akamaihd.net/apps/583950/icons/set01/10068_large_italian.e305265188708ec8f062f717ecf062bd57c6344e.png");

INSERT INTO large_image(carta_id, lang, value_) VALUES(10068,"spanish","https://steamcdn-a.akamaihd.net/apps/583950/icons/set01/10068_large_spanish.92334898462c98b922fb563c6676a5cbd58a8396.png");




INSERT INTO large_image(carta_id, lang, value_) VALUES(10068,"brazilian","https://steamcdn-a.akamaihd.net/apps/583950/icons/set01/10068_large_brazilian.e8003b08cb6fe0e15188a8ec9878da6af3b8dc3a.png");
INSERT INTO large_image(carta_id, lang, value_) VALUES(10068,"latam","https://steamcdn-a.akamaihd.net/apps/583950/icons/set01/10068_large_latam.f574e22438ee1856fbf7935ce5475e00238a6767.png");
INSERT INTO carta(id, card_type, illustrator, rarity, item_def) VALUES (10069,'Hero','Randy Vargas','Uncommon',110069);
INSERT INTO card_name(carta_id, lang, value_) VALUES(10069,"english","Legion Commander");
INSERT INTO card_name(carta_id, lang, value_) VALUES(10069,"german","Legionskommandantin");
INSERT INTO card_name(carta_id, lang, value_) VALUES(10069,"french","Commandante de la Légion");
INSERT INTO card_name(carta_id, lang, value_) VALUES(10069,"italian","Comandante della Legione");

INSERT INTO card_name(carta_id, lang, value_) VALUES(10069,"spanish","Comandante Legionaria");



INSERT INTO card_name(carta_id, lang, value_) VALUES(10069,"thai","Legion Commander");

INSERT INTO card_name(carta_id, lang, value_) VALUES(10069,"portuguese","Legion Commander");
INSERT INTO card_name(carta_id, lang, value_) VALUES(10069,"polish","Legion Commander");
INSERT INTO card_name(carta_id, lang, value_) VALUES(10069,"danish","Legion Commander");
INSERT INTO card_name(carta_id, lang, value_) VALUES(10069,"dutch","Legion Commander");
INSERT INTO card_name(carta_id, lang, value_) VALUES(10069,"finnish","Legion Commander");
INSERT INTO card_name(carta_id, lang, value_) VALUES(10069,"norwegian","Legion Commander");
INSERT INTO card_name(carta_id, lang, value_) VALUES(10069,"swedish","Legion Commander");
INSERT INTO card_name(carta_id, lang, value_) VALUES(10069,"hungarian","Legion Commander");
INSERT INTO card_name(carta_id, lang, value_) VALUES(10069,"czech","Legion Commander");
INSERT INTO card_name(carta_id, lang, value_) VALUES(10069,"romanian","Legion Commander");
INSERT INTO card_name(carta_id, lang, value_) VALUES(10069,"turkish","Legion Commander");
INSERT INTO card_name(carta_id, lang, value_) VALUES(10069,"brazilian","Comandante da Legião");
INSERT INTO card_name(carta_id, lang, value_) VALUES(10069,"bulgarian","Legion Commander");
INSERT INTO card_name(carta_id, lang, value_) VALUES(10069,"greek","Legion Commander");
INSERT INTO card_name(carta_id, lang, value_) VALUES(10069,"ukrainian","Legion Commander");
INSERT INTO card_name(carta_id, lang, value_) VALUES(10069,"latam","Comandante Legionaria");
INSERT INTO card_name(carta_id, lang, value_) VALUES(10069,"vietnamese","Legion Commander");
INSERT INTO large_image(carta_id, lang, value_) VALUES(10069,"default","https://steamcdn-a.akamaihd.net/apps/583950/icons/set01/10069_large_english.bfa69a242695ccf9fd6beb79dc1bc84439f2ea9f.png");
INSERT INTO large_image(carta_id, lang, value_) VALUES(10069,"german","https://steamcdn-a.akamaihd.net/apps/583950/icons/set01/10069_large_german.f2b13d64f0636993c0f3fe1a29fa116bedaa769b.png");
INSERT INTO large_image(carta_id, lang, value_) VALUES(10069,"french","https://steamcdn-a.akamaihd.net/apps/583950/icons/set01/10069_large_french.1832d7f395ce99975bee9bcb14b0875e09b7c9a2.png");
INSERT INTO large_image(carta_id, lang, value_) VALUES(10069,"italian","https://steamcdn-a.akamaihd.net/apps/583950/icons/set01/10069_large_italian.0963fdd480fc2af55a6ee46cce7275308f94409d.png");

INSERT INTO large_image(carta_id, lang, value_) VALUES(10069,"spanish","https://steamcdn-a.akamaihd.net/apps/583950/icons/set01/10069_large_spanish.5f6e1048e0b1112cfb9f0034959ff6925f65c9b4.png");




INSERT INTO large_image(carta_id, lang, value_) VALUES(10069,"brazilian","https://steamcdn-a.akamaihd.net/apps/583950/icons/set01/10069_large_brazilian.12f5ccecd26f3a5380cb17eed881cbeb0ba5960e.png");
INSERT INTO large_image(carta_id, lang, value_) VALUES(10069,"latam","https://steamcdn-a.akamaihd.net/apps/583950/icons/set01/10069_large_latam.afa3a06689e4c8e8bf7d0c2a1ab7878955a4f96d.png");
INSERT INTO carta(id, card_type, illustrator, rarity, item_def) VALUES (10070,'Hero','Forrest Imel','Common',110070);
INSERT INTO card_name(carta_id, lang, value_) VALUES(10070,"english","Ursa");
INSERT INTO card_name(carta_id, lang, value_) VALUES(10070,"german","Ursa");
INSERT INTO card_name(carta_id, lang, value_) VALUES(10070,"french","Ourso");
INSERT INTO card_name(carta_id, lang, value_) VALUES(10070,"italian","Ursa");

INSERT INTO card_name(carta_id, lang, value_) VALUES(10070,"spanish","Ursa");



INSERT INTO card_name(carta_id, lang, value_) VALUES(10070,"thai","Ursa");

INSERT INTO card_name(carta_id, lang, value_) VALUES(10070,"portuguese","Ursa");
INSERT INTO card_name(carta_id, lang, value_) VALUES(10070,"polish","Ursa");
INSERT INTO card_name(carta_id, lang, value_) VALUES(10070,"danish","Ursa");
INSERT INTO card_name(carta_id, lang, value_) VALUES(10070,"dutch","Ursa");
INSERT INTO card_name(carta_id, lang, value_) VALUES(10070,"finnish","Ursa");
INSERT INTO card_name(carta_id, lang, value_) VALUES(10070,"norwegian","Ursa");
INSERT INTO card_name(carta_id, lang, value_) VALUES(10070,"swedish","Ursa");
INSERT INTO card_name(carta_id, lang, value_) VALUES(10070,"hungarian","Ursa");
INSERT INTO card_name(carta_id, lang, value_) VALUES(10070,"czech","Ursa");
INSERT INTO card_name(carta_id, lang, value_) VALUES(10070,"romanian","Ursa");
INSERT INTO card_name(carta_id, lang, value_) VALUES(10070,"turkish","Ursa");
INSERT INTO card_name(carta_id, lang, value_) VALUES(10070,"brazilian","Ursa");
INSERT INTO card_name(carta_id, lang, value_) VALUES(10070,"bulgarian","Ursa");
INSERT INTO card_name(carta_id, lang, value_) VALUES(10070,"greek","Ursa");
INSERT INTO card_name(carta_id, lang, value_) VALUES(10070,"ukrainian","Ursa");
INSERT INTO card_name(carta_id, lang, value_) VALUES(10070,"latam","Ursa");
INSERT INTO card_name(carta_id, lang, value_) VALUES(10070,"vietnamese","Ursa");
INSERT INTO large_image(carta_id, lang, value_) VALUES(10070,"default","https://steamcdn-a.akamaihd.net/apps/583950/icons/set01/10070_large_english.05b4a0bd1eef5870a858f640ca75f333cbae2621.png");
INSERT INTO large_image(carta_id, lang, value_) VALUES(10070,"german","https://steamcdn-a.akamaihd.net/apps/583950/icons/set01/10070_large_german.564141fb7b3d8a19f96783fe1143cf7059969b94.png");
INSERT INTO large_image(carta_id, lang, value_) VALUES(10070,"french","https://steamcdn-a.akamaihd.net/apps/583950/icons/set01/10070_large_french.93fc834201839c968a248b105f603b69e9faca42.png");
INSERT INTO large_image(carta_id, lang, value_) VALUES(10070,"italian","https://steamcdn-a.akamaihd.net/apps/583950/icons/set01/10070_large_italian.564141fb7b3d8a19f96783fe1143cf7059969b94.png");

INSERT INTO large_image(carta_id, lang, value_) VALUES(10070,"spanish","https://steamcdn-a.akamaihd.net/apps/583950/icons/set01/10070_large_spanish.71150ad7caf6c79b6416f7849aabb62082a946c9.png");




INSERT INTO large_image(carta_id, lang, value_) VALUES(10070,"brazilian","https://steamcdn-a.akamaihd.net/apps/583950/icons/set01/10070_large_brazilian.0205aa5c28df87ae2462f4b3baab1006164cdbc1.png");
INSERT INTO large_image(carta_id, lang, value_) VALUES(10070,"latam","https://steamcdn-a.akamaihd.net/apps/583950/icons/set01/10070_large_latam.4fc2cdb0116b15416442a3e1150fb36bb1932654.png");
INSERT INTO carta(id, card_type, illustrator, rarity, item_def) VALUES (10076,'Creep','Mike Azevedo','Uncommon',110076);
INSERT INTO card_name(carta_id, lang, value_) VALUES(10076,"english","Smeevil Armsmaster");
INSERT INTO card_name(carta_id, lang, value_) VALUES(10076,"german","Smibel-Waffenmeister");
INSERT INTO card_name(carta_id, lang, value_) VALUES(10076,"french","Maître d'armes Artidémon");
INSERT INTO card_name(carta_id, lang, value_) VALUES(10076,"italian","Maestro d'armi Smeevil");

INSERT INTO card_name(carta_id, lang, value_) VALUES(10076,"spanish","Armero de Smeevil");



INSERT INTO card_name(carta_id, lang, value_) VALUES(10076,"thai","Smeevil Armsmaster");

INSERT INTO card_name(carta_id, lang, value_) VALUES(10076,"portuguese","Smeevil Armsmaster");
INSERT INTO card_name(carta_id, lang, value_) VALUES(10076,"polish","Smeevil Armsmaster");
INSERT INTO card_name(carta_id, lang, value_) VALUES(10076,"danish","Smeevil Armsmaster");
INSERT INTO card_name(carta_id, lang, value_) VALUES(10076,"dutch","Smeevil Armsmaster");
INSERT INTO card_name(carta_id, lang, value_) VALUES(10076,"finnish","Smeevil Armsmaster");
INSERT INTO card_name(carta_id, lang, value_) VALUES(10076,"norwegian","Smeevil Armsmaster");
INSERT INTO card_name(carta_id, lang, value_) VALUES(10076,"swedish","Smeevil Armsmaster");
INSERT INTO card_name(carta_id, lang, value_) VALUES(10076,"hungarian","Smeevil Armsmaster");
INSERT INTO card_name(carta_id, lang, value_) VALUES(10076,"czech","Smeevil Armsmaster");
INSERT INTO card_name(carta_id, lang, value_) VALUES(10076,"romanian","Smeevil Armsmaster");
INSERT INTO card_name(carta_id, lang, value_) VALUES(10076,"turkish","Smeevil Armsmaster");
INSERT INTO card_name(carta_id, lang, value_) VALUES(10076,"brazilian","Smeevil Mestre Armeiro");
INSERT INTO card_name(carta_id, lang, value_) VALUES(10076,"bulgarian","Smeevil Armsmaster");
INSERT INTO card_name(carta_id, lang, value_) VALUES(10076,"greek","Smeevil Armsmaster");
INSERT INTO card_name(carta_id, lang, value_) VALUES(10076,"ukrainian","Smeevil Armsmaster");
INSERT INTO card_name(carta_id, lang, value_) VALUES(10076,"latam","Armero Smeevil");
INSERT INTO card_name(carta_id, lang, value_) VALUES(10076,"vietnamese","Smeevil Armsmaster");
INSERT INTO large_image(carta_id, lang, value_) VALUES(10076,"default","https://steamcdn-a.akamaihd.net/apps/583950/icons/set01/10076_large_english.411ba3e966b8fb420bb2667bc06c2925d03bef05.png");
INSERT INTO large_image(carta_id, lang, value_) VALUES(10076,"german","https://steamcdn-a.akamaihd.net/apps/583950/icons/set01/10076_large_german.35b0d7aa61c31667ab0e923f95df0ad0b926564c.png");
INSERT INTO large_image(carta_id, lang, value_) VALUES(10076,"french","https://steamcdn-a.akamaihd.net/apps/583950/icons/set01/10076_large_french.3868d7eaa877d29c2d34da79aeec304f6ba6f83a.png");
INSERT INTO large_image(carta_id, lang, value_) VALUES(10076,"italian","https://steamcdn-a.akamaihd.net/apps/583950/icons/set01/10076_large_italian.336b090a63176c2ffc0ad4ce0e50fe0373a34d25.png");

INSERT INTO large_image(carta_id, lang, value_) VALUES(10076,"spanish","https://steamcdn-a.akamaihd.net/apps/583950/icons/set01/10076_large_spanish.ed26f3e1b9b3e53fb2c70d446bc46655b5e2a9aa.png");




INSERT INTO large_image(carta_id, lang, value_) VALUES(10076,"brazilian","https://steamcdn-a.akamaihd.net/apps/583950/icons/set01/10076_large_brazilian.fe96b6217403e7fa4afc76fe14ead0bdcd9d1d59.png");
INSERT INTO large_image(carta_id, lang, value_) VALUES(10076,"latam","https://steamcdn-a.akamaihd.net/apps/583950/icons/set01/10076_large_latam.02f4c4b8dc5a3d9488e570a643943bebf0558925.png");
INSERT INTO carta(id, card_type, illustrator, rarity, item_def) VALUES (10077,'Creep','Anthony Palumbo','Uncommon',110077);
INSERT INTO card_name(carta_id, lang, value_) VALUES(10077,"english","Sister of the Veil");
INSERT INTO card_name(carta_id, lang, value_) VALUES(10077,"german","Schwester des Schleiers");
INSERT INTO card_name(carta_id, lang, value_) VALUES(10077,"french","Sœur du voile");
INSERT INTO card_name(carta_id, lang, value_) VALUES(10077,"italian","Sorella del Velo");

INSERT INTO card_name(carta_id, lang, value_) VALUES(10077,"spanish","Hermana del Velo");



INSERT INTO card_name(carta_id, lang, value_) VALUES(10077,"thai","Sister of the Veil");

INSERT INTO card_name(carta_id, lang, value_) VALUES(10077,"portuguese","Sister of the Veil");
INSERT INTO card_name(carta_id, lang, value_) VALUES(10077,"polish","Sister of the Veil");
INSERT INTO card_name(carta_id, lang, value_) VALUES(10077,"danish","Sister of the Veil");
INSERT INTO card_name(carta_id, lang, value_) VALUES(10077,"dutch","Sister of the Veil");
INSERT INTO card_name(carta_id, lang, value_) VALUES(10077,"finnish","Sister of the Veil");
INSERT INTO card_name(carta_id, lang, value_) VALUES(10077,"norwegian","Sister of the Veil");
INSERT INTO card_name(carta_id, lang, value_) VALUES(10077,"swedish","Sister of the Veil");
INSERT INTO card_name(carta_id, lang, value_) VALUES(10077,"hungarian","Sister of the Veil");
INSERT INTO card_name(carta_id, lang, value_) VALUES(10077,"czech","Sister of the Veil");
INSERT INTO card_name(carta_id, lang, value_) VALUES(10077,"romanian","Sister of the Veil");
INSERT INTO card_name(carta_id, lang, value_) VALUES(10077,"turkish","Sister of the Veil");
INSERT INTO card_name(carta_id, lang, value_) VALUES(10077,"brazilian","Irmã do Véu");
INSERT INTO card_name(carta_id, lang, value_) VALUES(10077,"bulgarian","Sister of the Veil");
INSERT INTO card_name(carta_id, lang, value_) VALUES(10077,"greek","Sister of the Veil");
INSERT INTO card_name(carta_id, lang, value_) VALUES(10077,"ukrainian","Sister of the Veil");
INSERT INTO card_name(carta_id, lang, value_) VALUES(10077,"latam","Hermana del Velo");
INSERT INTO card_name(carta_id, lang, value_) VALUES(10077,"vietnamese","Sister of the Veil");
INSERT INTO large_image(carta_id, lang, value_) VALUES(10077,"default","https://steamcdn-a.akamaihd.net/apps/583950/icons/set01/10077_large_english.824ee793588d27e89dbdc097a95ee59d7a09e95c.png");
INSERT INTO large_image(carta_id, lang, value_) VALUES(10077,"german","https://steamcdn-a.akamaihd.net/apps/583950/icons/set01/10077_large_german.567d75ad8e84a9c71a8ec51cf9ac4e9c43743610.png");
INSERT INTO large_image(carta_id, lang, value_) VALUES(10077,"french","https://steamcdn-a.akamaihd.net/apps/583950/icons/set01/10077_large_french.bbb6747eccf48fc35900bba4cd0ef01f3c856dad.png");
INSERT INTO large_image(carta_id, lang, value_) VALUES(10077,"italian","https://steamcdn-a.akamaihd.net/apps/583950/icons/set01/10077_large_italian.f41a3d076debbaa58660ecb4d15a30bad3433f55.png");

INSERT INTO large_image(carta_id, lang, value_) VALUES(10077,"spanish","https://steamcdn-a.akamaihd.net/apps/583950/icons/set01/10077_large_spanish.3d16df446d3b7df7c2c3a5afeb006786cfce168c.png");




INSERT INTO large_image(carta_id, lang, value_) VALUES(10077,"brazilian","https://steamcdn-a.akamaihd.net/apps/583950/icons/set01/10077_large_brazilian.5eb42c111294350de73cbb030a8a6bd9bf897f27.png");
INSERT INTO large_image(carta_id, lang, value_) VALUES(10077,"latam","https://steamcdn-a.akamaihd.net/apps/583950/icons/set01/10077_large_latam.d4a3689c3b5f4e6ea43adacbc7ebf3600b4dd015.png");
INSERT INTO carta(id, card_type, illustrator, rarity, item_def) VALUES (10078,'Creep','James Paick','Uncommon',110078);
INSERT INTO card_name(carta_id, lang, value_) VALUES(10078,"english","Tyler Estate Censor");
INSERT INTO card_name(carta_id, lang, value_) VALUES(10078,"german","Zensor des Tyler-Anwesens");
INSERT INTO card_name(carta_id, lang, value_) VALUES(10078,"french","Censeur du domaine de Tyler");
INSERT INTO card_name(carta_id, lang, value_) VALUES(10078,"italian","Censore della tenuta Tyler");

INSERT INTO card_name(carta_id, lang, value_) VALUES(10078,"spanish","Perito de la finca Tyler");



INSERT INTO card_name(carta_id, lang, value_) VALUES(10078,"thai","Tyler Estate Censor");

INSERT INTO card_name(carta_id, lang, value_) VALUES(10078,"portuguese","Tyler Estate Censor");
INSERT INTO card_name(carta_id, lang, value_) VALUES(10078,"polish","Tyler Estate Censor");
INSERT INTO card_name(carta_id, lang, value_) VALUES(10078,"danish","Tyler Estate Censor");
INSERT INTO card_name(carta_id, lang, value_) VALUES(10078,"dutch","Tyler Estate Censor");
INSERT INTO card_name(carta_id, lang, value_) VALUES(10078,"finnish","Tyler Estate Censor");
INSERT INTO card_name(carta_id, lang, value_) VALUES(10078,"norwegian","Tyler Estate Censor");
INSERT INTO card_name(carta_id, lang, value_) VALUES(10078,"swedish","Tyler Estate Censor");
INSERT INTO card_name(carta_id, lang, value_) VALUES(10078,"hungarian","Tyler Estate Censor");
INSERT INTO card_name(carta_id, lang, value_) VALUES(10078,"czech","Tyler Estate Censor");
INSERT INTO card_name(carta_id, lang, value_) VALUES(10078,"romanian","Tyler Estate Censor");
INSERT INTO card_name(carta_id, lang, value_) VALUES(10078,"turkish","Tyler Estate Censor");
INSERT INTO card_name(carta_id, lang, value_) VALUES(10078,"brazilian","Censor da Mansão Tyler");
INSERT INTO card_name(carta_id, lang, value_) VALUES(10078,"bulgarian","Tyler Estate Censor");
INSERT INTO card_name(carta_id, lang, value_) VALUES(10078,"greek","Tyler Estate Censor");
INSERT INTO card_name(carta_id, lang, value_) VALUES(10078,"ukrainian","Tyler Estate Censor");
INSERT INTO card_name(carta_id, lang, value_) VALUES(10078,"latam","Perito de la Hacienda Tyler");
INSERT INTO card_name(carta_id, lang, value_) VALUES(10078,"vietnamese","Tyler Estate Censor");
INSERT INTO large_image(carta_id, lang, value_) VALUES(10078,"default","https://steamcdn-a.akamaihd.net/apps/583950/icons/set01/10078_large_english.e8e7e615e3cf1223c561685e92d6d150532ab8e8.png");
INSERT INTO large_image(carta_id, lang, value_) VALUES(10078,"german","https://steamcdn-a.akamaihd.net/apps/583950/icons/set01/10078_large_german.5866fff2cacefc1f62a84d16ea58476caf348576.png");
INSERT INTO large_image(carta_id, lang, value_) VALUES(10078,"french","https://steamcdn-a.akamaihd.net/apps/583950/icons/set01/10078_large_french.09d4626a97bdc3e1114129db2dd12527edcf46fe.png");
INSERT INTO large_image(carta_id, lang, value_) VALUES(10078,"italian","https://steamcdn-a.akamaihd.net/apps/583950/icons/set01/10078_large_italian.c37ceae3b6275b14baab712d51359f78de2d7012.png");

INSERT INTO large_image(carta_id, lang, value_) VALUES(10078,"spanish","https://steamcdn-a.akamaihd.net/apps/583950/icons/set01/10078_large_spanish.7fd5ad04f70742f6bba03d727fbfb7ee12721938.png");




INSERT INTO large_image(carta_id, lang, value_) VALUES(10078,"brazilian","https://steamcdn-a.akamaihd.net/apps/583950/icons/set01/10078_large_brazilian.f8378f191abf8698f7d621b6c731e0c14ba1ad1f.png");
INSERT INTO large_image(carta_id, lang, value_) VALUES(10078,"latam","https://steamcdn-a.akamaihd.net/apps/583950/icons/set01/10078_large_latam.be9235a35587c60b65541ddf19acf18ac3934bde.png");
INSERT INTO carta(id, card_type, illustrator, rarity, item_def) VALUES (10079,'Creep','Izzy','Uncommon',110079);
INSERT INTO card_name(carta_id, lang, value_) VALUES(10079,"english","Smeevil Blacksmith");
INSERT INTO card_name(carta_id, lang, value_) VALUES(10079,"german","Smibel-Schmied");
INSERT INTO card_name(carta_id, lang, value_) VALUES(10079,"french","Forgeronne Artidémon");
INSERT INTO card_name(carta_id, lang, value_) VALUES(10079,"italian","Fabbro Smeevil");

INSERT INTO card_name(carta_id, lang, value_) VALUES(10079,"spanish","Forjadora de Smeevil");



INSERT INTO card_name(carta_id, lang, value_) VALUES(10079,"thai","Smeevil Blacksmith");

INSERT INTO card_name(carta_id, lang, value_) VALUES(10079,"portuguese","Smeevil Blacksmith");
INSERT INTO card_name(carta_id, lang, value_) VALUES(10079,"polish","Smeevil Blacksmith");
INSERT INTO card_name(carta_id, lang, value_) VALUES(10079,"danish","Smeevil Blacksmith");
INSERT INTO card_name(carta_id, lang, value_) VALUES(10079,"dutch","Smeevil Blacksmith");
INSERT INTO card_name(carta_id, lang, value_) VALUES(10079,"finnish","Smeevil Blacksmith");
INSERT INTO card_name(carta_id, lang, value_) VALUES(10079,"norwegian","Smeevil Blacksmith");
INSERT INTO card_name(carta_id, lang, value_) VALUES(10079,"swedish","Smeevil Blacksmith");
INSERT INTO card_name(carta_id, lang, value_) VALUES(10079,"hungarian","Smeevil Blacksmith");
INSERT INTO card_name(carta_id, lang, value_) VALUES(10079,"czech","Smeevil Blacksmith");
INSERT INTO card_name(carta_id, lang, value_) VALUES(10079,"romanian","Smeevil Blacksmith");
INSERT INTO card_name(carta_id, lang, value_) VALUES(10079,"turkish","Smeevil Blacksmith");
INSERT INTO card_name(carta_id, lang, value_) VALUES(10079,"brazilian","Smeevil Ferreira");
INSERT INTO card_name(carta_id, lang, value_) VALUES(10079,"bulgarian","Smeevil Blacksmith");
INSERT INTO card_name(carta_id, lang, value_) VALUES(10079,"greek","Smeevil Blacksmith");
INSERT INTO card_name(carta_id, lang, value_) VALUES(10079,"ukrainian","Smeevil Blacksmith");
INSERT INTO card_name(carta_id, lang, value_) VALUES(10079,"latam","Forjadora Smeevil");
INSERT INTO card_name(carta_id, lang, value_) VALUES(10079,"vietnamese","Smeevil Blacksmith");
INSERT INTO large_image(carta_id, lang, value_) VALUES(10079,"default","https://steamcdn-a.akamaihd.net/apps/583950/icons/set01/10079_large_english.e0a7fbc933b7d2c3ad849685da633f95889df865.png");
INSERT INTO large_image(carta_id, lang, value_) VALUES(10079,"german","https://steamcdn-a.akamaihd.net/apps/583950/icons/set01/10079_large_german.1cd306ff14d7df74091074b31e3453bb57dc8e1d.png");
INSERT INTO large_image(carta_id, lang, value_) VALUES(10079,"french","https://steamcdn-a.akamaihd.net/apps/583950/icons/set01/10079_large_french.4661a0ac6fb6b0504277bd286350c658181055b4.png");
INSERT INTO large_image(carta_id, lang, value_) VALUES(10079,"italian","https://steamcdn-a.akamaihd.net/apps/583950/icons/set01/10079_large_italian.72fe663a71ffcc9b242bceae54fb1822b3f45aa6.png");

INSERT INTO large_image(carta_id, lang, value_) VALUES(10079,"spanish","https://steamcdn-a.akamaihd.net/apps/583950/icons/set01/10079_large_spanish.87c6a40ae5bdc4b03770ba48ea7b4ca0f67b8770.png");




INSERT INTO large_image(carta_id, lang, value_) VALUES(10079,"brazilian","https://steamcdn-a.akamaihd.net/apps/583950/icons/set01/10079_large_brazilian.d751173ecb1aabcc3cd033fbe53ceeb21a61a29c.png");
INSERT INTO large_image(carta_id, lang, value_) VALUES(10079,"latam","https://steamcdn-a.akamaihd.net/apps/583950/icons/set01/10079_large_latam.d753f1e251da6a0f951c351d22bee8be4d4f4e33.png");
INSERT INTO carta(id, card_type, illustrator, rarity, item_def) VALUES (10080,'Creep','Jason Kang','Common',110080);
INSERT INTO card_name(carta_id, lang, value_) VALUES(10080,"english","Rebel Decoy");
INSERT INTO card_name(carta_id, lang, value_) VALUES(10080,"german","Rebellenköder");
INSERT INTO card_name(carta_id, lang, value_) VALUES(10080,"french","Leurre rebelle");
INSERT INTO card_name(carta_id, lang, value_) VALUES(10080,"italian","Esca ribelle");

INSERT INTO card_name(carta_id, lang, value_) VALUES(10080,"spanish","Señuelo rebelde");



INSERT INTO card_name(carta_id, lang, value_) VALUES(10080,"thai","Rebel Decoy");

INSERT INTO card_name(carta_id, lang, value_) VALUES(10080,"portuguese","Rebel Decoy");
INSERT INTO card_name(carta_id, lang, value_) VALUES(10080,"polish","Rebel Decoy");
INSERT INTO card_name(carta_id, lang, value_) VALUES(10080,"danish","Rebel Decoy");
INSERT INTO card_name(carta_id, lang, value_) VALUES(10080,"dutch","Rebel Decoy");
INSERT INTO card_name(carta_id, lang, value_) VALUES(10080,"finnish","Rebel Decoy");
INSERT INTO card_name(carta_id, lang, value_) VALUES(10080,"norwegian","Rebel Decoy");
INSERT INTO card_name(carta_id, lang, value_) VALUES(10080,"swedish","Rebel Decoy");
INSERT INTO card_name(carta_id, lang, value_) VALUES(10080,"hungarian","Rebel Decoy");
INSERT INTO card_name(carta_id, lang, value_) VALUES(10080,"czech","Rebel Decoy");
INSERT INTO card_name(carta_id, lang, value_) VALUES(10080,"romanian","Rebel Decoy");
INSERT INTO card_name(carta_id, lang, value_) VALUES(10080,"turkish","Rebel Decoy");
INSERT INTO card_name(carta_id, lang, value_) VALUES(10080,"brazilian","Chamariz Rebelde");
INSERT INTO card_name(carta_id, lang, value_) VALUES(10080,"bulgarian","Rebel Decoy");
INSERT INTO card_name(carta_id, lang, value_) VALUES(10080,"greek","Rebel Decoy");
INSERT INTO card_name(carta_id, lang, value_) VALUES(10080,"ukrainian","Rebel Decoy");
INSERT INTO card_name(carta_id, lang, value_) VALUES(10080,"latam","Señuelo rebelde");
INSERT INTO card_name(carta_id, lang, value_) VALUES(10080,"vietnamese","Rebel Decoy");
INSERT INTO large_image(carta_id, lang, value_) VALUES(10080,"default","https://steamcdn-a.akamaihd.net/apps/583950/icons/set01/10080_large_english.22a6f5169b9e1145ddd3d7c679b7484653c422ca.png");
INSERT INTO large_image(carta_id, lang, value_) VALUES(10080,"german","https://steamcdn-a.akamaihd.net/apps/583950/icons/set01/10080_large_german.98ad4395420adf92374f82ba33d5f55352cb94f4.png");
INSERT INTO large_image(carta_id, lang, value_) VALUES(10080,"french","https://steamcdn-a.akamaihd.net/apps/583950/icons/set01/10080_large_french.a075d437f11a0cf8fb6091acf4d676d5643c5eba.png");
INSERT INTO large_image(carta_id, lang, value_) VALUES(10080,"italian","https://steamcdn-a.akamaihd.net/apps/583950/icons/set01/10080_large_italian.6e4d66c26ca10cc579161b533cb1eb3191f7b9bc.png");

INSERT INTO large_image(carta_id, lang, value_) VALUES(10080,"spanish","https://steamcdn-a.akamaihd.net/apps/583950/icons/set01/10080_large_spanish.babf55369ef199d257f54c99f12ab60423e9ee20.png");




INSERT INTO large_image(carta_id, lang, value_) VALUES(10080,"brazilian","https://steamcdn-a.akamaihd.net/apps/583950/icons/set01/10080_large_brazilian.0aae37b09c4e7d47300a1dd92df804346ef6a948.png");
INSERT INTO large_image(carta_id, lang, value_) VALUES(10080,"latam","https://steamcdn-a.akamaihd.net/apps/583950/icons/set01/10080_large_latam.6dadc1325abf94768052bfc32dda365ecb0ae5b2.png");
INSERT INTO carta(id, card_type, illustrator, rarity, item_def) VALUES (10083,'Creep','Daarken','Rare',110083);
INSERT INTO card_name(carta_id, lang, value_) VALUES(10083,"english","Pit Fighter of Quoidge");
INSERT INTO card_name(carta_id, lang, value_) VALUES(10083,"german","Grubenkämpfer aus Quoidge");
INSERT INTO card_name(carta_id, lang, value_) VALUES(10083,"french","Combattant de Quoidge");
INSERT INTO card_name(carta_id, lang, value_) VALUES(10083,"italian","Gladiatore di Quoidge");

INSERT INTO card_name(carta_id, lang, value_) VALUES(10083,"spanish","Luchador de Quoidge");



INSERT INTO card_name(carta_id, lang, value_) VALUES(10083,"thai","Pit Fighter of Quoidge");

INSERT INTO card_name(carta_id, lang, value_) VALUES(10083,"portuguese","Pit Fighter of Quoidge");
INSERT INTO card_name(carta_id, lang, value_) VALUES(10083,"polish","Pit Fighter of Quoidge");
INSERT INTO card_name(carta_id, lang, value_) VALUES(10083,"danish","Pit Fighter of Quoidge");
INSERT INTO card_name(carta_id, lang, value_) VALUES(10083,"dutch","Pit Fighter of Quoidge");
INSERT INTO card_name(carta_id, lang, value_) VALUES(10083,"finnish","Pit Fighter of Quoidge");
INSERT INTO card_name(carta_id, lang, value_) VALUES(10083,"norwegian","Pit Fighter of Quoidge");
INSERT INTO card_name(carta_id, lang, value_) VALUES(10083,"swedish","Pit Fighter of Quoidge");
INSERT INTO card_name(carta_id, lang, value_) VALUES(10083,"hungarian","Pit Fighter of Quoidge");
INSERT INTO card_name(carta_id, lang, value_) VALUES(10083,"czech","Pit Fighter of Quoidge");
INSERT INTO card_name(carta_id, lang, value_) VALUES(10083,"romanian","Pit Fighter of Quoidge");
INSERT INTO card_name(carta_id, lang, value_) VALUES(10083,"turkish","Pit Fighter of Quoidge");
INSERT INTO card_name(carta_id, lang, value_) VALUES(10083,"brazilian","Gladiador de Quoidge");
INSERT INTO card_name(carta_id, lang, value_) VALUES(10083,"bulgarian","Pit Fighter of Quoidge");
INSERT INTO card_name(carta_id, lang, value_) VALUES(10083,"greek","Pit Fighter of Quoidge");
INSERT INTO card_name(carta_id, lang, value_) VALUES(10083,"ukrainian","Pit Fighter of Quoidge");
INSERT INTO card_name(carta_id, lang, value_) VALUES(10083,"latam","Luchador de Quoidge");
INSERT INTO card_name(carta_id, lang, value_) VALUES(10083,"vietnamese","Pit Fighter of Quoidge");
INSERT INTO large_image(carta_id, lang, value_) VALUES(10083,"default","https://steamcdn-a.akamaihd.net/apps/583950/icons/set01/10083_large_english.4ad7efe3f45ccebdd3f8536eeb3718bb368bed3a.png");
INSERT INTO large_image(carta_id, lang, value_) VALUES(10083,"german","https://steamcdn-a.akamaihd.net/apps/583950/icons/set01/10083_large_german.1a1bd655ee054089fdce30fe74228eeb1049b471.png");
INSERT INTO large_image(carta_id, lang, value_) VALUES(10083,"french","https://steamcdn-a.akamaihd.net/apps/583950/icons/set01/10083_large_french.1e4451265cbc37434da45e374164c0f9ff0a840e.png");
INSERT INTO large_image(carta_id, lang, value_) VALUES(10083,"italian","https://steamcdn-a.akamaihd.net/apps/583950/icons/set01/10083_large_italian.9a45f86ca311089785dc1c50b1fb238a11317668.png");

INSERT INTO large_image(carta_id, lang, value_) VALUES(10083,"spanish","https://steamcdn-a.akamaihd.net/apps/583950/icons/set01/10083_large_spanish.596ef5d04931fd0345738922b4b7e2ce114c8452.png");




INSERT INTO large_image(carta_id, lang, value_) VALUES(10083,"brazilian","https://steamcdn-a.akamaihd.net/apps/583950/icons/set01/10083_large_brazilian.b3661d1953d0422e904b20e97ab3397bcc9e5d90.png");
INSERT INTO large_image(carta_id, lang, value_) VALUES(10083,"latam","https://steamcdn-a.akamaihd.net/apps/583950/icons/set01/10083_large_latam.bbec4f037dbc0c70f3b1550034ad34cc3273e71c.png");
INSERT INTO carta(id, card_type, illustrator, rarity, item_def) VALUES (10084,'Creep','Forrest Imel','Uncommon',110084);
INSERT INTO card_name(carta_id, lang, value_) VALUES(10084,"english","Rebel Instigator");
INSERT INTO card_name(carta_id, lang, value_) VALUES(10084,"german","Rebellenanstifter");
INSERT INTO card_name(carta_id, lang, value_) VALUES(10084,"french","Instigateur rebelle");
INSERT INTO card_name(carta_id, lang, value_) VALUES(10084,"italian","Istigatore ribelle");

INSERT INTO card_name(carta_id, lang, value_) VALUES(10084,"spanish","Instigador Rebelde");



INSERT INTO card_name(carta_id, lang, value_) VALUES(10084,"thai","Rebel Instigator");

INSERT INTO card_name(carta_id, lang, value_) VALUES(10084,"portuguese","Rebel Instigator");
INSERT INTO card_name(carta_id, lang, value_) VALUES(10084,"polish","Rebel Instigator");
INSERT INTO card_name(carta_id, lang, value_) VALUES(10084,"danish","Rebel Instigator");
INSERT INTO card_name(carta_id, lang, value_) VALUES(10084,"dutch","Rebel Instigator");
INSERT INTO card_name(carta_id, lang, value_) VALUES(10084,"finnish","Rebel Instigator");
INSERT INTO card_name(carta_id, lang, value_) VALUES(10084,"norwegian","Rebel Instigator");
INSERT INTO card_name(carta_id, lang, value_) VALUES(10084,"swedish","Rebel Instigator");
INSERT INTO card_name(carta_id, lang, value_) VALUES(10084,"hungarian","Rebel Instigator");
INSERT INTO card_name(carta_id, lang, value_) VALUES(10084,"czech","Rebel Instigator");
INSERT INTO card_name(carta_id, lang, value_) VALUES(10084,"romanian","Rebel Instigator");
INSERT INTO card_name(carta_id, lang, value_) VALUES(10084,"turkish","Rebel Instigator");
INSERT INTO card_name(carta_id, lang, value_) VALUES(10084,"brazilian","Instigador Rebelde");
INSERT INTO card_name(carta_id, lang, value_) VALUES(10084,"bulgarian","Rebel Instigator");
INSERT INTO card_name(carta_id, lang, value_) VALUES(10084,"greek","Rebel Instigator");
INSERT INTO card_name(carta_id, lang, value_) VALUES(10084,"ukrainian","Rebel Instigator");
INSERT INTO card_name(carta_id, lang, value_) VALUES(10084,"latam","Instigador Rebelde");
INSERT INTO card_name(carta_id, lang, value_) VALUES(10084,"vietnamese","Rebel Instigator");
INSERT INTO large_image(carta_id, lang, value_) VALUES(10084,"default","https://steamcdn-a.akamaihd.net/apps/583950/icons/set01/10084_large_english.cff05e4ab2b01919819a79de0f33adb46cf27509.png");
INSERT INTO large_image(carta_id, lang, value_) VALUES(10084,"german","https://steamcdn-a.akamaihd.net/apps/583950/icons/set01/10084_large_german.0caad6e12c019b598357689628a922521d6c29d0.png");
INSERT INTO large_image(carta_id, lang, value_) VALUES(10084,"french","https://steamcdn-a.akamaihd.net/apps/583950/icons/set01/10084_large_french.c72914ffb47c345365ff09cb9751697a1ede001f.png");
INSERT INTO large_image(carta_id, lang, value_) VALUES(10084,"italian","https://steamcdn-a.akamaihd.net/apps/583950/icons/set01/10084_large_italian.e47040b4c918c620fa1efdb84a3d1426c7d73951.png");

INSERT INTO large_image(carta_id, lang, value_) VALUES(10084,"spanish","https://steamcdn-a.akamaihd.net/apps/583950/icons/set01/10084_large_spanish.da4f4200c67244182ddf4dbf620b07d30e8ae983.png");




INSERT INTO large_image(carta_id, lang, value_) VALUES(10084,"brazilian","https://steamcdn-a.akamaihd.net/apps/583950/icons/set01/10084_large_brazilian.ba062fde8362c32bea6f76a8750122d5e87eea0d.png");
INSERT INTO large_image(carta_id, lang, value_) VALUES(10084,"latam","https://steamcdn-a.akamaihd.net/apps/583950/icons/set01/10084_large_latam.15e214e01c9c81a550456f5ebe2dbc1216764305.png");
INSERT INTO carta(id, card_type, illustrator, rarity, item_def) VALUES (10085,'Creep','Daniel Romanovsky','Rare',110085);
INSERT INTO card_name(carta_id, lang, value_) VALUES(10085,"english","Assassin's Shadow");
INSERT INTO card_name(carta_id, lang, value_) VALUES(10085,"german","Assassinenschatten");
INSERT INTO card_name(carta_id, lang, value_) VALUES(10085,"french","Ombre assassine");
INSERT INTO card_name(carta_id, lang, value_) VALUES(10085,"italian","Ombra dell'assassina");

INSERT INTO card_name(carta_id, lang, value_) VALUES(10085,"spanish","Sombra Asesina");



INSERT INTO card_name(carta_id, lang, value_) VALUES(10085,"thai","Assassin's Shadow");

INSERT INTO card_name(carta_id, lang, value_) VALUES(10085,"portuguese","Assassin's Shadow");
INSERT INTO card_name(carta_id, lang, value_) VALUES(10085,"polish","Assassin's Shadow");
INSERT INTO card_name(carta_id, lang, value_) VALUES(10085,"danish","Assassin's Shadow");
INSERT INTO card_name(carta_id, lang, value_) VALUES(10085,"dutch","Assassin's Shadow");
INSERT INTO card_name(carta_id, lang, value_) VALUES(10085,"finnish","Assassin's Shadow");
INSERT INTO card_name(carta_id, lang, value_) VALUES(10085,"norwegian","Assassin's Shadow");
INSERT INTO card_name(carta_id, lang, value_) VALUES(10085,"swedish","Assassin's Shadow");
INSERT INTO card_name(carta_id, lang, value_) VALUES(10085,"hungarian","Assassin's Shadow");
INSERT INTO card_name(carta_id, lang, value_) VALUES(10085,"czech","Assassin's Shadow");
INSERT INTO card_name(carta_id, lang, value_) VALUES(10085,"romanian","Assassin's Shadow");
INSERT INTO card_name(carta_id, lang, value_) VALUES(10085,"turkish","Assassin's Shadow");
INSERT INTO card_name(carta_id, lang, value_) VALUES(10085,"brazilian","Sombra da Assassina");
INSERT INTO card_name(carta_id, lang, value_) VALUES(10085,"bulgarian","Assassin's Shadow");
INSERT INTO card_name(carta_id, lang, value_) VALUES(10085,"greek","Assassin's Shadow");
INSERT INTO card_name(carta_id, lang, value_) VALUES(10085,"ukrainian","Assassin's Shadow");
INSERT INTO card_name(carta_id, lang, value_) VALUES(10085,"latam","Sombra Asesina");
INSERT INTO card_name(carta_id, lang, value_) VALUES(10085,"vietnamese","Assassin's Shadow");
INSERT INTO large_image(carta_id, lang, value_) VALUES(10085,"default","https://steamcdn-a.akamaihd.net/apps/583950/icons/set01/10085_large_english.cd928cdc0611623b76019790e303bc4ab02ef299.png");
INSERT INTO large_image(carta_id, lang, value_) VALUES(10085,"german","https://steamcdn-a.akamaihd.net/apps/583950/icons/set01/10085_large_german.e48d16460880f276fda998363e72ac3544bee023.png");
INSERT INTO large_image(carta_id, lang, value_) VALUES(10085,"french","https://steamcdn-a.akamaihd.net/apps/583950/icons/set01/10085_large_french.da5cfe3231725c28a6ba19d930de5ec1e5e91ea2.png");
INSERT INTO large_image(carta_id, lang, value_) VALUES(10085,"italian","https://steamcdn-a.akamaihd.net/apps/583950/icons/set01/10085_large_italian.0450139822c32cd57e8401a8ec6467b05c03427e.png");

INSERT INTO large_image(carta_id, lang, value_) VALUES(10085,"spanish","https://steamcdn-a.akamaihd.net/apps/583950/icons/set01/10085_large_spanish.a1726389281663352c1c228c6df30cd8cf3f08aa.png");




INSERT INTO large_image(carta_id, lang, value_) VALUES(10085,"brazilian","https://steamcdn-a.akamaihd.net/apps/583950/icons/set01/10085_large_brazilian.6ec48e40c3921fb5985292dcd8998b9be9bc0209.png");
INSERT INTO large_image(carta_id, lang, value_) VALUES(10085,"latam","https://steamcdn-a.akamaihd.net/apps/583950/icons/set01/10085_large_latam.665c52ecee23fce0f2f5d8fd24e7d492bd0e3af7.png");
INSERT INTO carta(id, card_type, illustrator, rarity, item_def) VALUES (10086,'Creep','Lius Lasahido','Common',110086);
INSERT INTO card_name(carta_id, lang, value_) VALUES(10086,"english","Disciple of Nevermore");
INSERT INTO card_name(carta_id, lang, value_) VALUES(10086,"german","Jüngerin von Nevermore");
INSERT INTO card_name(carta_id, lang, value_) VALUES(10086,"french","Disciple de Ténébris");
INSERT INTO card_name(carta_id, lang, value_) VALUES(10086,"italian","Discepolo di Maipiù");

INSERT INTO card_name(carta_id, lang, value_) VALUES(10086,"spanish","Discípula de Nevermore");



INSERT INTO card_name(carta_id, lang, value_) VALUES(10086,"thai","Disciple of Nevermore");

INSERT INTO card_name(carta_id, lang, value_) VALUES(10086,"portuguese","Disciple of Nevermore");
INSERT INTO card_name(carta_id, lang, value_) VALUES(10086,"polish","Disciple of Nevermore");
INSERT INTO card_name(carta_id, lang, value_) VALUES(10086,"danish","Disciple of Nevermore");
INSERT INTO card_name(carta_id, lang, value_) VALUES(10086,"dutch","Disciple of Nevermore");
INSERT INTO card_name(carta_id, lang, value_) VALUES(10086,"finnish","Disciple of Nevermore");
INSERT INTO card_name(carta_id, lang, value_) VALUES(10086,"norwegian","Disciple of Nevermore");
INSERT INTO card_name(carta_id, lang, value_) VALUES(10086,"swedish","Disciple of Nevermore");
INSERT INTO card_name(carta_id, lang, value_) VALUES(10086,"hungarian","Disciple of Nevermore");
INSERT INTO card_name(carta_id, lang, value_) VALUES(10086,"czech","Disciple of Nevermore");
INSERT INTO card_name(carta_id, lang, value_) VALUES(10086,"romanian","Disciple of Nevermore");
INSERT INTO card_name(carta_id, lang, value_) VALUES(10086,"turkish","Disciple of Nevermore");
INSERT INTO card_name(carta_id, lang, value_) VALUES(10086,"brazilian","Discípula de Nuncamais");
INSERT INTO card_name(carta_id, lang, value_) VALUES(10086,"bulgarian","Disciple of Nevermore");
INSERT INTO card_name(carta_id, lang, value_) VALUES(10086,"greek","Disciple of Nevermore");
INSERT INTO card_name(carta_id, lang, value_) VALUES(10086,"ukrainian","Disciple of Nevermore");
INSERT INTO card_name(carta_id, lang, value_) VALUES(10086,"latam","Discípula de Nevermore");
INSERT INTO card_name(carta_id, lang, value_) VALUES(10086,"vietnamese","Disciple of Nevermore");
INSERT INTO large_image(carta_id, lang, value_) VALUES(10086,"default","https://steamcdn-a.akamaihd.net/apps/583950/icons/set01/10086_large_english.29fd3260c73b53b09c4a7d3020341111fad99cb1.png");
INSERT INTO large_image(carta_id, lang, value_) VALUES(10086,"german","https://steamcdn-a.akamaihd.net/apps/583950/icons/set01/10086_large_german.5373c7b1c05bcf7775676cce39bbc5f2b947dc11.png");
INSERT INTO large_image(carta_id, lang, value_) VALUES(10086,"french","https://steamcdn-a.akamaihd.net/apps/583950/icons/set01/10086_large_french.78dd2e864969065be220502793f12c4475c217cc.png");
INSERT INTO large_image(carta_id, lang, value_) VALUES(10086,"italian","https://steamcdn-a.akamaihd.net/apps/583950/icons/set01/10086_large_italian.af103ac8e5b31d81ca3d029d6aecd96182c86dc2.png");

INSERT INTO large_image(carta_id, lang, value_) VALUES(10086,"spanish","https://steamcdn-a.akamaihd.net/apps/583950/icons/set01/10086_large_spanish.d2f994e52259625cbc384650eda8438f9df5b47d.png");




INSERT INTO large_image(carta_id, lang, value_) VALUES(10086,"brazilian","https://steamcdn-a.akamaihd.net/apps/583950/icons/set01/10086_large_brazilian.a88735a9675ee31844e6ec84a84e99b8587a4cb8.png");
INSERT INTO large_image(carta_id, lang, value_) VALUES(10086,"latam","https://steamcdn-a.akamaihd.net/apps/583950/icons/set01/10086_large_latam.69d2bb42b8e938d983c746e6f491975f12a058f5.png");
INSERT INTO carta(id, card_type, illustrator, rarity, item_def) VALUES (10087,'Creep','Wisnu Tan','Uncommon',110087);
INSERT INTO card_name(carta_id, lang, value_) VALUES(10087,"english","Legion Standard Bearer");
INSERT INTO card_name(carta_id, lang, value_) VALUES(10087,"german","Standartenträger der Legion");
INSERT INTO card_name(carta_id, lang, value_) VALUES(10087,"french","Porte-étendard de la Légion");
INSERT INTO card_name(carta_id, lang, value_) VALUES(10087,"italian","Stendardiere della legione");

INSERT INTO card_name(carta_id, lang, value_) VALUES(10087,"spanish","Portaestandartes de la Legión");



INSERT INTO card_name(carta_id, lang, value_) VALUES(10087,"thai","Legion Standard Bearer");

INSERT INTO card_name(carta_id, lang, value_) VALUES(10087,"portuguese","Legion Standard Bearer");
INSERT INTO card_name(carta_id, lang, value_) VALUES(10087,"polish","Legion Standard Bearer");
INSERT INTO card_name(carta_id, lang, value_) VALUES(10087,"danish","Legion Standard Bearer");
INSERT INTO card_name(carta_id, lang, value_) VALUES(10087,"dutch","Legion Standard Bearer");
INSERT INTO card_name(carta_id, lang, value_) VALUES(10087,"finnish","Legion Standard Bearer");
INSERT INTO card_name(carta_id, lang, value_) VALUES(10087,"norwegian","Legion Standard Bearer");
INSERT INTO card_name(carta_id, lang, value_) VALUES(10087,"swedish","Legion Standard Bearer");
INSERT INTO card_name(carta_id, lang, value_) VALUES(10087,"hungarian","Legion Standard Bearer");
INSERT INTO card_name(carta_id, lang, value_) VALUES(10087,"czech","Legion Standard Bearer");
INSERT INTO card_name(carta_id, lang, value_) VALUES(10087,"romanian","Legion Standard Bearer");
INSERT INTO card_name(carta_id, lang, value_) VALUES(10087,"turkish","Legion Standard Bearer");
INSERT INTO card_name(carta_id, lang, value_) VALUES(10087,"brazilian","Porta-estandarte da Legião");
INSERT INTO card_name(carta_id, lang, value_) VALUES(10087,"bulgarian","Legion Standard Bearer");
INSERT INTO card_name(carta_id, lang, value_) VALUES(10087,"greek","Legion Standard Bearer");
INSERT INTO card_name(carta_id, lang, value_) VALUES(10087,"ukrainian","Legion Standard Bearer");
INSERT INTO card_name(carta_id, lang, value_) VALUES(10087,"latam","Portaestandartes de la Legión");
INSERT INTO card_name(carta_id, lang, value_) VALUES(10087,"vietnamese","Legion Standard Bearer");
INSERT INTO large_image(carta_id, lang, value_) VALUES(10087,"default","https://steamcdn-a.akamaihd.net/apps/583950/icons/set01/10087_large_english.a239a58cfbf763eff2f0cac92ef84ff4566c7f4d.png");
INSERT INTO large_image(carta_id, lang, value_) VALUES(10087,"german","https://steamcdn-a.akamaihd.net/apps/583950/icons/set01/10087_large_german.2766e98f8f538158342d2d1272dad6c219969454.png");
INSERT INTO large_image(carta_id, lang, value_) VALUES(10087,"french","https://steamcdn-a.akamaihd.net/apps/583950/icons/set01/10087_large_french.3e3bffc0257d701b2d16cee57aa37bad082d3b89.png");
INSERT INTO large_image(carta_id, lang, value_) VALUES(10087,"italian","https://steamcdn-a.akamaihd.net/apps/583950/icons/set01/10087_large_italian.648a0de995012afde6292b0c1abae88379bb43b8.png");

INSERT INTO large_image(carta_id, lang, value_) VALUES(10087,"spanish","https://steamcdn-a.akamaihd.net/apps/583950/icons/set01/10087_large_spanish.2bec568f242ee8ee391ee6f704506210c2bb89c3.png");




INSERT INTO large_image(carta_id, lang, value_) VALUES(10087,"brazilian","https://steamcdn-a.akamaihd.net/apps/583950/icons/set01/10087_large_brazilian.a7a5fc938812b66d5ebb55713747cbe05035f190.png");
INSERT INTO large_image(carta_id, lang, value_) VALUES(10087,"latam","https://steamcdn-a.akamaihd.net/apps/583950/icons/set01/10087_large_latam.8733a4f9aa0e48dfd4907c9b8b9693f3f94176f8.png");
INSERT INTO carta(id, card_type, illustrator, rarity, item_def) VALUES (10090,'Creep','Lars Grant-West','Common',110090);
INSERT INTO card_name(carta_id, lang, value_) VALUES(10090,"english","Relentless Zombie");
INSERT INTO card_name(carta_id, lang, value_) VALUES(10090,"german","Gnadenloser Zombie");
INSERT INTO card_name(carta_id, lang, value_) VALUES(10090,"french","Zombie impitoyable");
INSERT INTO card_name(carta_id, lang, value_) VALUES(10090,"italian","Zombi inarrestabile");

INSERT INTO card_name(carta_id, lang, value_) VALUES(10090,"spanish","Zombi Implacable");



INSERT INTO card_name(carta_id, lang, value_) VALUES(10090,"thai","Relentless Zombie");

INSERT INTO card_name(carta_id, lang, value_) VALUES(10090,"portuguese","Relentless Zombie");
INSERT INTO card_name(carta_id, lang, value_) VALUES(10090,"polish","Relentless Zombie");
INSERT INTO card_name(carta_id, lang, value_) VALUES(10090,"danish","Relentless Zombie");
INSERT INTO card_name(carta_id, lang, value_) VALUES(10090,"dutch","Relentless Zombie");
INSERT INTO card_name(carta_id, lang, value_) VALUES(10090,"finnish","Relentless Zombie");
INSERT INTO card_name(carta_id, lang, value_) VALUES(10090,"norwegian","Relentless Zombie");
INSERT INTO card_name(carta_id, lang, value_) VALUES(10090,"swedish","Relentless Zombie");
INSERT INTO card_name(carta_id, lang, value_) VALUES(10090,"hungarian","Relentless Zombie");
INSERT INTO card_name(carta_id, lang, value_) VALUES(10090,"czech","Relentless Zombie");
INSERT INTO card_name(carta_id, lang, value_) VALUES(10090,"romanian","Relentless Zombie");
INSERT INTO card_name(carta_id, lang, value_) VALUES(10090,"turkish","Relentless Zombie");
INSERT INTO card_name(carta_id, lang, value_) VALUES(10090,"brazilian","Zumbi Irrefreável");
INSERT INTO card_name(carta_id, lang, value_) VALUES(10090,"bulgarian","Relentless Zombie");
INSERT INTO card_name(carta_id, lang, value_) VALUES(10090,"greek","Relentless Zombie");
INSERT INTO card_name(carta_id, lang, value_) VALUES(10090,"ukrainian","Relentless Zombie");
INSERT INTO card_name(carta_id, lang, value_) VALUES(10090,"latam","Zombi Implacable");
INSERT INTO card_name(carta_id, lang, value_) VALUES(10090,"vietnamese","Relentless Zombie");
INSERT INTO large_image(carta_id, lang, value_) VALUES(10090,"default","https://steamcdn-a.akamaihd.net/apps/583950/icons/set01/10090_large_english.61410876283a4570ccd5b44bf61bb857622314ee.png");
INSERT INTO large_image(carta_id, lang, value_) VALUES(10090,"german","https://steamcdn-a.akamaihd.net/apps/583950/icons/set01/10090_large_german.06094e4bdc89f69623e9e0db234d636478d79486.png");
INSERT INTO large_image(carta_id, lang, value_) VALUES(10090,"french","https://steamcdn-a.akamaihd.net/apps/583950/icons/set01/10090_large_french.96327dca696b0f8c3494b207f3fcd4f73ecbec69.png");
INSERT INTO large_image(carta_id, lang, value_) VALUES(10090,"italian","https://steamcdn-a.akamaihd.net/apps/583950/icons/set01/10090_large_italian.76a36bbd990c77c3b394ad24f3baf76952726b97.png");

INSERT INTO large_image(carta_id, lang, value_) VALUES(10090,"spanish","https://steamcdn-a.akamaihd.net/apps/583950/icons/set01/10090_large_spanish.1a2e2cd8616bcd1a8aa2bbccff4cdac5f9934fbf.png");




INSERT INTO large_image(carta_id, lang, value_) VALUES(10090,"brazilian","https://steamcdn-a.akamaihd.net/apps/583950/icons/set01/10090_large_brazilian.49a8f90505960ae4d047e8976ae32272d6c96638.png");
INSERT INTO large_image(carta_id, lang, value_) VALUES(10090,"latam","https://steamcdn-a.akamaihd.net/apps/583950/icons/set01/10090_large_latam.3194707a5a8a66b2346678e21079b9fa0ceba14b.png");
INSERT INTO carta(id, card_type, illustrator, rarity, item_def) VALUES (10091,'Creep','Darek Zabrocki','Rare',110091);
INSERT INTO card_name(carta_id, lang, value_) VALUES(10091,"english","Revtel Convoy");
INSERT INTO card_name(carta_id, lang, value_) VALUES(10091,"german","Revtel-Konvoi");
INSERT INTO card_name(carta_id, lang, value_) VALUES(10091,"french","Convoi de Revtel");
INSERT INTO card_name(carta_id, lang, value_) VALUES(10091,"italian","Convoglio di Revtel");

INSERT INTO card_name(carta_id, lang, value_) VALUES(10091,"spanish","Convoy de Revtel");



INSERT INTO card_name(carta_id, lang, value_) VALUES(10091,"thai","Revtel Convoy");

INSERT INTO card_name(carta_id, lang, value_) VALUES(10091,"portuguese","Revtel Convoy");
INSERT INTO card_name(carta_id, lang, value_) VALUES(10091,"polish","Revtel Convoy");
INSERT INTO card_name(carta_id, lang, value_) VALUES(10091,"danish","Revtel Convoy");
INSERT INTO card_name(carta_id, lang, value_) VALUES(10091,"dutch","Revtel Convoy");
INSERT INTO card_name(carta_id, lang, value_) VALUES(10091,"finnish","Revtel Convoy");
INSERT INTO card_name(carta_id, lang, value_) VALUES(10091,"norwegian","Revtel Convoy");
INSERT INTO card_name(carta_id, lang, value_) VALUES(10091,"swedish","Revtel Convoy");
INSERT INTO card_name(carta_id, lang, value_) VALUES(10091,"hungarian","Revtel Convoy");
INSERT INTO card_name(carta_id, lang, value_) VALUES(10091,"czech","Revtel Convoy");
INSERT INTO card_name(carta_id, lang, value_) VALUES(10091,"romanian","Revtel Convoy");
INSERT INTO card_name(carta_id, lang, value_) VALUES(10091,"turkish","Revtel Convoy");
INSERT INTO card_name(carta_id, lang, value_) VALUES(10091,"brazilian","Comboio de Revtel");
INSERT INTO card_name(carta_id, lang, value_) VALUES(10091,"bulgarian","Revtel Convoy");
INSERT INTO card_name(carta_id, lang, value_) VALUES(10091,"greek","Revtel Convoy");
INSERT INTO card_name(carta_id, lang, value_) VALUES(10091,"ukrainian","Revtel Convoy");
INSERT INTO card_name(carta_id, lang, value_) VALUES(10091,"latam","Convoy de Revtel");
INSERT INTO card_name(carta_id, lang, value_) VALUES(10091,"vietnamese","Revtel Convoy");
INSERT INTO large_image(carta_id, lang, value_) VALUES(10091,"default","https://steamcdn-a.akamaihd.net/apps/583950/icons/set01/10091_large_english.7de39d1c7318bc8a2c118acf5199980f26dbf9ed.png");
INSERT INTO large_image(carta_id, lang, value_) VALUES(10091,"german","https://steamcdn-a.akamaihd.net/apps/583950/icons/set01/10091_large_german.cf013cece88431b882a3aeb42dbb1445ab0aaaf2.png");
INSERT INTO large_image(carta_id, lang, value_) VALUES(10091,"french","https://steamcdn-a.akamaihd.net/apps/583950/icons/set01/10091_large_french.afdd45b6cc2858496647c721bd85361974a79ae4.png");
INSERT INTO large_image(carta_id, lang, value_) VALUES(10091,"italian","https://steamcdn-a.akamaihd.net/apps/583950/icons/set01/10091_large_italian.e3185d0be4e403368473c2e4175da2adaddd0da8.png");

INSERT INTO large_image(carta_id, lang, value_) VALUES(10091,"spanish","https://steamcdn-a.akamaihd.net/apps/583950/icons/set01/10091_large_spanish.3e38dc5be9963ab06ab43b8ee01bd0b7970c32b8.png");




INSERT INTO large_image(carta_id, lang, value_) VALUES(10091,"brazilian","https://steamcdn-a.akamaihd.net/apps/583950/icons/set01/10091_large_brazilian.c63f9d0eb80b6ba95df373023ad2ff80da46a5fb.png");
INSERT INTO large_image(carta_id, lang, value_) VALUES(10091,"latam","https://steamcdn-a.akamaihd.net/apps/583950/icons/set01/10091_large_latam.32907ee101e1a61b410c3aa31173c31f654896a8.png");
INSERT INTO carta(id, card_type, illustrator, rarity, item_def) VALUES (10092,'Creep','JiHun Lee','Common',110092);
INSERT INTO card_name(carta_id, lang, value_) VALUES(10092,"english","Oglodi Vandal");
INSERT INTO card_name(carta_id, lang, value_) VALUES(10092,"german","Oglodi-Vandale");
INSERT INTO card_name(carta_id, lang, value_) VALUES(10092,"french","Vandale oglodi");
INSERT INTO card_name(carta_id, lang, value_) VALUES(10092,"italian","Vandalo Oglodi");

INSERT INTO card_name(carta_id, lang, value_) VALUES(10092,"spanish","Vándalo Oglodi");



INSERT INTO card_name(carta_id, lang, value_) VALUES(10092,"thai","Oglodi Vandal");

INSERT INTO card_name(carta_id, lang, value_) VALUES(10092,"portuguese","Oglodi Vandal");
INSERT INTO card_name(carta_id, lang, value_) VALUES(10092,"polish","Oglodi Vandal");
INSERT INTO card_name(carta_id, lang, value_) VALUES(10092,"danish","Oglodi Vandal");
INSERT INTO card_name(carta_id, lang, value_) VALUES(10092,"dutch","Oglodi Vandal");
INSERT INTO card_name(carta_id, lang, value_) VALUES(10092,"finnish","Oglodi Vandal");
INSERT INTO card_name(carta_id, lang, value_) VALUES(10092,"norwegian","Oglodi Vandal");
INSERT INTO card_name(carta_id, lang, value_) VALUES(10092,"swedish","Oglodi Vandal");
INSERT INTO card_name(carta_id, lang, value_) VALUES(10092,"hungarian","Oglodi Vandal");
INSERT INTO card_name(carta_id, lang, value_) VALUES(10092,"czech","Oglodi Vandal");
INSERT INTO card_name(carta_id, lang, value_) VALUES(10092,"romanian","Oglodi Vandal");
INSERT INTO card_name(carta_id, lang, value_) VALUES(10092,"turkish","Oglodi Vandal");
INSERT INTO card_name(carta_id, lang, value_) VALUES(10092,"brazilian","Vândalo Oglodi");
INSERT INTO card_name(carta_id, lang, value_) VALUES(10092,"bulgarian","Oglodi Vandal");
INSERT INTO card_name(carta_id, lang, value_) VALUES(10092,"greek","Oglodi Vandal");
INSERT INTO card_name(carta_id, lang, value_) VALUES(10092,"ukrainian","Oglodi Vandal");
INSERT INTO card_name(carta_id, lang, value_) VALUES(10092,"latam","Vándalo Oglodi");
INSERT INTO card_name(carta_id, lang, value_) VALUES(10092,"vietnamese","Oglodi Vandal");
INSERT INTO large_image(carta_id, lang, value_) VALUES(10092,"default","https://steamcdn-a.akamaihd.net/apps/583950/icons/set01/10092_large_english.d159092be5cfb631386b47680752cb1d9b274482.png");
INSERT INTO large_image(carta_id, lang, value_) VALUES(10092,"german","https://steamcdn-a.akamaihd.net/apps/583950/icons/set01/10092_large_german.e6d32cf83aed52d4f89c35d974b39112d58a859f.png");
INSERT INTO large_image(carta_id, lang, value_) VALUES(10092,"french","https://steamcdn-a.akamaihd.net/apps/583950/icons/set01/10092_large_french.409824712cc45d731f85a86b2df96375083754a5.png");
INSERT INTO large_image(carta_id, lang, value_) VALUES(10092,"italian","https://steamcdn-a.akamaihd.net/apps/583950/icons/set01/10092_large_italian.3740a540dcd60bf82e5de40bb4af099b57d6bf3a.png");

INSERT INTO large_image(carta_id, lang, value_) VALUES(10092,"spanish","https://steamcdn-a.akamaihd.net/apps/583950/icons/set01/10092_large_spanish.c10d4c31338e1d159e3244312ea7f8f620faa46c.png");




INSERT INTO large_image(carta_id, lang, value_) VALUES(10092,"brazilian","https://steamcdn-a.akamaihd.net/apps/583950/icons/set01/10092_large_brazilian.e1e0be9757598214df1232bfe77aa72d04bc358f.png");
INSERT INTO large_image(carta_id, lang, value_) VALUES(10092,"latam","https://steamcdn-a.akamaihd.net/apps/583950/icons/set01/10092_large_latam.eb99e1886c2ac5f7de2724b6598acbe4eb9f8fbd.png");
INSERT INTO carta(id, card_type, illustrator, rarity, item_def) VALUES (10094,'Creep','John Stanko','Rare',110094);
INSERT INTO card_name(carta_id, lang, value_) VALUES(10094,"english","Mercenary Exiles");
INSERT INTO card_name(carta_id, lang, value_) VALUES(10094,"german","Ausgestoßene Söldner");
INSERT INTO card_name(carta_id, lang, value_) VALUES(10094,"french","Mercenaires exilés");
INSERT INTO card_name(carta_id, lang, value_) VALUES(10094,"italian","Esiliati mercenari");

INSERT INTO card_name(carta_id, lang, value_) VALUES(10094,"spanish","Exiliados mercenarios");



INSERT INTO card_name(carta_id, lang, value_) VALUES(10094,"thai","Mercenary Exiles");

INSERT INTO card_name(carta_id, lang, value_) VALUES(10094,"portuguese","Mercenary Exiles");
INSERT INTO card_name(carta_id, lang, value_) VALUES(10094,"polish","Mercenary Exiles");
INSERT INTO card_name(carta_id, lang, value_) VALUES(10094,"danish","Mercenary Exiles");
INSERT INTO card_name(carta_id, lang, value_) VALUES(10094,"dutch","Mercenary Exiles");
INSERT INTO card_name(carta_id, lang, value_) VALUES(10094,"finnish","Mercenary Exiles");
INSERT INTO card_name(carta_id, lang, value_) VALUES(10094,"norwegian","Mercenary Exiles");
INSERT INTO card_name(carta_id, lang, value_) VALUES(10094,"swedish","Mercenary Exiles");
INSERT INTO card_name(carta_id, lang, value_) VALUES(10094,"hungarian","Mercenary Exiles");
INSERT INTO card_name(carta_id, lang, value_) VALUES(10094,"czech","Mercenary Exiles");
INSERT INTO card_name(carta_id, lang, value_) VALUES(10094,"romanian","Mercenary Exiles");
INSERT INTO card_name(carta_id, lang, value_) VALUES(10094,"turkish","Mercenary Exiles");
INSERT INTO card_name(carta_id, lang, value_) VALUES(10094,"brazilian","Exilados Mercenários");
INSERT INTO card_name(carta_id, lang, value_) VALUES(10094,"bulgarian","Mercenary Exiles");
INSERT INTO card_name(carta_id, lang, value_) VALUES(10094,"greek","Mercenary Exiles");
INSERT INTO card_name(carta_id, lang, value_) VALUES(10094,"ukrainian","Mercenary Exiles");
INSERT INTO card_name(carta_id, lang, value_) VALUES(10094,"latam","Exiliados Mercenarios");
INSERT INTO card_name(carta_id, lang, value_) VALUES(10094,"vietnamese","Mercenary Exiles");
INSERT INTO large_image(carta_id, lang, value_) VALUES(10094,"default","https://steamcdn-a.akamaihd.net/apps/583950/icons/set01/10094_large_english.083046f553c7ebc5e9174a6fbc2f3e7dc29c8855.png");
INSERT INTO large_image(carta_id, lang, value_) VALUES(10094,"german","https://steamcdn-a.akamaihd.net/apps/583950/icons/set01/10094_large_german.7d37da687ad0924badca58702199d614acbd4837.png");
INSERT INTO large_image(carta_id, lang, value_) VALUES(10094,"french","https://steamcdn-a.akamaihd.net/apps/583950/icons/set01/10094_large_french.7c15e16ec91a68c5bfaf2cdcd6edb10655c9ed7b.png");
INSERT INTO large_image(carta_id, lang, value_) VALUES(10094,"italian","https://steamcdn-a.akamaihd.net/apps/583950/icons/set01/10094_large_italian.d0a07937ea1360ca40228ed4868df28a303f3e52.png");

INSERT INTO large_image(carta_id, lang, value_) VALUES(10094,"spanish","https://steamcdn-a.akamaihd.net/apps/583950/icons/set01/10094_large_spanish.efaa2efa9957c80fb5d74d4cee8148f928112ecd.png");




INSERT INTO large_image(carta_id, lang, value_) VALUES(10094,"brazilian","https://steamcdn-a.akamaihd.net/apps/583950/icons/set01/10094_large_brazilian.9f70ecb7e60534fef809b1b8b5e8bb0101b600cd.png");
INSERT INTO large_image(carta_id, lang, value_) VALUES(10094,"latam","https://steamcdn-a.akamaihd.net/apps/583950/icons/set01/10094_large_latam.1b31d4f05f2e6e7cf883e130440c950ae955f270.png");
INSERT INTO carta(id, card_type, illustrator, rarity, item_def) VALUES (10095,'Creep','Wisnu Tan','Rare',110095);
INSERT INTO card_name(carta_id, lang, value_) VALUES(10095,"english","Keenfolk Golem");
INSERT INTO card_name(carta_id, lang, value_) VALUES(10095,"german","Keenvolk-Golem");
INSERT INTO card_name(carta_id, lang, value_) VALUES(10095,"french","Golem keen");
INSERT INTO card_name(carta_id, lang, value_) VALUES(10095,"italian","Golem degli Smilzi");

INSERT INTO card_name(carta_id, lang, value_) VALUES(10095,"spanish","Gólem de los ingeniosos");



INSERT INTO card_name(carta_id, lang, value_) VALUES(10095,"thai","Keenfolk Golem");

INSERT INTO card_name(carta_id, lang, value_) VALUES(10095,"portuguese","Keenfolk Golem");
INSERT INTO card_name(carta_id, lang, value_) VALUES(10095,"polish","Keenfolk Golem");
INSERT INTO card_name(carta_id, lang, value_) VALUES(10095,"danish","Keenfolk Golem");
INSERT INTO card_name(carta_id, lang, value_) VALUES(10095,"dutch","Keenfolk Golem");
INSERT INTO card_name(carta_id, lang, value_) VALUES(10095,"finnish","Keenfolk Golem");
INSERT INTO card_name(carta_id, lang, value_) VALUES(10095,"norwegian","Keenfolk Golem");
INSERT INTO card_name(carta_id, lang, value_) VALUES(10095,"swedish","Keenfolk Golem");
INSERT INTO card_name(carta_id, lang, value_) VALUES(10095,"hungarian","Keenfolk Golem");
INSERT INTO card_name(carta_id, lang, value_) VALUES(10095,"czech","Keenfolk Golem");
INSERT INTO card_name(carta_id, lang, value_) VALUES(10095,"romanian","Keenfolk Golem");
INSERT INTO card_name(carta_id, lang, value_) VALUES(10095,"turkish","Keenfolk Golem");
INSERT INTO card_name(carta_id, lang, value_) VALUES(10095,"brazilian","Golem dos Keen");
INSERT INTO card_name(carta_id, lang, value_) VALUES(10095,"bulgarian","Keenfolk Golem");
INSERT INTO card_name(carta_id, lang, value_) VALUES(10095,"greek","Keenfolk Golem");
INSERT INTO card_name(carta_id, lang, value_) VALUES(10095,"ukrainian","Keenfolk Golem");
INSERT INTO card_name(carta_id, lang, value_) VALUES(10095,"latam","Gólem de los ingeniosos");
INSERT INTO card_name(carta_id, lang, value_) VALUES(10095,"vietnamese","Keenfolk Golem");
INSERT INTO large_image(carta_id, lang, value_) VALUES(10095,"default","https://steamcdn-a.akamaihd.net/apps/583950/icons/set01/10095_large_english.fe3e46468564c62cef2d7e642ff89a5cc15dce9f.png");
INSERT INTO large_image(carta_id, lang, value_) VALUES(10095,"german","https://steamcdn-a.akamaihd.net/apps/583950/icons/set01/10095_large_german.227d694bc2e65392033db21e0ac772874347568a.png");
INSERT INTO large_image(carta_id, lang, value_) VALUES(10095,"french","https://steamcdn-a.akamaihd.net/apps/583950/icons/set01/10095_large_french.f12da2321d6bfbefac20d27a50cb80fca4cc6f4f.png");
INSERT INTO large_image(carta_id, lang, value_) VALUES(10095,"italian","https://steamcdn-a.akamaihd.net/apps/583950/icons/set01/10095_large_italian.0c5e911e312bae1993a3a303db60476d31b372f1.png");

INSERT INTO large_image(carta_id, lang, value_) VALUES(10095,"spanish","https://steamcdn-a.akamaihd.net/apps/583950/icons/set01/10095_large_spanish.0a78c635dbab757eb0bac8e617a0b0e484fd0357.png");




INSERT INTO large_image(carta_id, lang, value_) VALUES(10095,"brazilian","https://steamcdn-a.akamaihd.net/apps/583950/icons/set01/10095_large_brazilian.658787e289766d52b49dd808b82fc8bd53b11597.png");
INSERT INTO large_image(carta_id, lang, value_) VALUES(10095,"latam","https://steamcdn-a.akamaihd.net/apps/583950/icons/set01/10095_large_latam.88b7e316f5df9aa6e53e5ac7545d2e9978a9a66d.png");
INSERT INTO carta(id, card_type, illustrator, rarity, item_def) VALUES (10096,'Creep','Kieran Yanner','Rare',110096);
INSERT INTO card_name(carta_id, lang, value_) VALUES(10096,"english","Emissary of the Quorum");
INSERT INTO card_name(carta_id, lang, value_) VALUES(10096,"german","Gesandter des Quorums");
INSERT INTO card_name(carta_id, lang, value_) VALUES(10096,"french","Émissaire du Quorum");
INSERT INTO card_name(carta_id, lang, value_) VALUES(10096,"italian","Emissario del Quorum");

INSERT INTO card_name(carta_id, lang, value_) VALUES(10096,"spanish","Emisaria de los Cuórum");



INSERT INTO card_name(carta_id, lang, value_) VALUES(10096,"thai","Emissary of the Quorum");

INSERT INTO card_name(carta_id, lang, value_) VALUES(10096,"portuguese","Emissary of the Quorum");
INSERT INTO card_name(carta_id, lang, value_) VALUES(10096,"polish","Emissary of the Quorum");
INSERT INTO card_name(carta_id, lang, value_) VALUES(10096,"danish","Emissary of the Quorum");
INSERT INTO card_name(carta_id, lang, value_) VALUES(10096,"dutch","Emissary of the Quorum");
INSERT INTO card_name(carta_id, lang, value_) VALUES(10096,"finnish","Emissary of the Quorum");
INSERT INTO card_name(carta_id, lang, value_) VALUES(10096,"norwegian","Emissary of the Quorum");
INSERT INTO card_name(carta_id, lang, value_) VALUES(10096,"swedish","Emissary of the Quorum");
INSERT INTO card_name(carta_id, lang, value_) VALUES(10096,"hungarian","Emissary of the Quorum");
INSERT INTO card_name(carta_id, lang, value_) VALUES(10096,"czech","Emissary of the Quorum");
INSERT INTO card_name(carta_id, lang, value_) VALUES(10096,"romanian","Emissary of the Quorum");
INSERT INTO card_name(carta_id, lang, value_) VALUES(10096,"turkish","Emissary of the Quorum");
INSERT INTO card_name(carta_id, lang, value_) VALUES(10096,"brazilian","Emissária do Quórum");
INSERT INTO card_name(carta_id, lang, value_) VALUES(10096,"bulgarian","Emissary of the Quorum");
INSERT INTO card_name(carta_id, lang, value_) VALUES(10096,"greek","Emissary of the Quorum");
INSERT INTO card_name(carta_id, lang, value_) VALUES(10096,"ukrainian","Emissary of the Quorum");
INSERT INTO card_name(carta_id, lang, value_) VALUES(10096,"latam","Emisaria de los Cuórum");
INSERT INTO card_name(carta_id, lang, value_) VALUES(10096,"vietnamese","Emissary of the Quorum");
INSERT INTO large_image(carta_id, lang, value_) VALUES(10096,"default","https://steamcdn-a.akamaihd.net/apps/583950/icons/set01/10096_large_english.bcb9650dac35c3cc4e15090ce78c49719b013517.png");
INSERT INTO large_image(carta_id, lang, value_) VALUES(10096,"german","https://steamcdn-a.akamaihd.net/apps/583950/icons/set01/10096_large_german.d252ff688c74abf16fab3b76df7ba56671a9287e.png");
INSERT INTO large_image(carta_id, lang, value_) VALUES(10096,"french","https://steamcdn-a.akamaihd.net/apps/583950/icons/set01/10096_large_french.362caacf00b6df17fd7cdde90901d44d3fce59ed.png");
INSERT INTO large_image(carta_id, lang, value_) VALUES(10096,"italian","https://steamcdn-a.akamaihd.net/apps/583950/icons/set01/10096_large_italian.7bc1eab7c5c8d56e870cec95d974493aa3b12bda.png");

INSERT INTO large_image(carta_id, lang, value_) VALUES(10096,"spanish","https://steamcdn-a.akamaihd.net/apps/583950/icons/set01/10096_large_spanish.5ffb85ba74f0bf7a66a2b87dcc1dc3df0722cddd.png");




INSERT INTO large_image(carta_id, lang, value_) VALUES(10096,"brazilian","https://steamcdn-a.akamaihd.net/apps/583950/icons/set01/10096_large_brazilian.39a89e1fa79abe974beffb10b59a67a68b014b6d.png");
INSERT INTO large_image(carta_id, lang, value_) VALUES(10096,"latam","https://steamcdn-a.akamaihd.net/apps/583950/icons/set01/10096_large_latam.dbbde5d1ce63fbf473d19aef65b6f9cf2f1f0f30.png");
INSERT INTO carta(id, card_type, illustrator, rarity, item_def) VALUES (10097,'Creep','Vance Kovacs','Rare',110097);
INSERT INTO card_name(carta_id, lang, value_) VALUES(10097,"english","Marrowfell Brawler");
INSERT INTO card_name(carta_id, lang, value_) VALUES(10097,"german","Markfell-Raufbold");
INSERT INTO card_name(carta_id, lang, value_) VALUES(10097,"french","Combattant brise-moelle");
INSERT INTO card_name(carta_id, lang, value_) VALUES(10097,"italian","Rissoso di Marrowfell");

INSERT INTO card_name(carta_id, lang, value_) VALUES(10097,"spanish","Camorrista de Cerrotuétano");



INSERT INTO card_name(carta_id, lang, value_) VALUES(10097,"thai","Marrowfell Brawler");

INSERT INTO card_name(carta_id, lang, value_) VALUES(10097,"portuguese","Marrowfell Brawler");
INSERT INTO card_name(carta_id, lang, value_) VALUES(10097,"polish","Marrowfell Brawler");
INSERT INTO card_name(carta_id, lang, value_) VALUES(10097,"danish","Marrowfell Brawler");
INSERT INTO card_name(carta_id, lang, value_) VALUES(10097,"dutch","Marrowfell Brawler");
INSERT INTO card_name(carta_id, lang, value_) VALUES(10097,"finnish","Marrowfell Brawler");
INSERT INTO card_name(carta_id, lang, value_) VALUES(10097,"norwegian","Marrowfell Brawler");
INSERT INTO card_name(carta_id, lang, value_) VALUES(10097,"swedish","Marrowfell Brawler");
INSERT INTO card_name(carta_id, lang, value_) VALUES(10097,"hungarian","Marrowfell Brawler");
INSERT INTO card_name(carta_id, lang, value_) VALUES(10097,"czech","Marrowfell Brawler");
INSERT INTO card_name(carta_id, lang, value_) VALUES(10097,"romanian","Marrowfell Brawler");
INSERT INTO card_name(carta_id, lang, value_) VALUES(10097,"turkish","Marrowfell Brawler");
INSERT INTO card_name(carta_id, lang, value_) VALUES(10097,"brazilian","Combatente Medulévola");
INSERT INTO card_name(carta_id, lang, value_) VALUES(10097,"bulgarian","Marrowfell Brawler");
INSERT INTO card_name(carta_id, lang, value_) VALUES(10097,"greek","Marrowfell Brawler");
INSERT INTO card_name(carta_id, lang, value_) VALUES(10097,"ukrainian","Marrowfell Brawler");
INSERT INTO card_name(carta_id, lang, value_) VALUES(10097,"latam","Camorrista de Cerrotuétano");
INSERT INTO card_name(carta_id, lang, value_) VALUES(10097,"vietnamese","Marrowfell Brawler");
INSERT INTO large_image(carta_id, lang, value_) VALUES(10097,"default","https://steamcdn-a.akamaihd.net/apps/583950/icons/set01/10097_large_english.6cac633d0de7ac2b7560f7009403d31514180d04.png");
INSERT INTO large_image(carta_id, lang, value_) VALUES(10097,"german","https://steamcdn-a.akamaihd.net/apps/583950/icons/set01/10097_large_german.02bc4bbc50c7085710e0ad809bec29f54cb20357.png");
INSERT INTO large_image(carta_id, lang, value_) VALUES(10097,"french","https://steamcdn-a.akamaihd.net/apps/583950/icons/set01/10097_large_french.c1f3fed75046e03f17eb6e4cbb3f9349dfc51190.png");
INSERT INTO large_image(carta_id, lang, value_) VALUES(10097,"italian","https://steamcdn-a.akamaihd.net/apps/583950/icons/set01/10097_large_italian.df486c3f82992c09c1c3f3b787b436169b7587fa.png");

INSERT INTO large_image(carta_id, lang, value_) VALUES(10097,"spanish","https://steamcdn-a.akamaihd.net/apps/583950/icons/set01/10097_large_spanish.b11f42102692a5cd65195255bca5390b5e39f1c3.png");




INSERT INTO large_image(carta_id, lang, value_) VALUES(10097,"brazilian","https://steamcdn-a.akamaihd.net/apps/583950/icons/set01/10097_large_brazilian.f35e81c54c8ed20c4c8bb29f7e5c7cf6c8ec44fc.png");
INSERT INTO large_image(carta_id, lang, value_) VALUES(10097,"latam","https://steamcdn-a.akamaihd.net/apps/583950/icons/set01/10097_large_latam.288ae73adb46ad673078dc346161e8bd4585d518.png");
INSERT INTO carta(id, card_type, illustrator, rarity, item_def) VALUES (10102,'Creep','Lars Grant-West','Common',110102);
INSERT INTO card_name(carta_id, lang, value_) VALUES(10102,"english","Thunderhide Pack");
INSERT INTO card_name(carta_id, lang, value_) VALUES(10102,"german","Blitzhautrudel");
INSERT INTO card_name(carta_id, lang, value_) VALUES(10102,"french","Meute de mastodontes");
INSERT INTO card_name(carta_id, lang, value_) VALUES(10102,"italian","Branco di Lucertole del tuono");

INSERT INTO card_name(carta_id, lang, value_) VALUES(10102,"spanish","Manada de Corazatruenos");



INSERT INTO card_name(carta_id, lang, value_) VALUES(10102,"thai","Thunderhide Pack");

INSERT INTO card_name(carta_id, lang, value_) VALUES(10102,"portuguese","Thunderhide Pack");
INSERT INTO card_name(carta_id, lang, value_) VALUES(10102,"polish","Thunderhide Pack");
INSERT INTO card_name(carta_id, lang, value_) VALUES(10102,"danish","Thunderhide Pack");
INSERT INTO card_name(carta_id, lang, value_) VALUES(10102,"dutch","Thunderhide Pack");
INSERT INTO card_name(carta_id, lang, value_) VALUES(10102,"finnish","Thunderhide Pack");
INSERT INTO card_name(carta_id, lang, value_) VALUES(10102,"norwegian","Thunderhide Pack");
INSERT INTO card_name(carta_id, lang, value_) VALUES(10102,"swedish","Thunderhide Pack");
INSERT INTO card_name(carta_id, lang, value_) VALUES(10102,"hungarian","Thunderhide Pack");
INSERT INTO card_name(carta_id, lang, value_) VALUES(10102,"czech","Thunderhide Pack");
INSERT INTO card_name(carta_id, lang, value_) VALUES(10102,"romanian","Thunderhide Pack");
INSERT INTO card_name(carta_id, lang, value_) VALUES(10102,"turkish","Thunderhide Pack");
INSERT INTO card_name(carta_id, lang, value_) VALUES(10102,"brazilian","Manada de Couros-de-Trovão");
INSERT INTO card_name(carta_id, lang, value_) VALUES(10102,"bulgarian","Thunderhide Pack");
INSERT INTO card_name(carta_id, lang, value_) VALUES(10102,"greek","Thunderhide Pack");
INSERT INTO card_name(carta_id, lang, value_) VALUES(10102,"ukrainian","Thunderhide Pack");
INSERT INTO card_name(carta_id, lang, value_) VALUES(10102,"latam","Manada de Corazatruenos");
INSERT INTO card_name(carta_id, lang, value_) VALUES(10102,"vietnamese","Thunderhide Pack");
INSERT INTO large_image(carta_id, lang, value_) VALUES(10102,"default","https://steamcdn-a.akamaihd.net/apps/583950/icons/set01/10102_large_english.7c027c4466623134ba71f00a4e8cb6e694f495a7.png");
INSERT INTO large_image(carta_id, lang, value_) VALUES(10102,"german","https://steamcdn-a.akamaihd.net/apps/583950/icons/set01/10102_large_german.1c889f5a71ba6294a76c9af419b729b56b73e2f5.png");
INSERT INTO large_image(carta_id, lang, value_) VALUES(10102,"french","https://steamcdn-a.akamaihd.net/apps/583950/icons/set01/10102_large_french.6e58f4e5403f9f955d64275555a8079efcfd0ea8.png");
INSERT INTO large_image(carta_id, lang, value_) VALUES(10102,"italian","https://steamcdn-a.akamaihd.net/apps/583950/icons/set01/10102_large_italian.372d589faf97c829e802750ba17089ab84c6d467.png");

INSERT INTO large_image(carta_id, lang, value_) VALUES(10102,"spanish","https://steamcdn-a.akamaihd.net/apps/583950/icons/set01/10102_large_spanish.4f4646daeecdfcb08cd1b967da1ad12d6176a1c5.png");




INSERT INTO large_image(carta_id, lang, value_) VALUES(10102,"brazilian","https://steamcdn-a.akamaihd.net/apps/583950/icons/set01/10102_large_brazilian.590563629ec847a39f52285ef56f4e5cc70355bd.png");
INSERT INTO large_image(carta_id, lang, value_) VALUES(10102,"latam","https://steamcdn-a.akamaihd.net/apps/583950/icons/set01/10102_large_latam.00efc3ef6de9f1e7e7a2249d7ebddd5acf5368ff.png");
INSERT INTO carta(id, card_type, illustrator, rarity, item_def) VALUES (10103,'Creep','Bayard Wu','Rare',110103);
INSERT INTO card_name(carta_id, lang, value_) VALUES(10103,"english","Ogre Corpse Tosser");
INSERT INTO card_name(carta_id, lang, value_) VALUES(10103,"german","Oger-Leichenwerfer");
INSERT INTO card_name(carta_id, lang, value_) VALUES(10103,"french","Ogre lanceur de cadavres");
INSERT INTO card_name(carta_id, lang, value_) VALUES(10103,"italian","Ogre lanciacorpi");

INSERT INTO card_name(carta_id, lang, value_) VALUES(10103,"spanish","Ogro lanzacadáveres");



INSERT INTO card_name(carta_id, lang, value_) VALUES(10103,"thai","Ogre Corpse Tosser");

INSERT INTO card_name(carta_id, lang, value_) VALUES(10103,"portuguese","Ogre Corpse Tosser");
INSERT INTO card_name(carta_id, lang, value_) VALUES(10103,"polish","Ogre Corpse Tosser");
INSERT INTO card_name(carta_id, lang, value_) VALUES(10103,"danish","Ogre Corpse Tosser");
INSERT INTO card_name(carta_id, lang, value_) VALUES(10103,"dutch","Ogre Corpse Tosser");
INSERT INTO card_name(carta_id, lang, value_) VALUES(10103,"finnish","Ogre Corpse Tosser");
INSERT INTO card_name(carta_id, lang, value_) VALUES(10103,"norwegian","Ogre Corpse Tosser");
INSERT INTO card_name(carta_id, lang, value_) VALUES(10103,"swedish","Ogre Corpse Tosser");
INSERT INTO card_name(carta_id, lang, value_) VALUES(10103,"hungarian","Ogre Corpse Tosser");
INSERT INTO card_name(carta_id, lang, value_) VALUES(10103,"czech","Ogre Corpse Tosser");
INSERT INTO card_name(carta_id, lang, value_) VALUES(10103,"romanian","Ogre Corpse Tosser");
INSERT INTO card_name(carta_id, lang, value_) VALUES(10103,"turkish","Ogre Corpse Tosser");
INSERT INTO card_name(carta_id, lang, value_) VALUES(10103,"brazilian","Ogro Atirador de Corpos");
INSERT INTO card_name(carta_id, lang, value_) VALUES(10103,"bulgarian","Ogre Corpse Tosser");
INSERT INTO card_name(carta_id, lang, value_) VALUES(10103,"greek","Ogre Corpse Tosser");
INSERT INTO card_name(carta_id, lang, value_) VALUES(10103,"ukrainian","Ogre Corpse Tosser");
INSERT INTO card_name(carta_id, lang, value_) VALUES(10103,"latam","Ogro Lanzacadáveres");
INSERT INTO card_name(carta_id, lang, value_) VALUES(10103,"vietnamese","Ogre Corpse Tosser");
INSERT INTO large_image(carta_id, lang, value_) VALUES(10103,"default","https://steamcdn-a.akamaihd.net/apps/583950/icons/set01/10103_large_english.dc914b9803f711b1d6460812edd8073e6ef1ab89.png");
INSERT INTO large_image(carta_id, lang, value_) VALUES(10103,"german","https://steamcdn-a.akamaihd.net/apps/583950/icons/set01/10103_large_german.14f2c58c195bb9574c7df1c11fa10124da4fa66a.png");
INSERT INTO large_image(carta_id, lang, value_) VALUES(10103,"french","https://steamcdn-a.akamaihd.net/apps/583950/icons/set01/10103_large_french.e06f08b9ad185c3f8faef57ea06cef3c8da85568.png");
INSERT INTO large_image(carta_id, lang, value_) VALUES(10103,"italian","https://steamcdn-a.akamaihd.net/apps/583950/icons/set01/10103_large_italian.feba2f70f09c5fb8fd7c6821aea35ba6f7083279.png");

INSERT INTO large_image(carta_id, lang, value_) VALUES(10103,"spanish","https://steamcdn-a.akamaihd.net/apps/583950/icons/set01/10103_large_spanish.1b4ebfe8fcdf65b5d5fea30bc1a26c5bb1711e73.png");




INSERT INTO large_image(carta_id, lang, value_) VALUES(10103,"brazilian","https://steamcdn-a.akamaihd.net/apps/583950/icons/set01/10103_large_brazilian.1d1a3060ff76838283c6e11ce7bc70fe1fd3a507.png");
INSERT INTO large_image(carta_id, lang, value_) VALUES(10103,"latam","https://steamcdn-a.akamaihd.net/apps/583950/icons/set01/10103_large_latam.01b7d33ea42eceb8036545d6c41028eb6b5154b5.png");
INSERT INTO carta(id, card_type, illustrator, rarity, item_def) VALUES (10104,'Creep','Stepan Alekseev','Common',110104);
INSERT INTO card_name(carta_id, lang, value_) VALUES(10104,"english","Bronze Legionnaire");
INSERT INTO card_name(carta_id, lang, value_) VALUES(10104,"german","Bronzelegionär");
INSERT INTO card_name(carta_id, lang, value_) VALUES(10104,"french","Légionnaire de bronze");
INSERT INTO card_name(carta_id, lang, value_) VALUES(10104,"italian","Legionario bronzeo");

INSERT INTO card_name(carta_id, lang, value_) VALUES(10104,"spanish","Legionario de Bronce");



INSERT INTO card_name(carta_id, lang, value_) VALUES(10104,"thai","Bronze Legionnaire");

INSERT INTO card_name(carta_id, lang, value_) VALUES(10104,"portuguese","Bronze Legionnaire");
INSERT INTO card_name(carta_id, lang, value_) VALUES(10104,"polish","Bronze Legionnaire");
INSERT INTO card_name(carta_id, lang, value_) VALUES(10104,"danish","Bronze Legionnaire");
INSERT INTO card_name(carta_id, lang, value_) VALUES(10104,"dutch","Bronze Legionnaire");
INSERT INTO card_name(carta_id, lang, value_) VALUES(10104,"finnish","Bronze Legionnaire");
INSERT INTO card_name(carta_id, lang, value_) VALUES(10104,"norwegian","Bronze Legionnaire");
INSERT INTO card_name(carta_id, lang, value_) VALUES(10104,"swedish","Bronze Legionnaire");
INSERT INTO card_name(carta_id, lang, value_) VALUES(10104,"hungarian","Bronze Legionnaire");
INSERT INTO card_name(carta_id, lang, value_) VALUES(10104,"czech","Bronze Legionnaire");
INSERT INTO card_name(carta_id, lang, value_) VALUES(10104,"romanian","Bronze Legionnaire");
INSERT INTO card_name(carta_id, lang, value_) VALUES(10104,"turkish","Bronze Legionnaire");
INSERT INTO card_name(carta_id, lang, value_) VALUES(10104,"brazilian","Legionário de Bronze");
INSERT INTO card_name(carta_id, lang, value_) VALUES(10104,"bulgarian","Bronze Legionnaire");
INSERT INTO card_name(carta_id, lang, value_) VALUES(10104,"greek","Bronze Legionnaire");
INSERT INTO card_name(carta_id, lang, value_) VALUES(10104,"ukrainian","Bronze Legionnaire");
INSERT INTO card_name(carta_id, lang, value_) VALUES(10104,"latam","Legionario de Bronce");
INSERT INTO card_name(carta_id, lang, value_) VALUES(10104,"vietnamese","Bronze Legionnaire");
INSERT INTO large_image(carta_id, lang, value_) VALUES(10104,"default","https://steamcdn-a.akamaihd.net/apps/583950/icons/set01/10104_large_english.011e36021a2fe1037c164ecb7d9e8fd8c0ae5ad3.png");
INSERT INTO large_image(carta_id, lang, value_) VALUES(10104,"german","https://steamcdn-a.akamaihd.net/apps/583950/icons/set01/10104_large_german.2e77466f53226757c0e8a9f5e314da959a78828b.png");
INSERT INTO large_image(carta_id, lang, value_) VALUES(10104,"french","https://steamcdn-a.akamaihd.net/apps/583950/icons/set01/10104_large_french.d67d962ac85676c818a806749f949ac3cbfba6fd.png");
INSERT INTO large_image(carta_id, lang, value_) VALUES(10104,"italian","https://steamcdn-a.akamaihd.net/apps/583950/icons/set01/10104_large_italian.e329bb8027126b27f7c0f64e87222ccb036b973d.png");

INSERT INTO large_image(carta_id, lang, value_) VALUES(10104,"spanish","https://steamcdn-a.akamaihd.net/apps/583950/icons/set01/10104_large_spanish.359a23d70c448e56d7d84092a57aaa2550d3f86d.png");




INSERT INTO large_image(carta_id, lang, value_) VALUES(10104,"brazilian","https://steamcdn-a.akamaihd.net/apps/583950/icons/set01/10104_large_brazilian.e55ad0d62813f1a6227de74043c957d0f6a68bbe.png");
INSERT INTO large_image(carta_id, lang, value_) VALUES(10104,"latam","https://steamcdn-a.akamaihd.net/apps/583950/icons/set01/10104_large_latam.b3ad701f6d9d3e396c3ed835987f49f16d26a9dc.png");
INSERT INTO carta(id, card_type, illustrator, rarity, item_def) VALUES (10106,'Creep','Anthony Palumbo','Rare',110106);
INSERT INTO card_name(carta_id, lang, value_) VALUES(10106,"english","Incarnation of Selemene");
INSERT INTO card_name(carta_id, lang, value_) VALUES(10106,"german","Selemenes Inkarnation");
INSERT INTO card_name(carta_id, lang, value_) VALUES(10106,"french","Incarnation de Sélémène");
INSERT INTO card_name(carta_id, lang, value_) VALUES(10106,"italian","Incarnazione di Selemene");

INSERT INTO card_name(carta_id, lang, value_) VALUES(10106,"spanish","Encarnación de Selemene");



INSERT INTO card_name(carta_id, lang, value_) VALUES(10106,"thai","Incarnation of Selemene");

INSERT INTO card_name(carta_id, lang, value_) VALUES(10106,"portuguese","Incarnation of Selemene");
INSERT INTO card_name(carta_id, lang, value_) VALUES(10106,"polish","Incarnation of Selemene");
INSERT INTO card_name(carta_id, lang, value_) VALUES(10106,"danish","Incarnation of Selemene");
INSERT INTO card_name(carta_id, lang, value_) VALUES(10106,"dutch","Incarnation of Selemene");
INSERT INTO card_name(carta_id, lang, value_) VALUES(10106,"finnish","Incarnation of Selemene");
INSERT INTO card_name(carta_id, lang, value_) VALUES(10106,"norwegian","Incarnation of Selemene");
INSERT INTO card_name(carta_id, lang, value_) VALUES(10106,"swedish","Incarnation of Selemene");
INSERT INTO card_name(carta_id, lang, value_) VALUES(10106,"hungarian","Incarnation of Selemene");
INSERT INTO card_name(carta_id, lang, value_) VALUES(10106,"czech","Incarnation of Selemene");
INSERT INTO card_name(carta_id, lang, value_) VALUES(10106,"romanian","Incarnation of Selemene");
INSERT INTO card_name(carta_id, lang, value_) VALUES(10106,"turkish","Incarnation of Selemene");
INSERT INTO card_name(carta_id, lang, value_) VALUES(10106,"brazilian","Encarnação de Selemene");
INSERT INTO card_name(carta_id, lang, value_) VALUES(10106,"bulgarian","Incarnation of Selemene");
INSERT INTO card_name(carta_id, lang, value_) VALUES(10106,"greek","Incarnation of Selemene");
INSERT INTO card_name(carta_id, lang, value_) VALUES(10106,"ukrainian","Incarnation of Selemene");
INSERT INTO card_name(carta_id, lang, value_) VALUES(10106,"latam","Encarnación de Selemene");
INSERT INTO card_name(carta_id, lang, value_) VALUES(10106,"vietnamese","Incarnation of Selemene");
INSERT INTO large_image(carta_id, lang, value_) VALUES(10106,"default","https://steamcdn-a.akamaihd.net/apps/583950/icons/set01/10106_large_english.7f6b2685fbf8ac89478474916d4ce518d7ce8b8e.png");
INSERT INTO large_image(carta_id, lang, value_) VALUES(10106,"german","https://steamcdn-a.akamaihd.net/apps/583950/icons/set01/10106_large_german.7fe9f6a52a35e25712449cbb3c69a62ab840bb89.png");
INSERT INTO large_image(carta_id, lang, value_) VALUES(10106,"french","https://steamcdn-a.akamaihd.net/apps/583950/icons/set01/10106_large_french.271a678c3d700fb5ac17032aa703b8f20668e64a.png");
INSERT INTO large_image(carta_id, lang, value_) VALUES(10106,"italian","https://steamcdn-a.akamaihd.net/apps/583950/icons/set01/10106_large_italian.acdbcdc1b13ecca1806fe438914fbfbf46d4681d.png");

INSERT INTO large_image(carta_id, lang, value_) VALUES(10106,"spanish","https://steamcdn-a.akamaihd.net/apps/583950/icons/set01/10106_large_spanish.0aa24bf42096225fef10dd60295f3ff349716975.png");




INSERT INTO large_image(carta_id, lang, value_) VALUES(10106,"brazilian","https://steamcdn-a.akamaihd.net/apps/583950/icons/set01/10106_large_brazilian.8bb7f0545cbd39147c03f7714a22d33b8327409a.png");
INSERT INTO large_image(carta_id, lang, value_) VALUES(10106,"latam","https://steamcdn-a.akamaihd.net/apps/583950/icons/set01/10106_large_latam.5a6ceed08bd77d98c92da0c20d4415a957b07b88.png");
INSERT INTO carta(id, card_type, illustrator, rarity, item_def) VALUES (10107,'Creep','Jakub Kasper','Common',110107);
INSERT INTO card_name(carta_id, lang, value_) VALUES(10107,"english","Vhoul Martyr");
INSERT INTO card_name(carta_id, lang, value_) VALUES(10107,"german","Vhoul-Märtyrer");
INSERT INTO card_name(carta_id, lang, value_) VALUES(10107,"french","Martyr Vhoul");
INSERT INTO card_name(carta_id, lang, value_) VALUES(10107,"italian","Vhoul martire");

INSERT INTO card_name(carta_id, lang, value_) VALUES(10107,"spanish","Vhoul Mártir");



INSERT INTO card_name(carta_id, lang, value_) VALUES(10107,"thai","Vhoul Martyr");

INSERT INTO card_name(carta_id, lang, value_) VALUES(10107,"portuguese","Vhoul Martyr");
INSERT INTO card_name(carta_id, lang, value_) VALUES(10107,"polish","Vhoul Martyr");
INSERT INTO card_name(carta_id, lang, value_) VALUES(10107,"danish","Vhoul Martyr");
INSERT INTO card_name(carta_id, lang, value_) VALUES(10107,"dutch","Vhoul Martyr");
INSERT INTO card_name(carta_id, lang, value_) VALUES(10107,"finnish","Vhoul Martyr");
INSERT INTO card_name(carta_id, lang, value_) VALUES(10107,"norwegian","Vhoul Martyr");
INSERT INTO card_name(carta_id, lang, value_) VALUES(10107,"swedish","Vhoul Martyr");
INSERT INTO card_name(carta_id, lang, value_) VALUES(10107,"hungarian","Vhoul Martyr");
INSERT INTO card_name(carta_id, lang, value_) VALUES(10107,"czech","Vhoul Martyr");
INSERT INTO card_name(carta_id, lang, value_) VALUES(10107,"romanian","Vhoul Martyr");
INSERT INTO card_name(carta_id, lang, value_) VALUES(10107,"turkish","Vhoul Martyr");
INSERT INTO card_name(carta_id, lang, value_) VALUES(10107,"brazilian","Mártir Vhoul");
INSERT INTO card_name(carta_id, lang, value_) VALUES(10107,"bulgarian","Vhoul Martyr");
INSERT INTO card_name(carta_id, lang, value_) VALUES(10107,"greek","Vhoul Martyr");
INSERT INTO card_name(carta_id, lang, value_) VALUES(10107,"ukrainian","Vhoul Martyr");
INSERT INTO card_name(carta_id, lang, value_) VALUES(10107,"latam","Mártir Vhoul");
INSERT INTO card_name(carta_id, lang, value_) VALUES(10107,"vietnamese","Vhoul Martyr");
INSERT INTO large_image(carta_id, lang, value_) VALUES(10107,"default","https://steamcdn-a.akamaihd.net/apps/583950/icons/set01/10107_large_english.92c4a9156ff1323635658cb595978c9a89d66369.png");
INSERT INTO large_image(carta_id, lang, value_) VALUES(10107,"german","https://steamcdn-a.akamaihd.net/apps/583950/icons/set01/10107_large_german.3891630c28407bfa9fbb0d844f556bdf9edaab66.png");
INSERT INTO large_image(carta_id, lang, value_) VALUES(10107,"french","https://steamcdn-a.akamaihd.net/apps/583950/icons/set01/10107_large_french.176b7a4ad90400a54084575a4eb280071b1415ef.png");
INSERT INTO large_image(carta_id, lang, value_) VALUES(10107,"italian","https://steamcdn-a.akamaihd.net/apps/583950/icons/set01/10107_large_italian.ac0970b69850d3f76066ac89b7208cb6e7bc5511.png");

INSERT INTO large_image(carta_id, lang, value_) VALUES(10107,"spanish","https://steamcdn-a.akamaihd.net/apps/583950/icons/set01/10107_large_spanish.a391ed29a42d26ba952ba0267af4c27dd8076ed1.png");




INSERT INTO large_image(carta_id, lang, value_) VALUES(10107,"brazilian","https://steamcdn-a.akamaihd.net/apps/583950/icons/set01/10107_large_brazilian.1351ee62cb3d3ce84b250556851dc590f3821592.png");
INSERT INTO large_image(carta_id, lang, value_) VALUES(10107,"latam","https://steamcdn-a.akamaihd.net/apps/583950/icons/set01/10107_large_latam.7b6ac06e7fe367d4380b4733c51eeb4c46e6dd03.png");
INSERT INTO carta(id, card_type, illustrator, rarity, item_def) VALUES (10108,'Creep','Vance Kovacs','Rare',110108);
INSERT INTO card_name(carta_id, lang, value_) VALUES(10108,"english","Thunderhide Alpha");
INSERT INTO card_name(carta_id, lang, value_) VALUES(10108,"german","Blitzhautalpha");
INSERT INTO card_name(carta_id, lang, value_) VALUES(10108,"french","Mastodonte alpha");
INSERT INTO card_name(carta_id, lang, value_) VALUES(10108,"italian","Lucertola del tuono alfa");

INSERT INTO card_name(carta_id, lang, value_) VALUES(10108,"spanish","Corazatrueno Alfa");



INSERT INTO card_name(carta_id, lang, value_) VALUES(10108,"thai","Thunderhide Alpha");

INSERT INTO card_name(carta_id, lang, value_) VALUES(10108,"portuguese","Thunderhide Alpha");
INSERT INTO card_name(carta_id, lang, value_) VALUES(10108,"polish","Thunderhide Alpha");
INSERT INTO card_name(carta_id, lang, value_) VALUES(10108,"danish","Thunderhide Alpha");
INSERT INTO card_name(carta_id, lang, value_) VALUES(10108,"dutch","Thunderhide Alpha");
INSERT INTO card_name(carta_id, lang, value_) VALUES(10108,"finnish","Thunderhide Alpha");
INSERT INTO card_name(carta_id, lang, value_) VALUES(10108,"norwegian","Thunderhide Alpha");
INSERT INTO card_name(carta_id, lang, value_) VALUES(10108,"swedish","Thunderhide Alpha");
INSERT INTO card_name(carta_id, lang, value_) VALUES(10108,"hungarian","Thunderhide Alpha");
INSERT INTO card_name(carta_id, lang, value_) VALUES(10108,"czech","Thunderhide Alpha");
INSERT INTO card_name(carta_id, lang, value_) VALUES(10108,"romanian","Thunderhide Alpha");
INSERT INTO card_name(carta_id, lang, value_) VALUES(10108,"turkish","Thunderhide Alpha");
INSERT INTO card_name(carta_id, lang, value_) VALUES(10108,"brazilian","Couro-de-Trovão Alfa");
INSERT INTO card_name(carta_id, lang, value_) VALUES(10108,"bulgarian","Thunderhide Alpha");
INSERT INTO card_name(carta_id, lang, value_) VALUES(10108,"greek","Thunderhide Alpha");
INSERT INTO card_name(carta_id, lang, value_) VALUES(10108,"ukrainian","Thunderhide Alpha");
INSERT INTO card_name(carta_id, lang, value_) VALUES(10108,"latam","Corazatrueno Alfa");
INSERT INTO card_name(carta_id, lang, value_) VALUES(10108,"vietnamese","Thunderhide Alpha");
INSERT INTO large_image(carta_id, lang, value_) VALUES(10108,"default","https://steamcdn-a.akamaihd.net/apps/583950/icons/set01/10108_large_english.fd82e3f2ff814d8d6370ddd731b18d87e56aa57f.png");
INSERT INTO large_image(carta_id, lang, value_) VALUES(10108,"german","https://steamcdn-a.akamaihd.net/apps/583950/icons/set01/10108_large_german.b49ccf4848c830ba5adf77835258eb3f1aa0e3e3.png");
INSERT INTO large_image(carta_id, lang, value_) VALUES(10108,"french","https://steamcdn-a.akamaihd.net/apps/583950/icons/set01/10108_large_french.f851fb704472c6b67657575d1e44377eaf5b9209.png");
INSERT INTO large_image(carta_id, lang, value_) VALUES(10108,"italian","https://steamcdn-a.akamaihd.net/apps/583950/icons/set01/10108_large_italian.c67f73d0db9fc52fb6e60351c46fb13ecb77838e.png");

INSERT INTO large_image(carta_id, lang, value_) VALUES(10108,"spanish","https://steamcdn-a.akamaihd.net/apps/583950/icons/set01/10108_large_spanish.4cf5b80e257398967714ea0fbfdbae4e67b65094.png");




INSERT INTO large_image(carta_id, lang, value_) VALUES(10108,"brazilian","https://steamcdn-a.akamaihd.net/apps/583950/icons/set01/10108_large_brazilian.6c8a85929327e4b99bb98687365c80459af55578.png");
INSERT INTO large_image(carta_id, lang, value_) VALUES(10108,"latam","https://steamcdn-a.akamaihd.net/apps/583950/icons/set01/10108_large_latam.4454e36d3e36b59faa205adaeaefbfe631e14b25.png");
INSERT INTO carta(id, card_type, illustrator, rarity, item_def) VALUES (10111,'Creep','Wisnu Tan','Common',110111);
INSERT INTO card_name(carta_id, lang, value_) VALUES(10111,"english","Satyr Duelist");
INSERT INTO card_name(carta_id, lang, value_) VALUES(10111,"german","Satyrduellant");
INSERT INTO card_name(carta_id, lang, value_) VALUES(10111,"french","Satyre duelliste");
INSERT INTO card_name(carta_id, lang, value_) VALUES(10111,"italian","Satiro duellante");

INSERT INTO card_name(carta_id, lang, value_) VALUES(10111,"spanish","Sátiro Duelista");



INSERT INTO card_name(carta_id, lang, value_) VALUES(10111,"thai","Satyr Duelist");

INSERT INTO card_name(carta_id, lang, value_) VALUES(10111,"portuguese","Satyr Duelist");
INSERT INTO card_name(carta_id, lang, value_) VALUES(10111,"polish","Satyr Duelist");
INSERT INTO card_name(carta_id, lang, value_) VALUES(10111,"danish","Satyr Duelist");
INSERT INTO card_name(carta_id, lang, value_) VALUES(10111,"dutch","Satyr Duelist");
INSERT INTO card_name(carta_id, lang, value_) VALUES(10111,"finnish","Satyr Duelist");
INSERT INTO card_name(carta_id, lang, value_) VALUES(10111,"norwegian","Satyr Duelist");
INSERT INTO card_name(carta_id, lang, value_) VALUES(10111,"swedish","Satyr Duelist");
INSERT INTO card_name(carta_id, lang, value_) VALUES(10111,"hungarian","Satyr Duelist");
INSERT INTO card_name(carta_id, lang, value_) VALUES(10111,"czech","Satyr Duelist");
INSERT INTO card_name(carta_id, lang, value_) VALUES(10111,"romanian","Satyr Duelist");
INSERT INTO card_name(carta_id, lang, value_) VALUES(10111,"turkish","Satyr Duelist");
INSERT INTO card_name(carta_id, lang, value_) VALUES(10111,"brazilian","Sátiro Duelista");
INSERT INTO card_name(carta_id, lang, value_) VALUES(10111,"bulgarian","Satyr Duelist");
INSERT INTO card_name(carta_id, lang, value_) VALUES(10111,"greek","Satyr Duelist");
INSERT INTO card_name(carta_id, lang, value_) VALUES(10111,"ukrainian","Satyr Duelist");
INSERT INTO card_name(carta_id, lang, value_) VALUES(10111,"latam","Sátiro Duelista");
INSERT INTO card_name(carta_id, lang, value_) VALUES(10111,"vietnamese","Satyr Duelist");
INSERT INTO large_image(carta_id, lang, value_) VALUES(10111,"default","https://steamcdn-a.akamaihd.net/apps/583950/icons/set01/10111_large_english.ba0abf34a9c88216532e1098f14d5c620c3c5e6f.png");
INSERT INTO large_image(carta_id, lang, value_) VALUES(10111,"german","https://steamcdn-a.akamaihd.net/apps/583950/icons/set01/10111_large_german.d087d0f2e79b0835ea288dcac4f2dc82ebf054c7.png");
INSERT INTO large_image(carta_id, lang, value_) VALUES(10111,"french","https://steamcdn-a.akamaihd.net/apps/583950/icons/set01/10111_large_french.6a2063b05b446f0ec64c7682560c04b4da642472.png");
INSERT INTO large_image(carta_id, lang, value_) VALUES(10111,"italian","https://steamcdn-a.akamaihd.net/apps/583950/icons/set01/10111_large_italian.80f6a9e717bac61ccdefa6fe5b7b0482c1b2a930.png");

INSERT INTO large_image(carta_id, lang, value_) VALUES(10111,"spanish","https://steamcdn-a.akamaihd.net/apps/583950/icons/set01/10111_large_spanish.b3708899800bdb549f23510dd8817ac3cf38c7fb.png");




INSERT INTO large_image(carta_id, lang, value_) VALUES(10111,"brazilian","https://steamcdn-a.akamaihd.net/apps/583950/icons/set01/10111_large_brazilian.caade44711eef1656278523efc1ccfa15c27de58.png");
INSERT INTO large_image(carta_id, lang, value_) VALUES(10111,"latam","https://steamcdn-a.akamaihd.net/apps/583950/icons/set01/10111_large_latam.dec0124be6982bb577b255e6608b1e21fa751281.png");
INSERT INTO carta(id, card_type, illustrator, rarity, item_def) VALUES (10113,'Creep','Vance Kovacs','Rare',110113);
INSERT INTO card_name(carta_id, lang, value_) VALUES(10113,"english","Rampaging Hellbear");
INSERT INTO card_name(carta_id, lang, value_) VALUES(10113,"german","Tobender Höllenbär");
INSERT INTO card_name(carta_id, lang, value_) VALUES(10113,"french","Wendigo enragé");
INSERT INTO card_name(carta_id, lang, value_) VALUES(10113,"italian","Orso infernale infuriato");

INSERT INTO card_name(carta_id, lang, value_) VALUES(10113,"spanish","Oso Infernal Arrasador");



INSERT INTO card_name(carta_id, lang, value_) VALUES(10113,"thai","Rampaging Hellbear");

INSERT INTO card_name(carta_id, lang, value_) VALUES(10113,"portuguese","Rampaging Hellbear");
INSERT INTO card_name(carta_id, lang, value_) VALUES(10113,"polish","Rampaging Hellbear");
INSERT INTO card_name(carta_id, lang, value_) VALUES(10113,"danish","Rampaging Hellbear");
INSERT INTO card_name(carta_id, lang, value_) VALUES(10113,"dutch","Rampaging Hellbear");
INSERT INTO card_name(carta_id, lang, value_) VALUES(10113,"finnish","Rampaging Hellbear");
INSERT INTO card_name(carta_id, lang, value_) VALUES(10113,"norwegian","Rampaging Hellbear");
INSERT INTO card_name(carta_id, lang, value_) VALUES(10113,"swedish","Rampaging Hellbear");
INSERT INTO card_name(carta_id, lang, value_) VALUES(10113,"hungarian","Rampaging Hellbear");
INSERT INTO card_name(carta_id, lang, value_) VALUES(10113,"czech","Rampaging Hellbear");
INSERT INTO card_name(carta_id, lang, value_) VALUES(10113,"romanian","Rampaging Hellbear");
INSERT INTO card_name(carta_id, lang, value_) VALUES(10113,"turkish","Rampaging Hellbear");
INSERT INTO card_name(carta_id, lang, value_) VALUES(10113,"brazilian","Urso Infernal Assolador");
INSERT INTO card_name(carta_id, lang, value_) VALUES(10113,"bulgarian","Rampaging Hellbear");
INSERT INTO card_name(carta_id, lang, value_) VALUES(10113,"greek","Rampaging Hellbear");
INSERT INTO card_name(carta_id, lang, value_) VALUES(10113,"ukrainian","Rampaging Hellbear");
INSERT INTO card_name(carta_id, lang, value_) VALUES(10113,"latam","Oso Infernal Arrasador");
INSERT INTO card_name(carta_id, lang, value_) VALUES(10113,"vietnamese","Rampaging Hellbear");
INSERT INTO large_image(carta_id, lang, value_) VALUES(10113,"default","https://steamcdn-a.akamaihd.net/apps/583950/icons/set01/10113_large_english.79990c936671697c1e20564df27c44cd469a10d0.png");
INSERT INTO large_image(carta_id, lang, value_) VALUES(10113,"german","https://steamcdn-a.akamaihd.net/apps/583950/icons/set01/10113_large_german.74c043f349f293e2a4a6097bbf79cd35c5a4e924.png");
INSERT INTO large_image(carta_id, lang, value_) VALUES(10113,"french","https://steamcdn-a.akamaihd.net/apps/583950/icons/set01/10113_large_french.571bbd01471c86c70bf3e1a8cf191bcc5f33747d.png");
INSERT INTO large_image(carta_id, lang, value_) VALUES(10113,"italian","https://steamcdn-a.akamaihd.net/apps/583950/icons/set01/10113_large_italian.52c39d5727559f858635412431e49c927bdcbd02.png");

INSERT INTO large_image(carta_id, lang, value_) VALUES(10113,"spanish","https://steamcdn-a.akamaihd.net/apps/583950/icons/set01/10113_large_spanish.24482472db2c1e280530dd65354364c48334dda1.png");




INSERT INTO large_image(carta_id, lang, value_) VALUES(10113,"brazilian","https://steamcdn-a.akamaihd.net/apps/583950/icons/set01/10113_large_brazilian.cbfafee3e6e7c4933c5eefae8eb199338f3bfed3.png");
INSERT INTO large_image(carta_id, lang, value_) VALUES(10113,"latam","https://steamcdn-a.akamaihd.net/apps/583950/icons/set01/10113_large_latam.06e7336c54c458f364f637fccff1ba06599a6fa5.png");
INSERT INTO carta(id, card_type, illustrator, rarity, item_def) VALUES (10114,'Creep','Jakub Kasper','Uncommon',110114);
INSERT INTO card_name(carta_id, lang, value_) VALUES(10114,"english","Cursed Satyr");
INSERT INTO card_name(carta_id, lang, value_) VALUES(10114,"german","Verfluchter Satyr");
INSERT INTO card_name(carta_id, lang, value_) VALUES(10114,"french","Satyre maudit");
INSERT INTO card_name(carta_id, lang, value_) VALUES(10114,"italian","Satiro maledetto");

INSERT INTO card_name(carta_id, lang, value_) VALUES(10114,"spanish","Sátiro Maldito");



INSERT INTO card_name(carta_id, lang, value_) VALUES(10114,"thai","Cursed Satyr");

INSERT INTO card_name(carta_id, lang, value_) VALUES(10114,"portuguese","Cursed Satyr");
INSERT INTO card_name(carta_id, lang, value_) VALUES(10114,"polish","Cursed Satyr");
INSERT INTO card_name(carta_id, lang, value_) VALUES(10114,"danish","Cursed Satyr");
INSERT INTO card_name(carta_id, lang, value_) VALUES(10114,"dutch","Cursed Satyr");
INSERT INTO card_name(carta_id, lang, value_) VALUES(10114,"finnish","Cursed Satyr");
INSERT INTO card_name(carta_id, lang, value_) VALUES(10114,"norwegian","Cursed Satyr");
INSERT INTO card_name(carta_id, lang, value_) VALUES(10114,"swedish","Cursed Satyr");
INSERT INTO card_name(carta_id, lang, value_) VALUES(10114,"hungarian","Cursed Satyr");
INSERT INTO card_name(carta_id, lang, value_) VALUES(10114,"czech","Cursed Satyr");
INSERT INTO card_name(carta_id, lang, value_) VALUES(10114,"romanian","Cursed Satyr");
INSERT INTO card_name(carta_id, lang, value_) VALUES(10114,"turkish","Cursed Satyr");
INSERT INTO card_name(carta_id, lang, value_) VALUES(10114,"brazilian","Sátira Amaldiçoada");
INSERT INTO card_name(carta_id, lang, value_) VALUES(10114,"bulgarian","Cursed Satyr");
INSERT INTO card_name(carta_id, lang, value_) VALUES(10114,"greek","Cursed Satyr");
INSERT INTO card_name(carta_id, lang, value_) VALUES(10114,"ukrainian","Cursed Satyr");
INSERT INTO card_name(carta_id, lang, value_) VALUES(10114,"latam","Sátira Maldita");
INSERT INTO card_name(carta_id, lang, value_) VALUES(10114,"vietnamese","Cursed Satyr");
INSERT INTO large_image(carta_id, lang, value_) VALUES(10114,"default","https://steamcdn-a.akamaihd.net/apps/583950/icons/set01/10114_large_english.8b2cbdbebfbc4f5b8fe5fcc5e66d66bd75f8fed0.png");
INSERT INTO large_image(carta_id, lang, value_) VALUES(10114,"german","https://steamcdn-a.akamaihd.net/apps/583950/icons/set01/10114_large_german.d3b0155b5596d26aba344a9f295997657fb86ea1.png");
INSERT INTO large_image(carta_id, lang, value_) VALUES(10114,"french","https://steamcdn-a.akamaihd.net/apps/583950/icons/set01/10114_large_french.49556fab3aaa12279fe8c6b8988b13d2788b9520.png");
INSERT INTO large_image(carta_id, lang, value_) VALUES(10114,"italian","https://steamcdn-a.akamaihd.net/apps/583950/icons/set01/10114_large_italian.ffe215b8c35db43e8bda805c2e0945135a8257c0.png");

INSERT INTO large_image(carta_id, lang, value_) VALUES(10114,"spanish","https://steamcdn-a.akamaihd.net/apps/583950/icons/set01/10114_large_spanish.d07cce94da1d0e7b0e033ecc8fb026d280722ed8.png");




INSERT INTO large_image(carta_id, lang, value_) VALUES(10114,"brazilian","https://steamcdn-a.akamaihd.net/apps/583950/icons/set01/10114_large_brazilian.16f3bdcba3e746000c06dc4aae079ae2e5ae7994.png");
INSERT INTO large_image(carta_id, lang, value_) VALUES(10114,"latam","https://steamcdn-a.akamaihd.net/apps/583950/icons/set01/10114_large_latam.f3d015fcf16b30d4b28f13af10cbdc69572cb245.png");
INSERT INTO carta(id, card_type, illustrator, rarity, item_def) VALUES (10115,'Creep','Heonhwa Choe','Rare',110115);
INSERT INTO card_name(carta_id, lang, value_) VALUES(10115,"english","Ravenhook");
INSERT INTO card_name(carta_id, lang, value_) VALUES(10115,"german","Rabenbuckel");
INSERT INTO card_name(carta_id, lang, value_) VALUES(10115,"french","Corbec");
INSERT INTO card_name(carta_id, lang, value_) VALUES(10115,"italian","Corvonero");

INSERT INTO card_name(carta_id, lang, value_) VALUES(10115,"spanish","Garricórvido");



INSERT INTO card_name(carta_id, lang, value_) VALUES(10115,"thai","Ravenhook");

INSERT INTO card_name(carta_id, lang, value_) VALUES(10115,"portuguese","Ravenhook");
INSERT INTO card_name(carta_id, lang, value_) VALUES(10115,"polish","Ravenhook");
INSERT INTO card_name(carta_id, lang, value_) VALUES(10115,"danish","Ravenhook");
INSERT INTO card_name(carta_id, lang, value_) VALUES(10115,"dutch","Ravenhook");
INSERT INTO card_name(carta_id, lang, value_) VALUES(10115,"finnish","Ravenhook");
INSERT INTO card_name(carta_id, lang, value_) VALUES(10115,"norwegian","Ravenhook");
INSERT INTO card_name(carta_id, lang, value_) VALUES(10115,"swedish","Ravenhook");
INSERT INTO card_name(carta_id, lang, value_) VALUES(10115,"hungarian","Ravenhook");
INSERT INTO card_name(carta_id, lang, value_) VALUES(10115,"czech","Ravenhook");
INSERT INTO card_name(carta_id, lang, value_) VALUES(10115,"romanian","Ravenhook");
INSERT INTO card_name(carta_id, lang, value_) VALUES(10115,"turkish","Ravenhook");
INSERT INTO card_name(carta_id, lang, value_) VALUES(10115,"brazilian","Garrapinante");
INSERT INTO card_name(carta_id, lang, value_) VALUES(10115,"bulgarian","Ravenhook");
INSERT INTO card_name(carta_id, lang, value_) VALUES(10115,"greek","Ravenhook");
INSERT INTO card_name(carta_id, lang, value_) VALUES(10115,"ukrainian","Ravenhook");
INSERT INTO card_name(carta_id, lang, value_) VALUES(10115,"latam","Garricórvido");
INSERT INTO card_name(carta_id, lang, value_) VALUES(10115,"vietnamese","Ravenhook");
INSERT INTO large_image(carta_id, lang, value_) VALUES(10115,"default","https://steamcdn-a.akamaihd.net/apps/583950/icons/set01/10115_large_english.1e68808501e8cfb039544987605d03c786cf6b9c.png");
INSERT INTO large_image(carta_id, lang, value_) VALUES(10115,"german","https://steamcdn-a.akamaihd.net/apps/583950/icons/set01/10115_large_german.d3f9775034e0bc4c2a793a7f989459bd40d36e1c.png");
INSERT INTO large_image(carta_id, lang, value_) VALUES(10115,"french","https://steamcdn-a.akamaihd.net/apps/583950/icons/set01/10115_large_french.01f03199900d2571abdbbd2930e890f512d3f735.png");
INSERT INTO large_image(carta_id, lang, value_) VALUES(10115,"italian","https://steamcdn-a.akamaihd.net/apps/583950/icons/set01/10115_large_italian.c3d69732eca22b3ef18286d86a1587024dae43e0.png");

INSERT INTO large_image(carta_id, lang, value_) VALUES(10115,"spanish","https://steamcdn-a.akamaihd.net/apps/583950/icons/set01/10115_large_spanish.d2a5d05d94d389b47f261b2d50b275043af0ef08.png");




INSERT INTO large_image(carta_id, lang, value_) VALUES(10115,"brazilian","https://steamcdn-a.akamaihd.net/apps/583950/icons/set01/10115_large_brazilian.99ce919dc27d08d0b2d2ba1ae346117aa691d8c1.png");
INSERT INTO large_image(carta_id, lang, value_) VALUES(10115,"latam","https://steamcdn-a.akamaihd.net/apps/583950/icons/set01/10115_large_latam.5150bd619820c74ec4df74683fb0033f53e82988.png");
INSERT INTO carta(id, card_type, illustrator, rarity, item_def) VALUES (10116,'Creep','Mike Azevedo','Rare',110116);
INSERT INTO card_name(carta_id, lang, value_) VALUES(10116,"english","Ravenous Mass");
INSERT INTO card_name(carta_id, lang, value_) VALUES(10116,"german","Gefräßige Masse");
INSERT INTO card_name(carta_id, lang, value_) VALUES(10116,"french","Masse dévorante");
INSERT INTO card_name(carta_id, lang, value_) VALUES(10116,"italian","Massa affamata");

INSERT INTO card_name(carta_id, lang, value_) VALUES(10116,"spanish","Masa voraz");



INSERT INTO card_name(carta_id, lang, value_) VALUES(10116,"thai","Ravenous Mass");

INSERT INTO card_name(carta_id, lang, value_) VALUES(10116,"portuguese","Ravenous Mass");
INSERT INTO card_name(carta_id, lang, value_) VALUES(10116,"polish","Ravenous Mass");
INSERT INTO card_name(carta_id, lang, value_) VALUES(10116,"danish","Ravenous Mass");
INSERT INTO card_name(carta_id, lang, value_) VALUES(10116,"dutch","Ravenous Mass");
INSERT INTO card_name(carta_id, lang, value_) VALUES(10116,"finnish","Ravenous Mass");
INSERT INTO card_name(carta_id, lang, value_) VALUES(10116,"norwegian","Ravenous Mass");
INSERT INTO card_name(carta_id, lang, value_) VALUES(10116,"swedish","Ravenous Mass");
INSERT INTO card_name(carta_id, lang, value_) VALUES(10116,"hungarian","Ravenous Mass");
INSERT INTO card_name(carta_id, lang, value_) VALUES(10116,"czech","Ravenous Mass");
INSERT INTO card_name(carta_id, lang, value_) VALUES(10116,"romanian","Ravenous Mass");
INSERT INTO card_name(carta_id, lang, value_) VALUES(10116,"turkish","Ravenous Mass");
INSERT INTO card_name(carta_id, lang, value_) VALUES(10116,"brazilian","Multidão Voraz");
INSERT INTO card_name(carta_id, lang, value_) VALUES(10116,"bulgarian","Ravenous Mass");
INSERT INTO card_name(carta_id, lang, value_) VALUES(10116,"greek","Ravenous Mass");
INSERT INTO card_name(carta_id, lang, value_) VALUES(10116,"ukrainian","Ravenous Mass");
INSERT INTO card_name(carta_id, lang, value_) VALUES(10116,"latam","Masa Voraz");
INSERT INTO card_name(carta_id, lang, value_) VALUES(10116,"vietnamese","Ravenous Mass");
INSERT INTO large_image(carta_id, lang, value_) VALUES(10116,"default","https://steamcdn-a.akamaihd.net/apps/583950/icons/set01/10116_large_english.0cc693b888c77f2cbd00221013bda3db030e417d.png");
INSERT INTO large_image(carta_id, lang, value_) VALUES(10116,"german","https://steamcdn-a.akamaihd.net/apps/583950/icons/set01/10116_large_german.a01098d67d56067a445966943360823cedbbd712.png");
INSERT INTO large_image(carta_id, lang, value_) VALUES(10116,"french","https://steamcdn-a.akamaihd.net/apps/583950/icons/set01/10116_large_french.46a8337c6b1da24e2e71049a08cdc4ee261095d0.png");
INSERT INTO large_image(carta_id, lang, value_) VALUES(10116,"italian","https://steamcdn-a.akamaihd.net/apps/583950/icons/set01/10116_large_italian.ceb3c96d685c34f7d6ea88181bcba42c2737da91.png");

INSERT INTO large_image(carta_id, lang, value_) VALUES(10116,"spanish","https://steamcdn-a.akamaihd.net/apps/583950/icons/set01/10116_large_spanish.a215b539cdb6857532ac341a1eef04059283ef41.png");




INSERT INTO large_image(carta_id, lang, value_) VALUES(10116,"brazilian","https://steamcdn-a.akamaihd.net/apps/583950/icons/set01/10116_large_brazilian.96135c2fa6705e171f97dc07e0dca225dd4e11e7.png");
INSERT INTO large_image(carta_id, lang, value_) VALUES(10116,"latam","https://steamcdn-a.akamaihd.net/apps/583950/icons/set01/10116_large_latam.edf2bd8b929b6f0d4a2f738a139db50b19760fdc.png");
INSERT INTO carta(id, card_type, illustrator, rarity, item_def) VALUES (10118,'Creep','Vance Kovacs','Common',110118);
INSERT INTO card_name(carta_id, lang, value_) VALUES(10118,"english","Hellbear Crippler");
INSERT INTO card_name(carta_id, lang, value_) VALUES(10118,"german","Höllenbär-Verkrüppler");
INSERT INTO card_name(carta_id, lang, value_) VALUES(10118,"french","Découpeur wendigo");
INSERT INTO card_name(carta_id, lang, value_) VALUES(10118,"italian","Orso infernale mutilatore");

INSERT INTO card_name(carta_id, lang, value_) VALUES(10118,"spanish","Oso Infernal Paralizante");



INSERT INTO card_name(carta_id, lang, value_) VALUES(10118,"thai","Hellbear Crippler");

INSERT INTO card_name(carta_id, lang, value_) VALUES(10118,"portuguese","Hellbear Crippler");
INSERT INTO card_name(carta_id, lang, value_) VALUES(10118,"polish","Hellbear Crippler");
INSERT INTO card_name(carta_id, lang, value_) VALUES(10118,"danish","Hellbear Crippler");
INSERT INTO card_name(carta_id, lang, value_) VALUES(10118,"dutch","Hellbear Crippler");
INSERT INTO card_name(carta_id, lang, value_) VALUES(10118,"finnish","Hellbear Crippler");
INSERT INTO card_name(carta_id, lang, value_) VALUES(10118,"norwegian","Hellbear Crippler");
INSERT INTO card_name(carta_id, lang, value_) VALUES(10118,"swedish","Hellbear Crippler");
INSERT INTO card_name(carta_id, lang, value_) VALUES(10118,"hungarian","Hellbear Crippler");
INSERT INTO card_name(carta_id, lang, value_) VALUES(10118,"czech","Hellbear Crippler");
INSERT INTO card_name(carta_id, lang, value_) VALUES(10118,"romanian","Hellbear Crippler");
INSERT INTO card_name(carta_id, lang, value_) VALUES(10118,"turkish","Hellbear Crippler");
INSERT INTO card_name(carta_id, lang, value_) VALUES(10118,"brazilian","Urso Infernal Mutilador");
INSERT INTO card_name(carta_id, lang, value_) VALUES(10118,"bulgarian","Hellbear Crippler");
INSERT INTO card_name(carta_id, lang, value_) VALUES(10118,"greek","Hellbear Crippler");
INSERT INTO card_name(carta_id, lang, value_) VALUES(10118,"ukrainian","Hellbear Crippler");
INSERT INTO card_name(carta_id, lang, value_) VALUES(10118,"latam","Oso Infernal Paralizante");
INSERT INTO card_name(carta_id, lang, value_) VALUES(10118,"vietnamese","Hellbear Crippler");
INSERT INTO large_image(carta_id, lang, value_) VALUES(10118,"default","https://steamcdn-a.akamaihd.net/apps/583950/icons/set01/10118_large_english.af0115d47c3d0876e324ecad2e9faa126a751944.png");
INSERT INTO large_image(carta_id, lang, value_) VALUES(10118,"german","https://steamcdn-a.akamaihd.net/apps/583950/icons/set01/10118_large_german.18d4f8306f400b6135f87f8c0dfb5902547c3110.png");
INSERT INTO large_image(carta_id, lang, value_) VALUES(10118,"french","https://steamcdn-a.akamaihd.net/apps/583950/icons/set01/10118_large_french.83c8d65d91f2144dc7f0c597a4710d167248d169.png");
INSERT INTO large_image(carta_id, lang, value_) VALUES(10118,"italian","https://steamcdn-a.akamaihd.net/apps/583950/icons/set01/10118_large_italian.a179942f97ba85d5f450f317c96d763317527fc8.png");

INSERT INTO large_image(carta_id, lang, value_) VALUES(10118,"spanish","https://steamcdn-a.akamaihd.net/apps/583950/icons/set01/10118_large_spanish.49e4d69f465c869c165b2dff0e37fa75770358fa.png");




INSERT INTO large_image(carta_id, lang, value_) VALUES(10118,"brazilian","https://steamcdn-a.akamaihd.net/apps/583950/icons/set01/10118_large_brazilian.fbbc3db2d8dfddd253e0211cba00ea6a919e2781.png");
INSERT INTO large_image(carta_id, lang, value_) VALUES(10118,"latam","https://steamcdn-a.akamaihd.net/apps/583950/icons/set01/10118_large_latam.b0e3735c2d543b3b1a26b439a8cb27f05de76987.png");
INSERT INTO carta(id, card_type, illustrator, rarity, item_def) VALUES (10119,'Creep','John Stanko','Common',110119);
INSERT INTO card_name(carta_id, lang, value_) VALUES(10119,"english","Selfish Cleric");
INSERT INTO card_name(carta_id, lang, value_) VALUES(10119,"german","Selbstsüchtiger Kleriker");
INSERT INTO card_name(carta_id, lang, value_) VALUES(10119,"french","Clerc égoïste");
INSERT INTO card_name(carta_id, lang, value_) VALUES(10119,"italian","Chierico egoista");

INSERT INTO card_name(carta_id, lang, value_) VALUES(10119,"spanish","Clérigo Egoísta");



INSERT INTO card_name(carta_id, lang, value_) VALUES(10119,"thai","Selfish Cleric");

INSERT INTO card_name(carta_id, lang, value_) VALUES(10119,"portuguese","Selfish Cleric");
INSERT INTO card_name(carta_id, lang, value_) VALUES(10119,"polish","Selfish Cleric");
INSERT INTO card_name(carta_id, lang, value_) VALUES(10119,"danish","Selfish Cleric");
INSERT INTO card_name(carta_id, lang, value_) VALUES(10119,"dutch","Selfish Cleric");
INSERT INTO card_name(carta_id, lang, value_) VALUES(10119,"finnish","Selfish Cleric");
INSERT INTO card_name(carta_id, lang, value_) VALUES(10119,"norwegian","Selfish Cleric");
INSERT INTO card_name(carta_id, lang, value_) VALUES(10119,"swedish","Selfish Cleric");
INSERT INTO card_name(carta_id, lang, value_) VALUES(10119,"hungarian","Selfish Cleric");
INSERT INTO card_name(carta_id, lang, value_) VALUES(10119,"czech","Selfish Cleric");
INSERT INTO card_name(carta_id, lang, value_) VALUES(10119,"romanian","Selfish Cleric");
INSERT INTO card_name(carta_id, lang, value_) VALUES(10119,"turkish","Selfish Cleric");
INSERT INTO card_name(carta_id, lang, value_) VALUES(10119,"brazilian","Clérigo Egoísta");
INSERT INTO card_name(carta_id, lang, value_) VALUES(10119,"bulgarian","Selfish Cleric");
INSERT INTO card_name(carta_id, lang, value_) VALUES(10119,"greek","Selfish Cleric");
INSERT INTO card_name(carta_id, lang, value_) VALUES(10119,"ukrainian","Selfish Cleric");
INSERT INTO card_name(carta_id, lang, value_) VALUES(10119,"latam","Clérigo Egoísta");
INSERT INTO card_name(carta_id, lang, value_) VALUES(10119,"vietnamese","Selfish Cleric");
INSERT INTO large_image(carta_id, lang, value_) VALUES(10119,"default","https://steamcdn-a.akamaihd.net/apps/583950/icons/set01/10119_large_english.5a01d4471368ac2f718dd22d9af6daeb93e92058.png");
INSERT INTO large_image(carta_id, lang, value_) VALUES(10119,"german","https://steamcdn-a.akamaihd.net/apps/583950/icons/set01/10119_large_german.3ba185c357f852064134b982714020bfc2de2013.png");
INSERT INTO large_image(carta_id, lang, value_) VALUES(10119,"french","https://steamcdn-a.akamaihd.net/apps/583950/icons/set01/10119_large_french.fbd02c8ae3519ceaaf11f9cb089df584856a7018.png");
INSERT INTO large_image(carta_id, lang, value_) VALUES(10119,"italian","https://steamcdn-a.akamaihd.net/apps/583950/icons/set01/10119_large_italian.a3b0137809f206922f0ef705cd8924812db50fd0.png");

INSERT INTO large_image(carta_id, lang, value_) VALUES(10119,"spanish","https://steamcdn-a.akamaihd.net/apps/583950/icons/set01/10119_large_spanish.a8181412ed6abe26edb1caebfef050917125a361.png");




INSERT INTO large_image(carta_id, lang, value_) VALUES(10119,"brazilian","https://steamcdn-a.akamaihd.net/apps/583950/icons/set01/10119_large_brazilian.71eb3918d30360f4b78f15dfc0c98b89f8753552.png");
INSERT INTO large_image(carta_id, lang, value_) VALUES(10119,"latam","https://steamcdn-a.akamaihd.net/apps/583950/icons/set01/10119_large_latam.602ef1e3a4fbb31253045529651c5fa428f1bc54.png");
INSERT INTO carta(id, card_type, illustrator, rarity, item_def) VALUES (10127,'Creep','Lius Lasahido','Common',110127);
INSERT INTO card_name(carta_id, lang, value_) VALUES(10127,"english","Ogre Conscript");
INSERT INTO card_name(carta_id, lang, value_) VALUES(10127,"german","Ogerrekrut");
INSERT INTO card_name(carta_id, lang, value_) VALUES(10127,"french","Ogre conscrit");
INSERT INTO card_name(carta_id, lang, value_) VALUES(10127,"italian","Ogre apprendista");

INSERT INTO card_name(carta_id, lang, value_) VALUES(10127,"spanish","Ogro Recluta");



INSERT INTO card_name(carta_id, lang, value_) VALUES(10127,"thai","Ogre Conscript");

INSERT INTO card_name(carta_id, lang, value_) VALUES(10127,"portuguese","Ogre Conscript");
INSERT INTO card_name(carta_id, lang, value_) VALUES(10127,"polish","Ogre Conscript");
INSERT INTO card_name(carta_id, lang, value_) VALUES(10127,"danish","Ogre Conscript");
INSERT INTO card_name(carta_id, lang, value_) VALUES(10127,"dutch","Ogre Conscript");
INSERT INTO card_name(carta_id, lang, value_) VALUES(10127,"finnish","Ogre Conscript");
INSERT INTO card_name(carta_id, lang, value_) VALUES(10127,"norwegian","Ogre Conscript");
INSERT INTO card_name(carta_id, lang, value_) VALUES(10127,"swedish","Ogre Conscript");
INSERT INTO card_name(carta_id, lang, value_) VALUES(10127,"hungarian","Ogre Conscript");
INSERT INTO card_name(carta_id, lang, value_) VALUES(10127,"czech","Ogre Conscript");
INSERT INTO card_name(carta_id, lang, value_) VALUES(10127,"romanian","Ogre Conscript");
INSERT INTO card_name(carta_id, lang, value_) VALUES(10127,"turkish","Ogre Conscript");
INSERT INTO card_name(carta_id, lang, value_) VALUES(10127,"brazilian","Ogro Conscrito");
INSERT INTO card_name(carta_id, lang, value_) VALUES(10127,"bulgarian","Ogre Conscript");
INSERT INTO card_name(carta_id, lang, value_) VALUES(10127,"greek","Ogre Conscript");
INSERT INTO card_name(carta_id, lang, value_) VALUES(10127,"ukrainian","Ogre Conscript");
INSERT INTO card_name(carta_id, lang, value_) VALUES(10127,"latam","Ogro Recluta");
INSERT INTO card_name(carta_id, lang, value_) VALUES(10127,"vietnamese","Ogre Conscript");
INSERT INTO large_image(carta_id, lang, value_) VALUES(10127,"default","https://steamcdn-a.akamaihd.net/apps/583950/icons/set01/10127_large_english.fb540e1a4a35e8fae291f1d54333cf6193dc2d0d.png");
INSERT INTO large_image(carta_id, lang, value_) VALUES(10127,"german","https://steamcdn-a.akamaihd.net/apps/583950/icons/set01/10127_large_german.d44a58422e473b6839d8d04aeed5eb5cc0a72305.png");
INSERT INTO large_image(carta_id, lang, value_) VALUES(10127,"french","https://steamcdn-a.akamaihd.net/apps/583950/icons/set01/10127_large_french.09db8c96f1fbb2aae7f3de2bc3ad0189368ca826.png");
INSERT INTO large_image(carta_id, lang, value_) VALUES(10127,"italian","https://steamcdn-a.akamaihd.net/apps/583950/icons/set01/10127_large_italian.03a7d74b131249b17cb4b9be80ae044e12ac9eb2.png");

INSERT INTO large_image(carta_id, lang, value_) VALUES(10127,"spanish","https://steamcdn-a.akamaihd.net/apps/583950/icons/set01/10127_large_spanish.142418954d72bdd1046d7e0c948482d1b072772a.png");




INSERT INTO large_image(carta_id, lang, value_) VALUES(10127,"brazilian","https://steamcdn-a.akamaihd.net/apps/583950/icons/set01/10127_large_brazilian.01d5dbc4d6bea4200b8317321c1ead686efaf554.png");
INSERT INTO large_image(carta_id, lang, value_) VALUES(10127,"latam","https://steamcdn-a.akamaihd.net/apps/583950/icons/set01/10127_large_latam.6895cdce0270dc282251efb7c920edea5bdff0b6.png");
INSERT INTO carta(id, card_type, illustrator, rarity, item_def) VALUES (10128,'Creep','Jason Kang','Common',110128);
INSERT INTO card_name(carta_id, lang, value_) VALUES(10128,"english","Untested Grunt");
INSERT INTO card_name(carta_id, lang, value_) VALUES(10128,"german","Unerfahrener Soldat");
INSERT INTO card_name(carta_id, lang, value_) VALUES(10128,"french","Soldat néophyte");
INSERT INTO card_name(carta_id, lang, value_) VALUES(10128,"italian","Soldato principiante");

INSERT INTO card_name(carta_id, lang, value_) VALUES(10128,"spanish","Novato Gruñón");



INSERT INTO card_name(carta_id, lang, value_) VALUES(10128,"thai","Untested Grunt");

INSERT INTO card_name(carta_id, lang, value_) VALUES(10128,"portuguese","Untested Grunt");
INSERT INTO card_name(carta_id, lang, value_) VALUES(10128,"polish","Untested Grunt");
INSERT INTO card_name(carta_id, lang, value_) VALUES(10128,"danish","Untested Grunt");
INSERT INTO card_name(carta_id, lang, value_) VALUES(10128,"dutch","Untested Grunt");
INSERT INTO card_name(carta_id, lang, value_) VALUES(10128,"finnish","Untested Grunt");
INSERT INTO card_name(carta_id, lang, value_) VALUES(10128,"norwegian","Untested Grunt");
INSERT INTO card_name(carta_id, lang, value_) VALUES(10128,"swedish","Untested Grunt");
INSERT INTO card_name(carta_id, lang, value_) VALUES(10128,"hungarian","Untested Grunt");
INSERT INTO card_name(carta_id, lang, value_) VALUES(10128,"czech","Untested Grunt");
INSERT INTO card_name(carta_id, lang, value_) VALUES(10128,"romanian","Untested Grunt");
INSERT INTO card_name(carta_id, lang, value_) VALUES(10128,"turkish","Untested Grunt");
INSERT INTO card_name(carta_id, lang, value_) VALUES(10128,"brazilian","Bruto Inexperiente");
INSERT INTO card_name(carta_id, lang, value_) VALUES(10128,"bulgarian","Untested Grunt");
INSERT INTO card_name(carta_id, lang, value_) VALUES(10128,"greek","Untested Grunt");
INSERT INTO card_name(carta_id, lang, value_) VALUES(10128,"ukrainian","Untested Grunt");
INSERT INTO card_name(carta_id, lang, value_) VALUES(10128,"latam","Novato Gruñón");
INSERT INTO card_name(carta_id, lang, value_) VALUES(10128,"vietnamese","Untested Grunt");
INSERT INTO large_image(carta_id, lang, value_) VALUES(10128,"default","https://steamcdn-a.akamaihd.net/apps/583950/icons/set01/10128_large_english.11eef2f371f9c87ed9d5c8a12eb6ad77c349ea10.png");
INSERT INTO large_image(carta_id, lang, value_) VALUES(10128,"german","https://steamcdn-a.akamaihd.net/apps/583950/icons/set01/10128_large_german.a1ba741909cd264ff910b1043faad99bc1d27c01.png");
INSERT INTO large_image(carta_id, lang, value_) VALUES(10128,"french","https://steamcdn-a.akamaihd.net/apps/583950/icons/set01/10128_large_french.fa029899f1a4b5119e4c11b11623105d5939748d.png");
INSERT INTO large_image(carta_id, lang, value_) VALUES(10128,"italian","https://steamcdn-a.akamaihd.net/apps/583950/icons/set01/10128_large_italian.76dd3b1750754af75ca034baffc0c01943b2c26d.png");

INSERT INTO large_image(carta_id, lang, value_) VALUES(10128,"spanish","https://steamcdn-a.akamaihd.net/apps/583950/icons/set01/10128_large_spanish.6baa8c0848a8164d5e8f801ad8508573fcfe895d.png");




INSERT INTO large_image(carta_id, lang, value_) VALUES(10128,"brazilian","https://steamcdn-a.akamaihd.net/apps/583950/icons/set01/10128_large_brazilian.ef1740b5b5a757ebe0904808b6f0a6c50ba26bb7.png");
INSERT INTO large_image(carta_id, lang, value_) VALUES(10128,"latam","https://steamcdn-a.akamaihd.net/apps/583950/icons/set01/10128_large_latam.84c0ae5d775dc03c8d936ab7125ad6cf0c8eca53.png");
INSERT INTO carta(id, card_type, illustrator, rarity, item_def) VALUES (10129,'Creep','David Palumbo','Common',110129);
INSERT INTO card_name(carta_id, lang, value_) VALUES(10129,"english","Assassin's Apprentice");
INSERT INTO card_name(carta_id, lang, value_) VALUES(10129,"german","Assassinenschülerin");
INSERT INTO card_name(carta_id, lang, value_) VALUES(10129,"french","Apprentie assassine");
INSERT INTO card_name(carta_id, lang, value_) VALUES(10129,"italian","Apprendista dell'assassina");

INSERT INTO card_name(carta_id, lang, value_) VALUES(10129,"spanish","Aprendiza de Asesino");



INSERT INTO card_name(carta_id, lang, value_) VALUES(10129,"thai","Assassin's Apprentice");

INSERT INTO card_name(carta_id, lang, value_) VALUES(10129,"portuguese","Assassin's Apprentice");
INSERT INTO card_name(carta_id, lang, value_) VALUES(10129,"polish","Assassin's Apprentice");
INSERT INTO card_name(carta_id, lang, value_) VALUES(10129,"danish","Assassin's Apprentice");
INSERT INTO card_name(carta_id, lang, value_) VALUES(10129,"dutch","Assassin's Apprentice");
INSERT INTO card_name(carta_id, lang, value_) VALUES(10129,"finnish","Assassin's Apprentice");
INSERT INTO card_name(carta_id, lang, value_) VALUES(10129,"norwegian","Assassin's Apprentice");
INSERT INTO card_name(carta_id, lang, value_) VALUES(10129,"swedish","Assassin's Apprentice");
INSERT INTO card_name(carta_id, lang, value_) VALUES(10129,"hungarian","Assassin's Apprentice");
INSERT INTO card_name(carta_id, lang, value_) VALUES(10129,"czech","Assassin's Apprentice");
INSERT INTO card_name(carta_id, lang, value_) VALUES(10129,"romanian","Assassin's Apprentice");
INSERT INTO card_name(carta_id, lang, value_) VALUES(10129,"turkish","Assassin's Apprentice");
INSERT INTO card_name(carta_id, lang, value_) VALUES(10129,"brazilian","Aprendiz da Assassina");
INSERT INTO card_name(carta_id, lang, value_) VALUES(10129,"bulgarian","Assassin's Apprentice");
INSERT INTO card_name(carta_id, lang, value_) VALUES(10129,"greek","Assassin's Apprentice");
INSERT INTO card_name(carta_id, lang, value_) VALUES(10129,"ukrainian","Assassin's Apprentice");
INSERT INTO card_name(carta_id, lang, value_) VALUES(10129,"latam","Aprendiza de Asesino");
INSERT INTO card_name(carta_id, lang, value_) VALUES(10129,"vietnamese","Assassin's Apprentice");
INSERT INTO large_image(carta_id, lang, value_) VALUES(10129,"default","https://steamcdn-a.akamaihd.net/apps/583950/icons/set01/10129_large_english.0dff50721422f024352447bdf129de8266195db3.png");
INSERT INTO large_image(carta_id, lang, value_) VALUES(10129,"german","https://steamcdn-a.akamaihd.net/apps/583950/icons/set01/10129_large_german.4e3e1ae6b50a3dfa2171a43a8886c70a703dae8a.png");
INSERT INTO large_image(carta_id, lang, value_) VALUES(10129,"french","https://steamcdn-a.akamaihd.net/apps/583950/icons/set01/10129_large_french.6086f762eda7dfc0a79146ed2f01750657b6075c.png");
INSERT INTO large_image(carta_id, lang, value_) VALUES(10129,"italian","https://steamcdn-a.akamaihd.net/apps/583950/icons/set01/10129_large_italian.99fd822322948e8db74165c0847517093acf0c2e.png");

INSERT INTO large_image(carta_id, lang, value_) VALUES(10129,"spanish","https://steamcdn-a.akamaihd.net/apps/583950/icons/set01/10129_large_spanish.ac6efd8a3dee6898d66345d79112dbaab6d704bb.png");




INSERT INTO large_image(carta_id, lang, value_) VALUES(10129,"brazilian","https://steamcdn-a.akamaihd.net/apps/583950/icons/set01/10129_large_brazilian.e64465f106977cc32d14554af3cc278f3372ed7f.png");
INSERT INTO large_image(carta_id, lang, value_) VALUES(10129,"latam","https://steamcdn-a.akamaihd.net/apps/583950/icons/set01/10129_large_latam.efbc5c6d3d35cd0f58ecbd19776d613e7b34cb82.png");
INSERT INTO carta(id, card_type, illustrator, rarity, item_def) VALUES (10131,'Creep','Jason Kang','Uncommon',110131);
INSERT INTO card_name(carta_id, lang, value_) VALUES(10131,"english","Stonehall Elite");
INSERT INTO card_name(carta_id, lang, value_) VALUES(10131,"german","Elite von Steinhalle");
INSERT INTO card_name(carta_id, lang, value_) VALUES(10131,"french","Élite de Pierrefort");
INSERT INTO card_name(carta_id, lang, value_) VALUES(10131,"italian","Élite di Borgolitio");

INSERT INTO card_name(carta_id, lang, value_) VALUES(10131,"spanish","Élite de Stonehall");



INSERT INTO card_name(carta_id, lang, value_) VALUES(10131,"thai","Stonehall Elite");

INSERT INTO card_name(carta_id, lang, value_) VALUES(10131,"portuguese","Stonehall Elite");
INSERT INTO card_name(carta_id, lang, value_) VALUES(10131,"polish","Stonehall Elite");
INSERT INTO card_name(carta_id, lang, value_) VALUES(10131,"danish","Stonehall Elite");
INSERT INTO card_name(carta_id, lang, value_) VALUES(10131,"dutch","Stonehall Elite");
INSERT INTO card_name(carta_id, lang, value_) VALUES(10131,"finnish","Stonehall Elite");
INSERT INTO card_name(carta_id, lang, value_) VALUES(10131,"norwegian","Stonehall Elite");
INSERT INTO card_name(carta_id, lang, value_) VALUES(10131,"swedish","Stonehall Elite");
INSERT INTO card_name(carta_id, lang, value_) VALUES(10131,"hungarian","Stonehall Elite");
INSERT INTO card_name(carta_id, lang, value_) VALUES(10131,"czech","Stonehall Elite");
INSERT INTO card_name(carta_id, lang, value_) VALUES(10131,"romanian","Stonehall Elite");
INSERT INTO card_name(carta_id, lang, value_) VALUES(10131,"turkish","Stonehall Elite");
INSERT INTO card_name(carta_id, lang, value_) VALUES(10131,"brazilian","Elite do Corredor de Pedra");
INSERT INTO card_name(carta_id, lang, value_) VALUES(10131,"bulgarian","Stonehall Elite");
INSERT INTO card_name(carta_id, lang, value_) VALUES(10131,"greek","Stonehall Elite");
INSERT INTO card_name(carta_id, lang, value_) VALUES(10131,"ukrainian","Stonehall Elite");
INSERT INTO card_name(carta_id, lang, value_) VALUES(10131,"latam","Élite de Stonehall");
INSERT INTO card_name(carta_id, lang, value_) VALUES(10131,"vietnamese","Stonehall Elite");
INSERT INTO large_image(carta_id, lang, value_) VALUES(10131,"default","https://steamcdn-a.akamaihd.net/apps/583950/icons/set01/10131_large_english.2ee44440f5038ffb3f7391d06feb68e6f87e05f9.png");
INSERT INTO large_image(carta_id, lang, value_) VALUES(10131,"german","https://steamcdn-a.akamaihd.net/apps/583950/icons/set01/10131_large_german.35d675e21c39060a7ceb73e4ea20f07974f82d60.png");
INSERT INTO large_image(carta_id, lang, value_) VALUES(10131,"french","https://steamcdn-a.akamaihd.net/apps/583950/icons/set01/10131_large_french.2ecf3f1acb573b5d526570fae8fe3d9c955ae300.png");
INSERT INTO large_image(carta_id, lang, value_) VALUES(10131,"italian","https://steamcdn-a.akamaihd.net/apps/583950/icons/set01/10131_large_italian.d7bc57fcf02cd21b655e89c6679f96fb1ebb8186.png");

INSERT INTO large_image(carta_id, lang, value_) VALUES(10131,"spanish","https://steamcdn-a.akamaihd.net/apps/583950/icons/set01/10131_large_spanish.524201adc81181aa35ddd7fad669fe0fb2e639b5.png");




INSERT INTO large_image(carta_id, lang, value_) VALUES(10131,"brazilian","https://steamcdn-a.akamaihd.net/apps/583950/icons/set01/10131_large_brazilian.f97eef6037fe26e9c9eb139bd6442aee8449a970.png");
INSERT INTO large_image(carta_id, lang, value_) VALUES(10131,"latam","https://steamcdn-a.akamaihd.net/apps/583950/icons/set01/10131_large_latam.1d13db008bc84c98856762c652d28eac44ee4bca.png");
INSERT INTO carta(id, card_type, illustrator, rarity, item_def) VALUES (10132,'Creep','Anastasia Ovchinnikova','Uncommon',110132);
INSERT INTO card_name(carta_id, lang, value_) VALUES(10132,"english","Red Mist Pillager");
INSERT INTO card_name(carta_id, lang, value_) VALUES(10132,"german","Rotnebelplünderer");
INSERT INTO card_name(carta_id, lang, value_) VALUES(10132,"french","Pillard de la Brume rouge");
INSERT INTO card_name(carta_id, lang, value_) VALUES(10132,"italian","Saccheggiatore della Nebbia Rossa");

INSERT INTO card_name(carta_id, lang, value_) VALUES(10132,"spanish","Saqueador de la Niebla Roja");



INSERT INTO card_name(carta_id, lang, value_) VALUES(10132,"thai","Red Mist Pillager");

INSERT INTO card_name(carta_id, lang, value_) VALUES(10132,"portuguese","Red Mist Pillager");
INSERT INTO card_name(carta_id, lang, value_) VALUES(10132,"polish","Red Mist Pillager");
INSERT INTO card_name(carta_id, lang, value_) VALUES(10132,"danish","Red Mist Pillager");
INSERT INTO card_name(carta_id, lang, value_) VALUES(10132,"dutch","Red Mist Pillager");
INSERT INTO card_name(carta_id, lang, value_) VALUES(10132,"finnish","Red Mist Pillager");
INSERT INTO card_name(carta_id, lang, value_) VALUES(10132,"norwegian","Red Mist Pillager");
INSERT INTO card_name(carta_id, lang, value_) VALUES(10132,"swedish","Red Mist Pillager");
INSERT INTO card_name(carta_id, lang, value_) VALUES(10132,"hungarian","Red Mist Pillager");
INSERT INTO card_name(carta_id, lang, value_) VALUES(10132,"czech","Red Mist Pillager");
INSERT INTO card_name(carta_id, lang, value_) VALUES(10132,"romanian","Red Mist Pillager");
INSERT INTO card_name(carta_id, lang, value_) VALUES(10132,"turkish","Red Mist Pillager");
INSERT INTO card_name(carta_id, lang, value_) VALUES(10132,"brazilian","Saqueador da Névoa Vermelha");
INSERT INTO card_name(carta_id, lang, value_) VALUES(10132,"bulgarian","Red Mist Pillager");
INSERT INTO card_name(carta_id, lang, value_) VALUES(10132,"greek","Red Mist Pillager");
INSERT INTO card_name(carta_id, lang, value_) VALUES(10132,"ukrainian","Red Mist Pillager");
INSERT INTO card_name(carta_id, lang, value_) VALUES(10132,"latam","Saqueador de la Niebla Roja");
INSERT INTO card_name(carta_id, lang, value_) VALUES(10132,"vietnamese","Red Mist Pillager");
INSERT INTO large_image(carta_id, lang, value_) VALUES(10132,"default","https://steamcdn-a.akamaihd.net/apps/583950/icons/set01/10132_large_english.1842ec496903b93637b3eac1b0f4dd229b930c45.png");
INSERT INTO large_image(carta_id, lang, value_) VALUES(10132,"german","https://steamcdn-a.akamaihd.net/apps/583950/icons/set01/10132_large_german.67ecf7e5df43a9c23b5c9a5b076bf9b6aa4b73ad.png");
INSERT INTO large_image(carta_id, lang, value_) VALUES(10132,"french","https://steamcdn-a.akamaihd.net/apps/583950/icons/set01/10132_large_french.1db62de59a78a9729e579ee6208fe47824a11fe7.png");
INSERT INTO large_image(carta_id, lang, value_) VALUES(10132,"italian","https://steamcdn-a.akamaihd.net/apps/583950/icons/set01/10132_large_italian.ad365fbed76460989f87382fd2ac2c1592839b95.png");

INSERT INTO large_image(carta_id, lang, value_) VALUES(10132,"spanish","https://steamcdn-a.akamaihd.net/apps/583950/icons/set01/10132_large_spanish.6dad0263d3aaba892c21667550fe0cb2310a3b89.png");




INSERT INTO large_image(carta_id, lang, value_) VALUES(10132,"brazilian","https://steamcdn-a.akamaihd.net/apps/583950/icons/set01/10132_large_brazilian.75187d077d5695c81857afe46369611ae4ec83d0.png");
INSERT INTO large_image(carta_id, lang, value_) VALUES(10132,"latam","https://steamcdn-a.akamaihd.net/apps/583950/icons/set01/10132_large_latam.43abb061bd0e1d999fd18fbf7f2c16c9f28fe890.png");
INSERT INTO carta(id, card_type, illustrator, rarity, item_def) VALUES (10133,'Creep','Daarken','Rare',110133);
INSERT INTO card_name(carta_id, lang, value_) VALUES(10133,"english","Champion of the Ancient");
INSERT INTO card_name(carta_id, lang, value_) VALUES(10133,"german","Champion des Uralten");
INSERT INTO card_name(carta_id, lang, value_) VALUES(10133,"french","Champion des Anciens");
INSERT INTO card_name(carta_id, lang, value_) VALUES(10133,"italian","Campione dell'Antico");

INSERT INTO card_name(carta_id, lang, value_) VALUES(10133,"spanish","Campeón Ancestral");



INSERT INTO card_name(carta_id, lang, value_) VALUES(10133,"thai","Champion of the Ancient");

INSERT INTO card_name(carta_id, lang, value_) VALUES(10133,"portuguese","Champion of the Ancient");
INSERT INTO card_name(carta_id, lang, value_) VALUES(10133,"polish","Champion of the Ancient");
INSERT INTO card_name(carta_id, lang, value_) VALUES(10133,"danish","Champion of the Ancient");
INSERT INTO card_name(carta_id, lang, value_) VALUES(10133,"dutch","Champion of the Ancient");
INSERT INTO card_name(carta_id, lang, value_) VALUES(10133,"finnish","Champion of the Ancient");
INSERT INTO card_name(carta_id, lang, value_) VALUES(10133,"norwegian","Champion of the Ancient");
INSERT INTO card_name(carta_id, lang, value_) VALUES(10133,"swedish","Champion of the Ancient");
INSERT INTO card_name(carta_id, lang, value_) VALUES(10133,"hungarian","Champion of the Ancient");
INSERT INTO card_name(carta_id, lang, value_) VALUES(10133,"czech","Champion of the Ancient");
INSERT INTO card_name(carta_id, lang, value_) VALUES(10133,"romanian","Champion of the Ancient");
INSERT INTO card_name(carta_id, lang, value_) VALUES(10133,"turkish","Champion of the Ancient");
INSERT INTO card_name(carta_id, lang, value_) VALUES(10133,"brazilian","Campeão do Ancestral");
INSERT INTO card_name(carta_id, lang, value_) VALUES(10133,"bulgarian","Champion of the Ancient");
INSERT INTO card_name(carta_id, lang, value_) VALUES(10133,"greek","Champion of the Ancient");
INSERT INTO card_name(carta_id, lang, value_) VALUES(10133,"ukrainian","Champion of the Ancient");
INSERT INTO card_name(carta_id, lang, value_) VALUES(10133,"latam","Campeón Ancestral");
INSERT INTO card_name(carta_id, lang, value_) VALUES(10133,"vietnamese","Champion of the Ancient");
INSERT INTO large_image(carta_id, lang, value_) VALUES(10133,"default","https://steamcdn-a.akamaihd.net/apps/583950/icons/set01/10133_large_english.f22b42300704662bbc0edfaee6dfde47ed4d78b5.png");
INSERT INTO large_image(carta_id, lang, value_) VALUES(10133,"german","https://steamcdn-a.akamaihd.net/apps/583950/icons/set01/10133_large_german.c6f7dfcdb8d0f944bb1e1d4c2b3deacb5af81d81.png");
INSERT INTO large_image(carta_id, lang, value_) VALUES(10133,"french","https://steamcdn-a.akamaihd.net/apps/583950/icons/set01/10133_large_french.f6b236797e7d4efb97867014663e91c11ebec6af.png");
INSERT INTO large_image(carta_id, lang, value_) VALUES(10133,"italian","https://steamcdn-a.akamaihd.net/apps/583950/icons/set01/10133_large_italian.839770b23a9f4ab679c6389ef7f87f3340719057.png");

INSERT INTO large_image(carta_id, lang, value_) VALUES(10133,"spanish","https://steamcdn-a.akamaihd.net/apps/583950/icons/set01/10133_large_spanish.362e1502de29c846c0af1321ff677afbefca57cd.png");




INSERT INTO large_image(carta_id, lang, value_) VALUES(10133,"brazilian","https://steamcdn-a.akamaihd.net/apps/583950/icons/set01/10133_large_brazilian.ba3ccf509a27809f6336a39458a8d559c4630a9b.png");
INSERT INTO large_image(carta_id, lang, value_) VALUES(10133,"latam","https://steamcdn-a.akamaihd.net/apps/583950/icons/set01/10133_large_latam.aa0cfa03a2a8830e4c5a6d6e9455a9b9ab85aa8f.png");
INSERT INTO carta(id, card_type, illustrator, rarity, item_def) VALUES (10134,'Creep','Jakub Kasper','Uncommon',110134);
INSERT INTO card_name(carta_id, lang, value_) VALUES(10134,"english","Roseleaf Rejuvenator");
INSERT INTO card_name(carta_id, lang, value_) VALUES(10134,"german","Rosenblattverjünger");
INSERT INTO card_name(carta_id, lang, value_) VALUES(10134,"french","Régénérateur de Rosefoliole");
INSERT INTO card_name(carta_id, lang, value_) VALUES(10134,"italian","Ringiovanitore di Petalosa");

INSERT INTO card_name(carta_id, lang, value_) VALUES(10134,"spanish","Reparadora Rosoidea");



INSERT INTO card_name(carta_id, lang, value_) VALUES(10134,"thai","Roseleaf Rejuvenator");

INSERT INTO card_name(carta_id, lang, value_) VALUES(10134,"portuguese","Roseleaf Rejuvenator");
INSERT INTO card_name(carta_id, lang, value_) VALUES(10134,"polish","Roseleaf Rejuvenator");
INSERT INTO card_name(carta_id, lang, value_) VALUES(10134,"danish","Roseleaf Rejuvenator");
INSERT INTO card_name(carta_id, lang, value_) VALUES(10134,"dutch","Roseleaf Rejuvenator");
INSERT INTO card_name(carta_id, lang, value_) VALUES(10134,"finnish","Roseleaf Rejuvenator");
INSERT INTO card_name(carta_id, lang, value_) VALUES(10134,"norwegian","Roseleaf Rejuvenator");
INSERT INTO card_name(carta_id, lang, value_) VALUES(10134,"swedish","Roseleaf Rejuvenator");
INSERT INTO card_name(carta_id, lang, value_) VALUES(10134,"hungarian","Roseleaf Rejuvenator");
INSERT INTO card_name(carta_id, lang, value_) VALUES(10134,"czech","Roseleaf Rejuvenator");
INSERT INTO card_name(carta_id, lang, value_) VALUES(10134,"romanian","Roseleaf Rejuvenator");
INSERT INTO card_name(carta_id, lang, value_) VALUES(10134,"turkish","Roseleaf Rejuvenator");
INSERT INTO card_name(carta_id, lang, value_) VALUES(10134,"brazilian","Restaurador de Petalosa");
INSERT INTO card_name(carta_id, lang, value_) VALUES(10134,"bulgarian","Roseleaf Rejuvenator");
INSERT INTO card_name(carta_id, lang, value_) VALUES(10134,"greek","Roseleaf Rejuvenator");
INSERT INTO card_name(carta_id, lang, value_) VALUES(10134,"ukrainian","Roseleaf Rejuvenator");
INSERT INTO card_name(carta_id, lang, value_) VALUES(10134,"latam","Restauradora Rosoidea");
INSERT INTO card_name(carta_id, lang, value_) VALUES(10134,"vietnamese","Roseleaf Rejuvenator");
INSERT INTO large_image(carta_id, lang, value_) VALUES(10134,"default","https://steamcdn-a.akamaihd.net/apps/583950/icons/set01/10134_large_english.33f69654d19d41a2101838a95d41869e1db34cb0.png");
INSERT INTO large_image(carta_id, lang, value_) VALUES(10134,"german","https://steamcdn-a.akamaihd.net/apps/583950/icons/set01/10134_large_german.c4866fe563baa506723bc3c223b78bb91ba1010c.png");
INSERT INTO large_image(carta_id, lang, value_) VALUES(10134,"french","https://steamcdn-a.akamaihd.net/apps/583950/icons/set01/10134_large_french.6e79a54b81bbf2a88d1f7234e67111681abf3665.png");
INSERT INTO large_image(carta_id, lang, value_) VALUES(10134,"italian","https://steamcdn-a.akamaihd.net/apps/583950/icons/set01/10134_large_italian.9a2e0fcab2819f4a420dedc4320ee355265e7643.png");

INSERT INTO large_image(carta_id, lang, value_) VALUES(10134,"spanish","https://steamcdn-a.akamaihd.net/apps/583950/icons/set01/10134_large_spanish.1c3fc392d7c88cfdcbafa37052bef4635b90c326.png");




INSERT INTO large_image(carta_id, lang, value_) VALUES(10134,"brazilian","https://steamcdn-a.akamaihd.net/apps/583950/icons/set01/10134_large_brazilian.fb538953361be750d675ff0f58aa72c7d44bf1e1.png");
INSERT INTO large_image(carta_id, lang, value_) VALUES(10134,"latam","https://steamcdn-a.akamaihd.net/apps/583950/icons/set01/10134_large_latam.ae50cb3c823075eff152558b8ecb1e4dc074d33d.png");
INSERT INTO carta(id, card_type, illustrator, rarity, item_def) VALUES (10137,'Creep','Alix Branwyn','Uncommon',110137);
INSERT INTO card_name(carta_id, lang, value_) VALUES(10137,"english","Satyr Magician");
INSERT INTO card_name(carta_id, lang, value_) VALUES(10137,"german","Satyrmagierin");
INSERT INTO card_name(carta_id, lang, value_) VALUES(10137,"french","Satyre magicienne");
INSERT INTO card_name(carta_id, lang, value_) VALUES(10137,"italian","Satiro mago");

INSERT INTO card_name(carta_id, lang, value_) VALUES(10137,"spanish","Sátira Maga");



INSERT INTO card_name(carta_id, lang, value_) VALUES(10137,"thai","Satyr Magician");

INSERT INTO card_name(carta_id, lang, value_) VALUES(10137,"portuguese","Satyr Magician");
INSERT INTO card_name(carta_id, lang, value_) VALUES(10137,"polish","Satyr Magician");
INSERT INTO card_name(carta_id, lang, value_) VALUES(10137,"danish","Satyr Magician");
INSERT INTO card_name(carta_id, lang, value_) VALUES(10137,"dutch","Satyr Magician");
INSERT INTO card_name(carta_id, lang, value_) VALUES(10137,"finnish","Satyr Magician");
INSERT INTO card_name(carta_id, lang, value_) VALUES(10137,"norwegian","Satyr Magician");
INSERT INTO card_name(carta_id, lang, value_) VALUES(10137,"swedish","Satyr Magician");
INSERT INTO card_name(carta_id, lang, value_) VALUES(10137,"hungarian","Satyr Magician");
INSERT INTO card_name(carta_id, lang, value_) VALUES(10137,"czech","Satyr Magician");
INSERT INTO card_name(carta_id, lang, value_) VALUES(10137,"romanian","Satyr Magician");
INSERT INTO card_name(carta_id, lang, value_) VALUES(10137,"turkish","Satyr Magician");
INSERT INTO card_name(carta_id, lang, value_) VALUES(10137,"brazilian","Maga Sátira");
INSERT INTO card_name(carta_id, lang, value_) VALUES(10137,"bulgarian","Satyr Magician");
INSERT INTO card_name(carta_id, lang, value_) VALUES(10137,"greek","Satyr Magician");
INSERT INTO card_name(carta_id, lang, value_) VALUES(10137,"ukrainian","Satyr Magician");
INSERT INTO card_name(carta_id, lang, value_) VALUES(10137,"latam","Sátira Maga");
INSERT INTO card_name(carta_id, lang, value_) VALUES(10137,"vietnamese","Satyr Magician");
INSERT INTO large_image(carta_id, lang, value_) VALUES(10137,"default","https://steamcdn-a.akamaihd.net/apps/583950/icons/set01/10137_large_english.82356fb8204c561c87cfd7b2589ca8960a1369e6.png");
INSERT INTO large_image(carta_id, lang, value_) VALUES(10137,"german","https://steamcdn-a.akamaihd.net/apps/583950/icons/set01/10137_large_german.49ffd82b77e5a18219206afbe249ac6152c094b0.png");
INSERT INTO large_image(carta_id, lang, value_) VALUES(10137,"french","https://steamcdn-a.akamaihd.net/apps/583950/icons/set01/10137_large_french.41595337ef54d714be6fe1d95abe21f061444c78.png");
INSERT INTO large_image(carta_id, lang, value_) VALUES(10137,"italian","https://steamcdn-a.akamaihd.net/apps/583950/icons/set01/10137_large_italian.95f2bd1155b4dbb7ae520ede8d27bed0332ad111.png");

INSERT INTO large_image(carta_id, lang, value_) VALUES(10137,"spanish","https://steamcdn-a.akamaihd.net/apps/583950/icons/set01/10137_large_spanish.65256fdbe17ecfa165313449ebf19fdc6e00d2ca.png");




INSERT INTO large_image(carta_id, lang, value_) VALUES(10137,"brazilian","https://steamcdn-a.akamaihd.net/apps/583950/icons/set01/10137_large_brazilian.f85b66a0c4c213dc73d7919b751f7e18597aa5e4.png");
INSERT INTO large_image(carta_id, lang, value_) VALUES(10137,"latam","https://steamcdn-a.akamaihd.net/apps/583950/icons/set01/10137_large_latam.b83f1e8cb7af210e4a38843f8995ed4083041987.png");
INSERT INTO carta(id, card_type, illustrator, rarity, item_def) VALUES (10138,'Creep','Sam Carr','Uncommon',110138);
INSERT INTO card_name(carta_id, lang, value_) VALUES(10138,"english","Troll Soothsayer");
INSERT INTO card_name(carta_id, lang, value_) VALUES(10138,"german","Trollhellseher");
INSERT INTO card_name(carta_id, lang, value_) VALUES(10138,"french","Prophétesse troll");
INSERT INTO card_name(carta_id, lang, value_) VALUES(10138,"italian","Troll indovino");

INSERT INTO card_name(carta_id, lang, value_) VALUES(10138,"spanish","Trol Adivina");



INSERT INTO card_name(carta_id, lang, value_) VALUES(10138,"thai","Troll Soothsayer");

INSERT INTO card_name(carta_id, lang, value_) VALUES(10138,"portuguese","Troll Soothsayer");
INSERT INTO card_name(carta_id, lang, value_) VALUES(10138,"polish","Troll Soothsayer");
INSERT INTO card_name(carta_id, lang, value_) VALUES(10138,"danish","Troll Soothsayer");
INSERT INTO card_name(carta_id, lang, value_) VALUES(10138,"dutch","Troll Soothsayer");
INSERT INTO card_name(carta_id, lang, value_) VALUES(10138,"finnish","Troll Soothsayer");
INSERT INTO card_name(carta_id, lang, value_) VALUES(10138,"norwegian","Troll Soothsayer");
INSERT INTO card_name(carta_id, lang, value_) VALUES(10138,"swedish","Troll Soothsayer");
INSERT INTO card_name(carta_id, lang, value_) VALUES(10138,"hungarian","Troll Soothsayer");
INSERT INTO card_name(carta_id, lang, value_) VALUES(10138,"czech","Troll Soothsayer");
INSERT INTO card_name(carta_id, lang, value_) VALUES(10138,"romanian","Troll Soothsayer");
INSERT INTO card_name(carta_id, lang, value_) VALUES(10138,"turkish","Troll Soothsayer");
INSERT INTO card_name(carta_id, lang, value_) VALUES(10138,"brazilian","Troll Profeta");
INSERT INTO card_name(carta_id, lang, value_) VALUES(10138,"bulgarian","Troll Soothsayer");
INSERT INTO card_name(carta_id, lang, value_) VALUES(10138,"greek","Troll Soothsayer");
INSERT INTO card_name(carta_id, lang, value_) VALUES(10138,"ukrainian","Troll Soothsayer");
INSERT INTO card_name(carta_id, lang, value_) VALUES(10138,"latam","Trol Adivina");
INSERT INTO card_name(carta_id, lang, value_) VALUES(10138,"vietnamese","Troll Soothsayer");
INSERT INTO large_image(carta_id, lang, value_) VALUES(10138,"default","https://steamcdn-a.akamaihd.net/apps/583950/icons/set01/10138_large_english.abed2e0473dc2b84168bcedd0963c73ab96ce160.png");
INSERT INTO large_image(carta_id, lang, value_) VALUES(10138,"german","https://steamcdn-a.akamaihd.net/apps/583950/icons/set01/10138_large_german.b8a9ab0b0e1dd4da20b16694c0a58031044a355a.png");
INSERT INTO large_image(carta_id, lang, value_) VALUES(10138,"french","https://steamcdn-a.akamaihd.net/apps/583950/icons/set01/10138_large_french.81b697eee3c35823d91242983773d7ad9411d840.png");
INSERT INTO large_image(carta_id, lang, value_) VALUES(10138,"italian","https://steamcdn-a.akamaihd.net/apps/583950/icons/set01/10138_large_italian.2cdff236448c212c8698062a0c56b69f9bf197ee.png");

INSERT INTO large_image(carta_id, lang, value_) VALUES(10138,"spanish","https://steamcdn-a.akamaihd.net/apps/583950/icons/set01/10138_large_spanish.ec14b49bb59484d0b2f1c5e4b8531cbb138dd4df.png");




INSERT INTO large_image(carta_id, lang, value_) VALUES(10138,"brazilian","https://steamcdn-a.akamaihd.net/apps/583950/icons/set01/10138_large_brazilian.f090943e65699c45f9d8afdb4e9b9fe6caaee48e.png");
INSERT INTO large_image(carta_id, lang, value_) VALUES(10138,"latam","https://steamcdn-a.akamaihd.net/apps/583950/icons/set01/10138_large_latam.fce8688486de9baa9552d9505deeba9904d3d2c0.png");
INSERT INTO carta(id, card_type, illustrator, rarity, item_def) VALUES (10141,'Improvement','Titus Lunter','Rare',110141);
INSERT INTO card_name(carta_id, lang, value_) VALUES(10141,"english","Assured Destruction");
INSERT INTO card_name(carta_id, lang, value_) VALUES(10141,"german","Sichere Zerstörung");
INSERT INTO card_name(carta_id, lang, value_) VALUES(10141,"french","Destruction garantie");
INSERT INTO card_name(carta_id, lang, value_) VALUES(10141,"italian","Distruzione assicurata");

INSERT INTO card_name(carta_id, lang, value_) VALUES(10141,"spanish","Destrucción certera");



INSERT INTO card_name(carta_id, lang, value_) VALUES(10141,"thai","Assured Destruction");

INSERT INTO card_name(carta_id, lang, value_) VALUES(10141,"portuguese","Assured Destruction");
INSERT INTO card_name(carta_id, lang, value_) VALUES(10141,"polish","Assured Destruction");
INSERT INTO card_name(carta_id, lang, value_) VALUES(10141,"danish","Assured Destruction");
INSERT INTO card_name(carta_id, lang, value_) VALUES(10141,"dutch","Assured Destruction");
INSERT INTO card_name(carta_id, lang, value_) VALUES(10141,"finnish","Assured Destruction");
INSERT INTO card_name(carta_id, lang, value_) VALUES(10141,"norwegian","Assured Destruction");
INSERT INTO card_name(carta_id, lang, value_) VALUES(10141,"swedish","Assured Destruction");
INSERT INTO card_name(carta_id, lang, value_) VALUES(10141,"hungarian","Assured Destruction");
INSERT INTO card_name(carta_id, lang, value_) VALUES(10141,"czech","Assured Destruction");
INSERT INTO card_name(carta_id, lang, value_) VALUES(10141,"romanian","Assured Destruction");
INSERT INTO card_name(carta_id, lang, value_) VALUES(10141,"turkish","Assured Destruction");
INSERT INTO card_name(carta_id, lang, value_) VALUES(10141,"brazilian","Destruição Garantida");
INSERT INTO card_name(carta_id, lang, value_) VALUES(10141,"bulgarian","Assured Destruction");
INSERT INTO card_name(carta_id, lang, value_) VALUES(10141,"greek","Assured Destruction");
INSERT INTO card_name(carta_id, lang, value_) VALUES(10141,"ukrainian","Assured Destruction");
INSERT INTO card_name(carta_id, lang, value_) VALUES(10141,"latam","Destrucción certera");
INSERT INTO card_name(carta_id, lang, value_) VALUES(10141,"vietnamese","Assured Destruction");
INSERT INTO large_image(carta_id, lang, value_) VALUES(10141,"default","https://steamcdn-a.akamaihd.net/apps/583950/icons/set01/10141_large_english.025ba4016b23624573d98321f66ea49dae41aa95.png");
INSERT INTO large_image(carta_id, lang, value_) VALUES(10141,"german","https://steamcdn-a.akamaihd.net/apps/583950/icons/set01/10141_large_german.b59f132f6cc236c133dfc467f20a78aa598342fd.png");
INSERT INTO large_image(carta_id, lang, value_) VALUES(10141,"french","https://steamcdn-a.akamaihd.net/apps/583950/icons/set01/10141_large_french.1684ea40cea593976dd3fdd6cba5bf014780742c.png");
INSERT INTO large_image(carta_id, lang, value_) VALUES(10141,"italian","https://steamcdn-a.akamaihd.net/apps/583950/icons/set01/10141_large_italian.e5ade08a8a1b4fa8cc81898da9692313dcef09f7.png");

INSERT INTO large_image(carta_id, lang, value_) VALUES(10141,"spanish","https://steamcdn-a.akamaihd.net/apps/583950/icons/set01/10141_large_spanish.57ba9ab282b28f2f089e54bb3dc3f2cfd8d1d5c6.png");




INSERT INTO large_image(carta_id, lang, value_) VALUES(10141,"brazilian","https://steamcdn-a.akamaihd.net/apps/583950/icons/set01/10141_large_brazilian.bbf413e6bfe3fb15bc27975c3f037fc36ca6e52b.png");
INSERT INTO large_image(carta_id, lang, value_) VALUES(10141,"latam","https://steamcdn-a.akamaihd.net/apps/583950/icons/set01/10141_large_latam.789b5bd8bae1ba07c7075d72850115b75950061f.png");
INSERT INTO carta(id, card_type, illustrator, rarity, item_def) VALUES (10148,'Improvement','Sam Carr','Rare',110148);
INSERT INTO card_name(carta_id, lang, value_) VALUES(10148,"english","Fractured Timeline");
INSERT INTO card_name(carta_id, lang, value_) VALUES(10148,"german","Unterbrochene Zeitlinie");
INSERT INTO card_name(carta_id, lang, value_) VALUES(10148,"french","Chronologie rompue");
INSERT INTO card_name(carta_id, lang, value_) VALUES(10148,"italian","Linea temporale frammentata");

INSERT INTO card_name(carta_id, lang, value_) VALUES(10148,"spanish","Tiempo Fragmentado");



INSERT INTO card_name(carta_id, lang, value_) VALUES(10148,"thai","Fractured Timeline");

INSERT INTO card_name(carta_id, lang, value_) VALUES(10148,"portuguese","Fractured Timeline");
INSERT INTO card_name(carta_id, lang, value_) VALUES(10148,"polish","Fractured Timeline");
INSERT INTO card_name(carta_id, lang, value_) VALUES(10148,"danish","Fractured Timeline");
INSERT INTO card_name(carta_id, lang, value_) VALUES(10148,"dutch","Fractured Timeline");
INSERT INTO card_name(carta_id, lang, value_) VALUES(10148,"finnish","Fractured Timeline");
INSERT INTO card_name(carta_id, lang, value_) VALUES(10148,"norwegian","Fractured Timeline");
INSERT INTO card_name(carta_id, lang, value_) VALUES(10148,"swedish","Fractured Timeline");
INSERT INTO card_name(carta_id, lang, value_) VALUES(10148,"hungarian","Fractured Timeline");
INSERT INTO card_name(carta_id, lang, value_) VALUES(10148,"czech","Fractured Timeline");
INSERT INTO card_name(carta_id, lang, value_) VALUES(10148,"romanian","Fractured Timeline");
INSERT INTO card_name(carta_id, lang, value_) VALUES(10148,"turkish","Fractured Timeline");
INSERT INTO card_name(carta_id, lang, value_) VALUES(10148,"brazilian","Fratura Temporal");
INSERT INTO card_name(carta_id, lang, value_) VALUES(10148,"bulgarian","Fractured Timeline");
INSERT INTO card_name(carta_id, lang, value_) VALUES(10148,"greek","Fractured Timeline");
INSERT INTO card_name(carta_id, lang, value_) VALUES(10148,"ukrainian","Fractured Timeline");
INSERT INTO card_name(carta_id, lang, value_) VALUES(10148,"latam","Tiempo Fragmentado");
INSERT INTO card_name(carta_id, lang, value_) VALUES(10148,"vietnamese","Fractured Timeline");
INSERT INTO large_image(carta_id, lang, value_) VALUES(10148,"default","https://steamcdn-a.akamaihd.net/apps/583950/icons/set01/10148_large_english.0470a16136abf3edcc979f9e29e70126dd25852e.png");
INSERT INTO large_image(carta_id, lang, value_) VALUES(10148,"german","https://steamcdn-a.akamaihd.net/apps/583950/icons/set01/10148_large_german.077da0a15d00ce6f18640317b2e168909438aaec.png");
INSERT INTO large_image(carta_id, lang, value_) VALUES(10148,"french","https://steamcdn-a.akamaihd.net/apps/583950/icons/set01/10148_large_french.a7d1eda392ef4d146e880ab3f942dc3bacf8c984.png");
INSERT INTO large_image(carta_id, lang, value_) VALUES(10148,"italian","https://steamcdn-a.akamaihd.net/apps/583950/icons/set01/10148_large_italian.9b5cdb0c5dc6918597ea67bc52dcd6042982af0a.png");

INSERT INTO large_image(carta_id, lang, value_) VALUES(10148,"spanish","https://steamcdn-a.akamaihd.net/apps/583950/icons/set01/10148_large_spanish.69808bc94cb31fa5a97efc0719daf9c7e10a9dc4.png");




INSERT INTO large_image(carta_id, lang, value_) VALUES(10148,"brazilian","https://steamcdn-a.akamaihd.net/apps/583950/icons/set01/10148_large_brazilian.1904921de355c56472ce71fa921e5606c96c8d5b.png");
INSERT INTO large_image(carta_id, lang, value_) VALUES(10148,"latam","https://steamcdn-a.akamaihd.net/apps/583950/icons/set01/10148_large_latam.f9246bc01f0fd7706be5e642e15bc3bf85731c1c.png");
INSERT INTO carta(id, card_type, illustrator, rarity, item_def) VALUES (10149,'Improvement','David Palumbo','Rare',110149);
INSERT INTO card_name(carta_id, lang, value_) VALUES(10149,"english","Unearthed Secrets");
INSERT INTO card_name(carta_id, lang, value_) VALUES(10149,"german","Ausgegrabene Geheimnisse");
INSERT INTO card_name(carta_id, lang, value_) VALUES(10149,"french","Secrets découverts");
INSERT INTO card_name(carta_id, lang, value_) VALUES(10149,"italian","Segreti scoperti");

INSERT INTO card_name(carta_id, lang, value_) VALUES(10149,"spanish","Secretos por descubrir");



INSERT INTO card_name(carta_id, lang, value_) VALUES(10149,"thai","Unearthed Secrets");

INSERT INTO card_name(carta_id, lang, value_) VALUES(10149,"portuguese","Unearthed Secrets");
INSERT INTO card_name(carta_id, lang, value_) VALUES(10149,"polish","Unearthed Secrets");
INSERT INTO card_name(carta_id, lang, value_) VALUES(10149,"danish","Unearthed Secrets");
INSERT INTO card_name(carta_id, lang, value_) VALUES(10149,"dutch","Unearthed Secrets");
INSERT INTO card_name(carta_id, lang, value_) VALUES(10149,"finnish","Unearthed Secrets");
INSERT INTO card_name(carta_id, lang, value_) VALUES(10149,"norwegian","Unearthed Secrets");
INSERT INTO card_name(carta_id, lang, value_) VALUES(10149,"swedish","Unearthed Secrets");
INSERT INTO card_name(carta_id, lang, value_) VALUES(10149,"hungarian","Unearthed Secrets");
INSERT INTO card_name(carta_id, lang, value_) VALUES(10149,"czech","Unearthed Secrets");
INSERT INTO card_name(carta_id, lang, value_) VALUES(10149,"romanian","Unearthed Secrets");
INSERT INTO card_name(carta_id, lang, value_) VALUES(10149,"turkish","Unearthed Secrets");
INSERT INTO card_name(carta_id, lang, value_) VALUES(10149,"brazilian","Segredos Desenterrados");
INSERT INTO card_name(carta_id, lang, value_) VALUES(10149,"bulgarian","Unearthed Secrets");
INSERT INTO card_name(carta_id, lang, value_) VALUES(10149,"greek","Unearthed Secrets");
INSERT INTO card_name(carta_id, lang, value_) VALUES(10149,"ukrainian","Unearthed Secrets");
INSERT INTO card_name(carta_id, lang, value_) VALUES(10149,"latam","Secretos por descubrir");
INSERT INTO card_name(carta_id, lang, value_) VALUES(10149,"vietnamese","Unearthed Secrets");
INSERT INTO large_image(carta_id, lang, value_) VALUES(10149,"default","https://steamcdn-a.akamaihd.net/apps/583950/icons/set01/10149_large_english.99062b7f008efdb33b3557b4aed07fca2105e165.png");
INSERT INTO large_image(carta_id, lang, value_) VALUES(10149,"german","https://steamcdn-a.akamaihd.net/apps/583950/icons/set01/10149_large_german.1436b20b06e8019ecd9ec51095fdbf95d36161c0.png");
INSERT INTO large_image(carta_id, lang, value_) VALUES(10149,"french","https://steamcdn-a.akamaihd.net/apps/583950/icons/set01/10149_large_french.990f87383e0d49514cf5b6b6ffed902815ba27f3.png");
INSERT INTO large_image(carta_id, lang, value_) VALUES(10149,"italian","https://steamcdn-a.akamaihd.net/apps/583950/icons/set01/10149_large_italian.dc64fc1099084fda3e90808d1ff243c0e140e09f.png");

INSERT INTO large_image(carta_id, lang, value_) VALUES(10149,"spanish","https://steamcdn-a.akamaihd.net/apps/583950/icons/set01/10149_large_spanish.94fd8a72ef8c106fc7380b9b7420f57b472c3244.png");




INSERT INTO large_image(carta_id, lang, value_) VALUES(10149,"brazilian","https://steamcdn-a.akamaihd.net/apps/583950/icons/set01/10149_large_brazilian.e07a35722ae759a135cc3fe3e369b213215b03e4.png");
INSERT INTO large_image(carta_id, lang, value_) VALUES(10149,"latam","https://steamcdn-a.akamaihd.net/apps/583950/icons/set01/10149_large_latam.971b6555e55a158cdeab40ff3df3b27053f28723.png");
INSERT INTO carta(id, card_type, illustrator, rarity, item_def) VALUES (10150,'Improvement','Alayna Danner','Rare',110150);
INSERT INTO card_name(carta_id, lang, value_) VALUES(10150,"english","Path of the Cunning");
INSERT INTO card_name(carta_id, lang, value_) VALUES(10150,"german","Pfad des Listigen");
INSERT INTO card_name(carta_id, lang, value_) VALUES(10150,"french","Voie de la Ruse");
INSERT INTO card_name(carta_id, lang, value_) VALUES(10150,"italian","Cammino dello scaltro");

INSERT INTO card_name(carta_id, lang, value_) VALUES(10150,"spanish","Sendero de los astutos");



INSERT INTO card_name(carta_id, lang, value_) VALUES(10150,"thai","Path of the Cunning");

INSERT INTO card_name(carta_id, lang, value_) VALUES(10150,"portuguese","Path of the Cunning");
INSERT INTO card_name(carta_id, lang, value_) VALUES(10150,"polish","Path of the Cunning");
INSERT INTO card_name(carta_id, lang, value_) VALUES(10150,"danish","Path of the Cunning");
INSERT INTO card_name(carta_id, lang, value_) VALUES(10150,"dutch","Path of the Cunning");
INSERT INTO card_name(carta_id, lang, value_) VALUES(10150,"finnish","Path of the Cunning");
INSERT INTO card_name(carta_id, lang, value_) VALUES(10150,"norwegian","Path of the Cunning");
INSERT INTO card_name(carta_id, lang, value_) VALUES(10150,"swedish","Path of the Cunning");
INSERT INTO card_name(carta_id, lang, value_) VALUES(10150,"hungarian","Path of the Cunning");
INSERT INTO card_name(carta_id, lang, value_) VALUES(10150,"czech","Path of the Cunning");
INSERT INTO card_name(carta_id, lang, value_) VALUES(10150,"romanian","Path of the Cunning");
INSERT INTO card_name(carta_id, lang, value_) VALUES(10150,"turkish","Path of the Cunning");
INSERT INTO card_name(carta_id, lang, value_) VALUES(10150,"brazilian","Caminho do Astuto");
INSERT INTO card_name(carta_id, lang, value_) VALUES(10150,"bulgarian","Path of the Cunning");
INSERT INTO card_name(carta_id, lang, value_) VALUES(10150,"greek","Path of the Cunning");
INSERT INTO card_name(carta_id, lang, value_) VALUES(10150,"ukrainian","Path of the Cunning");
INSERT INTO card_name(carta_id, lang, value_) VALUES(10150,"latam","Sendero de los astutos");
INSERT INTO card_name(carta_id, lang, value_) VALUES(10150,"vietnamese","Path of the Cunning");
INSERT INTO large_image(carta_id, lang, value_) VALUES(10150,"default","https://steamcdn-a.akamaihd.net/apps/583950/icons/set01/10150_large_english.e8ac3e0bf337850977361d295be44d42683a9f67.png");
INSERT INTO large_image(carta_id, lang, value_) VALUES(10150,"german","https://steamcdn-a.akamaihd.net/apps/583950/icons/set01/10150_large_german.4b584348d8d066d8e51b89bc8ac286e69b1de5e9.png");
INSERT INTO large_image(carta_id, lang, value_) VALUES(10150,"french","https://steamcdn-a.akamaihd.net/apps/583950/icons/set01/10150_large_french.e66c44dc66d079feebf2a93ffd1f51cd692b05ab.png");
INSERT INTO large_image(carta_id, lang, value_) VALUES(10150,"italian","https://steamcdn-a.akamaihd.net/apps/583950/icons/set01/10150_large_italian.685dc7164be96d48e62fd5b4d488cb5b8817b058.png");

INSERT INTO large_image(carta_id, lang, value_) VALUES(10150,"spanish","https://steamcdn-a.akamaihd.net/apps/583950/icons/set01/10150_large_spanish.9c2fd10e9c3a11db49bb5b1a57cb82ebac874c7e.png");




INSERT INTO large_image(carta_id, lang, value_) VALUES(10150,"brazilian","https://steamcdn-a.akamaihd.net/apps/583950/icons/set01/10150_large_brazilian.7d6ac8facd30aecebf258dd00766252d3a892525.png");
INSERT INTO large_image(carta_id, lang, value_) VALUES(10150,"latam","https://steamcdn-a.akamaihd.net/apps/583950/icons/set01/10150_large_latam.36ca41c863307500fbb5a9c16b5454474d7c7568.png");
INSERT INTO carta(id, card_type, illustrator, rarity, item_def) VALUES (10151,'Improvement','Alayna Danner','Rare',110151);
INSERT INTO card_name(carta_id, lang, value_) VALUES(10151,"english","Path of the Wise");
INSERT INTO card_name(carta_id, lang, value_) VALUES(10151,"german","Pfad des Weisen");
INSERT INTO card_name(carta_id, lang, value_) VALUES(10151,"french","Voie de la Sagesse");
INSERT INTO card_name(carta_id, lang, value_) VALUES(10151,"italian","Cammino del saggio");

INSERT INTO card_name(carta_id, lang, value_) VALUES(10151,"spanish","Sendero de los sabios");



INSERT INTO card_name(carta_id, lang, value_) VALUES(10151,"thai","Path of the Wise");

INSERT INTO card_name(carta_id, lang, value_) VALUES(10151,"portuguese","Path of the Wise");
INSERT INTO card_name(carta_id, lang, value_) VALUES(10151,"polish","Path of the Wise");
INSERT INTO card_name(carta_id, lang, value_) VALUES(10151,"danish","Path of the Wise");
INSERT INTO card_name(carta_id, lang, value_) VALUES(10151,"dutch","Path of the Wise");
INSERT INTO card_name(carta_id, lang, value_) VALUES(10151,"finnish","Path of the Wise");
INSERT INTO card_name(carta_id, lang, value_) VALUES(10151,"norwegian","Path of the Wise");
INSERT INTO card_name(carta_id, lang, value_) VALUES(10151,"swedish","Path of the Wise");
INSERT INTO card_name(carta_id, lang, value_) VALUES(10151,"hungarian","Path of the Wise");
INSERT INTO card_name(carta_id, lang, value_) VALUES(10151,"czech","Path of the Wise");
INSERT INTO card_name(carta_id, lang, value_) VALUES(10151,"romanian","Path of the Wise");
INSERT INTO card_name(carta_id, lang, value_) VALUES(10151,"turkish","Path of the Wise");
INSERT INTO card_name(carta_id, lang, value_) VALUES(10151,"brazilian","Caminho do Sábio");
INSERT INTO card_name(carta_id, lang, value_) VALUES(10151,"bulgarian","Path of the Wise");
INSERT INTO card_name(carta_id, lang, value_) VALUES(10151,"greek","Path of the Wise");
INSERT INTO card_name(carta_id, lang, value_) VALUES(10151,"ukrainian","Path of the Wise");
INSERT INTO card_name(carta_id, lang, value_) VALUES(10151,"latam","Sendero de los sabios");
INSERT INTO card_name(carta_id, lang, value_) VALUES(10151,"vietnamese","Path of the Wise");
INSERT INTO large_image(carta_id, lang, value_) VALUES(10151,"default","https://steamcdn-a.akamaihd.net/apps/583950/icons/set01/10151_large_english.0f821918bed64ec1b06da73353c494dd932f8494.png");
INSERT INTO large_image(carta_id, lang, value_) VALUES(10151,"german","https://steamcdn-a.akamaihd.net/apps/583950/icons/set01/10151_large_german.1349e458e3c067946bb3fb8f2e9f67553a183d8c.png");
INSERT INTO large_image(carta_id, lang, value_) VALUES(10151,"french","https://steamcdn-a.akamaihd.net/apps/583950/icons/set01/10151_large_french.b1c5f990c8b05b28b5436cd0f209691a21e64c5a.png");
INSERT INTO large_image(carta_id, lang, value_) VALUES(10151,"italian","https://steamcdn-a.akamaihd.net/apps/583950/icons/set01/10151_large_italian.bb7c88a4e7ca3fe9bda6693f030fba32d30dc4e8.png");

INSERT INTO large_image(carta_id, lang, value_) VALUES(10151,"spanish","https://steamcdn-a.akamaihd.net/apps/583950/icons/set01/10151_large_spanish.9db5acb0d5ab5e9bf8f53c2a0ab4a1ead8fcca7f.png");




INSERT INTO large_image(carta_id, lang, value_) VALUES(10151,"brazilian","https://steamcdn-a.akamaihd.net/apps/583950/icons/set01/10151_large_brazilian.fa0a19c1aa016264c976bd3316ffca428896b3fc.png");
INSERT INTO large_image(carta_id, lang, value_) VALUES(10151,"latam","https://steamcdn-a.akamaihd.net/apps/583950/icons/set01/10151_large_latam.6201a5a55e7f170c809441162acc3ddf6ee06d68.png");
INSERT INTO carta(id, card_type, illustrator, rarity, item_def) VALUES (10152,'Improvement','Alayna Danner','Rare',110152);
INSERT INTO card_name(carta_id, lang, value_) VALUES(10152,"english","Path of the Dreamer");
INSERT INTO card_name(carta_id, lang, value_) VALUES(10152,"german","Pfad des Träumers");
INSERT INTO card_name(carta_id, lang, value_) VALUES(10152,"french","Voie du Rêve");
INSERT INTO card_name(carta_id, lang, value_) VALUES(10152,"italian","Cammino del sognatore");

INSERT INTO card_name(carta_id, lang, value_) VALUES(10152,"spanish","Sendero de los soñadores");



INSERT INTO card_name(carta_id, lang, value_) VALUES(10152,"thai","Path of the Dreamer");

INSERT INTO card_name(carta_id, lang, value_) VALUES(10152,"portuguese","Path of the Dreamer");
INSERT INTO card_name(carta_id, lang, value_) VALUES(10152,"polish","Path of the Dreamer");
INSERT INTO card_name(carta_id, lang, value_) VALUES(10152,"danish","Path of the Dreamer");
INSERT INTO card_name(carta_id, lang, value_) VALUES(10152,"dutch","Path of the Dreamer");
INSERT INTO card_name(carta_id, lang, value_) VALUES(10152,"finnish","Path of the Dreamer");
INSERT INTO card_name(carta_id, lang, value_) VALUES(10152,"norwegian","Path of the Dreamer");
INSERT INTO card_name(carta_id, lang, value_) VALUES(10152,"swedish","Path of the Dreamer");
INSERT INTO card_name(carta_id, lang, value_) VALUES(10152,"hungarian","Path of the Dreamer");
INSERT INTO card_name(carta_id, lang, value_) VALUES(10152,"czech","Path of the Dreamer");
INSERT INTO card_name(carta_id, lang, value_) VALUES(10152,"romanian","Path of the Dreamer");
INSERT INTO card_name(carta_id, lang, value_) VALUES(10152,"turkish","Path of the Dreamer");
INSERT INTO card_name(carta_id, lang, value_) VALUES(10152,"brazilian","Caminho do Sonhador");
INSERT INTO card_name(carta_id, lang, value_) VALUES(10152,"bulgarian","Path of the Dreamer");
INSERT INTO card_name(carta_id, lang, value_) VALUES(10152,"greek","Path of the Dreamer");
INSERT INTO card_name(carta_id, lang, value_) VALUES(10152,"ukrainian","Path of the Dreamer");
INSERT INTO card_name(carta_id, lang, value_) VALUES(10152,"latam","Sendero de los soñadores");
INSERT INTO card_name(carta_id, lang, value_) VALUES(10152,"vietnamese","Path of the Dreamer");
INSERT INTO large_image(carta_id, lang, value_) VALUES(10152,"default","https://steamcdn-a.akamaihd.net/apps/583950/icons/set01/10152_large_english.227247bae83078a128dd0ba99cbde0c53c9af825.png");
INSERT INTO large_image(carta_id, lang, value_) VALUES(10152,"german","https://steamcdn-a.akamaihd.net/apps/583950/icons/set01/10152_large_german.19d6d772aa9a043369ea5aebd0568b4f0eae0a06.png");
INSERT INTO large_image(carta_id, lang, value_) VALUES(10152,"french","https://steamcdn-a.akamaihd.net/apps/583950/icons/set01/10152_large_french.890a9f4e47875f3eae3f83dfd63f95a38333db22.png");
INSERT INTO large_image(carta_id, lang, value_) VALUES(10152,"italian","https://steamcdn-a.akamaihd.net/apps/583950/icons/set01/10152_large_italian.6b16a8d4a5fe875a8a48cc56b01b64c413acca5f.png");

INSERT INTO large_image(carta_id, lang, value_) VALUES(10152,"spanish","https://steamcdn-a.akamaihd.net/apps/583950/icons/set01/10152_large_spanish.cd928e671b20f1288522ad4cd12bee64684ad9ef.png");




INSERT INTO large_image(carta_id, lang, value_) VALUES(10152,"brazilian","https://steamcdn-a.akamaihd.net/apps/583950/icons/set01/10152_large_brazilian.8193ab2167b26ddd024fe71fb434f63825c3faea.png");
INSERT INTO large_image(carta_id, lang, value_) VALUES(10152,"latam","https://steamcdn-a.akamaihd.net/apps/583950/icons/set01/10152_large_latam.d95a026a25e0d836342446e4dbe93a29f3095a99.png");
INSERT INTO carta(id, card_type, illustrator, rarity, item_def) VALUES (10153,'Improvement','Alayna Danner','Rare',110153);
INSERT INTO card_name(carta_id, lang, value_) VALUES(10153,"english","Path of the Bold");
INSERT INTO card_name(carta_id, lang, value_) VALUES(10153,"german","Pfad des Kühnen");
INSERT INTO card_name(carta_id, lang, value_) VALUES(10153,"french","Voie de la Témérité");
INSERT INTO card_name(carta_id, lang, value_) VALUES(10153,"italian","Cammino del coraggioso");

INSERT INTO card_name(carta_id, lang, value_) VALUES(10153,"spanish","Sendero de los osados");



INSERT INTO card_name(carta_id, lang, value_) VALUES(10153,"thai","Path of the Bold");

INSERT INTO card_name(carta_id, lang, value_) VALUES(10153,"portuguese","Path of the Bold");
INSERT INTO card_name(carta_id, lang, value_) VALUES(10153,"polish","Path of the Bold");
INSERT INTO card_name(carta_id, lang, value_) VALUES(10153,"danish","Path of the Bold");
INSERT INTO card_name(carta_id, lang, value_) VALUES(10153,"dutch","Path of the Bold");
INSERT INTO card_name(carta_id, lang, value_) VALUES(10153,"finnish","Path of the Bold");
INSERT INTO card_name(carta_id, lang, value_) VALUES(10153,"norwegian","Path of the Bold");
INSERT INTO card_name(carta_id, lang, value_) VALUES(10153,"swedish","Path of the Bold");
INSERT INTO card_name(carta_id, lang, value_) VALUES(10153,"hungarian","Path of the Bold");
INSERT INTO card_name(carta_id, lang, value_) VALUES(10153,"czech","Path of the Bold");
INSERT INTO card_name(carta_id, lang, value_) VALUES(10153,"romanian","Path of the Bold");
INSERT INTO card_name(carta_id, lang, value_) VALUES(10153,"turkish","Path of the Bold");
INSERT INTO card_name(carta_id, lang, value_) VALUES(10153,"brazilian","Caminho do Destemido");
INSERT INTO card_name(carta_id, lang, value_) VALUES(10153,"bulgarian","Path of the Bold");
INSERT INTO card_name(carta_id, lang, value_) VALUES(10153,"greek","Path of the Bold");
INSERT INTO card_name(carta_id, lang, value_) VALUES(10153,"ukrainian","Path of the Bold");
INSERT INTO card_name(carta_id, lang, value_) VALUES(10153,"latam","Sendero de los osados");
INSERT INTO card_name(carta_id, lang, value_) VALUES(10153,"vietnamese","Path of the Bold");
INSERT INTO large_image(carta_id, lang, value_) VALUES(10153,"default","https://steamcdn-a.akamaihd.net/apps/583950/icons/set01/10153_large_english.86b8c17f4d2ee399e33ec738d58cdebbd01d2fb6.png");
INSERT INTO large_image(carta_id, lang, value_) VALUES(10153,"german","https://steamcdn-a.akamaihd.net/apps/583950/icons/set01/10153_large_german.548e3e3d94d25acb3c1728b5a4546248f82b9e8f.png");
INSERT INTO large_image(carta_id, lang, value_) VALUES(10153,"french","https://steamcdn-a.akamaihd.net/apps/583950/icons/set01/10153_large_french.cf1cdef92f7fe75a8fda1b6b0932f7d214134a33.png");
INSERT INTO large_image(carta_id, lang, value_) VALUES(10153,"italian","https://steamcdn-a.akamaihd.net/apps/583950/icons/set01/10153_large_italian.f53e2c3e9628fa9222ce7ef79315e241120ee4db.png");

INSERT INTO large_image(carta_id, lang, value_) VALUES(10153,"spanish","https://steamcdn-a.akamaihd.net/apps/583950/icons/set01/10153_large_spanish.0c69243b5636b95dde8ffa1ddeef022855a80c34.png");




INSERT INTO large_image(carta_id, lang, value_) VALUES(10153,"brazilian","https://steamcdn-a.akamaihd.net/apps/583950/icons/set01/10153_large_brazilian.f1a726fc94f32ce2c8ed82d2ae60ae0f76f3437e.png");
INSERT INTO large_image(carta_id, lang, value_) VALUES(10153,"latam","https://steamcdn-a.akamaihd.net/apps/583950/icons/set01/10153_large_latam.24ace19bcba2b8a64292771d3b40fbc884262ce7.png");
INSERT INTO carta(id, card_type, illustrator, rarity, item_def) VALUES (10154,'Improvement','Dimitar Marinski','Uncommon',110154);
INSERT INTO card_name(carta_id, lang, value_) VALUES(10154,"english","The Tyler Estate");
INSERT INTO card_name(carta_id, lang, value_) VALUES(10154,"german","Das Tyler-Anwesen");
INSERT INTO card_name(carta_id, lang, value_) VALUES(10154,"french","Le domaine de Tyler");
INSERT INTO card_name(carta_id, lang, value_) VALUES(10154,"italian","Tenuta Tyler");

INSERT INTO card_name(carta_id, lang, value_) VALUES(10154,"spanish","La finca Tyler");



INSERT INTO card_name(carta_id, lang, value_) VALUES(10154,"thai","The Tyler Estate");

INSERT INTO card_name(carta_id, lang, value_) VALUES(10154,"portuguese","The Tyler Estate");
INSERT INTO card_name(carta_id, lang, value_) VALUES(10154,"polish","The Tyler Estate");
INSERT INTO card_name(carta_id, lang, value_) VALUES(10154,"danish","The Tyler Estate");
INSERT INTO card_name(carta_id, lang, value_) VALUES(10154,"dutch","The Tyler Estate");
INSERT INTO card_name(carta_id, lang, value_) VALUES(10154,"finnish","The Tyler Estate");
INSERT INTO card_name(carta_id, lang, value_) VALUES(10154,"norwegian","The Tyler Estate");
INSERT INTO card_name(carta_id, lang, value_) VALUES(10154,"swedish","The Tyler Estate");
INSERT INTO card_name(carta_id, lang, value_) VALUES(10154,"hungarian","The Tyler Estate");
INSERT INTO card_name(carta_id, lang, value_) VALUES(10154,"czech","The Tyler Estate");
INSERT INTO card_name(carta_id, lang, value_) VALUES(10154,"romanian","The Tyler Estate");
INSERT INTO card_name(carta_id, lang, value_) VALUES(10154,"turkish","The Tyler Estate");
INSERT INTO card_name(carta_id, lang, value_) VALUES(10154,"brazilian","Mansão Tyler");
INSERT INTO card_name(carta_id, lang, value_) VALUES(10154,"bulgarian","The Tyler Estate");
INSERT INTO card_name(carta_id, lang, value_) VALUES(10154,"greek","The Tyler Estate");
INSERT INTO card_name(carta_id, lang, value_) VALUES(10154,"ukrainian","The Tyler Estate");
INSERT INTO card_name(carta_id, lang, value_) VALUES(10154,"latam","La Hacienda Tyler");
INSERT INTO card_name(carta_id, lang, value_) VALUES(10154,"vietnamese","The Tyler Estate");
INSERT INTO large_image(carta_id, lang, value_) VALUES(10154,"default","https://steamcdn-a.akamaihd.net/apps/583950/icons/set01/10154_large_english.059a0207bb605b2094724a9380c901ac8eb3c7ef.png");
INSERT INTO large_image(carta_id, lang, value_) VALUES(10154,"german","https://steamcdn-a.akamaihd.net/apps/583950/icons/set01/10154_large_german.4e77d3647edadc413ac7126a62ef00d9d00738a6.png");
INSERT INTO large_image(carta_id, lang, value_) VALUES(10154,"french","https://steamcdn-a.akamaihd.net/apps/583950/icons/set01/10154_large_french.e6fc88c67b217625117534a1f91aaf68f349005f.png");
INSERT INTO large_image(carta_id, lang, value_) VALUES(10154,"italian","https://steamcdn-a.akamaihd.net/apps/583950/icons/set01/10154_large_italian.e840e039f4384651cacc7f133d1fcf5053f7676b.png");

INSERT INTO large_image(carta_id, lang, value_) VALUES(10154,"spanish","https://steamcdn-a.akamaihd.net/apps/583950/icons/set01/10154_large_spanish.1b9bcde71c7049ed575c974799811cce1b5457f6.png");




INSERT INTO large_image(carta_id, lang, value_) VALUES(10154,"brazilian","https://steamcdn-a.akamaihd.net/apps/583950/icons/set01/10154_large_brazilian.1a766630b9318fe3d3d7f6947795d7d9967ec15d.png");
INSERT INTO large_image(carta_id, lang, value_) VALUES(10154,"latam","https://steamcdn-a.akamaihd.net/apps/583950/icons/set01/10154_large_latam.86333c3de5ab12ab50e47eec76e142b8c51c1ef4.png");
INSERT INTO carta(id, card_type, illustrator, rarity, item_def) VALUES (10155,'Improvement','Jason Kang','Uncommon',110155);
INSERT INTO card_name(carta_id, lang, value_) VALUES(10155,"english","Homefield Advantage");
INSERT INTO card_name(carta_id, lang, value_) VALUES(10155,"german","Heimvorteil");
INSERT INTO card_name(carta_id, lang, value_) VALUES(10155,"french","Avantage du terrain");
INSERT INTO card_name(carta_id, lang, value_) VALUES(10155,"italian","Vantaggio di casa");

INSERT INTO card_name(carta_id, lang, value_) VALUES(10155,"spanish","Ventaja local");



INSERT INTO card_name(carta_id, lang, value_) VALUES(10155,"thai","Homefield Advantage");

INSERT INTO card_name(carta_id, lang, value_) VALUES(10155,"portuguese","Homefield Advantage");
INSERT INTO card_name(carta_id, lang, value_) VALUES(10155,"polish","Homefield Advantage");
INSERT INTO card_name(carta_id, lang, value_) VALUES(10155,"danish","Homefield Advantage");
INSERT INTO card_name(carta_id, lang, value_) VALUES(10155,"dutch","Homefield Advantage");
INSERT INTO card_name(carta_id, lang, value_) VALUES(10155,"finnish","Homefield Advantage");
INSERT INTO card_name(carta_id, lang, value_) VALUES(10155,"norwegian","Homefield Advantage");
INSERT INTO card_name(carta_id, lang, value_) VALUES(10155,"swedish","Homefield Advantage");
INSERT INTO card_name(carta_id, lang, value_) VALUES(10155,"hungarian","Homefield Advantage");
INSERT INTO card_name(carta_id, lang, value_) VALUES(10155,"czech","Homefield Advantage");
INSERT INTO card_name(carta_id, lang, value_) VALUES(10155,"romanian","Homefield Advantage");
INSERT INTO card_name(carta_id, lang, value_) VALUES(10155,"turkish","Homefield Advantage");
INSERT INTO card_name(carta_id, lang, value_) VALUES(10155,"brazilian","Familiaridade Vantajosa");
INSERT INTO card_name(carta_id, lang, value_) VALUES(10155,"bulgarian","Homefield Advantage");
INSERT INTO card_name(carta_id, lang, value_) VALUES(10155,"greek","Homefield Advantage");
INSERT INTO card_name(carta_id, lang, value_) VALUES(10155,"ukrainian","Homefield Advantage");
INSERT INTO card_name(carta_id, lang, value_) VALUES(10155,"latam","Ventaja local");
INSERT INTO card_name(carta_id, lang, value_) VALUES(10155,"vietnamese","Homefield Advantage");
INSERT INTO large_image(carta_id, lang, value_) VALUES(10155,"default","https://steamcdn-a.akamaihd.net/apps/583950/icons/set01/10155_large_english.ea25250a40f77052c435f5890fde926f2216e1cc.png");
INSERT INTO large_image(carta_id, lang, value_) VALUES(10155,"german","https://steamcdn-a.akamaihd.net/apps/583950/icons/set01/10155_large_german.200618a0619e8d46def10ad2ddc07c12c93d85d1.png");
INSERT INTO large_image(carta_id, lang, value_) VALUES(10155,"french","https://steamcdn-a.akamaihd.net/apps/583950/icons/set01/10155_large_french.0b28ad67a9dc9ff36d11a77229e008c56212bc65.png");
INSERT INTO large_image(carta_id, lang, value_) VALUES(10155,"italian","https://steamcdn-a.akamaihd.net/apps/583950/icons/set01/10155_large_italian.1d145ac1688aa2b808e9d44b1b88e6c407f7e38d.png");

INSERT INTO large_image(carta_id, lang, value_) VALUES(10155,"spanish","https://steamcdn-a.akamaihd.net/apps/583950/icons/set01/10155_large_spanish.b6dbfe6007c1789a6de783f6d4a0e28b1c6a3c5c.png");




INSERT INTO large_image(carta_id, lang, value_) VALUES(10155,"brazilian","https://steamcdn-a.akamaihd.net/apps/583950/icons/set01/10155_large_brazilian.98a1bb559c9f1f87758534d620249c184f62a9c8.png");
INSERT INTO large_image(carta_id, lang, value_) VALUES(10155,"latam","https://steamcdn-a.akamaihd.net/apps/583950/icons/set01/10155_large_latam.6ef12fa9d5332326d0d40c8cd2f8fc4035a5d49f.png");
INSERT INTO carta(id, card_type, illustrator, rarity, item_def) VALUES (10156,'Improvement','Lius Lasahido','Rare',110156);
INSERT INTO card_name(carta_id, lang, value_) VALUES(10156,"english","Bitter Enemies");
INSERT INTO card_name(carta_id, lang, value_) VALUES(10156,"german","Erbitterte Gegner");
INSERT INTO card_name(carta_id, lang, value_) VALUES(10156,"french","Ennemis jurés");
INSERT INTO card_name(carta_id, lang, value_) VALUES(10156,"italian","Nemici rancorosi");

INSERT INTO card_name(carta_id, lang, value_) VALUES(10156,"spanish","Enemigos resentidos");



INSERT INTO card_name(carta_id, lang, value_) VALUES(10156,"thai","Bitter Enemies");

INSERT INTO card_name(carta_id, lang, value_) VALUES(10156,"portuguese","Bitter Enemies");
INSERT INTO card_name(carta_id, lang, value_) VALUES(10156,"polish","Bitter Enemies");
INSERT INTO card_name(carta_id, lang, value_) VALUES(10156,"danish","Bitter Enemies");
INSERT INTO card_name(carta_id, lang, value_) VALUES(10156,"dutch","Bitter Enemies");
INSERT INTO card_name(carta_id, lang, value_) VALUES(10156,"finnish","Bitter Enemies");
INSERT INTO card_name(carta_id, lang, value_) VALUES(10156,"norwegian","Bitter Enemies");
INSERT INTO card_name(carta_id, lang, value_) VALUES(10156,"swedish","Bitter Enemies");
INSERT INTO card_name(carta_id, lang, value_) VALUES(10156,"hungarian","Bitter Enemies");
INSERT INTO card_name(carta_id, lang, value_) VALUES(10156,"czech","Bitter Enemies");
INSERT INTO card_name(carta_id, lang, value_) VALUES(10156,"romanian","Bitter Enemies");
INSERT INTO card_name(carta_id, lang, value_) VALUES(10156,"turkish","Bitter Enemies");
INSERT INTO card_name(carta_id, lang, value_) VALUES(10156,"brazilian","Inimigas Cruéis");
INSERT INTO card_name(carta_id, lang, value_) VALUES(10156,"bulgarian","Bitter Enemies");
INSERT INTO card_name(carta_id, lang, value_) VALUES(10156,"greek","Bitter Enemies");
INSERT INTO card_name(carta_id, lang, value_) VALUES(10156,"ukrainian","Bitter Enemies");
INSERT INTO card_name(carta_id, lang, value_) VALUES(10156,"latam","Enemigos resentidos");
INSERT INTO card_name(carta_id, lang, value_) VALUES(10156,"vietnamese","Bitter Enemies");
INSERT INTO large_image(carta_id, lang, value_) VALUES(10156,"default","https://steamcdn-a.akamaihd.net/apps/583950/icons/set01/10156_large_english.b9bc1ab131bfb401f4c9cc8755217b8b86383947.png");
INSERT INTO large_image(carta_id, lang, value_) VALUES(10156,"german","https://steamcdn-a.akamaihd.net/apps/583950/icons/set01/10156_large_german.7c0de73b85b49a554f2c74649847a1c569cd541b.png");
INSERT INTO large_image(carta_id, lang, value_) VALUES(10156,"french","https://steamcdn-a.akamaihd.net/apps/583950/icons/set01/10156_large_french.7989f9fe51998d1e2ef500b0bfeb35297dcdd4d1.png");
INSERT INTO large_image(carta_id, lang, value_) VALUES(10156,"italian","https://steamcdn-a.akamaihd.net/apps/583950/icons/set01/10156_large_italian.6df790e2a7c90518ec33ed7726c67bb6afb4295a.png");

INSERT INTO large_image(carta_id, lang, value_) VALUES(10156,"spanish","https://steamcdn-a.akamaihd.net/apps/583950/icons/set01/10156_large_spanish.75459d9c96a1ca754d8d55ed167c24c19027cfb1.png");




INSERT INTO large_image(carta_id, lang, value_) VALUES(10156,"brazilian","https://steamcdn-a.akamaihd.net/apps/583950/icons/set01/10156_large_brazilian.6bf32febe112df3d83aecb46e439d2dc197c797c.png");
INSERT INTO large_image(carta_id, lang, value_) VALUES(10156,"latam","https://steamcdn-a.akamaihd.net/apps/583950/icons/set01/10156_large_latam.f358d31c857f7f4cf9aa2735b14d3f6d51e41ae2.png");
INSERT INTO carta(id, card_type, illustrator, rarity, item_def) VALUES (10157,'Improvement','Lius Lasahido','Rare',110157);
INSERT INTO card_name(carta_id, lang, value_) VALUES(10157,"english","Conflagration");
INSERT INTO card_name(carta_id, lang, value_) VALUES(10157,"german","Feuersbrunst");
INSERT INTO card_name(carta_id, lang, value_) VALUES(10157,"french","Conflagration");
INSERT INTO card_name(carta_id, lang, value_) VALUES(10157,"italian","Conflagrazione");

INSERT INTO card_name(carta_id, lang, value_) VALUES(10157,"spanish","Conflagración");



INSERT INTO card_name(carta_id, lang, value_) VALUES(10157,"thai","Conflagration");

INSERT INTO card_name(carta_id, lang, value_) VALUES(10157,"portuguese","Conflagration");
INSERT INTO card_name(carta_id, lang, value_) VALUES(10157,"polish","Conflagration");
INSERT INTO card_name(carta_id, lang, value_) VALUES(10157,"danish","Conflagration");
INSERT INTO card_name(carta_id, lang, value_) VALUES(10157,"dutch","Conflagration");
INSERT INTO card_name(carta_id, lang, value_) VALUES(10157,"finnish","Conflagration");
INSERT INTO card_name(carta_id, lang, value_) VALUES(10157,"norwegian","Conflagration");
INSERT INTO card_name(carta_id, lang, value_) VALUES(10157,"swedish","Conflagration");
INSERT INTO card_name(carta_id, lang, value_) VALUES(10157,"hungarian","Conflagration");
INSERT INTO card_name(carta_id, lang, value_) VALUES(10157,"czech","Conflagration");
INSERT INTO card_name(carta_id, lang, value_) VALUES(10157,"romanian","Conflagration");
INSERT INTO card_name(carta_id, lang, value_) VALUES(10157,"turkish","Conflagration");
INSERT INTO card_name(carta_id, lang, value_) VALUES(10157,"brazilian","Conflagração");
INSERT INTO card_name(carta_id, lang, value_) VALUES(10157,"bulgarian","Conflagration");
INSERT INTO card_name(carta_id, lang, value_) VALUES(10157,"greek","Conflagration");
INSERT INTO card_name(carta_id, lang, value_) VALUES(10157,"ukrainian","Conflagration");
INSERT INTO card_name(carta_id, lang, value_) VALUES(10157,"latam","Conflagración");
INSERT INTO card_name(carta_id, lang, value_) VALUES(10157,"vietnamese","Conflagration");
INSERT INTO large_image(carta_id, lang, value_) VALUES(10157,"default","https://steamcdn-a.akamaihd.net/apps/583950/icons/set01/10157_large_english.618f0fc11b5132f84b802de3a9914f44b693b080.png");
INSERT INTO large_image(carta_id, lang, value_) VALUES(10157,"german","https://steamcdn-a.akamaihd.net/apps/583950/icons/set01/10157_large_german.f90acdea9ab22615bf6865ad729ffa510816a213.png");
INSERT INTO large_image(carta_id, lang, value_) VALUES(10157,"french","https://steamcdn-a.akamaihd.net/apps/583950/icons/set01/10157_large_french.70a8da4db1e70691dedba5e1722abf8d134a4cd6.png");
INSERT INTO large_image(carta_id, lang, value_) VALUES(10157,"italian","https://steamcdn-a.akamaihd.net/apps/583950/icons/set01/10157_large_italian.4b355bb21076c098c2eebeaaac48892005c8409f.png");

INSERT INTO large_image(carta_id, lang, value_) VALUES(10157,"spanish","https://steamcdn-a.akamaihd.net/apps/583950/icons/set01/10157_large_spanish.22819512a4696774b53e76a771fcb52a4d5f390a.png");




INSERT INTO large_image(carta_id, lang, value_) VALUES(10157,"brazilian","https://steamcdn-a.akamaihd.net/apps/583950/icons/set01/10157_large_brazilian.22e8b433a3b32a9ae53eaaf7a28281f5ef99743a.png");
INSERT INTO large_image(carta_id, lang, value_) VALUES(10157,"latam","https://steamcdn-a.akamaihd.net/apps/583950/icons/set01/10157_large_latam.43036d28d46fa1c3599295b9618e12f98c641985.png");
INSERT INTO carta(id, card_type, illustrator, rarity, item_def) VALUES (10161,'Improvement','Suzanne Helmigh','Common',110161);
INSERT INTO card_name(carta_id, lang, value_) VALUES(10161,"english","Trebuchets");
INSERT INTO card_name(carta_id, lang, value_) VALUES(10161,"german","Katapulte");
INSERT INTO card_name(carta_id, lang, value_) VALUES(10161,"french","Trébuchets");
INSERT INTO card_name(carta_id, lang, value_) VALUES(10161,"italian","Trabocchi");

INSERT INTO card_name(carta_id, lang, value_) VALUES(10161,"spanish","Trabuquetes");



INSERT INTO card_name(carta_id, lang, value_) VALUES(10161,"thai","Trebuchets");

INSERT INTO card_name(carta_id, lang, value_) VALUES(10161,"portuguese","Trebuchets");
INSERT INTO card_name(carta_id, lang, value_) VALUES(10161,"polish","Trebuchets");
INSERT INTO card_name(carta_id, lang, value_) VALUES(10161,"danish","Trebuchets");
INSERT INTO card_name(carta_id, lang, value_) VALUES(10161,"dutch","Trebuchets");
INSERT INTO card_name(carta_id, lang, value_) VALUES(10161,"finnish","Trebuchets");
INSERT INTO card_name(carta_id, lang, value_) VALUES(10161,"norwegian","Trebuchets");
INSERT INTO card_name(carta_id, lang, value_) VALUES(10161,"swedish","Trebuchets");
INSERT INTO card_name(carta_id, lang, value_) VALUES(10161,"hungarian","Trebuchets");
INSERT INTO card_name(carta_id, lang, value_) VALUES(10161,"czech","Trebuchets");
INSERT INTO card_name(carta_id, lang, value_) VALUES(10161,"romanian","Trebuchets");
INSERT INTO card_name(carta_id, lang, value_) VALUES(10161,"turkish","Trebuchets");
INSERT INTO card_name(carta_id, lang, value_) VALUES(10161,"brazilian","Trabucos");
INSERT INTO card_name(carta_id, lang, value_) VALUES(10161,"bulgarian","Trebuchets");
INSERT INTO card_name(carta_id, lang, value_) VALUES(10161,"greek","Trebuchets");
INSERT INTO card_name(carta_id, lang, value_) VALUES(10161,"ukrainian","Trebuchets");
INSERT INTO card_name(carta_id, lang, value_) VALUES(10161,"latam","Trabuquetes");
INSERT INTO card_name(carta_id, lang, value_) VALUES(10161,"vietnamese","Trebuchets");
INSERT INTO large_image(carta_id, lang, value_) VALUES(10161,"default","https://steamcdn-a.akamaihd.net/apps/583950/icons/set01/10161_large_english.7394cac4707cf8f4c6107afd03c317efe71fdcf8.png");
INSERT INTO large_image(carta_id, lang, value_) VALUES(10161,"german","https://steamcdn-a.akamaihd.net/apps/583950/icons/set01/10161_large_german.d85f61b01ee165ad490e71148418a8cd0924a96d.png");
INSERT INTO large_image(carta_id, lang, value_) VALUES(10161,"french","https://steamcdn-a.akamaihd.net/apps/583950/icons/set01/10161_large_french.f3449f8ed53516516f53574bd1bc656618ff90cc.png");
INSERT INTO large_image(carta_id, lang, value_) VALUES(10161,"italian","https://steamcdn-a.akamaihd.net/apps/583950/icons/set01/10161_large_italian.f72cbd406e7e79da9b35d1e3d25420ed78e46de5.png");

INSERT INTO large_image(carta_id, lang, value_) VALUES(10161,"spanish","https://steamcdn-a.akamaihd.net/apps/583950/icons/set01/10161_large_spanish.20dad3c606dd211a22363b9701d2361a909276a0.png");




INSERT INTO large_image(carta_id, lang, value_) VALUES(10161,"brazilian","https://steamcdn-a.akamaihd.net/apps/583950/icons/set01/10161_large_brazilian.be53c043d3e50f41a41a26ede8f1d59d58338441.png");
INSERT INTO large_image(carta_id, lang, value_) VALUES(10161,"latam","https://steamcdn-a.akamaihd.net/apps/583950/icons/set01/10161_large_latam.5b2095ca01f87a0fa060cc848711630280b67f35.png");
INSERT INTO carta(id, card_type, illustrator, rarity, item_def) VALUES (10162,'Improvement','Forrest Imel','Uncommon',110162);
INSERT INTO card_name(carta_id, lang, value_) VALUES(10162,"english","Unsupervised Artillery");
INSERT INTO card_name(carta_id, lang, value_) VALUES(10162,"german","Unbeaufsichtigte Artillerie");
INSERT INTO card_name(carta_id, lang, value_) VALUES(10162,"french","Artillerie sans surveillance");
INSERT INTO card_name(carta_id, lang, value_) VALUES(10162,"italian","Artiglieria incustodita");

INSERT INTO card_name(carta_id, lang, value_) VALUES(10162,"spanish","Artillería autónoma");



INSERT INTO card_name(carta_id, lang, value_) VALUES(10162,"thai","Unsupervised Artillery");

INSERT INTO card_name(carta_id, lang, value_) VALUES(10162,"portuguese","Unsupervised Artillery");
INSERT INTO card_name(carta_id, lang, value_) VALUES(10162,"polish","Unsupervised Artillery");
INSERT INTO card_name(carta_id, lang, value_) VALUES(10162,"danish","Unsupervised Artillery");
INSERT INTO card_name(carta_id, lang, value_) VALUES(10162,"dutch","Unsupervised Artillery");
INSERT INTO card_name(carta_id, lang, value_) VALUES(10162,"finnish","Unsupervised Artillery");
INSERT INTO card_name(carta_id, lang, value_) VALUES(10162,"norwegian","Unsupervised Artillery");
INSERT INTO card_name(carta_id, lang, value_) VALUES(10162,"swedish","Unsupervised Artillery");
INSERT INTO card_name(carta_id, lang, value_) VALUES(10162,"hungarian","Unsupervised Artillery");
INSERT INTO card_name(carta_id, lang, value_) VALUES(10162,"czech","Unsupervised Artillery");
INSERT INTO card_name(carta_id, lang, value_) VALUES(10162,"romanian","Unsupervised Artillery");
INSERT INTO card_name(carta_id, lang, value_) VALUES(10162,"turkish","Unsupervised Artillery");
INSERT INTO card_name(carta_id, lang, value_) VALUES(10162,"brazilian","Artilharia Desenfreada");
INSERT INTO card_name(carta_id, lang, value_) VALUES(10162,"bulgarian","Unsupervised Artillery");
INSERT INTO card_name(carta_id, lang, value_) VALUES(10162,"greek","Unsupervised Artillery");
INSERT INTO card_name(carta_id, lang, value_) VALUES(10162,"ukrainian","Unsupervised Artillery");
INSERT INTO card_name(carta_id, lang, value_) VALUES(10162,"latam","Artillería desatendida");
INSERT INTO card_name(carta_id, lang, value_) VALUES(10162,"vietnamese","Unsupervised Artillery");
INSERT INTO large_image(carta_id, lang, value_) VALUES(10162,"default","https://steamcdn-a.akamaihd.net/apps/583950/icons/set01/10162_large_english.4725d7e90d4b44cf5599382d5758c3474ec7eebc.png");
INSERT INTO large_image(carta_id, lang, value_) VALUES(10162,"german","https://steamcdn-a.akamaihd.net/apps/583950/icons/set01/10162_large_german.fa2de0ef96a86ea042006d7a1b97539a1334e272.png");
INSERT INTO large_image(carta_id, lang, value_) VALUES(10162,"french","https://steamcdn-a.akamaihd.net/apps/583950/icons/set01/10162_large_french.76e849d27b285ebed840097b0d97172ce05bd177.png");
INSERT INTO large_image(carta_id, lang, value_) VALUES(10162,"italian","https://steamcdn-a.akamaihd.net/apps/583950/icons/set01/10162_large_italian.236eff71f2a97a61ef4d23af395eb164c30dc9d8.png");

INSERT INTO large_image(carta_id, lang, value_) VALUES(10162,"spanish","https://steamcdn-a.akamaihd.net/apps/583950/icons/set01/10162_large_spanish.e1af69500d937ecbdcac244cfffdcaf27d9f8743.png");




INSERT INTO large_image(carta_id, lang, value_) VALUES(10162,"brazilian","https://steamcdn-a.akamaihd.net/apps/583950/icons/set01/10162_large_brazilian.5fd776125b0e0c9fc767d9d8d6852dc77beed53d.png");
INSERT INTO large_image(carta_id, lang, value_) VALUES(10162,"latam","https://steamcdn-a.akamaihd.net/apps/583950/icons/set01/10162_large_latam.7c307ad0ec4e96e34c6d4f72b594a1adc71da949.png");
INSERT INTO carta(id, card_type, illustrator, rarity, item_def) VALUES (10164,'Improvement','Jason Kang','Rare',110164);
INSERT INTO card_name(carta_id, lang, value_) VALUES(10164,"english","Revtel Investments");
INSERT INTO card_name(carta_id, lang, value_) VALUES(10164,"german","Revtels Investitionen");
INSERT INTO card_name(carta_id, lang, value_) VALUES(10164,"french","Épargne de Revtel");
INSERT INTO card_name(carta_id, lang, value_) VALUES(10164,"italian","Investimenti di Revtel");

INSERT INTO card_name(carta_id, lang, value_) VALUES(10164,"spanish","Inversiones de Revtel");



INSERT INTO card_name(carta_id, lang, value_) VALUES(10164,"thai","Revtel Investments");

INSERT INTO card_name(carta_id, lang, value_) VALUES(10164,"portuguese","Revtel Investments");
INSERT INTO card_name(carta_id, lang, value_) VALUES(10164,"polish","Revtel Investments");
INSERT INTO card_name(carta_id, lang, value_) VALUES(10164,"danish","Revtel Investments");
INSERT INTO card_name(carta_id, lang, value_) VALUES(10164,"dutch","Revtel Investments");
INSERT INTO card_name(carta_id, lang, value_) VALUES(10164,"finnish","Revtel Investments");
INSERT INTO card_name(carta_id, lang, value_) VALUES(10164,"norwegian","Revtel Investments");
INSERT INTO card_name(carta_id, lang, value_) VALUES(10164,"swedish","Revtel Investments");
INSERT INTO card_name(carta_id, lang, value_) VALUES(10164,"hungarian","Revtel Investments");
INSERT INTO card_name(carta_id, lang, value_) VALUES(10164,"czech","Revtel Investments");
INSERT INTO card_name(carta_id, lang, value_) VALUES(10164,"romanian","Revtel Investments");
INSERT INTO card_name(carta_id, lang, value_) VALUES(10164,"turkish","Revtel Investments");
INSERT INTO card_name(carta_id, lang, value_) VALUES(10164,"brazilian","Investimentos em Revtel");
INSERT INTO card_name(carta_id, lang, value_) VALUES(10164,"bulgarian","Revtel Investments");
INSERT INTO card_name(carta_id, lang, value_) VALUES(10164,"greek","Revtel Investments");
INSERT INTO card_name(carta_id, lang, value_) VALUES(10164,"ukrainian","Revtel Investments");
INSERT INTO card_name(carta_id, lang, value_) VALUES(10164,"latam","Inversiones de Revtel");
INSERT INTO card_name(carta_id, lang, value_) VALUES(10164,"vietnamese","Revtel Investments");
INSERT INTO large_image(carta_id, lang, value_) VALUES(10164,"default","https://steamcdn-a.akamaihd.net/apps/583950/icons/set01/10164_large_english.88ae69b5716425cb754b0eabde3998f8ce62a326.png");
INSERT INTO large_image(carta_id, lang, value_) VALUES(10164,"german","https://steamcdn-a.akamaihd.net/apps/583950/icons/set01/10164_large_german.dfed3684a10a9416cd716f654ea42a028c1efe33.png");
INSERT INTO large_image(carta_id, lang, value_) VALUES(10164,"french","https://steamcdn-a.akamaihd.net/apps/583950/icons/set01/10164_large_french.da53558f87697edeeb225ec485d312e5ca82642e.png");
INSERT INTO large_image(carta_id, lang, value_) VALUES(10164,"italian","https://steamcdn-a.akamaihd.net/apps/583950/icons/set01/10164_large_italian.333b202cb9b717ae378163be72c33e323baebd27.png");

INSERT INTO large_image(carta_id, lang, value_) VALUES(10164,"spanish","https://steamcdn-a.akamaihd.net/apps/583950/icons/set01/10164_large_spanish.059d90149f89f1c06d2d4b76ab875c37085b6e06.png");




INSERT INTO large_image(carta_id, lang, value_) VALUES(10164,"brazilian","https://steamcdn-a.akamaihd.net/apps/583950/icons/set01/10164_large_brazilian.9fa8ed23b484c5d54372a2debc14c2cb2a275724.png");
INSERT INTO large_image(carta_id, lang, value_) VALUES(10164,"latam","https://steamcdn-a.akamaihd.net/apps/583950/icons/set01/10164_large_latam.d04818b32f41794ac46afdb598948765a267b5e1.png");
INSERT INTO carta(id, card_type, illustrator, rarity, item_def) VALUES (10165,'Improvement','James Paick','Common',110165);
INSERT INTO card_name(carta_id, lang, value_) VALUES(10165,"english","Iron Fog Goldmine");
INSERT INTO card_name(carta_id, lang, value_) VALUES(10165,"german","Eisennebel-Goldmine");
INSERT INTO card_name(carta_id, lang, value_) VALUES(10165,"french","Mine d'or de Brumefer");
INSERT INTO card_name(carta_id, lang, value_) VALUES(10165,"italian","Miniera di Nebbia di Ferro");

INSERT INTO card_name(carta_id, lang, value_) VALUES(10165,"spanish","Mina de Niebla Férrea");



INSERT INTO card_name(carta_id, lang, value_) VALUES(10165,"thai","Iron Fog Goldmine");

INSERT INTO card_name(carta_id, lang, value_) VALUES(10165,"portuguese","Iron Fog Goldmine");
INSERT INTO card_name(carta_id, lang, value_) VALUES(10165,"polish","Iron Fog Goldmine");
INSERT INTO card_name(carta_id, lang, value_) VALUES(10165,"danish","Iron Fog Goldmine");
INSERT INTO card_name(carta_id, lang, value_) VALUES(10165,"dutch","Iron Fog Goldmine");
INSERT INTO card_name(carta_id, lang, value_) VALUES(10165,"finnish","Iron Fog Goldmine");
INSERT INTO card_name(carta_id, lang, value_) VALUES(10165,"norwegian","Iron Fog Goldmine");
INSERT INTO card_name(carta_id, lang, value_) VALUES(10165,"swedish","Iron Fog Goldmine");
INSERT INTO card_name(carta_id, lang, value_) VALUES(10165,"hungarian","Iron Fog Goldmine");
INSERT INTO card_name(carta_id, lang, value_) VALUES(10165,"czech","Iron Fog Goldmine");
INSERT INTO card_name(carta_id, lang, value_) VALUES(10165,"romanian","Iron Fog Goldmine");
INSERT INTO card_name(carta_id, lang, value_) VALUES(10165,"turkish","Iron Fog Goldmine");
INSERT INTO card_name(carta_id, lang, value_) VALUES(10165,"brazilian","Mina da Névoa Férrea");
INSERT INTO card_name(carta_id, lang, value_) VALUES(10165,"bulgarian","Iron Fog Goldmine");
INSERT INTO card_name(carta_id, lang, value_) VALUES(10165,"greek","Iron Fog Goldmine");
INSERT INTO card_name(carta_id, lang, value_) VALUES(10165,"ukrainian","Iron Fog Goldmine");
INSERT INTO card_name(carta_id, lang, value_) VALUES(10165,"latam","Mina de Niebla Férrea");
INSERT INTO card_name(carta_id, lang, value_) VALUES(10165,"vietnamese","Iron Fog Goldmine");
INSERT INTO large_image(carta_id, lang, value_) VALUES(10165,"default","https://steamcdn-a.akamaihd.net/apps/583950/icons/set01/10165_large_english.9bd1a3b4ff1c07841fb1947d3cdaa21039ce8e2e.png");
INSERT INTO large_image(carta_id, lang, value_) VALUES(10165,"german","https://steamcdn-a.akamaihd.net/apps/583950/icons/set01/10165_large_german.39b2b7a8264b44676029aa01b65256e3f5fd3dd9.png");
INSERT INTO large_image(carta_id, lang, value_) VALUES(10165,"french","https://steamcdn-a.akamaihd.net/apps/583950/icons/set01/10165_large_french.8bba3a814d349ce0a555fe5946bbf07c2bf6df9f.png");
INSERT INTO large_image(carta_id, lang, value_) VALUES(10165,"italian","https://steamcdn-a.akamaihd.net/apps/583950/icons/set01/10165_large_italian.70005f0ac339d8ec83aa1650a38b1168889ae794.png");

INSERT INTO large_image(carta_id, lang, value_) VALUES(10165,"spanish","https://steamcdn-a.akamaihd.net/apps/583950/icons/set01/10165_large_spanish.65581b139af1d5bc59969ef87b045a4cd34ed8f2.png");




INSERT INTO large_image(carta_id, lang, value_) VALUES(10165,"brazilian","https://steamcdn-a.akamaihd.net/apps/583950/icons/set01/10165_large_brazilian.dc55495ee1e85d89326481b9ca1a4f850598be3f.png");
INSERT INTO large_image(carta_id, lang, value_) VALUES(10165,"latam","https://steamcdn-a.akamaihd.net/apps/583950/icons/set01/10165_large_latam.023d920f6967927807462bfbc316745091b3c26e.png");
INSERT INTO carta(id, card_type, illustrator, rarity, item_def) VALUES (10168,'Improvement','Tenaya Sims','Common',110168);
INSERT INTO card_name(carta_id, lang, value_) VALUES(10168,"english","Selemene's Favor");
INSERT INTO card_name(carta_id, lang, value_) VALUES(10168,"german","Selemenes Gunst");
INSERT INTO card_name(carta_id, lang, value_) VALUES(10168,"french","Don de Sélémène");
INSERT INTO card_name(carta_id, lang, value_) VALUES(10168,"italian","Favore di Selemene");

INSERT INTO card_name(carta_id, lang, value_) VALUES(10168,"spanish","Favor de Selemene");



INSERT INTO card_name(carta_id, lang, value_) VALUES(10168,"thai","Selemene's Favor");

INSERT INTO card_name(carta_id, lang, value_) VALUES(10168,"portuguese","Selemene's Favor");
INSERT INTO card_name(carta_id, lang, value_) VALUES(10168,"polish","Selemene's Favor");
INSERT INTO card_name(carta_id, lang, value_) VALUES(10168,"danish","Selemene's Favor");
INSERT INTO card_name(carta_id, lang, value_) VALUES(10168,"dutch","Selemene's Favor");
INSERT INTO card_name(carta_id, lang, value_) VALUES(10168,"finnish","Selemene's Favor");
INSERT INTO card_name(carta_id, lang, value_) VALUES(10168,"norwegian","Selemene's Favor");
INSERT INTO card_name(carta_id, lang, value_) VALUES(10168,"swedish","Selemene's Favor");
INSERT INTO card_name(carta_id, lang, value_) VALUES(10168,"hungarian","Selemene's Favor");
INSERT INTO card_name(carta_id, lang, value_) VALUES(10168,"czech","Selemene's Favor");
INSERT INTO card_name(carta_id, lang, value_) VALUES(10168,"romanian","Selemene's Favor");
INSERT INTO card_name(carta_id, lang, value_) VALUES(10168,"turkish","Selemene's Favor");
INSERT INTO card_name(carta_id, lang, value_) VALUES(10168,"brazilian","Graça de Selemene");
INSERT INTO card_name(carta_id, lang, value_) VALUES(10168,"bulgarian","Selemene's Favor");
INSERT INTO card_name(carta_id, lang, value_) VALUES(10168,"greek","Selemene's Favor");
INSERT INTO card_name(carta_id, lang, value_) VALUES(10168,"ukrainian","Selemene's Favor");
INSERT INTO card_name(carta_id, lang, value_) VALUES(10168,"latam","Favor de Selemene");
INSERT INTO card_name(carta_id, lang, value_) VALUES(10168,"vietnamese","Selemene's Favor");
INSERT INTO large_image(carta_id, lang, value_) VALUES(10168,"default","https://steamcdn-a.akamaihd.net/apps/583950/icons/set01/10168_large_english.14c445463d638ffe4016f1696036b0c26e8a382a.png");
INSERT INTO large_image(carta_id, lang, value_) VALUES(10168,"german","https://steamcdn-a.akamaihd.net/apps/583950/icons/set01/10168_large_german.6dfcdfec628e9a1f6dbf0e988c95ffc1895e002a.png");
INSERT INTO large_image(carta_id, lang, value_) VALUES(10168,"french","https://steamcdn-a.akamaihd.net/apps/583950/icons/set01/10168_large_french.b3ccc7e161196b4af2ef0eff2c66606b15e65132.png");
INSERT INTO large_image(carta_id, lang, value_) VALUES(10168,"italian","https://steamcdn-a.akamaihd.net/apps/583950/icons/set01/10168_large_italian.250ef439c3a01b82f319edef2d5a5a5a85a4bbd2.png");

INSERT INTO large_image(carta_id, lang, value_) VALUES(10168,"spanish","https://steamcdn-a.akamaihd.net/apps/583950/icons/set01/10168_large_spanish.de7b575b40882712f635635a8b77d0de369b1dc0.png");




INSERT INTO large_image(carta_id, lang, value_) VALUES(10168,"brazilian","https://steamcdn-a.akamaihd.net/apps/583950/icons/set01/10168_large_brazilian.c1f4904ae364b388fee2cdbedf9b86c10388cf64.png");
INSERT INTO large_image(carta_id, lang, value_) VALUES(10168,"latam","https://steamcdn-a.akamaihd.net/apps/583950/icons/set01/10168_large_latam.3a71d09dc9a7ca07c6458e327bcbf47132cac9e4.png");
INSERT INTO carta(id, card_type, illustrator, rarity, item_def) VALUES (10169,'Improvement','Joseph Meehan','Uncommon',110169);
INSERT INTO card_name(carta_id, lang, value_) VALUES(10169,"english","Mist of Avernus");
INSERT INTO card_name(carta_id, lang, value_) VALUES(10169,"german","Nebel von Avernus");
INSERT INTO card_name(carta_id, lang, value_) VALUES(10169,"french","Brume d'Avernus");
INSERT INTO card_name(carta_id, lang, value_) VALUES(10169,"italian","Nebbia dell'Averno");

INSERT INTO card_name(carta_id, lang, value_) VALUES(10169,"spanish","Bruma del Averno");



INSERT INTO card_name(carta_id, lang, value_) VALUES(10169,"thai","Mist of Avernus");

INSERT INTO card_name(carta_id, lang, value_) VALUES(10169,"portuguese","Mist of Avernus");
INSERT INTO card_name(carta_id, lang, value_) VALUES(10169,"polish","Mist of Avernus");
INSERT INTO card_name(carta_id, lang, value_) VALUES(10169,"danish","Mist of Avernus");
INSERT INTO card_name(carta_id, lang, value_) VALUES(10169,"dutch","Mist of Avernus");
INSERT INTO card_name(carta_id, lang, value_) VALUES(10169,"finnish","Mist of Avernus");
INSERT INTO card_name(carta_id, lang, value_) VALUES(10169,"norwegian","Mist of Avernus");
INSERT INTO card_name(carta_id, lang, value_) VALUES(10169,"swedish","Mist of Avernus");
INSERT INTO card_name(carta_id, lang, value_) VALUES(10169,"hungarian","Mist of Avernus");
INSERT INTO card_name(carta_id, lang, value_) VALUES(10169,"czech","Mist of Avernus");
INSERT INTO card_name(carta_id, lang, value_) VALUES(10169,"romanian","Mist of Avernus");
INSERT INTO card_name(carta_id, lang, value_) VALUES(10169,"turkish","Mist of Avernus");
INSERT INTO card_name(carta_id, lang, value_) VALUES(10169,"brazilian","Neblina de Averno");
INSERT INTO card_name(carta_id, lang, value_) VALUES(10169,"bulgarian","Mist of Avernus");
INSERT INTO card_name(carta_id, lang, value_) VALUES(10169,"greek","Mist of Avernus");
INSERT INTO card_name(carta_id, lang, value_) VALUES(10169,"ukrainian","Mist of Avernus");
INSERT INTO card_name(carta_id, lang, value_) VALUES(10169,"latam","Bruma del Averno");
INSERT INTO card_name(carta_id, lang, value_) VALUES(10169,"vietnamese","Mist of Avernus");
INSERT INTO large_image(carta_id, lang, value_) VALUES(10169,"default","https://steamcdn-a.akamaihd.net/apps/583950/icons/set01/10169_large_english.fbb70116dca7e133da31158f841b9ca73b3eb2f8.png");
INSERT INTO large_image(carta_id, lang, value_) VALUES(10169,"german","https://steamcdn-a.akamaihd.net/apps/583950/icons/set01/10169_large_german.f1bfab2b506eae2073e5fb84cdb0bc0378549fcc.png");
INSERT INTO large_image(carta_id, lang, value_) VALUES(10169,"french","https://steamcdn-a.akamaihd.net/apps/583950/icons/set01/10169_large_french.82a1ffe45e3a534cd82d03da7fc9ac9a23897a9e.png");
INSERT INTO large_image(carta_id, lang, value_) VALUES(10169,"italian","https://steamcdn-a.akamaihd.net/apps/583950/icons/set01/10169_large_italian.fd68003c054a54c401cc3429f2b587783ad350da.png");

INSERT INTO large_image(carta_id, lang, value_) VALUES(10169,"spanish","https://steamcdn-a.akamaihd.net/apps/583950/icons/set01/10169_large_spanish.f4d9563b4a0afac2bd8a91803c3c728dffd24f36.png");




INSERT INTO large_image(carta_id, lang, value_) VALUES(10169,"brazilian","https://steamcdn-a.akamaihd.net/apps/583950/icons/set01/10169_large_brazilian.dec5ae927960e31456755afc3e8e2ef8cc02d9a3.png");
INSERT INTO large_image(carta_id, lang, value_) VALUES(10169,"latam","https://steamcdn-a.akamaihd.net/apps/583950/icons/set01/10169_large_latam.08377c8bcf08898f6db149e16cb4b24555f610a1.png");
INSERT INTO carta(id, card_type, illustrator, rarity, item_def) VALUES (10170,'Improvement','Dimitar Marinski','Uncommon',110170);
INSERT INTO card_name(carta_id, lang, value_) VALUES(10170,"english","Altar of the Mad Moon");
INSERT INTO card_name(carta_id, lang, value_) VALUES(10170,"german","Altar des zornigen Mondes");
INSERT INTO card_name(carta_id, lang, value_) VALUES(10170,"french","Autel de la Lune démente");
INSERT INTO card_name(carta_id, lang, value_) VALUES(10170,"italian","Altare della Folle Luna");

INSERT INTO card_name(carta_id, lang, value_) VALUES(10170,"spanish","Altar de la Luna Loca");



INSERT INTO card_name(carta_id, lang, value_) VALUES(10170,"thai","Altar of the Mad Moon");

INSERT INTO card_name(carta_id, lang, value_) VALUES(10170,"portuguese","Altar of the Mad Moon");
INSERT INTO card_name(carta_id, lang, value_) VALUES(10170,"polish","Altar of the Mad Moon");
INSERT INTO card_name(carta_id, lang, value_) VALUES(10170,"danish","Altar of the Mad Moon");
INSERT INTO card_name(carta_id, lang, value_) VALUES(10170,"dutch","Altar of the Mad Moon");
INSERT INTO card_name(carta_id, lang, value_) VALUES(10170,"finnish","Altar of the Mad Moon");
INSERT INTO card_name(carta_id, lang, value_) VALUES(10170,"norwegian","Altar of the Mad Moon");
INSERT INTO card_name(carta_id, lang, value_) VALUES(10170,"swedish","Altar of the Mad Moon");
INSERT INTO card_name(carta_id, lang, value_) VALUES(10170,"hungarian","Altar of the Mad Moon");
INSERT INTO card_name(carta_id, lang, value_) VALUES(10170,"czech","Altar of the Mad Moon");
INSERT INTO card_name(carta_id, lang, value_) VALUES(10170,"romanian","Altar of the Mad Moon");
INSERT INTO card_name(carta_id, lang, value_) VALUES(10170,"turkish","Altar of the Mad Moon");
INSERT INTO card_name(carta_id, lang, value_) VALUES(10170,"brazilian","Altar da Lua Insana");
INSERT INTO card_name(carta_id, lang, value_) VALUES(10170,"bulgarian","Altar of the Mad Moon");
INSERT INTO card_name(carta_id, lang, value_) VALUES(10170,"greek","Altar of the Mad Moon");
INSERT INTO card_name(carta_id, lang, value_) VALUES(10170,"ukrainian","Altar of the Mad Moon");
INSERT INTO card_name(carta_id, lang, value_) VALUES(10170,"latam","Altar de la Luna Loca");
INSERT INTO card_name(carta_id, lang, value_) VALUES(10170,"vietnamese","Altar of the Mad Moon");
INSERT INTO large_image(carta_id, lang, value_) VALUES(10170,"default","https://steamcdn-a.akamaihd.net/apps/583950/icons/set01/10170_large_english.bd5dae33abb8f7ef70bae0dd9a51621054febf13.png");
INSERT INTO large_image(carta_id, lang, value_) VALUES(10170,"german","https://steamcdn-a.akamaihd.net/apps/583950/icons/set01/10170_large_german.3ff32205d0c90c4b7243b04876bed58aa95e9733.png");
INSERT INTO large_image(carta_id, lang, value_) VALUES(10170,"french","https://steamcdn-a.akamaihd.net/apps/583950/icons/set01/10170_large_french.3bb31708da2e3288b609f03e36eff5bb39666827.png");
INSERT INTO large_image(carta_id, lang, value_) VALUES(10170,"italian","https://steamcdn-a.akamaihd.net/apps/583950/icons/set01/10170_large_italian.f8167f33986a34f2e284674d0be032c5402bdad0.png");

INSERT INTO large_image(carta_id, lang, value_) VALUES(10170,"spanish","https://steamcdn-a.akamaihd.net/apps/583950/icons/set01/10170_large_spanish.09c7c72c8e3f3d5025c5a9efc3162f0c21f86ff9.png");




INSERT INTO large_image(carta_id, lang, value_) VALUES(10170,"brazilian","https://steamcdn-a.akamaihd.net/apps/583950/icons/set01/10170_large_brazilian.1cbced69764bf3242aa4ff71bcfa7f42428e1d33.png");
INSERT INTO large_image(carta_id, lang, value_) VALUES(10170,"latam","https://steamcdn-a.akamaihd.net/apps/583950/icons/set01/10170_large_latam.705982ac66e58882528a9033fa1533aa9a5138d7.png");
INSERT INTO carta(id, card_type, illustrator, rarity, item_def) VALUES (10171,'Improvement','James Paick','Uncommon',110171);
INSERT INTO card_name(carta_id, lang, value_) VALUES(10171,"english","Howling Mind");
INSERT INTO card_name(carta_id, lang, value_) VALUES(10171,"german","Verborgener Verstand");
INSERT INTO card_name(carta_id, lang, value_) VALUES(10171,"french","Esprit hurlant");
INSERT INTO card_name(carta_id, lang, value_) VALUES(10171,"italian","Mente ululante");

INSERT INTO card_name(carta_id, lang, value_) VALUES(10171,"spanish","Mente aulladora");



INSERT INTO card_name(carta_id, lang, value_) VALUES(10171,"thai","Howling Mind");

INSERT INTO card_name(carta_id, lang, value_) VALUES(10171,"portuguese","Howling Mind");
INSERT INTO card_name(carta_id, lang, value_) VALUES(10171,"polish","Howling Mind");
INSERT INTO card_name(carta_id, lang, value_) VALUES(10171,"danish","Howling Mind");
INSERT INTO card_name(carta_id, lang, value_) VALUES(10171,"dutch","Howling Mind");
INSERT INTO card_name(carta_id, lang, value_) VALUES(10171,"finnish","Howling Mind");
INSERT INTO card_name(carta_id, lang, value_) VALUES(10171,"norwegian","Howling Mind");
INSERT INTO card_name(carta_id, lang, value_) VALUES(10171,"swedish","Howling Mind");
INSERT INTO card_name(carta_id, lang, value_) VALUES(10171,"hungarian","Howling Mind");
INSERT INTO card_name(carta_id, lang, value_) VALUES(10171,"czech","Howling Mind");
INSERT INTO card_name(carta_id, lang, value_) VALUES(10171,"romanian","Howling Mind");
INSERT INTO card_name(carta_id, lang, value_) VALUES(10171,"turkish","Howling Mind");
INSERT INTO card_name(carta_id, lang, value_) VALUES(10171,"brazilian","Mente Uivante");
INSERT INTO card_name(carta_id, lang, value_) VALUES(10171,"bulgarian","Howling Mind");
INSERT INTO card_name(carta_id, lang, value_) VALUES(10171,"greek","Howling Mind");
INSERT INTO card_name(carta_id, lang, value_) VALUES(10171,"ukrainian","Howling Mind");
INSERT INTO card_name(carta_id, lang, value_) VALUES(10171,"latam","Mente aulladora");
INSERT INTO card_name(carta_id, lang, value_) VALUES(10171,"vietnamese","Howling Mind");
INSERT INTO large_image(carta_id, lang, value_) VALUES(10171,"default","https://steamcdn-a.akamaihd.net/apps/583950/icons/set01/10171_large_english.62a2ac330ae0de093331231b632319710a4d6a29.png");
INSERT INTO large_image(carta_id, lang, value_) VALUES(10171,"german","https://steamcdn-a.akamaihd.net/apps/583950/icons/set01/10171_large_german.a209872e9b2d9e33ae13cde193224a40a7a920fb.png");
INSERT INTO large_image(carta_id, lang, value_) VALUES(10171,"french","https://steamcdn-a.akamaihd.net/apps/583950/icons/set01/10171_large_french.59a6570df4b6af1d3f1b20a5a2ac88dcfd99321d.png");
INSERT INTO large_image(carta_id, lang, value_) VALUES(10171,"italian","https://steamcdn-a.akamaihd.net/apps/583950/icons/set01/10171_large_italian.8fe8a5046992c80e5f52e8c8e5accebcdb0e6f9b.png");

INSERT INTO large_image(carta_id, lang, value_) VALUES(10171,"spanish","https://steamcdn-a.akamaihd.net/apps/583950/icons/set01/10171_large_spanish.70ffae285e59fbbbd33fdbea3076cdbd712536c6.png");




INSERT INTO large_image(carta_id, lang, value_) VALUES(10171,"brazilian","https://steamcdn-a.akamaihd.net/apps/583950/icons/set01/10171_large_brazilian.4f11a2c2cf154ce62974f636d1e5bcc85d03b514.png");
INSERT INTO large_image(carta_id, lang, value_) VALUES(10171,"latam","https://steamcdn-a.akamaihd.net/apps/583950/icons/set01/10171_large_latam.b6975ea18f2d35ce0b3fbcb874d0e03fb37107a4.png");
INSERT INTO carta(id, card_type, illustrator, rarity, item_def) VALUES (10172,'Improvement','Titus Lunter','Uncommon',110172);
INSERT INTO card_name(carta_id, lang, value_) VALUES(10172,"english","Temple of War");
INSERT INTO card_name(carta_id, lang, value_) VALUES(10172,"german","Tempel des Krieges");
INSERT INTO card_name(carta_id, lang, value_) VALUES(10172,"french","Temple de la guerre");
INSERT INTO card_name(carta_id, lang, value_) VALUES(10172,"italian","Tempio della guerra");

INSERT INTO card_name(carta_id, lang, value_) VALUES(10172,"spanish","Templo de la guerra");



INSERT INTO card_name(carta_id, lang, value_) VALUES(10172,"thai","Temple of War");

INSERT INTO card_name(carta_id, lang, value_) VALUES(10172,"portuguese","Temple of War");
INSERT INTO card_name(carta_id, lang, value_) VALUES(10172,"polish","Temple of War");
INSERT INTO card_name(carta_id, lang, value_) VALUES(10172,"danish","Temple of War");
INSERT INTO card_name(carta_id, lang, value_) VALUES(10172,"dutch","Temple of War");
INSERT INTO card_name(carta_id, lang, value_) VALUES(10172,"finnish","Temple of War");
INSERT INTO card_name(carta_id, lang, value_) VALUES(10172,"norwegian","Temple of War");
INSERT INTO card_name(carta_id, lang, value_) VALUES(10172,"swedish","Temple of War");
INSERT INTO card_name(carta_id, lang, value_) VALUES(10172,"hungarian","Temple of War");
INSERT INTO card_name(carta_id, lang, value_) VALUES(10172,"czech","Temple of War");
INSERT INTO card_name(carta_id, lang, value_) VALUES(10172,"romanian","Temple of War");
INSERT INTO card_name(carta_id, lang, value_) VALUES(10172,"turkish","Temple of War");
INSERT INTO card_name(carta_id, lang, value_) VALUES(10172,"brazilian","Templo da Guerra");
INSERT INTO card_name(carta_id, lang, value_) VALUES(10172,"bulgarian","Temple of War");
INSERT INTO card_name(carta_id, lang, value_) VALUES(10172,"greek","Temple of War");
INSERT INTO card_name(carta_id, lang, value_) VALUES(10172,"ukrainian","Temple of War");
INSERT INTO card_name(carta_id, lang, value_) VALUES(10172,"latam","Templo de la guerra");
INSERT INTO card_name(carta_id, lang, value_) VALUES(10172,"vietnamese","Temple of War");
INSERT INTO large_image(carta_id, lang, value_) VALUES(10172,"default","https://steamcdn-a.akamaihd.net/apps/583950/icons/set01/10172_large_english.2f392412095f34b8c919ef36dc278502b4badc8b.png");
INSERT INTO large_image(carta_id, lang, value_) VALUES(10172,"german","https://steamcdn-a.akamaihd.net/apps/583950/icons/set01/10172_large_german.0d9c5717ae975b4e99586b9943ba2aaba4737953.png");
INSERT INTO large_image(carta_id, lang, value_) VALUES(10172,"french","https://steamcdn-a.akamaihd.net/apps/583950/icons/set01/10172_large_french.c6ab60948da0e4074f5bce420fb8946585868ac8.png");
INSERT INTO large_image(carta_id, lang, value_) VALUES(10172,"italian","https://steamcdn-a.akamaihd.net/apps/583950/icons/set01/10172_large_italian.bccb7027dd4d795d4daee5f57b29268bfeaf3708.png");

INSERT INTO large_image(carta_id, lang, value_) VALUES(10172,"spanish","https://steamcdn-a.akamaihd.net/apps/583950/icons/set01/10172_large_spanish.73ea60804bfeecbb190268e42051039b65924dd6.png");




INSERT INTO large_image(carta_id, lang, value_) VALUES(10172,"brazilian","https://steamcdn-a.akamaihd.net/apps/583950/icons/set01/10172_large_brazilian.c14520884ce5a85a59f79e46e04c08b558bcece9.png");
INSERT INTO large_image(carta_id, lang, value_) VALUES(10172,"latam","https://steamcdn-a.akamaihd.net/apps/583950/icons/set01/10172_large_latam.a70b6e582fb32e79a9d50f30f781630bb26959c7.png");
INSERT INTO carta(id, card_type, illustrator, rarity, item_def) VALUES (10174,'Improvement','Daarken','Uncommon',110174);
INSERT INTO card_name(carta_id, lang, value_) VALUES(10174,"english","Burning Oil");
INSERT INTO card_name(carta_id, lang, value_) VALUES(10174,"german","Brennendes Öl");
INSERT INTO card_name(carta_id, lang, value_) VALUES(10174,"french","Huile brûlante");
INSERT INTO card_name(carta_id, lang, value_) VALUES(10174,"italian","Olio bollente");

INSERT INTO card_name(carta_id, lang, value_) VALUES(10174,"spanish","Aceite abrasador");



INSERT INTO card_name(carta_id, lang, value_) VALUES(10174,"thai","Burning Oil");

INSERT INTO card_name(carta_id, lang, value_) VALUES(10174,"portuguese","Burning Oil");
INSERT INTO card_name(carta_id, lang, value_) VALUES(10174,"polish","Burning Oil");
INSERT INTO card_name(carta_id, lang, value_) VALUES(10174,"danish","Burning Oil");
INSERT INTO card_name(carta_id, lang, value_) VALUES(10174,"dutch","Burning Oil");
INSERT INTO card_name(carta_id, lang, value_) VALUES(10174,"finnish","Burning Oil");
INSERT INTO card_name(carta_id, lang, value_) VALUES(10174,"norwegian","Burning Oil");
INSERT INTO card_name(carta_id, lang, value_) VALUES(10174,"swedish","Burning Oil");
INSERT INTO card_name(carta_id, lang, value_) VALUES(10174,"hungarian","Burning Oil");
INSERT INTO card_name(carta_id, lang, value_) VALUES(10174,"czech","Burning Oil");
INSERT INTO card_name(carta_id, lang, value_) VALUES(10174,"romanian","Burning Oil");
INSERT INTO card_name(carta_id, lang, value_) VALUES(10174,"turkish","Burning Oil");
INSERT INTO card_name(carta_id, lang, value_) VALUES(10174,"brazilian","Óleo Fervente");
INSERT INTO card_name(carta_id, lang, value_) VALUES(10174,"bulgarian","Burning Oil");
INSERT INTO card_name(carta_id, lang, value_) VALUES(10174,"greek","Burning Oil");
INSERT INTO card_name(carta_id, lang, value_) VALUES(10174,"ukrainian","Burning Oil");
INSERT INTO card_name(carta_id, lang, value_) VALUES(10174,"latam","Aceite abrasador");
INSERT INTO card_name(carta_id, lang, value_) VALUES(10174,"vietnamese","Burning Oil");
INSERT INTO large_image(carta_id, lang, value_) VALUES(10174,"default","https://steamcdn-a.akamaihd.net/apps/583950/icons/set01/10174_large_english.487d3581e3f33ad2d7ebd4717bec4678b1c84415.png");
INSERT INTO large_image(carta_id, lang, value_) VALUES(10174,"german","https://steamcdn-a.akamaihd.net/apps/583950/icons/set01/10174_large_german.393e71ea8b29e23f3407df54db028eb20cec12f3.png");
INSERT INTO large_image(carta_id, lang, value_) VALUES(10174,"french","https://steamcdn-a.akamaihd.net/apps/583950/icons/set01/10174_large_french.757f8ffc55a01670719973f98938fbb2a0a72272.png");
INSERT INTO large_image(carta_id, lang, value_) VALUES(10174,"italian","https://steamcdn-a.akamaihd.net/apps/583950/icons/set01/10174_large_italian.fc68a94b43dc4d3428d8df00f1321c2984e1688f.png");

INSERT INTO large_image(carta_id, lang, value_) VALUES(10174,"spanish","https://steamcdn-a.akamaihd.net/apps/583950/icons/set01/10174_large_spanish.737d5c74a9e36080204a79eb6dfca4784de4b1d3.png");




INSERT INTO large_image(carta_id, lang, value_) VALUES(10174,"brazilian","https://steamcdn-a.akamaihd.net/apps/583950/icons/set01/10174_large_brazilian.3f6fdb749fc87ad3a71a590567549f3a188b058d.png");
INSERT INTO large_image(carta_id, lang, value_) VALUES(10174,"latam","https://steamcdn-a.akamaihd.net/apps/583950/icons/set01/10174_large_latam.d31f9a985805f1f04f6f58c85f53fbf67701199b.png");
INSERT INTO carta(id, card_type, illustrator, rarity, item_def) VALUES (10175,'Improvement','Lake Hurwitz','Uncommon',110175);
INSERT INTO card_name(carta_id, lang, value_) VALUES(10175,"english","Aghanim's Sanctum");
INSERT INTO card_name(carta_id, lang, value_) VALUES(10175,"german","Aghanims Heiligtum");
INSERT INTO card_name(carta_id, lang, value_) VALUES(10175,"french","Sanctuaire d'Aghanim");
INSERT INTO card_name(carta_id, lang, value_) VALUES(10175,"italian","Rifugio di Aghanim");

INSERT INTO card_name(carta_id, lang, value_) VALUES(10175,"spanish","Sanctasanctórum de Aghanim");



INSERT INTO card_name(carta_id, lang, value_) VALUES(10175,"thai","Aghanim's Sanctum");

INSERT INTO card_name(carta_id, lang, value_) VALUES(10175,"portuguese","Aghanim's Sanctum");
INSERT INTO card_name(carta_id, lang, value_) VALUES(10175,"polish","Aghanim's Sanctum");
INSERT INTO card_name(carta_id, lang, value_) VALUES(10175,"danish","Aghanim's Sanctum");
INSERT INTO card_name(carta_id, lang, value_) VALUES(10175,"dutch","Aghanim's Sanctum");
INSERT INTO card_name(carta_id, lang, value_) VALUES(10175,"finnish","Aghanim's Sanctum");
INSERT INTO card_name(carta_id, lang, value_) VALUES(10175,"norwegian","Aghanim's Sanctum");
INSERT INTO card_name(carta_id, lang, value_) VALUES(10175,"swedish","Aghanim's Sanctum");
INSERT INTO card_name(carta_id, lang, value_) VALUES(10175,"hungarian","Aghanim's Sanctum");
INSERT INTO card_name(carta_id, lang, value_) VALUES(10175,"czech","Aghanim's Sanctum");
INSERT INTO card_name(carta_id, lang, value_) VALUES(10175,"romanian","Aghanim's Sanctum");
INSERT INTO card_name(carta_id, lang, value_) VALUES(10175,"turkish","Aghanim's Sanctum");
INSERT INTO card_name(carta_id, lang, value_) VALUES(10175,"brazilian","Santuário de Aghanim");
INSERT INTO card_name(carta_id, lang, value_) VALUES(10175,"bulgarian","Aghanim's Sanctum");
INSERT INTO card_name(carta_id, lang, value_) VALUES(10175,"greek","Aghanim's Sanctum");
INSERT INTO card_name(carta_id, lang, value_) VALUES(10175,"ukrainian","Aghanim's Sanctum");
INSERT INTO card_name(carta_id, lang, value_) VALUES(10175,"latam","Santuario de Aghanim");
INSERT INTO card_name(carta_id, lang, value_) VALUES(10175,"vietnamese","Aghanim's Sanctum");
INSERT INTO large_image(carta_id, lang, value_) VALUES(10175,"default","https://steamcdn-a.akamaihd.net/apps/583950/icons/set01/10175_large_english.c382ffddbcea0f287f14560710db2b1e1c63d6bf.png");
INSERT INTO large_image(carta_id, lang, value_) VALUES(10175,"german","https://steamcdn-a.akamaihd.net/apps/583950/icons/set01/10175_large_german.d8039e5baa833752ebad37b9d1a2327d25b4ce55.png");
INSERT INTO large_image(carta_id, lang, value_) VALUES(10175,"french","https://steamcdn-a.akamaihd.net/apps/583950/icons/set01/10175_large_french.40438b63337c570cd504888c6f75500d73c1d740.png");
INSERT INTO large_image(carta_id, lang, value_) VALUES(10175,"italian","https://steamcdn-a.akamaihd.net/apps/583950/icons/set01/10175_large_italian.ffcee5ab37d9f71abb8ca94ab2e1062454f50a06.png");

INSERT INTO large_image(carta_id, lang, value_) VALUES(10175,"spanish","https://steamcdn-a.akamaihd.net/apps/583950/icons/set01/10175_large_spanish.3287f4b5a507af6bc9b9a913bb16ba796952b122.png");




INSERT INTO large_image(carta_id, lang, value_) VALUES(10175,"brazilian","https://steamcdn-a.akamaihd.net/apps/583950/icons/set01/10175_large_brazilian.c95e7e6ac55956510dd499f825ee11c4d2d2ec06.png");
INSERT INTO large_image(carta_id, lang, value_) VALUES(10175,"latam","https://steamcdn-a.akamaihd.net/apps/583950/icons/set01/10175_large_latam.c58e4251600b3ad97363bf66d574e2f4a3917959.png");
INSERT INTO carta(id, card_type, illustrator, rarity, item_def) VALUES (10176,'Improvement','Bayard Wu','Rare',110176);
INSERT INTO card_name(carta_id, lang, value_) VALUES(10176,"english","Escape Route");
INSERT INTO card_name(carta_id, lang, value_) VALUES(10176,"german","Fluchtroute");
INSERT INTO card_name(carta_id, lang, value_) VALUES(10176,"french","Échappatoire");
INSERT INTO card_name(carta_id, lang, value_) VALUES(10176,"italian","Via di fuga");

INSERT INTO card_name(carta_id, lang, value_) VALUES(10176,"spanish","Vía de escape");



INSERT INTO card_name(carta_id, lang, value_) VALUES(10176,"thai","Escape Route");

INSERT INTO card_name(carta_id, lang, value_) VALUES(10176,"portuguese","Escape Route");
INSERT INTO card_name(carta_id, lang, value_) VALUES(10176,"polish","Escape Route");
INSERT INTO card_name(carta_id, lang, value_) VALUES(10176,"danish","Escape Route");
INSERT INTO card_name(carta_id, lang, value_) VALUES(10176,"dutch","Escape Route");
INSERT INTO card_name(carta_id, lang, value_) VALUES(10176,"finnish","Escape Route");
INSERT INTO card_name(carta_id, lang, value_) VALUES(10176,"norwegian","Escape Route");
INSERT INTO card_name(carta_id, lang, value_) VALUES(10176,"swedish","Escape Route");
INSERT INTO card_name(carta_id, lang, value_) VALUES(10176,"hungarian","Escape Route");
INSERT INTO card_name(carta_id, lang, value_) VALUES(10176,"czech","Escape Route");
INSERT INTO card_name(carta_id, lang, value_) VALUES(10176,"romanian","Escape Route");
INSERT INTO card_name(carta_id, lang, value_) VALUES(10176,"turkish","Escape Route");
INSERT INTO card_name(carta_id, lang, value_) VALUES(10176,"brazilian","Rota de Fuga");
INSERT INTO card_name(carta_id, lang, value_) VALUES(10176,"bulgarian","Escape Route");
INSERT INTO card_name(carta_id, lang, value_) VALUES(10176,"greek","Escape Route");
INSERT INTO card_name(carta_id, lang, value_) VALUES(10176,"ukrainian","Escape Route");
INSERT INTO card_name(carta_id, lang, value_) VALUES(10176,"latam","Vía de escape");
INSERT INTO card_name(carta_id, lang, value_) VALUES(10176,"vietnamese","Escape Route");
INSERT INTO large_image(carta_id, lang, value_) VALUES(10176,"default","https://steamcdn-a.akamaihd.net/apps/583950/icons/set01/10176_large_english.5154025a968faba834f62d3d0442cae60995d0e7.png");
INSERT INTO large_image(carta_id, lang, value_) VALUES(10176,"german","https://steamcdn-a.akamaihd.net/apps/583950/icons/set01/10176_large_german.e1a30a96874c488459b2c1be4ec0f191ed9ead65.png");
INSERT INTO large_image(carta_id, lang, value_) VALUES(10176,"french","https://steamcdn-a.akamaihd.net/apps/583950/icons/set01/10176_large_french.cf15eaabd36b376a45a5a84e0bf108e5058273a5.png");
INSERT INTO large_image(carta_id, lang, value_) VALUES(10176,"italian","https://steamcdn-a.akamaihd.net/apps/583950/icons/set01/10176_large_italian.2f3151a2fb93decbc7ae6c81229b0282fd2e9a79.png");

INSERT INTO large_image(carta_id, lang, value_) VALUES(10176,"spanish","https://steamcdn-a.akamaihd.net/apps/583950/icons/set01/10176_large_spanish.55a5e9f0b1ab4bc6a04c5339d09aed96981c51a9.png");




INSERT INTO large_image(carta_id, lang, value_) VALUES(10176,"brazilian","https://steamcdn-a.akamaihd.net/apps/583950/icons/set01/10176_large_brazilian.ca62f3899e208cec49751e97a5b588187a789a3f.png");
INSERT INTO large_image(carta_id, lang, value_) VALUES(10176,"latam","https://steamcdn-a.akamaihd.net/apps/583950/icons/set01/10176_large_latam.b0ca40f45cdaf77da83040290eb916e2e7ef7cb8.png");
INSERT INTO carta(id, card_type, illustrator, rarity, item_def) VALUES (10178,'Improvement','JiHun Lee','Rare',110178);
INSERT INTO card_name(carta_id, lang, value_) VALUES(10178,"english","Grand Melee");
INSERT INTO card_name(carta_id, lang, value_) VALUES(10178,"german","Große Keilerei");
INSERT INTO card_name(carta_id, lang, value_) VALUES(10178,"french","Mêlée générale");
INSERT INTO card_name(carta_id, lang, value_) VALUES(10178,"italian","Gran duello");

INSERT INTO card_name(carta_id, lang, value_) VALUES(10178,"spanish","Gran melé");



INSERT INTO card_name(carta_id, lang, value_) VALUES(10178,"thai","Grand Melee");

INSERT INTO card_name(carta_id, lang, value_) VALUES(10178,"portuguese","Grand Melee");
INSERT INTO card_name(carta_id, lang, value_) VALUES(10178,"polish","Grand Melee");
INSERT INTO card_name(carta_id, lang, value_) VALUES(10178,"danish","Grand Melee");
INSERT INTO card_name(carta_id, lang, value_) VALUES(10178,"dutch","Grand Melee");
INSERT INTO card_name(carta_id, lang, value_) VALUES(10178,"finnish","Grand Melee");
INSERT INTO card_name(carta_id, lang, value_) VALUES(10178,"norwegian","Grand Melee");
INSERT INTO card_name(carta_id, lang, value_) VALUES(10178,"swedish","Grand Melee");
INSERT INTO card_name(carta_id, lang, value_) VALUES(10178,"hungarian","Grand Melee");
INSERT INTO card_name(carta_id, lang, value_) VALUES(10178,"czech","Grand Melee");
INSERT INTO card_name(carta_id, lang, value_) VALUES(10178,"romanian","Grand Melee");
INSERT INTO card_name(carta_id, lang, value_) VALUES(10178,"turkish","Grand Melee");
INSERT INTO card_name(carta_id, lang, value_) VALUES(10178,"brazilian","Grande Refrega");
INSERT INTO card_name(carta_id, lang, value_) VALUES(10178,"bulgarian","Grand Melee");
INSERT INTO card_name(carta_id, lang, value_) VALUES(10178,"greek","Grand Melee");
INSERT INTO card_name(carta_id, lang, value_) VALUES(10178,"ukrainian","Grand Melee");
INSERT INTO card_name(carta_id, lang, value_) VALUES(10178,"latam","Gran melé");
INSERT INTO card_name(carta_id, lang, value_) VALUES(10178,"vietnamese","Grand Melee");
INSERT INTO large_image(carta_id, lang, value_) VALUES(10178,"default","https://steamcdn-a.akamaihd.net/apps/583950/icons/set01/10178_large_english.ffdee288a50a678da8e56c8a8b891957b4ada94d.png");
INSERT INTO large_image(carta_id, lang, value_) VALUES(10178,"german","https://steamcdn-a.akamaihd.net/apps/583950/icons/set01/10178_large_german.d1674c2f648ce238ece0ad4881332d9afff69576.png");
INSERT INTO large_image(carta_id, lang, value_) VALUES(10178,"french","https://steamcdn-a.akamaihd.net/apps/583950/icons/set01/10178_large_french.4d6e9ff0bb4b825920182b034a0532c6563910b0.png");
INSERT INTO large_image(carta_id, lang, value_) VALUES(10178,"italian","https://steamcdn-a.akamaihd.net/apps/583950/icons/set01/10178_large_italian.f68f1d9df641e0e9c26595c3dc5b8cb067483641.png");

INSERT INTO large_image(carta_id, lang, value_) VALUES(10178,"spanish","https://steamcdn-a.akamaihd.net/apps/583950/icons/set01/10178_large_spanish.ed28941415d96f698f4c1d94f83706ee61bcc61c.png");




INSERT INTO large_image(carta_id, lang, value_) VALUES(10178,"brazilian","https://steamcdn-a.akamaihd.net/apps/583950/icons/set01/10178_large_brazilian.2d8c07f05546ea497d3c819a63f1a1879b99ebb8.png");
INSERT INTO large_image(carta_id, lang, value_) VALUES(10178,"latam","https://steamcdn-a.akamaihd.net/apps/583950/icons/set01/10178_large_latam.b4e1d2e70553944425843cb20e117b61ea9dff37.png");
INSERT INTO carta(id, card_type, illustrator, rarity, item_def) VALUES (10180,'Improvement','Forrest Imel','Common',110180);
INSERT INTO card_name(carta_id, lang, value_) VALUES(10180,"english","Messenger Rookery");
INSERT INTO card_name(carta_id, lang, value_) VALUES(10180,"german","Botenhorst");
INSERT INTO card_name(carta_id, lang, value_) VALUES(10180,"french","Colonie de messagers");
INSERT INTO card_name(carta_id, lang, value_) VALUES(10180,"italian","Colonia di piccioni viaggiatori");

INSERT INTO card_name(carta_id, lang, value_) VALUES(10180,"spanish","Colonia de mensajeros");



INSERT INTO card_name(carta_id, lang, value_) VALUES(10180,"thai","Messenger Rookery");

INSERT INTO card_name(carta_id, lang, value_) VALUES(10180,"portuguese","Messenger Rookery");
INSERT INTO card_name(carta_id, lang, value_) VALUES(10180,"polish","Messenger Rookery");
INSERT INTO card_name(carta_id, lang, value_) VALUES(10180,"danish","Messenger Rookery");
INSERT INTO card_name(carta_id, lang, value_) VALUES(10180,"dutch","Messenger Rookery");
INSERT INTO card_name(carta_id, lang, value_) VALUES(10180,"finnish","Messenger Rookery");
INSERT INTO card_name(carta_id, lang, value_) VALUES(10180,"norwegian","Messenger Rookery");
INSERT INTO card_name(carta_id, lang, value_) VALUES(10180,"swedish","Messenger Rookery");
INSERT INTO card_name(carta_id, lang, value_) VALUES(10180,"hungarian","Messenger Rookery");
INSERT INTO card_name(carta_id, lang, value_) VALUES(10180,"czech","Messenger Rookery");
INSERT INTO card_name(carta_id, lang, value_) VALUES(10180,"romanian","Messenger Rookery");
INSERT INTO card_name(carta_id, lang, value_) VALUES(10180,"turkish","Messenger Rookery");
INSERT INTO card_name(carta_id, lang, value_) VALUES(10180,"brazilian","Viveiro de Mensageiros");
INSERT INTO card_name(carta_id, lang, value_) VALUES(10180,"bulgarian","Messenger Rookery");
INSERT INTO card_name(carta_id, lang, value_) VALUES(10180,"greek","Messenger Rookery");
INSERT INTO card_name(carta_id, lang, value_) VALUES(10180,"ukrainian","Messenger Rookery");
INSERT INTO card_name(carta_id, lang, value_) VALUES(10180,"latam","Colonia de mensajeros");
INSERT INTO card_name(carta_id, lang, value_) VALUES(10180,"vietnamese","Messenger Rookery");
INSERT INTO large_image(carta_id, lang, value_) VALUES(10180,"default","https://steamcdn-a.akamaihd.net/apps/583950/icons/set01/10180_large_english.28e782a595f0b83fc704d6ee0f16040063136003.png");
INSERT INTO large_image(carta_id, lang, value_) VALUES(10180,"german","https://steamcdn-a.akamaihd.net/apps/583950/icons/set01/10180_large_german.829c56067b7cc08fb42144a8a0f77aa3efac4c9e.png");
INSERT INTO large_image(carta_id, lang, value_) VALUES(10180,"french","https://steamcdn-a.akamaihd.net/apps/583950/icons/set01/10180_large_french.e2c6e5d98e4475d8e0889a07aaf2fea81cf1c940.png");
INSERT INTO large_image(carta_id, lang, value_) VALUES(10180,"italian","https://steamcdn-a.akamaihd.net/apps/583950/icons/set01/10180_large_italian.08f109aa31d536cf84800034d812295da7cbe1a2.png");

INSERT INTO large_image(carta_id, lang, value_) VALUES(10180,"spanish","https://steamcdn-a.akamaihd.net/apps/583950/icons/set01/10180_large_spanish.06170cc271d7176ee6857693b0984fcf984b5c4b.png");




INSERT INTO large_image(carta_id, lang, value_) VALUES(10180,"brazilian","https://steamcdn-a.akamaihd.net/apps/583950/icons/set01/10180_large_brazilian.cfce346a061ad2d4bb3a9d6302c1f673748ab5ea.png");
INSERT INTO large_image(carta_id, lang, value_) VALUES(10180,"latam","https://steamcdn-a.akamaihd.net/apps/583950/icons/set01/10180_large_latam.54565ccc465fd5753385c3f3bcb8af05c8342319.png");
INSERT INTO carta(id, card_type, illustrator, rarity, item_def) VALUES (10181,'Improvement','Daarken','Rare',110181);
INSERT INTO card_name(carta_id, lang, value_) VALUES(10181,"english","Cheating Death");
INSERT INTO card_name(carta_id, lang, value_) VALUES(10181,"german","Dem Tod entrinnen");
INSERT INTO card_name(carta_id, lang, value_) VALUES(10181,"french","Duperie de la mort");
INSERT INTO card_name(carta_id, lang, value_) VALUES(10181,"italian","Ingannare la morte");

INSERT INTO card_name(carta_id, lang, value_) VALUES(10181,"spanish","Burlar a la muerte");



INSERT INTO card_name(carta_id, lang, value_) VALUES(10181,"thai","Cheating Death");

INSERT INTO card_name(carta_id, lang, value_) VALUES(10181,"portuguese","Cheating Death");
INSERT INTO card_name(carta_id, lang, value_) VALUES(10181,"polish","Cheating Death");
INSERT INTO card_name(carta_id, lang, value_) VALUES(10181,"danish","Cheating Death");
INSERT INTO card_name(carta_id, lang, value_) VALUES(10181,"dutch","Cheating Death");
INSERT INTO card_name(carta_id, lang, value_) VALUES(10181,"finnish","Cheating Death");
INSERT INTO card_name(carta_id, lang, value_) VALUES(10181,"norwegian","Cheating Death");
INSERT INTO card_name(carta_id, lang, value_) VALUES(10181,"swedish","Cheating Death");
INSERT INTO card_name(carta_id, lang, value_) VALUES(10181,"hungarian","Cheating Death");
INSERT INTO card_name(carta_id, lang, value_) VALUES(10181,"czech","Cheating Death");
INSERT INTO card_name(carta_id, lang, value_) VALUES(10181,"romanian","Cheating Death");
INSERT INTO card_name(carta_id, lang, value_) VALUES(10181,"turkish","Cheating Death");
INSERT INTO card_name(carta_id, lang, value_) VALUES(10181,"brazilian","Ludibriando a Morte");
INSERT INTO card_name(carta_id, lang, value_) VALUES(10181,"bulgarian","Cheating Death");
INSERT INTO card_name(carta_id, lang, value_) VALUES(10181,"greek","Cheating Death");
INSERT INTO card_name(carta_id, lang, value_) VALUES(10181,"ukrainian","Cheating Death");
INSERT INTO card_name(carta_id, lang, value_) VALUES(10181,"latam","Burla a la muerte");
INSERT INTO card_name(carta_id, lang, value_) VALUES(10181,"vietnamese","Cheating Death");
INSERT INTO large_image(carta_id, lang, value_) VALUES(10181,"default","https://steamcdn-a.akamaihd.net/apps/583950/icons/set01/10181_large_english.aaff1f27ed9c917a0d187c63228ff91c5e919c0a.png");
INSERT INTO large_image(carta_id, lang, value_) VALUES(10181,"german","https://steamcdn-a.akamaihd.net/apps/583950/icons/set01/10181_large_german.300f276f3e6591b1e9fdc0cc2dda6f74c403b130.png");
INSERT INTO large_image(carta_id, lang, value_) VALUES(10181,"french","https://steamcdn-a.akamaihd.net/apps/583950/icons/set01/10181_large_french.998b1863ec0c01de477f31d16447520d54496a08.png");
INSERT INTO large_image(carta_id, lang, value_) VALUES(10181,"italian","https://steamcdn-a.akamaihd.net/apps/583950/icons/set01/10181_large_italian.1355e648726a96e3d077aa2b7d4bcd0ad6ed73a7.png");

INSERT INTO large_image(carta_id, lang, value_) VALUES(10181,"spanish","https://steamcdn-a.akamaihd.net/apps/583950/icons/set01/10181_large_spanish.c3c6d6baf82652dae19bf90a433cab7d651ba289.png");




INSERT INTO large_image(carta_id, lang, value_) VALUES(10181,"brazilian","https://steamcdn-a.akamaihd.net/apps/583950/icons/set01/10181_large_brazilian.50c9f904e8610385584403b9098ec4e1be871f7c.png");
INSERT INTO large_image(carta_id, lang, value_) VALUES(10181,"latam","https://steamcdn-a.akamaihd.net/apps/583950/icons/set01/10181_large_latam.9146e047eb5b6609849d259bdb9a80b5a3230e49.png");
INSERT INTO carta(id, card_type, illustrator, rarity, item_def) VALUES (10182,'Improvement','Daarken','Rare',110182);
INSERT INTO card_name(carta_id, lang, value_) VALUES(10182,"english","The Oath");
INSERT INTO card_name(carta_id, lang, value_) VALUES(10182,"german","Der Schwur");
INSERT INTO card_name(carta_id, lang, value_) VALUES(10182,"french","Serment");
INSERT INTO card_name(carta_id, lang, value_) VALUES(10182,"italian","Giuramento");

INSERT INTO card_name(carta_id, lang, value_) VALUES(10182,"spanish","El juramento");



INSERT INTO card_name(carta_id, lang, value_) VALUES(10182,"thai","The Oath");

INSERT INTO card_name(carta_id, lang, value_) VALUES(10182,"portuguese","The Oath");
INSERT INTO card_name(carta_id, lang, value_) VALUES(10182,"polish","The Oath");
INSERT INTO card_name(carta_id, lang, value_) VALUES(10182,"danish","The Oath");
INSERT INTO card_name(carta_id, lang, value_) VALUES(10182,"dutch","The Oath");
INSERT INTO card_name(carta_id, lang, value_) VALUES(10182,"finnish","The Oath");
INSERT INTO card_name(carta_id, lang, value_) VALUES(10182,"norwegian","The Oath");
INSERT INTO card_name(carta_id, lang, value_) VALUES(10182,"swedish","The Oath");
INSERT INTO card_name(carta_id, lang, value_) VALUES(10182,"hungarian","The Oath");
INSERT INTO card_name(carta_id, lang, value_) VALUES(10182,"czech","The Oath");
INSERT INTO card_name(carta_id, lang, value_) VALUES(10182,"romanian","The Oath");
INSERT INTO card_name(carta_id, lang, value_) VALUES(10182,"turkish","The Oath");
INSERT INTO card_name(carta_id, lang, value_) VALUES(10182,"brazilian","O Juramento");
INSERT INTO card_name(carta_id, lang, value_) VALUES(10182,"bulgarian","The Oath");
INSERT INTO card_name(carta_id, lang, value_) VALUES(10182,"greek","The Oath");
INSERT INTO card_name(carta_id, lang, value_) VALUES(10182,"ukrainian","The Oath");
INSERT INTO card_name(carta_id, lang, value_) VALUES(10182,"latam","El juramento");
INSERT INTO card_name(carta_id, lang, value_) VALUES(10182,"vietnamese","The Oath");
INSERT INTO large_image(carta_id, lang, value_) VALUES(10182,"default","https://steamcdn-a.akamaihd.net/apps/583950/icons/set01/10182_large_english.8ae6ce2d1efe39fa599667a54486c1e3e889a856.png");
INSERT INTO large_image(carta_id, lang, value_) VALUES(10182,"german","https://steamcdn-a.akamaihd.net/apps/583950/icons/set01/10182_large_german.e3c0bd388db8c4ece57758436f7874a698b68f85.png");
INSERT INTO large_image(carta_id, lang, value_) VALUES(10182,"french","https://steamcdn-a.akamaihd.net/apps/583950/icons/set01/10182_large_french.0820deea212878d2b7817c222ec8d4ed948a3643.png");
INSERT INTO large_image(carta_id, lang, value_) VALUES(10182,"italian","https://steamcdn-a.akamaihd.net/apps/583950/icons/set01/10182_large_italian.7644b8e19b5f4b41204ae652acf091ccf8732d19.png");

INSERT INTO large_image(carta_id, lang, value_) VALUES(10182,"spanish","https://steamcdn-a.akamaihd.net/apps/583950/icons/set01/10182_large_spanish.63dbce490fee44595fd0ed9f4dc0be84edf0fc01.png");




INSERT INTO large_image(carta_id, lang, value_) VALUES(10182,"brazilian","https://steamcdn-a.akamaihd.net/apps/583950/icons/set01/10182_large_brazilian.56ccc42163861c23d1a9c9c2cd58154acaeb43fa.png");
INSERT INTO large_image(carta_id, lang, value_) VALUES(10182,"latam","https://steamcdn-a.akamaihd.net/apps/583950/icons/set01/10182_large_latam.6e42c1adbe602e3d7981db02211aee0820799cbd.png");
INSERT INTO carta(id, card_type, illustrator, rarity, item_def) VALUES (10183,'Improvement','Dimitar Marinski','Uncommon',110183);
INSERT INTO card_name(carta_id, lang, value_) VALUES(10183,"english","The Omexe Arena");
INSERT INTO card_name(carta_id, lang, value_) VALUES(10183,"german","Die Arena von Omexe");
INSERT INTO card_name(carta_id, lang, value_) VALUES(10183,"french","Arène d'Omexe");
INSERT INTO card_name(carta_id, lang, value_) VALUES(10183,"italian","Arena di Omexe");

INSERT INTO card_name(carta_id, lang, value_) VALUES(10183,"spanish","Coliseo de Omexe");



INSERT INTO card_name(carta_id, lang, value_) VALUES(10183,"thai","The Omexe Arena");

INSERT INTO card_name(carta_id, lang, value_) VALUES(10183,"portuguese","The Omexe Arena");
INSERT INTO card_name(carta_id, lang, value_) VALUES(10183,"polish","The Omexe Arena");
INSERT INTO card_name(carta_id, lang, value_) VALUES(10183,"danish","The Omexe Arena");
INSERT INTO card_name(carta_id, lang, value_) VALUES(10183,"dutch","The Omexe Arena");
INSERT INTO card_name(carta_id, lang, value_) VALUES(10183,"finnish","The Omexe Arena");
INSERT INTO card_name(carta_id, lang, value_) VALUES(10183,"norwegian","The Omexe Arena");
INSERT INTO card_name(carta_id, lang, value_) VALUES(10183,"swedish","The Omexe Arena");
INSERT INTO card_name(carta_id, lang, value_) VALUES(10183,"hungarian","The Omexe Arena");
INSERT INTO card_name(carta_id, lang, value_) VALUES(10183,"czech","The Omexe Arena");
INSERT INTO card_name(carta_id, lang, value_) VALUES(10183,"romanian","The Omexe Arena");
INSERT INTO card_name(carta_id, lang, value_) VALUES(10183,"turkish","The Omexe Arena");
INSERT INTO card_name(carta_id, lang, value_) VALUES(10183,"brazilian","Arena de Omexe");
INSERT INTO card_name(carta_id, lang, value_) VALUES(10183,"bulgarian","The Omexe Arena");
INSERT INTO card_name(carta_id, lang, value_) VALUES(10183,"greek","The Omexe Arena");
INSERT INTO card_name(carta_id, lang, value_) VALUES(10183,"ukrainian","The Omexe Arena");
INSERT INTO card_name(carta_id, lang, value_) VALUES(10183,"latam","Coliseo de Omexe");
INSERT INTO card_name(carta_id, lang, value_) VALUES(10183,"vietnamese","The Omexe Arena");
INSERT INTO large_image(carta_id, lang, value_) VALUES(10183,"default","https://steamcdn-a.akamaihd.net/apps/583950/icons/set01/10183_large_english.33db6236abb7949d27926d07a7eadefdb66c33f3.png");
INSERT INTO large_image(carta_id, lang, value_) VALUES(10183,"german","https://steamcdn-a.akamaihd.net/apps/583950/icons/set01/10183_large_german.2e817918fbff3b5b117bb28dc5becaf4c153f4de.png");
INSERT INTO large_image(carta_id, lang, value_) VALUES(10183,"french","https://steamcdn-a.akamaihd.net/apps/583950/icons/set01/10183_large_french.b86508da4084547ce9ec185b199158943cdf8d96.png");
INSERT INTO large_image(carta_id, lang, value_) VALUES(10183,"italian","https://steamcdn-a.akamaihd.net/apps/583950/icons/set01/10183_large_italian.4383ff4ff72277d18c6984e3114080af16f8dd61.png");

INSERT INTO large_image(carta_id, lang, value_) VALUES(10183,"spanish","https://steamcdn-a.akamaihd.net/apps/583950/icons/set01/10183_large_spanish.c1c738b97b0b9537fb5313a26191a5eba9d5209a.png");




INSERT INTO large_image(carta_id, lang, value_) VALUES(10183,"brazilian","https://steamcdn-a.akamaihd.net/apps/583950/icons/set01/10183_large_brazilian.0f649843844c3cb0cfabb69ce0e0b77a39713803.png");
INSERT INTO large_image(carta_id, lang, value_) VALUES(10183,"latam","https://steamcdn-a.akamaihd.net/apps/583950/icons/set01/10183_large_latam.0988f6c34daee49e565e3d77c0d5f7bc5b240186.png");
INSERT INTO carta(id, card_type, illustrator, rarity, item_def) VALUES (10184,'Improvement','Robbie Trevino','Uncommon',110184);
INSERT INTO card_name(carta_id, lang, value_) VALUES(10184,"english","Keenfolk Turret");
INSERT INTO card_name(carta_id, lang, value_) VALUES(10184,"german","Keenvolk-Geschütz");
INSERT INTO card_name(carta_id, lang, value_) VALUES(10184,"french","Tourelle keene");
INSERT INTO card_name(carta_id, lang, value_) VALUES(10184,"italian","Torretta degli Smilzi");

INSERT INTO card_name(carta_id, lang, value_) VALUES(10184,"spanish","Torreta de los ingeniosos");



INSERT INTO card_name(carta_id, lang, value_) VALUES(10184,"thai","Keenfolk Turret");

INSERT INTO card_name(carta_id, lang, value_) VALUES(10184,"portuguese","Keenfolk Turret");
INSERT INTO card_name(carta_id, lang, value_) VALUES(10184,"polish","Keenfolk Turret");
INSERT INTO card_name(carta_id, lang, value_) VALUES(10184,"danish","Keenfolk Turret");
INSERT INTO card_name(carta_id, lang, value_) VALUES(10184,"dutch","Keenfolk Turret");
INSERT INTO card_name(carta_id, lang, value_) VALUES(10184,"finnish","Keenfolk Turret");
INSERT INTO card_name(carta_id, lang, value_) VALUES(10184,"norwegian","Keenfolk Turret");
INSERT INTO card_name(carta_id, lang, value_) VALUES(10184,"swedish","Keenfolk Turret");
INSERT INTO card_name(carta_id, lang, value_) VALUES(10184,"hungarian","Keenfolk Turret");
INSERT INTO card_name(carta_id, lang, value_) VALUES(10184,"czech","Keenfolk Turret");
INSERT INTO card_name(carta_id, lang, value_) VALUES(10184,"romanian","Keenfolk Turret");
INSERT INTO card_name(carta_id, lang, value_) VALUES(10184,"turkish","Keenfolk Turret");
INSERT INTO card_name(carta_id, lang, value_) VALUES(10184,"brazilian","Torreta dos Keen");
INSERT INTO card_name(carta_id, lang, value_) VALUES(10184,"bulgarian","Keenfolk Turret");
INSERT INTO card_name(carta_id, lang, value_) VALUES(10184,"greek","Keenfolk Turret");
INSERT INTO card_name(carta_id, lang, value_) VALUES(10184,"ukrainian","Keenfolk Turret");
INSERT INTO card_name(carta_id, lang, value_) VALUES(10184,"latam","Torreta de los ingeniosos");
INSERT INTO card_name(carta_id, lang, value_) VALUES(10184,"vietnamese","Keenfolk Turret");
INSERT INTO large_image(carta_id, lang, value_) VALUES(10184,"default","https://steamcdn-a.akamaihd.net/apps/583950/icons/set01/10184_large_english.70264229556eb5b96fe63b6977377abd215dfae7.png");
INSERT INTO large_image(carta_id, lang, value_) VALUES(10184,"german","https://steamcdn-a.akamaihd.net/apps/583950/icons/set01/10184_large_german.6599a45e75601e6ebd3a9dd77c66f81d18eaaf60.png");
INSERT INTO large_image(carta_id, lang, value_) VALUES(10184,"french","https://steamcdn-a.akamaihd.net/apps/583950/icons/set01/10184_large_french.45ff16706ffe9fa76f7bc8d9635e9a90bed8ccd6.png");
INSERT INTO large_image(carta_id, lang, value_) VALUES(10184,"italian","https://steamcdn-a.akamaihd.net/apps/583950/icons/set01/10184_large_italian.6127b74f09f060d1266acc27ee77243c8e5d62af.png");

INSERT INTO large_image(carta_id, lang, value_) VALUES(10184,"spanish","https://steamcdn-a.akamaihd.net/apps/583950/icons/set01/10184_large_spanish.6aec7d23ad08da0b2b33e6335ae47707bf95c9ee.png");




INSERT INTO large_image(carta_id, lang, value_) VALUES(10184,"brazilian","https://steamcdn-a.akamaihd.net/apps/583950/icons/set01/10184_large_brazilian.8d35c291d5f171cef6619490f1c680a2880400e9.png");
INSERT INTO large_image(carta_id, lang, value_) VALUES(10184,"latam","https://steamcdn-a.akamaihd.net/apps/583950/icons/set01/10184_large_latam.c55283370f2ddcc83209020e2cce8f617053a11a.png");
INSERT INTO carta(id, card_type, illustrator, rarity, item_def) VALUES (10185,'Improvement','Lake Hurwitz','Rare',110185);
INSERT INTO card_name(carta_id, lang, value_) VALUES(10185,"english","Steam Cannon");
INSERT INTO card_name(carta_id, lang, value_) VALUES(10185,"german","Dampfkanone");
INSERT INTO card_name(carta_id, lang, value_) VALUES(10185,"french","Canon à vapeur");
INSERT INTO card_name(carta_id, lang, value_) VALUES(10185,"italian","Cannone a vapore");

INSERT INTO card_name(carta_id, lang, value_) VALUES(10185,"spanish","Cañón de vapor");



INSERT INTO card_name(carta_id, lang, value_) VALUES(10185,"thai","Steam Cannon");

INSERT INTO card_name(carta_id, lang, value_) VALUES(10185,"portuguese","Steam Cannon");
INSERT INTO card_name(carta_id, lang, value_) VALUES(10185,"polish","Steam Cannon");
INSERT INTO card_name(carta_id, lang, value_) VALUES(10185,"danish","Steam Cannon");
INSERT INTO card_name(carta_id, lang, value_) VALUES(10185,"dutch","Steam Cannon");
INSERT INTO card_name(carta_id, lang, value_) VALUES(10185,"finnish","Steam Cannon");
INSERT INTO card_name(carta_id, lang, value_) VALUES(10185,"norwegian","Steam Cannon");
INSERT INTO card_name(carta_id, lang, value_) VALUES(10185,"swedish","Steam Cannon");
INSERT INTO card_name(carta_id, lang, value_) VALUES(10185,"hungarian","Steam Cannon");
INSERT INTO card_name(carta_id, lang, value_) VALUES(10185,"czech","Steam Cannon");
INSERT INTO card_name(carta_id, lang, value_) VALUES(10185,"romanian","Steam Cannon");
INSERT INTO card_name(carta_id, lang, value_) VALUES(10185,"turkish","Steam Cannon");
INSERT INTO card_name(carta_id, lang, value_) VALUES(10185,"brazilian","Canhão a Vapor");
INSERT INTO card_name(carta_id, lang, value_) VALUES(10185,"bulgarian","Steam Cannon");
INSERT INTO card_name(carta_id, lang, value_) VALUES(10185,"greek","Steam Cannon");
INSERT INTO card_name(carta_id, lang, value_) VALUES(10185,"ukrainian","Steam Cannon");
INSERT INTO card_name(carta_id, lang, value_) VALUES(10185,"latam","Cañón de vapor");
INSERT INTO card_name(carta_id, lang, value_) VALUES(10185,"vietnamese","Steam Cannon");
INSERT INTO large_image(carta_id, lang, value_) VALUES(10185,"default","https://steamcdn-a.akamaihd.net/apps/583950/icons/set01/10185_large_english.e43db03aeed80da4f65428fce3c56e380461726d.png");
INSERT INTO large_image(carta_id, lang, value_) VALUES(10185,"german","https://steamcdn-a.akamaihd.net/apps/583950/icons/set01/10185_large_german.40912215ed1b883e89294ec5baca47166ff57e86.png");
INSERT INTO large_image(carta_id, lang, value_) VALUES(10185,"french","https://steamcdn-a.akamaihd.net/apps/583950/icons/set01/10185_large_french.743d91494cc7a51bb2093105b6f6078bdcdbf178.png");
INSERT INTO large_image(carta_id, lang, value_) VALUES(10185,"italian","https://steamcdn-a.akamaihd.net/apps/583950/icons/set01/10185_large_italian.45a55c740b395b741499299c97cf43b6482d9a1d.png");

INSERT INTO large_image(carta_id, lang, value_) VALUES(10185,"spanish","https://steamcdn-a.akamaihd.net/apps/583950/icons/set01/10185_large_spanish.97193514ce5aec8b036ffe810e70f47e83299d03.png");




INSERT INTO large_image(carta_id, lang, value_) VALUES(10185,"brazilian","https://steamcdn-a.akamaihd.net/apps/583950/icons/set01/10185_large_brazilian.79f8e30d45106d279a88dd0fcb8913fe156a4fd9.png");
INSERT INTO large_image(carta_id, lang, value_) VALUES(10185,"latam","https://steamcdn-a.akamaihd.net/apps/583950/icons/set01/10185_large_latam.4d0d228dfd783c3bf321d430baea399454045595.png");
INSERT INTO carta(id, card_type, illustrator, rarity, item_def) VALUES (10187,'Improvement','Stepan Alekseev','Rare',110187);
INSERT INTO card_name(carta_id, lang, value_) VALUES(10187,"english","Glyph of Confusion");
INSERT INTO card_name(carta_id, lang, value_) VALUES(10187,"german","Glyphe der Verwirrung");
INSERT INTO card_name(carta_id, lang, value_) VALUES(10187,"french","Glyphe de confusion");
INSERT INTO card_name(carta_id, lang, value_) VALUES(10187,"italian","Glifo della confusione");

INSERT INTO card_name(carta_id, lang, value_) VALUES(10187,"spanish","Glifo de confusión");



INSERT INTO card_name(carta_id, lang, value_) VALUES(10187,"thai","Glyph of Confusion");

INSERT INTO card_name(carta_id, lang, value_) VALUES(10187,"portuguese","Glyph of Confusion");
INSERT INTO card_name(carta_id, lang, value_) VALUES(10187,"polish","Glyph of Confusion");
INSERT INTO card_name(carta_id, lang, value_) VALUES(10187,"danish","Glyph of Confusion");
INSERT INTO card_name(carta_id, lang, value_) VALUES(10187,"dutch","Glyph of Confusion");
INSERT INTO card_name(carta_id, lang, value_) VALUES(10187,"finnish","Glyph of Confusion");
INSERT INTO card_name(carta_id, lang, value_) VALUES(10187,"norwegian","Glyph of Confusion");
INSERT INTO card_name(carta_id, lang, value_) VALUES(10187,"swedish","Glyph of Confusion");
INSERT INTO card_name(carta_id, lang, value_) VALUES(10187,"hungarian","Glyph of Confusion");
INSERT INTO card_name(carta_id, lang, value_) VALUES(10187,"czech","Glyph of Confusion");
INSERT INTO card_name(carta_id, lang, value_) VALUES(10187,"romanian","Glyph of Confusion");
INSERT INTO card_name(carta_id, lang, value_) VALUES(10187,"turkish","Glyph of Confusion");
INSERT INTO card_name(carta_id, lang, value_) VALUES(10187,"brazilian","Glifo da Confusão");
INSERT INTO card_name(carta_id, lang, value_) VALUES(10187,"bulgarian","Glyph of Confusion");
INSERT INTO card_name(carta_id, lang, value_) VALUES(10187,"greek","Glyph of Confusion");
INSERT INTO card_name(carta_id, lang, value_) VALUES(10187,"ukrainian","Glyph of Confusion");
INSERT INTO card_name(carta_id, lang, value_) VALUES(10187,"latam","Glifo de confusión");
INSERT INTO card_name(carta_id, lang, value_) VALUES(10187,"vietnamese","Glyph of Confusion");
INSERT INTO large_image(carta_id, lang, value_) VALUES(10187,"default","https://steamcdn-a.akamaihd.net/apps/583950/icons/set01/10187_large_english.346b932da49687f59193c90b0a84903385db3c71.png");
INSERT INTO large_image(carta_id, lang, value_) VALUES(10187,"german","https://steamcdn-a.akamaihd.net/apps/583950/icons/set01/10187_large_german.4a1de54261591e8f8e6bd23689abc1d348711f5a.png");
INSERT INTO large_image(carta_id, lang, value_) VALUES(10187,"french","https://steamcdn-a.akamaihd.net/apps/583950/icons/set01/10187_large_french.b2a60eed25e6c6fa252f408cfc9c0e973c9f5466.png");
INSERT INTO large_image(carta_id, lang, value_) VALUES(10187,"italian","https://steamcdn-a.akamaihd.net/apps/583950/icons/set01/10187_large_italian.7fb00db7c172cd050d581ecf9d9a743f395a107e.png");

INSERT INTO large_image(carta_id, lang, value_) VALUES(10187,"spanish","https://steamcdn-a.akamaihd.net/apps/583950/icons/set01/10187_large_spanish.d95343723e049b7ac65528299045fa8190886d4a.png");




INSERT INTO large_image(carta_id, lang, value_) VALUES(10187,"brazilian","https://steamcdn-a.akamaihd.net/apps/583950/icons/set01/10187_large_brazilian.c7c89e241e8cf3449564baa210e28c2bef1954e6.png");
INSERT INTO large_image(carta_id, lang, value_) VALUES(10187,"latam","https://steamcdn-a.akamaihd.net/apps/583950/icons/set01/10187_large_latam.f3655d9b4afe04728fca6a51bf8b2ea9d2813c15.png");
INSERT INTO carta(id, card_type, illustrator, rarity, item_def) VALUES (10192,'Spell','John Stanko','Common',110192);
INSERT INTO card_name(carta_id, lang, value_) VALUES(10192,"english","Rumusque Blessing");
INSERT INTO card_name(carta_id, lang, value_) VALUES(10192,"german","Rumusquensegen");
INSERT INTO card_name(carta_id, lang, value_) VALUES(10192,"french","Bénédiction rumusque");
INSERT INTO card_name(carta_id, lang, value_) VALUES(10192,"italian","Benedizione di Rumusque");

INSERT INTO card_name(carta_id, lang, value_) VALUES(10192,"spanish","Bendición de Rumusque");



INSERT INTO card_name(carta_id, lang, value_) VALUES(10192,"thai","Rumusque Blessing");

INSERT INTO card_name(carta_id, lang, value_) VALUES(10192,"portuguese","Rumusque Blessing");
INSERT INTO card_name(carta_id, lang, value_) VALUES(10192,"polish","Rumusque Blessing");
INSERT INTO card_name(carta_id, lang, value_) VALUES(10192,"danish","Rumusque Blessing");
INSERT INTO card_name(carta_id, lang, value_) VALUES(10192,"dutch","Rumusque Blessing");
INSERT INTO card_name(carta_id, lang, value_) VALUES(10192,"finnish","Rumusque Blessing");
INSERT INTO card_name(carta_id, lang, value_) VALUES(10192,"norwegian","Rumusque Blessing");
INSERT INTO card_name(carta_id, lang, value_) VALUES(10192,"swedish","Rumusque Blessing");
INSERT INTO card_name(carta_id, lang, value_) VALUES(10192,"hungarian","Rumusque Blessing");
INSERT INTO card_name(carta_id, lang, value_) VALUES(10192,"czech","Rumusque Blessing");
INSERT INTO card_name(carta_id, lang, value_) VALUES(10192,"romanian","Rumusque Blessing");
INSERT INTO card_name(carta_id, lang, value_) VALUES(10192,"turkish","Rumusque Blessing");
INSERT INTO card_name(carta_id, lang, value_) VALUES(10192,"brazilian","Bênção de Rumusque");
INSERT INTO card_name(carta_id, lang, value_) VALUES(10192,"bulgarian","Rumusque Blessing");
INSERT INTO card_name(carta_id, lang, value_) VALUES(10192,"greek","Rumusque Blessing");
INSERT INTO card_name(carta_id, lang, value_) VALUES(10192,"ukrainian","Rumusque Blessing");
INSERT INTO card_name(carta_id, lang, value_) VALUES(10192,"latam","Bendición de Rumusque");
INSERT INTO card_name(carta_id, lang, value_) VALUES(10192,"vietnamese","Rumusque Blessing");
INSERT INTO large_image(carta_id, lang, value_) VALUES(10192,"default","https://steamcdn-a.akamaihd.net/apps/583950/icons/set01/10192_large_english.126a6952cc7e64d7469125a5a0bac26d2aef1b76.png");
INSERT INTO large_image(carta_id, lang, value_) VALUES(10192,"german","https://steamcdn-a.akamaihd.net/apps/583950/icons/set01/10192_large_german.55b7a42febb978103e83ff03a947f105213dcb16.png");
INSERT INTO large_image(carta_id, lang, value_) VALUES(10192,"french","https://steamcdn-a.akamaihd.net/apps/583950/icons/set01/10192_large_french.f5b8baf74538aaf9bdc6b73277fcdc5e672ea7d8.png");
INSERT INTO large_image(carta_id, lang, value_) VALUES(10192,"italian","https://steamcdn-a.akamaihd.net/apps/583950/icons/set01/10192_large_italian.8179daa2a92f7dd1854cb0cac9105473de599c18.png");

INSERT INTO large_image(carta_id, lang, value_) VALUES(10192,"spanish","https://steamcdn-a.akamaihd.net/apps/583950/icons/set01/10192_large_spanish.66e82b3e5a07cd16ce84f68279559c3a01e7e74a.png");




INSERT INTO large_image(carta_id, lang, value_) VALUES(10192,"brazilian","https://steamcdn-a.akamaihd.net/apps/583950/icons/set01/10192_large_brazilian.14a953000a11ab43bd838a432a0dcfae6cda9786.png");
INSERT INTO large_image(carta_id, lang, value_) VALUES(10192,"latam","https://steamcdn-a.akamaihd.net/apps/583950/icons/set01/10192_large_latam.7f9eece3ff0ac78ab702cc5ac374f5539486cf91.png");
INSERT INTO carta(id, card_type, illustrator, rarity, item_def) VALUES (10194,'Improvement','Forrest Imel','Rare',110194);
INSERT INTO card_name(carta_id, lang, value_) VALUES(10194,"english","Watchtower");
INSERT INTO card_name(carta_id, lang, value_) VALUES(10194,"german","Wachturm");
INSERT INTO card_name(carta_id, lang, value_) VALUES(10194,"french","Tour de guet");
INSERT INTO card_name(carta_id, lang, value_) VALUES(10194,"italian","Torre di guardia");

INSERT INTO card_name(carta_id, lang, value_) VALUES(10194,"spanish","Torre de vigilancia");



INSERT INTO card_name(carta_id, lang, value_) VALUES(10194,"thai","Watchtower");

INSERT INTO card_name(carta_id, lang, value_) VALUES(10194,"portuguese","Watchtower");
INSERT INTO card_name(carta_id, lang, value_) VALUES(10194,"polish","Watchtower");
INSERT INTO card_name(carta_id, lang, value_) VALUES(10194,"danish","Watchtower");
INSERT INTO card_name(carta_id, lang, value_) VALUES(10194,"dutch","Watchtower");
INSERT INTO card_name(carta_id, lang, value_) VALUES(10194,"finnish","Watchtower");
INSERT INTO card_name(carta_id, lang, value_) VALUES(10194,"norwegian","Watchtower");
INSERT INTO card_name(carta_id, lang, value_) VALUES(10194,"swedish","Watchtower");
INSERT INTO card_name(carta_id, lang, value_) VALUES(10194,"hungarian","Watchtower");
INSERT INTO card_name(carta_id, lang, value_) VALUES(10194,"czech","Watchtower");
INSERT INTO card_name(carta_id, lang, value_) VALUES(10194,"romanian","Watchtower");
INSERT INTO card_name(carta_id, lang, value_) VALUES(10194,"turkish","Watchtower");
INSERT INTO card_name(carta_id, lang, value_) VALUES(10194,"brazilian","Torre de Vigia");
INSERT INTO card_name(carta_id, lang, value_) VALUES(10194,"bulgarian","Watchtower");
INSERT INTO card_name(carta_id, lang, value_) VALUES(10194,"greek","Watchtower");
INSERT INTO card_name(carta_id, lang, value_) VALUES(10194,"ukrainian","Watchtower");
INSERT INTO card_name(carta_id, lang, value_) VALUES(10194,"latam","Torre de vigilancia");
INSERT INTO card_name(carta_id, lang, value_) VALUES(10194,"vietnamese","Watchtower");
INSERT INTO large_image(carta_id, lang, value_) VALUES(10194,"default","https://steamcdn-a.akamaihd.net/apps/583950/icons/set01/10194_large_english.499fab31a9cf30c0fa67e2c2efece507a9299a29.png");
INSERT INTO large_image(carta_id, lang, value_) VALUES(10194,"german","https://steamcdn-a.akamaihd.net/apps/583950/icons/set01/10194_large_german.9563cd12c00ccd4b778b52c7a8240d1b2c43e3d7.png");
INSERT INTO large_image(carta_id, lang, value_) VALUES(10194,"french","https://steamcdn-a.akamaihd.net/apps/583950/icons/set01/10194_large_french.3eb1fb8a0f775338e6e6c3fa574113b114eac4b0.png");
INSERT INTO large_image(carta_id, lang, value_) VALUES(10194,"italian","https://steamcdn-a.akamaihd.net/apps/583950/icons/set01/10194_large_italian.acc3c0adb40c64cfe173bb5f6924b2af0df46f6d.png");

INSERT INTO large_image(carta_id, lang, value_) VALUES(10194,"spanish","https://steamcdn-a.akamaihd.net/apps/583950/icons/set01/10194_large_spanish.eeb514e35e991701091c84eeafb9a341cbd641d6.png");




INSERT INTO large_image(carta_id, lang, value_) VALUES(10194,"brazilian","https://steamcdn-a.akamaihd.net/apps/583950/icons/set01/10194_large_brazilian.72bb0ba11431fa7aa3b7e5c9c6a436bbe350ef2a.png");
INSERT INTO large_image(carta_id, lang, value_) VALUES(10194,"latam","https://steamcdn-a.akamaihd.net/apps/583950/icons/set01/10194_large_latam.f2755a48183f5679f8974d4f59419df06e40bef3.png");
INSERT INTO carta(id, card_type, illustrator, rarity, item_def) VALUES (10202,'Item','Pauline Voss','Uncommon',110202);
INSERT INTO card_name(carta_id, lang, value_) VALUES(10202,"english","Assassin's Veil");
INSERT INTO card_name(carta_id, lang, value_) VALUES(10202,"german","Schleier der Assassine");
INSERT INTO card_name(carta_id, lang, value_) VALUES(10202,"french","Voile de l'assassin");
INSERT INTO card_name(carta_id, lang, value_) VALUES(10202,"italian","Velo dell'assassina");

INSERT INTO card_name(carta_id, lang, value_) VALUES(10202,"spanish","Velo de asesina");



INSERT INTO card_name(carta_id, lang, value_) VALUES(10202,"thai","Assassin's Veil");

INSERT INTO card_name(carta_id, lang, value_) VALUES(10202,"portuguese","Assassin's Veil");
INSERT INTO card_name(carta_id, lang, value_) VALUES(10202,"polish","Assassin's Veil");
INSERT INTO card_name(carta_id, lang, value_) VALUES(10202,"danish","Assassin's Veil");
INSERT INTO card_name(carta_id, lang, value_) VALUES(10202,"dutch","Assassin's Veil");
INSERT INTO card_name(carta_id, lang, value_) VALUES(10202,"finnish","Assassin's Veil");
INSERT INTO card_name(carta_id, lang, value_) VALUES(10202,"norwegian","Assassin's Veil");
INSERT INTO card_name(carta_id, lang, value_) VALUES(10202,"swedish","Assassin's Veil");
INSERT INTO card_name(carta_id, lang, value_) VALUES(10202,"hungarian","Assassin's Veil");
INSERT INTO card_name(carta_id, lang, value_) VALUES(10202,"czech","Assassin's Veil");
INSERT INTO card_name(carta_id, lang, value_) VALUES(10202,"romanian","Assassin's Veil");
INSERT INTO card_name(carta_id, lang, value_) VALUES(10202,"turkish","Assassin's Veil");
INSERT INTO card_name(carta_id, lang, value_) VALUES(10202,"brazilian","Véu da Assassina");
INSERT INTO card_name(carta_id, lang, value_) VALUES(10202,"bulgarian","Assassin's Veil");
INSERT INTO card_name(carta_id, lang, value_) VALUES(10202,"greek","Assassin's Veil");
INSERT INTO card_name(carta_id, lang, value_) VALUES(10202,"ukrainian","Assassin's Veil");
INSERT INTO card_name(carta_id, lang, value_) VALUES(10202,"latam","Velo de asesina");
INSERT INTO card_name(carta_id, lang, value_) VALUES(10202,"vietnamese","Assassin's Veil");
INSERT INTO large_image(carta_id, lang, value_) VALUES(10202,"default","https://steamcdn-a.akamaihd.net/apps/583950/icons/set01/10202_large_english.4922e91b328f2459716d4fe11a1d2b8fbe76feed.png");
INSERT INTO large_image(carta_id, lang, value_) VALUES(10202,"german","https://steamcdn-a.akamaihd.net/apps/583950/icons/set01/10202_large_german.0faea344c60115c792265ebcfa0223e983effd42.png");
INSERT INTO large_image(carta_id, lang, value_) VALUES(10202,"french","https://steamcdn-a.akamaihd.net/apps/583950/icons/set01/10202_large_french.719484ec1d83ea0c121f30fc9a9e0ca3e808b282.png");
INSERT INTO large_image(carta_id, lang, value_) VALUES(10202,"italian","https://steamcdn-a.akamaihd.net/apps/583950/icons/set01/10202_large_italian.46a36165125539de4b470c6f629d661d67bb2125.png");

INSERT INTO large_image(carta_id, lang, value_) VALUES(10202,"spanish","https://steamcdn-a.akamaihd.net/apps/583950/icons/set01/10202_large_spanish.535babebeb051c84674c8f3e234464e5a5fed0a0.png");




INSERT INTO large_image(carta_id, lang, value_) VALUES(10202,"brazilian","https://steamcdn-a.akamaihd.net/apps/583950/icons/set01/10202_large_brazilian.adca3c062209a94624abf769b08e28b76b24fd69.png");
INSERT INTO large_image(carta_id, lang, value_) VALUES(10202,"latam","https://steamcdn-a.akamaihd.net/apps/583950/icons/set01/10202_large_latam.5fe1186a261ba0abaa2f995e120962bcbec690ad.png");
INSERT INTO carta(id, card_type, illustrator, rarity, item_def) VALUES (10203,'Item','Pauline Voss','Uncommon',110203);
INSERT INTO card_name(carta_id, lang, value_) VALUES(10203,"english","Phase Boots");
INSERT INTO card_name(carta_id, lang, value_) VALUES(10203,"german","Phasenstiefel");
INSERT INTO card_name(carta_id, lang, value_) VALUES(10203,"french","Bottes d'infiltration");
INSERT INTO card_name(carta_id, lang, value_) VALUES(10203,"italian","Stivali della fase");

INSERT INTO card_name(carta_id, lang, value_) VALUES(10203,"spanish","Botas de fase");



INSERT INTO card_name(carta_id, lang, value_) VALUES(10203,"thai","Phase Boots");

INSERT INTO card_name(carta_id, lang, value_) VALUES(10203,"portuguese","Phase Boots");
INSERT INTO card_name(carta_id, lang, value_) VALUES(10203,"polish","Phase Boots");
INSERT INTO card_name(carta_id, lang, value_) VALUES(10203,"danish","Phase Boots");
INSERT INTO card_name(carta_id, lang, value_) VALUES(10203,"dutch","Phase Boots");
INSERT INTO card_name(carta_id, lang, value_) VALUES(10203,"finnish","Phase Boots");
INSERT INTO card_name(carta_id, lang, value_) VALUES(10203,"norwegian","Phase Boots");
INSERT INTO card_name(carta_id, lang, value_) VALUES(10203,"swedish","Phase Boots");
INSERT INTO card_name(carta_id, lang, value_) VALUES(10203,"hungarian","Phase Boots");
INSERT INTO card_name(carta_id, lang, value_) VALUES(10203,"czech","Phase Boots");
INSERT INTO card_name(carta_id, lang, value_) VALUES(10203,"romanian","Phase Boots");
INSERT INTO card_name(carta_id, lang, value_) VALUES(10203,"turkish","Phase Boots");
INSERT INTO card_name(carta_id, lang, value_) VALUES(10203,"brazilian","Botas de Fase");
INSERT INTO card_name(carta_id, lang, value_) VALUES(10203,"bulgarian","Phase Boots");
INSERT INTO card_name(carta_id, lang, value_) VALUES(10203,"greek","Phase Boots");
INSERT INTO card_name(carta_id, lang, value_) VALUES(10203,"ukrainian","Phase Boots");
INSERT INTO card_name(carta_id, lang, value_) VALUES(10203,"latam","Botas de fase");
INSERT INTO card_name(carta_id, lang, value_) VALUES(10203,"vietnamese","Phase Boots");
INSERT INTO large_image(carta_id, lang, value_) VALUES(10203,"default","https://steamcdn-a.akamaihd.net/apps/583950/icons/set01/10203_large_english.7adfe23a6714685c695622a8106b4cde8d2e5478.png");
INSERT INTO large_image(carta_id, lang, value_) VALUES(10203,"german","https://steamcdn-a.akamaihd.net/apps/583950/icons/set01/10203_large_german.a2807ed68d133ddbca8a90fa02af2bb4567041a5.png");
INSERT INTO large_image(carta_id, lang, value_) VALUES(10203,"french","https://steamcdn-a.akamaihd.net/apps/583950/icons/set01/10203_large_french.9bd76fa5a372d8eb0075f0dba0b822904a765358.png");
INSERT INTO large_image(carta_id, lang, value_) VALUES(10203,"italian","https://steamcdn-a.akamaihd.net/apps/583950/icons/set01/10203_large_italian.718ecb295bfa02ecdbd6f9cf6d651c7457615575.png");

INSERT INTO large_image(carta_id, lang, value_) VALUES(10203,"spanish","https://steamcdn-a.akamaihd.net/apps/583950/icons/set01/10203_large_spanish.f2778a602d6d7eb2a0ff460a435f53a3ea6f611e.png");




INSERT INTO large_image(carta_id, lang, value_) VALUES(10203,"brazilian","https://steamcdn-a.akamaihd.net/apps/583950/icons/set01/10203_large_brazilian.f4ad1f43d8903384608ffb62ca3f3cf5ebfc3e37.png");
INSERT INTO large_image(carta_id, lang, value_) VALUES(10203,"latam","https://steamcdn-a.akamaihd.net/apps/583950/icons/set01/10203_large_latam.4ef69f68902500fe9f9ad160c074b6be66fa7009.png");
INSERT INTO carta(id, card_type, illustrator, rarity, item_def) VALUES (10205,'Item','Suzanne Helmigh','Common',110205);
INSERT INTO card_name(carta_id, lang, value_) VALUES(10205,"english","Stonehall Cloak");
INSERT INTO card_name(carta_id, lang, value_) VALUES(10205,"german","Umhang aus Steinhalle");
INSERT INTO card_name(carta_id, lang, value_) VALUES(10205,"french","Manteau de Pierrefort");
INSERT INTO card_name(carta_id, lang, value_) VALUES(10205,"italian","Mantello di Borgolitio");

INSERT INTO card_name(carta_id, lang, value_) VALUES(10205,"spanish","Capa de Stonehall");



INSERT INTO card_name(carta_id, lang, value_) VALUES(10205,"thai","Stonehall Cloak");

INSERT INTO card_name(carta_id, lang, value_) VALUES(10205,"portuguese","Stonehall Cloak");
INSERT INTO card_name(carta_id, lang, value_) VALUES(10205,"polish","Stonehall Cloak");
INSERT INTO card_name(carta_id, lang, value_) VALUES(10205,"danish","Stonehall Cloak");
INSERT INTO card_name(carta_id, lang, value_) VALUES(10205,"dutch","Stonehall Cloak");
INSERT INTO card_name(carta_id, lang, value_) VALUES(10205,"finnish","Stonehall Cloak");
INSERT INTO card_name(carta_id, lang, value_) VALUES(10205,"norwegian","Stonehall Cloak");
INSERT INTO card_name(carta_id, lang, value_) VALUES(10205,"swedish","Stonehall Cloak");
INSERT INTO card_name(carta_id, lang, value_) VALUES(10205,"hungarian","Stonehall Cloak");
INSERT INTO card_name(carta_id, lang, value_) VALUES(10205,"czech","Stonehall Cloak");
INSERT INTO card_name(carta_id, lang, value_) VALUES(10205,"romanian","Stonehall Cloak");
INSERT INTO card_name(carta_id, lang, value_) VALUES(10205,"turkish","Stonehall Cloak");
INSERT INTO card_name(carta_id, lang, value_) VALUES(10205,"brazilian","Capa do Corredor de Pedra");
INSERT INTO card_name(carta_id, lang, value_) VALUES(10205,"bulgarian","Stonehall Cloak");
INSERT INTO card_name(carta_id, lang, value_) VALUES(10205,"greek","Stonehall Cloak");
INSERT INTO card_name(carta_id, lang, value_) VALUES(10205,"ukrainian","Stonehall Cloak");
INSERT INTO card_name(carta_id, lang, value_) VALUES(10205,"latam","Capa de Stonehall");
INSERT INTO card_name(carta_id, lang, value_) VALUES(10205,"vietnamese","Stonehall Cloak");
INSERT INTO large_image(carta_id, lang, value_) VALUES(10205,"default","https://steamcdn-a.akamaihd.net/apps/583950/icons/set01/10205_large_english.1f44c671d1fe390abd12878cffeab10215c6eb04.png");
INSERT INTO large_image(carta_id, lang, value_) VALUES(10205,"german","https://steamcdn-a.akamaihd.net/apps/583950/icons/set01/10205_large_german.84431267eb24cb9e1845e624474a1ffda893d8c3.png");
INSERT INTO large_image(carta_id, lang, value_) VALUES(10205,"french","https://steamcdn-a.akamaihd.net/apps/583950/icons/set01/10205_large_french.15b97671853362f901ad27b10c63035842435fab.png");
INSERT INTO large_image(carta_id, lang, value_) VALUES(10205,"italian","https://steamcdn-a.akamaihd.net/apps/583950/icons/set01/10205_large_italian.0bb11f0d945245025bc7ac35d451332097cd1668.png");

INSERT INTO large_image(carta_id, lang, value_) VALUES(10205,"spanish","https://steamcdn-a.akamaihd.net/apps/583950/icons/set01/10205_large_spanish.da2f26d3598c43c6362cc259e60c1fcf2f9c7c4f.png");




INSERT INTO large_image(carta_id, lang, value_) VALUES(10205,"brazilian","https://steamcdn-a.akamaihd.net/apps/583950/icons/set01/10205_large_brazilian.c7aa12a4c55621bd09cd6845e59aff111561e71d.png");
INSERT INTO large_image(carta_id, lang, value_) VALUES(10205,"latam","https://steamcdn-a.akamaihd.net/apps/583950/icons/set01/10205_large_latam.a90e84a3b8d3e9a298f2892082f2e81ee7fb8353.png");
INSERT INTO carta(id, card_type, illustrator, rarity, item_def) VALUES (10206,'Item','Pauline Voss','Uncommon',110206);
INSERT INTO card_name(carta_id, lang, value_) VALUES(10206,"english","Blink Dagger");
INSERT INTO card_name(carta_id, lang, value_) VALUES(10206,"german","Blinzeldolch");
INSERT INTO card_name(carta_id, lang, value_) VALUES(10206,"french","Dague furtive");
INSERT INTO card_name(carta_id, lang, value_) VALUES(10206,"italian","Pugnale del baleno");

INSERT INTO card_name(carta_id, lang, value_) VALUES(10206,"spanish","Daga de traslación");



INSERT INTO card_name(carta_id, lang, value_) VALUES(10206,"thai","Blink Dagger");

INSERT INTO card_name(carta_id, lang, value_) VALUES(10206,"portuguese","Blink Dagger");
INSERT INTO card_name(carta_id, lang, value_) VALUES(10206,"polish","Blink Dagger");
INSERT INTO card_name(carta_id, lang, value_) VALUES(10206,"danish","Blink Dagger");
INSERT INTO card_name(carta_id, lang, value_) VALUES(10206,"dutch","Blink Dagger");
INSERT INTO card_name(carta_id, lang, value_) VALUES(10206,"finnish","Blink Dagger");
INSERT INTO card_name(carta_id, lang, value_) VALUES(10206,"norwegian","Blink Dagger");
INSERT INTO card_name(carta_id, lang, value_) VALUES(10206,"swedish","Blink Dagger");
INSERT INTO card_name(carta_id, lang, value_) VALUES(10206,"hungarian","Blink Dagger");
INSERT INTO card_name(carta_id, lang, value_) VALUES(10206,"czech","Blink Dagger");
INSERT INTO card_name(carta_id, lang, value_) VALUES(10206,"romanian","Blink Dagger");
INSERT INTO card_name(carta_id, lang, value_) VALUES(10206,"turkish","Blink Dagger");
INSERT INTO card_name(carta_id, lang, value_) VALUES(10206,"brazilian","Adaga de Translocação");
INSERT INTO card_name(carta_id, lang, value_) VALUES(10206,"bulgarian","Blink Dagger");
INSERT INTO card_name(carta_id, lang, value_) VALUES(10206,"greek","Blink Dagger");
INSERT INTO card_name(carta_id, lang, value_) VALUES(10206,"ukrainian","Blink Dagger");
INSERT INTO card_name(carta_id, lang, value_) VALUES(10206,"latam","Daga de traslación");
INSERT INTO card_name(carta_id, lang, value_) VALUES(10206,"vietnamese","Blink Dagger");
INSERT INTO large_image(carta_id, lang, value_) VALUES(10206,"default","https://steamcdn-a.akamaihd.net/apps/583950/icons/set01/10206_large_english.6bf2e017aca3fce72b423db63b952c9248db603d.png");
INSERT INTO large_image(carta_id, lang, value_) VALUES(10206,"german","https://steamcdn-a.akamaihd.net/apps/583950/icons/set01/10206_large_german.74cbf9820bdfb8bbbbd862beb95de72c23493456.png");
INSERT INTO large_image(carta_id, lang, value_) VALUES(10206,"french","https://steamcdn-a.akamaihd.net/apps/583950/icons/set01/10206_large_french.37a8d570db36ce2d4a0f9f4554be927b23e46700.png");
INSERT INTO large_image(carta_id, lang, value_) VALUES(10206,"italian","https://steamcdn-a.akamaihd.net/apps/583950/icons/set01/10206_large_italian.0b92c078ce2b80e3608cb58e30a3bf32e937257d.png");

INSERT INTO large_image(carta_id, lang, value_) VALUES(10206,"spanish","https://steamcdn-a.akamaihd.net/apps/583950/icons/set01/10206_large_spanish.5a0a281419b7e2ab1f88a2bb9255bc8378d74f3a.png");




INSERT INTO large_image(carta_id, lang, value_) VALUES(10206,"brazilian","https://steamcdn-a.akamaihd.net/apps/583950/icons/set01/10206_large_brazilian.3adfabe5d14af4a7a762a228c10da97e95bd5193.png");
INSERT INTO large_image(carta_id, lang, value_) VALUES(10206,"latam","https://steamcdn-a.akamaihd.net/apps/583950/icons/set01/10206_large_latam.7ccaf59df7a1c20095f9278f2c1dbb0862a40a6b.png");
INSERT INTO carta(id, card_type, illustrator, rarity, item_def) VALUES (10207,'Item','JiHun Lee','Uncommon',110207);
INSERT INTO card_name(carta_id, lang, value_) VALUES(10207,"english","Revtel Signet Ring");
INSERT INTO card_name(carta_id, lang, value_) VALUES(10207,"german","Siegelring aus Revtel");
INSERT INTO card_name(carta_id, lang, value_) VALUES(10207,"french","Chevalière de Revtel");
INSERT INTO card_name(carta_id, lang, value_) VALUES(10207,"italian","Anello con sigillo di Revtel");

INSERT INTO card_name(carta_id, lang, value_) VALUES(10207,"spanish","Anillo de sello de Revtel");



INSERT INTO card_name(carta_id, lang, value_) VALUES(10207,"thai","Revtel Signet Ring");

INSERT INTO card_name(carta_id, lang, value_) VALUES(10207,"portuguese","Revtel Signet Ring");
INSERT INTO card_name(carta_id, lang, value_) VALUES(10207,"polish","Revtel Signet Ring");
INSERT INTO card_name(carta_id, lang, value_) VALUES(10207,"danish","Revtel Signet Ring");
INSERT INTO card_name(carta_id, lang, value_) VALUES(10207,"dutch","Revtel Signet Ring");
INSERT INTO card_name(carta_id, lang, value_) VALUES(10207,"finnish","Revtel Signet Ring");
INSERT INTO card_name(carta_id, lang, value_) VALUES(10207,"norwegian","Revtel Signet Ring");
INSERT INTO card_name(carta_id, lang, value_) VALUES(10207,"swedish","Revtel Signet Ring");
INSERT INTO card_name(carta_id, lang, value_) VALUES(10207,"hungarian","Revtel Signet Ring");
INSERT INTO card_name(carta_id, lang, value_) VALUES(10207,"czech","Revtel Signet Ring");
INSERT INTO card_name(carta_id, lang, value_) VALUES(10207,"romanian","Revtel Signet Ring");
INSERT INTO card_name(carta_id, lang, value_) VALUES(10207,"turkish","Revtel Signet Ring");
INSERT INTO card_name(carta_id, lang, value_) VALUES(10207,"brazilian","Anel com Sinete de Revtel");
INSERT INTO card_name(carta_id, lang, value_) VALUES(10207,"bulgarian","Revtel Signet Ring");
INSERT INTO card_name(carta_id, lang, value_) VALUES(10207,"greek","Revtel Signet Ring");
INSERT INTO card_name(carta_id, lang, value_) VALUES(10207,"ukrainian","Revtel Signet Ring");
INSERT INTO card_name(carta_id, lang, value_) VALUES(10207,"latam","Sello de Revtel");
INSERT INTO card_name(carta_id, lang, value_) VALUES(10207,"vietnamese","Revtel Signet Ring");
INSERT INTO large_image(carta_id, lang, value_) VALUES(10207,"default","https://steamcdn-a.akamaihd.net/apps/583950/icons/set01/10207_large_english.605ea3e3fb7af2e04c579859557ae1002e74b4f8.png");
INSERT INTO large_image(carta_id, lang, value_) VALUES(10207,"german","https://steamcdn-a.akamaihd.net/apps/583950/icons/set01/10207_large_german.54454045ba66dcc5a28fd14b4e066d52007fb88d.png");
INSERT INTO large_image(carta_id, lang, value_) VALUES(10207,"french","https://steamcdn-a.akamaihd.net/apps/583950/icons/set01/10207_large_french.9039774ff5c389da66d458ff953dcea09fc07192.png");
INSERT INTO large_image(carta_id, lang, value_) VALUES(10207,"italian","https://steamcdn-a.akamaihd.net/apps/583950/icons/set01/10207_large_italian.fb2df8974e01fcef0283ff1e09e7636982c5a228.png");

INSERT INTO large_image(carta_id, lang, value_) VALUES(10207,"spanish","https://steamcdn-a.akamaihd.net/apps/583950/icons/set01/10207_large_spanish.e694616916f47bdd1898a3a10079fc3f5ff65596.png");




INSERT INTO large_image(carta_id, lang, value_) VALUES(10207,"brazilian","https://steamcdn-a.akamaihd.net/apps/583950/icons/set01/10207_large_brazilian.776a5ad8011d760cfe72cdcc73efd06823115baa.png");
INSERT INTO large_image(carta_id, lang, value_) VALUES(10207,"latam","https://steamcdn-a.akamaihd.net/apps/583950/icons/set01/10207_large_latam.41a3177cd1418b74f97fcd04c1d79dbf176bcea2.png");
INSERT INTO carta(id, card_type, illustrator, rarity, item_def) VALUES (10208,'Item','Sam Carr','Common',110208);
INSERT INTO card_name(carta_id, lang, value_) VALUES(10208,"english","Barbed Mail");
INSERT INTO card_name(carta_id, lang, value_) VALUES(10208,"german","Zackenpanzer");
INSERT INTO card_name(carta_id, lang, value_) VALUES(10208,"french","Armure à pointes");
INSERT INTO card_name(carta_id, lang, value_) VALUES(10208,"italian","Cotta spinata");

INSERT INTO card_name(carta_id, lang, value_) VALUES(10208,"spanish","Malla con púas");



INSERT INTO card_name(carta_id, lang, value_) VALUES(10208,"thai","Barbed Mail");

INSERT INTO card_name(carta_id, lang, value_) VALUES(10208,"portuguese","Barbed Mail");
INSERT INTO card_name(carta_id, lang, value_) VALUES(10208,"polish","Barbed Mail");
INSERT INTO card_name(carta_id, lang, value_) VALUES(10208,"danish","Barbed Mail");
INSERT INTO card_name(carta_id, lang, value_) VALUES(10208,"dutch","Barbed Mail");
INSERT INTO card_name(carta_id, lang, value_) VALUES(10208,"finnish","Barbed Mail");
INSERT INTO card_name(carta_id, lang, value_) VALUES(10208,"norwegian","Barbed Mail");
INSERT INTO card_name(carta_id, lang, value_) VALUES(10208,"swedish","Barbed Mail");
INSERT INTO card_name(carta_id, lang, value_) VALUES(10208,"hungarian","Barbed Mail");
INSERT INTO card_name(carta_id, lang, value_) VALUES(10208,"czech","Barbed Mail");
INSERT INTO card_name(carta_id, lang, value_) VALUES(10208,"romanian","Barbed Mail");
INSERT INTO card_name(carta_id, lang, value_) VALUES(10208,"turkish","Barbed Mail");
INSERT INTO card_name(carta_id, lang, value_) VALUES(10208,"brazilian","Malha Farpada");
INSERT INTO card_name(carta_id, lang, value_) VALUES(10208,"bulgarian","Barbed Mail");
INSERT INTO card_name(carta_id, lang, value_) VALUES(10208,"greek","Barbed Mail");
INSERT INTO card_name(carta_id, lang, value_) VALUES(10208,"ukrainian","Barbed Mail");
INSERT INTO card_name(carta_id, lang, value_) VALUES(10208,"latam","Armadura con púas");
INSERT INTO card_name(carta_id, lang, value_) VALUES(10208,"vietnamese","Barbed Mail");
INSERT INTO large_image(carta_id, lang, value_) VALUES(10208,"default","https://steamcdn-a.akamaihd.net/apps/583950/icons/set01/10208_large_english.a8ff2201510655c75a50c54ebfdaa5cbaab52d6e.png");
INSERT INTO large_image(carta_id, lang, value_) VALUES(10208,"german","https://steamcdn-a.akamaihd.net/apps/583950/icons/set01/10208_large_german.f217afe9d3f275e991c03f444fd7baf4cfbb391c.png");
INSERT INTO large_image(carta_id, lang, value_) VALUES(10208,"french","https://steamcdn-a.akamaihd.net/apps/583950/icons/set01/10208_large_french.b1cf9900c35742afb578eea932221529d392c7cd.png");
INSERT INTO large_image(carta_id, lang, value_) VALUES(10208,"italian","https://steamcdn-a.akamaihd.net/apps/583950/icons/set01/10208_large_italian.796da146ed2532ccd68a2a6f4d188e1ea1f3b288.png");

INSERT INTO large_image(carta_id, lang, value_) VALUES(10208,"spanish","https://steamcdn-a.akamaihd.net/apps/583950/icons/set01/10208_large_spanish.2881a01d50bbfe3fb5ad417afa6eb1311be5c613.png");




INSERT INTO large_image(carta_id, lang, value_) VALUES(10208,"brazilian","https://steamcdn-a.akamaihd.net/apps/583950/icons/set01/10208_large_brazilian.4fda7629b16602e5ae04852aa14e15318236a4b4.png");
INSERT INTO large_image(carta_id, lang, value_) VALUES(10208,"latam","https://steamcdn-a.akamaihd.net/apps/583950/icons/set01/10208_large_latam.b35eeb4eb790717f5ba346e2fc35a461475dfa79.png");
INSERT INTO carta(id, card_type, illustrator, rarity, item_def) VALUES (10210,'Item','Lake Hurwitz','Uncommon',110210);
INSERT INTO card_name(carta_id, lang, value_) VALUES(10210,"english","Demagicking Maul");
INSERT INTO card_name(carta_id, lang, value_) VALUES(10210,"german","Antimagischer Hammer");
INSERT INTO card_name(carta_id, lang, value_) VALUES(10210,"french","Masse de démagification");
INSERT INTO card_name(carta_id, lang, value_) VALUES(10210,"italian","Maglio demagicante");

INSERT INTO card_name(carta_id, lang, value_) VALUES(10210,"spanish","Maza antimagia");



INSERT INTO card_name(carta_id, lang, value_) VALUES(10210,"thai","Demagicking Maul");

INSERT INTO card_name(carta_id, lang, value_) VALUES(10210,"portuguese","Demagicking Maul");
INSERT INTO card_name(carta_id, lang, value_) VALUES(10210,"polish","Demagicking Maul");
INSERT INTO card_name(carta_id, lang, value_) VALUES(10210,"danish","Demagicking Maul");
INSERT INTO card_name(carta_id, lang, value_) VALUES(10210,"dutch","Demagicking Maul");
INSERT INTO card_name(carta_id, lang, value_) VALUES(10210,"finnish","Demagicking Maul");
INSERT INTO card_name(carta_id, lang, value_) VALUES(10210,"norwegian","Demagicking Maul");
INSERT INTO card_name(carta_id, lang, value_) VALUES(10210,"swedish","Demagicking Maul");
INSERT INTO card_name(carta_id, lang, value_) VALUES(10210,"hungarian","Demagicking Maul");
INSERT INTO card_name(carta_id, lang, value_) VALUES(10210,"czech","Demagicking Maul");
INSERT INTO card_name(carta_id, lang, value_) VALUES(10210,"romanian","Demagicking Maul");
INSERT INTO card_name(carta_id, lang, value_) VALUES(10210,"turkish","Demagicking Maul");
INSERT INTO card_name(carta_id, lang, value_) VALUES(10210,"brazilian","Malho Demagificante");
INSERT INTO card_name(carta_id, lang, value_) VALUES(10210,"bulgarian","Demagicking Maul");
INSERT INTO card_name(carta_id, lang, value_) VALUES(10210,"greek","Demagicking Maul");
INSERT INTO card_name(carta_id, lang, value_) VALUES(10210,"ukrainian","Demagicking Maul");
INSERT INTO card_name(carta_id, lang, value_) VALUES(10210,"latam","Maza antimagia");
INSERT INTO card_name(carta_id, lang, value_) VALUES(10210,"vietnamese","Demagicking Maul");
INSERT INTO large_image(carta_id, lang, value_) VALUES(10210,"default","https://steamcdn-a.akamaihd.net/apps/583950/icons/set01/10210_large_english.617323f275c64293569f65d71c35108ea2fa2a21.png");
INSERT INTO large_image(carta_id, lang, value_) VALUES(10210,"german","https://steamcdn-a.akamaihd.net/apps/583950/icons/set01/10210_large_german.40cf35242f0e4a5dee49a40d293c7bbba10fd23e.png");
INSERT INTO large_image(carta_id, lang, value_) VALUES(10210,"french","https://steamcdn-a.akamaihd.net/apps/583950/icons/set01/10210_large_french.3db87d187d62530e6d1ff036818f10b027a0272c.png");
INSERT INTO large_image(carta_id, lang, value_) VALUES(10210,"italian","https://steamcdn-a.akamaihd.net/apps/583950/icons/set01/10210_large_italian.0b61527853b171f93cd432d7754df78bb314c210.png");

INSERT INTO large_image(carta_id, lang, value_) VALUES(10210,"spanish","https://steamcdn-a.akamaihd.net/apps/583950/icons/set01/10210_large_spanish.8c397463ad93bfb823e6314f56955664c202733c.png");




INSERT INTO large_image(carta_id, lang, value_) VALUES(10210,"brazilian","https://steamcdn-a.akamaihd.net/apps/583950/icons/set01/10210_large_brazilian.7bd47ea13321f88c41db3430455f84a2151bef95.png");
INSERT INTO large_image(carta_id, lang, value_) VALUES(10210,"latam","https://steamcdn-a.akamaihd.net/apps/583950/icons/set01/10210_large_latam.82b85a41954ca581e74f65ba7a9d7ff704246615.png");
INSERT INTO carta(id, card_type, illustrator, rarity, item_def) VALUES (10211,'Item','Forrest Imel','Uncommon',110211);
INSERT INTO card_name(carta_id, lang, value_) VALUES(10211,"english","Obliterating Orb");
INSERT INTO card_name(carta_id, lang, value_) VALUES(10211,"german","Ausmerzende Kugel");
INSERT INTO card_name(carta_id, lang, value_) VALUES(10211,"french","Orbe d'anéantissement");
INSERT INTO card_name(carta_id, lang, value_) VALUES(10211,"italian","Globo dell'oblio");

INSERT INTO card_name(carta_id, lang, value_) VALUES(10211,"spanish","Orbe anulador");



INSERT INTO card_name(carta_id, lang, value_) VALUES(10211,"thai","Obliterating Orb");

INSERT INTO card_name(carta_id, lang, value_) VALUES(10211,"portuguese","Obliterating Orb");
INSERT INTO card_name(carta_id, lang, value_) VALUES(10211,"polish","Obliterating Orb");
INSERT INTO card_name(carta_id, lang, value_) VALUES(10211,"danish","Obliterating Orb");
INSERT INTO card_name(carta_id, lang, value_) VALUES(10211,"dutch","Obliterating Orb");
INSERT INTO card_name(carta_id, lang, value_) VALUES(10211,"finnish","Obliterating Orb");
INSERT INTO card_name(carta_id, lang, value_) VALUES(10211,"norwegian","Obliterating Orb");
INSERT INTO card_name(carta_id, lang, value_) VALUES(10211,"swedish","Obliterating Orb");
INSERT INTO card_name(carta_id, lang, value_) VALUES(10211,"hungarian","Obliterating Orb");
INSERT INTO card_name(carta_id, lang, value_) VALUES(10211,"czech","Obliterating Orb");
INSERT INTO card_name(carta_id, lang, value_) VALUES(10211,"romanian","Obliterating Orb");
INSERT INTO card_name(carta_id, lang, value_) VALUES(10211,"turkish","Obliterating Orb");
INSERT INTO card_name(carta_id, lang, value_) VALUES(10211,"brazilian","Orbe Obliterador");
INSERT INTO card_name(carta_id, lang, value_) VALUES(10211,"bulgarian","Obliterating Orb");
INSERT INTO card_name(carta_id, lang, value_) VALUES(10211,"greek","Obliterating Orb");
INSERT INTO card_name(carta_id, lang, value_) VALUES(10211,"ukrainian","Obliterating Orb");
INSERT INTO card_name(carta_id, lang, value_) VALUES(10211,"latam","Orbe anulador");
INSERT INTO card_name(carta_id, lang, value_) VALUES(10211,"vietnamese","Obliterating Orb");
INSERT INTO large_image(carta_id, lang, value_) VALUES(10211,"default","https://steamcdn-a.akamaihd.net/apps/583950/icons/set01/10211_large_english.8f6b7eec1c9637ca2da582208a1c8380f872aaff.png");
INSERT INTO large_image(carta_id, lang, value_) VALUES(10211,"german","https://steamcdn-a.akamaihd.net/apps/583950/icons/set01/10211_large_german.640ded9aa11187e4458d01eae5fdf094f573daa7.png");
INSERT INTO large_image(carta_id, lang, value_) VALUES(10211,"french","https://steamcdn-a.akamaihd.net/apps/583950/icons/set01/10211_large_french.c62a4f4f94cc24d587842fc3fbde26a4c97116a6.png");
INSERT INTO large_image(carta_id, lang, value_) VALUES(10211,"italian","https://steamcdn-a.akamaihd.net/apps/583950/icons/set01/10211_large_italian.e29c210aaea5b41711b59760bbcae9ff110c5e83.png");

INSERT INTO large_image(carta_id, lang, value_) VALUES(10211,"spanish","https://steamcdn-a.akamaihd.net/apps/583950/icons/set01/10211_large_spanish.b3e185abc535659bbc81462739cd86cf09be27d8.png");




INSERT INTO large_image(carta_id, lang, value_) VALUES(10211,"brazilian","https://steamcdn-a.akamaihd.net/apps/583950/icons/set01/10211_large_brazilian.ff743ac6decbe89ff2e75f89c49899c46c74d2c7.png");
INSERT INTO large_image(carta_id, lang, value_) VALUES(10211,"latam","https://steamcdn-a.akamaihd.net/apps/583950/icons/set01/10211_large_latam.e122ac6d92519e5b7eac5daac19e237cd01de9c9.png");
INSERT INTO carta(id, card_type, illustrator, rarity, item_def) VALUES (10212,'Item','Sam Carr','Common',110212);
INSERT INTO card_name(carta_id, lang, value_) VALUES(10212,"english","Blade of the Vigil");
INSERT INTO card_name(carta_id, lang, value_) VALUES(10212,"german","Klinge der Nachtwache");
INSERT INTO card_name(carta_id, lang, value_) VALUES(10212,"french","Lame de la Vigie");
INSERT INTO card_name(carta_id, lang, value_) VALUES(10212,"italian","Lama della veglia");

INSERT INTO card_name(carta_id, lang, value_) VALUES(10212,"spanish","Hoja de la vigilia");



INSERT INTO card_name(carta_id, lang, value_) VALUES(10212,"thai","Blade of the Vigil");

INSERT INTO card_name(carta_id, lang, value_) VALUES(10212,"portuguese","Blade of the Vigil");
INSERT INTO card_name(carta_id, lang, value_) VALUES(10212,"polish","Blade of the Vigil");
INSERT INTO card_name(carta_id, lang, value_) VALUES(10212,"danish","Blade of the Vigil");
INSERT INTO card_name(carta_id, lang, value_) VALUES(10212,"dutch","Blade of the Vigil");
INSERT INTO card_name(carta_id, lang, value_) VALUES(10212,"finnish","Blade of the Vigil");
INSERT INTO card_name(carta_id, lang, value_) VALUES(10212,"norwegian","Blade of the Vigil");
INSERT INTO card_name(carta_id, lang, value_) VALUES(10212,"swedish","Blade of the Vigil");
INSERT INTO card_name(carta_id, lang, value_) VALUES(10212,"hungarian","Blade of the Vigil");
INSERT INTO card_name(carta_id, lang, value_) VALUES(10212,"czech","Blade of the Vigil");
INSERT INTO card_name(carta_id, lang, value_) VALUES(10212,"romanian","Blade of the Vigil");
INSERT INTO card_name(carta_id, lang, value_) VALUES(10212,"turkish","Blade of the Vigil");
INSERT INTO card_name(carta_id, lang, value_) VALUES(10212,"brazilian","Lâmina da Vigília");
INSERT INTO card_name(carta_id, lang, value_) VALUES(10212,"bulgarian","Blade of the Vigil");
INSERT INTO card_name(carta_id, lang, value_) VALUES(10212,"greek","Blade of the Vigil");
INSERT INTO card_name(carta_id, lang, value_) VALUES(10212,"ukrainian","Blade of the Vigil");
INSERT INTO card_name(carta_id, lang, value_) VALUES(10212,"latam","Hoja de la vigilia");
INSERT INTO card_name(carta_id, lang, value_) VALUES(10212,"vietnamese","Blade of the Vigil");
INSERT INTO large_image(carta_id, lang, value_) VALUES(10212,"default","https://steamcdn-a.akamaihd.net/apps/583950/icons/set01/10212_large_english.c3ba21880ccf0fc8ef029704abd26408553a5ca7.png");
INSERT INTO large_image(carta_id, lang, value_) VALUES(10212,"german","https://steamcdn-a.akamaihd.net/apps/583950/icons/set01/10212_large_german.0c7a38d6921b33fa1446f338b338fc0dcacfad5f.png");
INSERT INTO large_image(carta_id, lang, value_) VALUES(10212,"french","https://steamcdn-a.akamaihd.net/apps/583950/icons/set01/10212_large_french.88dce73515a9dcd626bc458c90822dbbc77739bc.png");
INSERT INTO large_image(carta_id, lang, value_) VALUES(10212,"italian","https://steamcdn-a.akamaihd.net/apps/583950/icons/set01/10212_large_italian.e1352236e4547987736c4337047cf502c100059e.png");

INSERT INTO large_image(carta_id, lang, value_) VALUES(10212,"spanish","https://steamcdn-a.akamaihd.net/apps/583950/icons/set01/10212_large_spanish.6657958dcb0867829ba3b6186e3a703e1dae6969.png");




INSERT INTO large_image(carta_id, lang, value_) VALUES(10212,"brazilian","https://steamcdn-a.akamaihd.net/apps/583950/icons/set01/10212_large_brazilian.6f8d7d596f2001ba0a01b3b655f42b1c553b3fe0.png");
INSERT INTO large_image(carta_id, lang, value_) VALUES(10212,"latam","https://steamcdn-a.akamaihd.net/apps/583950/icons/set01/10212_large_latam.9e907d0236c5c6fd6ddc830615456afab18b9aa3.png");
INSERT INTO carta(id, card_type, illustrator, rarity, item_def) VALUES (10213,'Item','Pauline Voss','Common',110213);
INSERT INTO card_name(carta_id, lang, value_) VALUES(10213,"english","Fur-lined Mantle");
INSERT INTO card_name(carta_id, lang, value_) VALUES(10213,"german","Fellbesetzter Mantel");
INSERT INTO card_name(carta_id, lang, value_) VALUES(10213,"french","Manteau de fourrure");
INSERT INTO card_name(carta_id, lang, value_) VALUES(10213,"italian","Mantello di pelliccia");

INSERT INTO card_name(carta_id, lang, value_) VALUES(10213,"spanish","Manto de piel");



INSERT INTO card_name(carta_id, lang, value_) VALUES(10213,"thai","Fur-lined Mantle");

INSERT INTO card_name(carta_id, lang, value_) VALUES(10213,"portuguese","Fur-lined Mantle");
INSERT INTO card_name(carta_id, lang, value_) VALUES(10213,"polish","Fur-lined Mantle");
INSERT INTO card_name(carta_id, lang, value_) VALUES(10213,"danish","Fur-lined Mantle");
INSERT INTO card_name(carta_id, lang, value_) VALUES(10213,"dutch","Fur-lined Mantle");
INSERT INTO card_name(carta_id, lang, value_) VALUES(10213,"finnish","Fur-lined Mantle");
INSERT INTO card_name(carta_id, lang, value_) VALUES(10213,"norwegian","Fur-lined Mantle");
INSERT INTO card_name(carta_id, lang, value_) VALUES(10213,"swedish","Fur-lined Mantle");
INSERT INTO card_name(carta_id, lang, value_) VALUES(10213,"hungarian","Fur-lined Mantle");
INSERT INTO card_name(carta_id, lang, value_) VALUES(10213,"czech","Fur-lined Mantle");
INSERT INTO card_name(carta_id, lang, value_) VALUES(10213,"romanian","Fur-lined Mantle");
INSERT INTO card_name(carta_id, lang, value_) VALUES(10213,"turkish","Fur-lined Mantle");
INSERT INTO card_name(carta_id, lang, value_) VALUES(10213,"brazilian","Manto com Peliça");
INSERT INTO card_name(carta_id, lang, value_) VALUES(10213,"bulgarian","Fur-lined Mantle");
INSERT INTO card_name(carta_id, lang, value_) VALUES(10213,"greek","Fur-lined Mantle");
INSERT INTO card_name(carta_id, lang, value_) VALUES(10213,"ukrainian","Fur-lined Mantle");
INSERT INTO card_name(carta_id, lang, value_) VALUES(10213,"latam","Manto de piel");
INSERT INTO card_name(carta_id, lang, value_) VALUES(10213,"vietnamese","Fur-lined Mantle");
INSERT INTO large_image(carta_id, lang, value_) VALUES(10213,"default","https://steamcdn-a.akamaihd.net/apps/583950/icons/set01/10213_large_english.c2474504265dbb10c16bfd60954113bf0fd6852a.png");
INSERT INTO large_image(carta_id, lang, value_) VALUES(10213,"german","https://steamcdn-a.akamaihd.net/apps/583950/icons/set01/10213_large_german.6c8cbeaf2a120c17b2fbd3f2afe0ed6859494143.png");
INSERT INTO large_image(carta_id, lang, value_) VALUES(10213,"french","https://steamcdn-a.akamaihd.net/apps/583950/icons/set01/10213_large_french.6aefabf0acc266bbb2103840e4b017a0ffaa3595.png");
INSERT INTO large_image(carta_id, lang, value_) VALUES(10213,"italian","https://steamcdn-a.akamaihd.net/apps/583950/icons/set01/10213_large_italian.75c37034992a37f9c52d0937ebe009b573ef362d.png");

INSERT INTO large_image(carta_id, lang, value_) VALUES(10213,"spanish","https://steamcdn-a.akamaihd.net/apps/583950/icons/set01/10213_large_spanish.e2c8bf4d654c97e86ee15daeabc4d102c3259e21.png");




INSERT INTO large_image(carta_id, lang, value_) VALUES(10213,"brazilian","https://steamcdn-a.akamaihd.net/apps/583950/icons/set01/10213_large_brazilian.a07b12edb99b0e90076fda544c1b60ad4732de50.png");
INSERT INTO large_image(carta_id, lang, value_) VALUES(10213,"latam","https://steamcdn-a.akamaihd.net/apps/583950/icons/set01/10213_large_latam.1d309e33a3f7d6c34fae27c43b0f7fa2b45ae52f.png");
INSERT INTO carta(id, card_type, illustrator, rarity, item_def) VALUES (10214,'Item','Pauline Voss','Common',110214);
INSERT INTO card_name(carta_id, lang, value_) VALUES(10214,"english","Chainmail");
INSERT INTO card_name(carta_id, lang, value_) VALUES(10214,"german","Kettenpanzer");
INSERT INTO card_name(carta_id, lang, value_) VALUES(10214,"french","Cotte de maille");
INSERT INTO card_name(carta_id, lang, value_) VALUES(10214,"italian","Cotta di maglia");

INSERT INTO card_name(carta_id, lang, value_) VALUES(10214,"spanish","Cota de malla");



INSERT INTO card_name(carta_id, lang, value_) VALUES(10214,"thai","Chainmail");

INSERT INTO card_name(carta_id, lang, value_) VALUES(10214,"portuguese","Chainmail");
INSERT INTO card_name(carta_id, lang, value_) VALUES(10214,"polish","Chainmail");
INSERT INTO card_name(carta_id, lang, value_) VALUES(10214,"danish","Chainmail");
INSERT INTO card_name(carta_id, lang, value_) VALUES(10214,"dutch","Chainmail");
INSERT INTO card_name(carta_id, lang, value_) VALUES(10214,"finnish","Chainmail");
INSERT INTO card_name(carta_id, lang, value_) VALUES(10214,"norwegian","Chainmail");
INSERT INTO card_name(carta_id, lang, value_) VALUES(10214,"swedish","Chainmail");
INSERT INTO card_name(carta_id, lang, value_) VALUES(10214,"hungarian","Chainmail");
INSERT INTO card_name(carta_id, lang, value_) VALUES(10214,"czech","Chainmail");
INSERT INTO card_name(carta_id, lang, value_) VALUES(10214,"romanian","Chainmail");
INSERT INTO card_name(carta_id, lang, value_) VALUES(10214,"turkish","Chainmail");
INSERT INTO card_name(carta_id, lang, value_) VALUES(10214,"brazilian","Cota de Malha");
INSERT INTO card_name(carta_id, lang, value_) VALUES(10214,"bulgarian","Chainmail");
INSERT INTO card_name(carta_id, lang, value_) VALUES(10214,"greek","Chainmail");
INSERT INTO card_name(carta_id, lang, value_) VALUES(10214,"ukrainian","Chainmail");
INSERT INTO card_name(carta_id, lang, value_) VALUES(10214,"latam","Cota de malla");
INSERT INTO card_name(carta_id, lang, value_) VALUES(10214,"vietnamese","Chainmail");
INSERT INTO large_image(carta_id, lang, value_) VALUES(10214,"default","https://steamcdn-a.akamaihd.net/apps/583950/icons/set01/10214_large_english.d2ca4f55e52f46a425a701cc7d5c2705341a5bd3.png");
INSERT INTO large_image(carta_id, lang, value_) VALUES(10214,"german","https://steamcdn-a.akamaihd.net/apps/583950/icons/set01/10214_large_german.aaa9d7361a9163fb1b66d4a305b4ba240c9d6950.png");
INSERT INTO large_image(carta_id, lang, value_) VALUES(10214,"french","https://steamcdn-a.akamaihd.net/apps/583950/icons/set01/10214_large_french.31f030feb9e8e4468e2a2f7dc50c9acd867fd615.png");
INSERT INTO large_image(carta_id, lang, value_) VALUES(10214,"italian","https://steamcdn-a.akamaihd.net/apps/583950/icons/set01/10214_large_italian.5bb9baa2d3f4211aa7df208f33a38c096355b9f5.png");

INSERT INTO large_image(carta_id, lang, value_) VALUES(10214,"spanish","https://steamcdn-a.akamaihd.net/apps/583950/icons/set01/10214_large_spanish.854a8517c76c5b5cf84cfa211a7db9a785276b9f.png");




INSERT INTO large_image(carta_id, lang, value_) VALUES(10214,"brazilian","https://steamcdn-a.akamaihd.net/apps/583950/icons/set01/10214_large_brazilian.850724e581d3b5078d8abd5147493304edd09dc1.png");
INSERT INTO large_image(carta_id, lang, value_) VALUES(10214,"latam","https://steamcdn-a.akamaihd.net/apps/583950/icons/set01/10214_large_latam.7b2aadd0fa2f857e940ae6d04b7d882af88c2b8e.png");
INSERT INTO carta(id, card_type, illustrator, rarity, item_def) VALUES (10215,'Item','Tommy Arnold','Common',110215);
INSERT INTO card_name(carta_id, lang, value_) VALUES(10215,"english","Broadsword");
INSERT INTO card_name(carta_id, lang, value_) VALUES(10215,"german","Breitschwert");
INSERT INTO card_name(carta_id, lang, value_) VALUES(10215,"french","Glaive");
INSERT INTO card_name(carta_id, lang, value_) VALUES(10215,"italian","Spadone");

INSERT INTO card_name(carta_id, lang, value_) VALUES(10215,"spanish","Espada ancha");



INSERT INTO card_name(carta_id, lang, value_) VALUES(10215,"thai","Broadsword");

INSERT INTO card_name(carta_id, lang, value_) VALUES(10215,"portuguese","Broadsword");
INSERT INTO card_name(carta_id, lang, value_) VALUES(10215,"polish","Broadsword");
INSERT INTO card_name(carta_id, lang, value_) VALUES(10215,"danish","Broadsword");
INSERT INTO card_name(carta_id, lang, value_) VALUES(10215,"dutch","Broadsword");
INSERT INTO card_name(carta_id, lang, value_) VALUES(10215,"finnish","Broadsword");
INSERT INTO card_name(carta_id, lang, value_) VALUES(10215,"norwegian","Broadsword");
INSERT INTO card_name(carta_id, lang, value_) VALUES(10215,"swedish","Broadsword");
INSERT INTO card_name(carta_id, lang, value_) VALUES(10215,"hungarian","Broadsword");
INSERT INTO card_name(carta_id, lang, value_) VALUES(10215,"czech","Broadsword");
INSERT INTO card_name(carta_id, lang, value_) VALUES(10215,"romanian","Broadsword");
INSERT INTO card_name(carta_id, lang, value_) VALUES(10215,"turkish","Broadsword");
INSERT INTO card_name(carta_id, lang, value_) VALUES(10215,"brazilian","Espada Larga");
INSERT INTO card_name(carta_id, lang, value_) VALUES(10215,"bulgarian","Broadsword");
INSERT INTO card_name(carta_id, lang, value_) VALUES(10215,"greek","Broadsword");
INSERT INTO card_name(carta_id, lang, value_) VALUES(10215,"ukrainian","Broadsword");
INSERT INTO card_name(carta_id, lang, value_) VALUES(10215,"latam","Espada ancha");
INSERT INTO card_name(carta_id, lang, value_) VALUES(10215,"vietnamese","Broadsword");
INSERT INTO large_image(carta_id, lang, value_) VALUES(10215,"default","https://steamcdn-a.akamaihd.net/apps/583950/icons/set01/10215_large_english.babc999c2c48568236c10eedb723a3e0c1dbf730.png");
INSERT INTO large_image(carta_id, lang, value_) VALUES(10215,"german","https://steamcdn-a.akamaihd.net/apps/583950/icons/set01/10215_large_german.c633f5e302f1fce146dcfe0bd4b0e1c95091be98.png");
INSERT INTO large_image(carta_id, lang, value_) VALUES(10215,"french","https://steamcdn-a.akamaihd.net/apps/583950/icons/set01/10215_large_french.4054c504d3dda5fdd5530e9349e51043a970e307.png");
INSERT INTO large_image(carta_id, lang, value_) VALUES(10215,"italian","https://steamcdn-a.akamaihd.net/apps/583950/icons/set01/10215_large_italian.35966904993f47623a776c35b0b3a513f072a0de.png");

INSERT INTO large_image(carta_id, lang, value_) VALUES(10215,"spanish","https://steamcdn-a.akamaihd.net/apps/583950/icons/set01/10215_large_spanish.782f525fa6775cb6624f7a09386b6a086f3ebd2f.png");




INSERT INTO large_image(carta_id, lang, value_) VALUES(10215,"brazilian","https://steamcdn-a.akamaihd.net/apps/583950/icons/set01/10215_large_brazilian.d3397d0baa647ac6aebf0005373a1e56ea8eac30.png");
INSERT INTO large_image(carta_id, lang, value_) VALUES(10215,"latam","https://steamcdn-a.akamaihd.net/apps/583950/icons/set01/10215_large_latam.2870efc0461e01aa09bc51bbdce7b4082c2999fc.png");
INSERT INTO carta(id, card_type, illustrator, rarity, item_def) VALUES (10216,'Item','Pauline Voss','Uncommon',110216);
INSERT INTO card_name(carta_id, lang, value_) VALUES(10216,"english","Golden Ticket");
INSERT INTO card_name(carta_id, lang, value_) VALUES(10216,"german","Goldenes Ticket");
INSERT INTO card_name(carta_id, lang, value_) VALUES(10216,"french","Ticket doré");
INSERT INTO card_name(carta_id, lang, value_) VALUES(10216,"italian","Biglietto d'oro");

INSERT INTO card_name(carta_id, lang, value_) VALUES(10216,"spanish","Billete de oro");



INSERT INTO card_name(carta_id, lang, value_) VALUES(10216,"thai","Golden Ticket");

INSERT INTO card_name(carta_id, lang, value_) VALUES(10216,"portuguese","Golden Ticket");
INSERT INTO card_name(carta_id, lang, value_) VALUES(10216,"polish","Golden Ticket");
INSERT INTO card_name(carta_id, lang, value_) VALUES(10216,"danish","Golden Ticket");
INSERT INTO card_name(carta_id, lang, value_) VALUES(10216,"dutch","Golden Ticket");
INSERT INTO card_name(carta_id, lang, value_) VALUES(10216,"finnish","Golden Ticket");
INSERT INTO card_name(carta_id, lang, value_) VALUES(10216,"norwegian","Golden Ticket");
INSERT INTO card_name(carta_id, lang, value_) VALUES(10216,"swedish","Golden Ticket");
INSERT INTO card_name(carta_id, lang, value_) VALUES(10216,"hungarian","Golden Ticket");
INSERT INTO card_name(carta_id, lang, value_) VALUES(10216,"czech","Golden Ticket");
INSERT INTO card_name(carta_id, lang, value_) VALUES(10216,"romanian","Golden Ticket");
INSERT INTO card_name(carta_id, lang, value_) VALUES(10216,"turkish","Golden Ticket");
INSERT INTO card_name(carta_id, lang, value_) VALUES(10216,"brazilian","Bilhete Dourado");
INSERT INTO card_name(carta_id, lang, value_) VALUES(10216,"bulgarian","Golden Ticket");
INSERT INTO card_name(carta_id, lang, value_) VALUES(10216,"greek","Golden Ticket");
INSERT INTO card_name(carta_id, lang, value_) VALUES(10216,"ukrainian","Golden Ticket");
INSERT INTO card_name(carta_id, lang, value_) VALUES(10216,"latam","Boleto dorado");
INSERT INTO card_name(carta_id, lang, value_) VALUES(10216,"vietnamese","Golden Ticket");
INSERT INTO large_image(carta_id, lang, value_) VALUES(10216,"default","https://steamcdn-a.akamaihd.net/apps/583950/icons/set01/10216_large_english.5ed24e656d38de856a44bf886921f9c78c9f89df.png");
INSERT INTO large_image(carta_id, lang, value_) VALUES(10216,"german","https://steamcdn-a.akamaihd.net/apps/583950/icons/set01/10216_large_german.b1210c7b7563ac8dd0af536e2077703bb05920e1.png");
INSERT INTO large_image(carta_id, lang, value_) VALUES(10216,"french","https://steamcdn-a.akamaihd.net/apps/583950/icons/set01/10216_large_french.add30a81e2dea6a7c680bc27eceb5b909e7e3e46.png");
INSERT INTO large_image(carta_id, lang, value_) VALUES(10216,"italian","https://steamcdn-a.akamaihd.net/apps/583950/icons/set01/10216_large_italian.a22526c892cabb2a7b83e441a028e1f732034b61.png");

INSERT INTO large_image(carta_id, lang, value_) VALUES(10216,"spanish","https://steamcdn-a.akamaihd.net/apps/583950/icons/set01/10216_large_spanish.f7a97b99cb92b322769ea7495785895590ab3a7c.png");




INSERT INTO large_image(carta_id, lang, value_) VALUES(10216,"brazilian","https://steamcdn-a.akamaihd.net/apps/583950/icons/set01/10216_large_brazilian.98e4de59abdc213825bd0f65d3221b7d257b24c1.png");
INSERT INTO large_image(carta_id, lang, value_) VALUES(10216,"latam","https://steamcdn-a.akamaihd.net/apps/583950/icons/set01/10216_large_latam.4dee002c9c36881e891559a324e5b0d8002c34bd.png");
INSERT INTO carta(id, card_type, illustrator, rarity, item_def) VALUES (10217,'Item','Sara Winters','Common',110217);
INSERT INTO card_name(carta_id, lang, value_) VALUES(10217,"english","Rumusque Vestments");
INSERT INTO card_name(carta_id, lang, value_) VALUES(10217,"german","Rumusquenrobe");
INSERT INTO card_name(carta_id, lang, value_) VALUES(10217,"french","Aube de rumusque");
INSERT INTO card_name(carta_id, lang, value_) VALUES(10217,"italian","Vesti di Rumusque");

INSERT INTO card_name(carta_id, lang, value_) VALUES(10217,"spanish","Vestimenta de Rumusque");



INSERT INTO card_name(carta_id, lang, value_) VALUES(10217,"thai","Rumusque Vestments");

INSERT INTO card_name(carta_id, lang, value_) VALUES(10217,"portuguese","Rumusque Vestments");
INSERT INTO card_name(carta_id, lang, value_) VALUES(10217,"polish","Rumusque Vestments");
INSERT INTO card_name(carta_id, lang, value_) VALUES(10217,"danish","Rumusque Vestments");
INSERT INTO card_name(carta_id, lang, value_) VALUES(10217,"dutch","Rumusque Vestments");
INSERT INTO card_name(carta_id, lang, value_) VALUES(10217,"finnish","Rumusque Vestments");
INSERT INTO card_name(carta_id, lang, value_) VALUES(10217,"norwegian","Rumusque Vestments");
INSERT INTO card_name(carta_id, lang, value_) VALUES(10217,"swedish","Rumusque Vestments");
INSERT INTO card_name(carta_id, lang, value_) VALUES(10217,"hungarian","Rumusque Vestments");
INSERT INTO card_name(carta_id, lang, value_) VALUES(10217,"czech","Rumusque Vestments");
INSERT INTO card_name(carta_id, lang, value_) VALUES(10217,"romanian","Rumusque Vestments");
INSERT INTO card_name(carta_id, lang, value_) VALUES(10217,"turkish","Rumusque Vestments");
INSERT INTO card_name(carta_id, lang, value_) VALUES(10217,"brazilian","Vestes de Rumusque");
INSERT INTO card_name(carta_id, lang, value_) VALUES(10217,"bulgarian","Rumusque Vestments");
INSERT INTO card_name(carta_id, lang, value_) VALUES(10217,"greek","Rumusque Vestments");
INSERT INTO card_name(carta_id, lang, value_) VALUES(10217,"ukrainian","Rumusque Vestments");
INSERT INTO card_name(carta_id, lang, value_) VALUES(10217,"latam","Vestimenta de Rumusque");
INSERT INTO card_name(carta_id, lang, value_) VALUES(10217,"vietnamese","Rumusque Vestments");
INSERT INTO large_image(carta_id, lang, value_) VALUES(10217,"default","https://steamcdn-a.akamaihd.net/apps/583950/icons/set01/10217_large_english.1b7ddb1f61ef07876a1a8398505824a6064acee4.png");
INSERT INTO large_image(carta_id, lang, value_) VALUES(10217,"german","https://steamcdn-a.akamaihd.net/apps/583950/icons/set01/10217_large_german.a55a25143ecaf78049c6885891edf72ce48ec7c2.png");
INSERT INTO large_image(carta_id, lang, value_) VALUES(10217,"french","https://steamcdn-a.akamaihd.net/apps/583950/icons/set01/10217_large_french.4de3651ec97dae6901a0ba899bbcf1f4a7628115.png");
INSERT INTO large_image(carta_id, lang, value_) VALUES(10217,"italian","https://steamcdn-a.akamaihd.net/apps/583950/icons/set01/10217_large_italian.7b4a903d36ab14caccf2e990904f1e05bf2f49da.png");

INSERT INTO large_image(carta_id, lang, value_) VALUES(10217,"spanish","https://steamcdn-a.akamaihd.net/apps/583950/icons/set01/10217_large_spanish.3b7b6c58673334fd4fd461f2c5aee3dec0b1cb80.png");




INSERT INTO large_image(carta_id, lang, value_) VALUES(10217,"brazilian","https://steamcdn-a.akamaihd.net/apps/583950/icons/set01/10217_large_brazilian.b53d47549531fe312793b34ce01aec0eb9f8f6c4.png");
INSERT INTO large_image(carta_id, lang, value_) VALUES(10217,"latam","https://steamcdn-a.akamaihd.net/apps/583950/icons/set01/10217_large_latam.8fceac8e99ffdbe560ad3c04d0f4ea6a2ffaefd3.png");
INSERT INTO carta(id, card_type, illustrator, rarity, item_def) VALUES (10218,'Item','Mobo Boehme','Common',110218);
INSERT INTO card_name(carta_id, lang, value_) VALUES(10218,"english","Keenfolk Musket");
INSERT INTO card_name(carta_id, lang, value_) VALUES(10218,"german","Keenvolk-Muskete");
INSERT INTO card_name(carta_id, lang, value_) VALUES(10218,"french","Mousquet keen");
INSERT INTO card_name(carta_id, lang, value_) VALUES(10218,"italian","Moschetto degli Smilzi");

INSERT INTO card_name(carta_id, lang, value_) VALUES(10218,"spanish","Mosquete de los ingeniosos");



INSERT INTO card_name(carta_id, lang, value_) VALUES(10218,"thai","Keenfolk Musket");

INSERT INTO card_name(carta_id, lang, value_) VALUES(10218,"portuguese","Keenfolk Musket");
INSERT INTO card_name(carta_id, lang, value_) VALUES(10218,"polish","Keenfolk Musket");
INSERT INTO card_name(carta_id, lang, value_) VALUES(10218,"danish","Keenfolk Musket");
INSERT INTO card_name(carta_id, lang, value_) VALUES(10218,"dutch","Keenfolk Musket");
INSERT INTO card_name(carta_id, lang, value_) VALUES(10218,"finnish","Keenfolk Musket");
INSERT INTO card_name(carta_id, lang, value_) VALUES(10218,"norwegian","Keenfolk Musket");
INSERT INTO card_name(carta_id, lang, value_) VALUES(10218,"swedish","Keenfolk Musket");
INSERT INTO card_name(carta_id, lang, value_) VALUES(10218,"hungarian","Keenfolk Musket");
INSERT INTO card_name(carta_id, lang, value_) VALUES(10218,"czech","Keenfolk Musket");
INSERT INTO card_name(carta_id, lang, value_) VALUES(10218,"romanian","Keenfolk Musket");
INSERT INTO card_name(carta_id, lang, value_) VALUES(10218,"turkish","Keenfolk Musket");
INSERT INTO card_name(carta_id, lang, value_) VALUES(10218,"brazilian","Mosquete dos Keen");
INSERT INTO card_name(carta_id, lang, value_) VALUES(10218,"bulgarian","Keenfolk Musket");
INSERT INTO card_name(carta_id, lang, value_) VALUES(10218,"greek","Keenfolk Musket");
INSERT INTO card_name(carta_id, lang, value_) VALUES(10218,"ukrainian","Keenfolk Musket");
INSERT INTO card_name(carta_id, lang, value_) VALUES(10218,"latam","Mosquete de los ingeniosos");
INSERT INTO card_name(carta_id, lang, value_) VALUES(10218,"vietnamese","Keenfolk Musket");
INSERT INTO large_image(carta_id, lang, value_) VALUES(10218,"default","https://steamcdn-a.akamaihd.net/apps/583950/icons/set01/10218_large_english.0fe2a2e376f17a62badf72a59ec52dd11c329a2e.png");
INSERT INTO large_image(carta_id, lang, value_) VALUES(10218,"german","https://steamcdn-a.akamaihd.net/apps/583950/icons/set01/10218_large_german.2e974bbeff1f8e903fa9d8ab2b5124540099508c.png");
INSERT INTO large_image(carta_id, lang, value_) VALUES(10218,"french","https://steamcdn-a.akamaihd.net/apps/583950/icons/set01/10218_large_french.830298be98408d186bfa45c4929a087d5e24c565.png");
INSERT INTO large_image(carta_id, lang, value_) VALUES(10218,"italian","https://steamcdn-a.akamaihd.net/apps/583950/icons/set01/10218_large_italian.48c8a2f1b570a5dca2cb80e583b0002a66b05054.png");

INSERT INTO large_image(carta_id, lang, value_) VALUES(10218,"spanish","https://steamcdn-a.akamaihd.net/apps/583950/icons/set01/10218_large_spanish.d1836631513336b12459d63388b5fb6fca4d3c18.png");




INSERT INTO large_image(carta_id, lang, value_) VALUES(10218,"brazilian","https://steamcdn-a.akamaihd.net/apps/583950/icons/set01/10218_large_brazilian.4bbe18e17c1a8af9cd211c75919a0b2c9e39e1a2.png");
INSERT INTO large_image(carta_id, lang, value_) VALUES(10218,"latam","https://steamcdn-a.akamaihd.net/apps/583950/icons/set01/10218_large_latam.4c4fb2b47ec25c0a6faea852bf6c0b039d8e0b82.png");
INSERT INTO carta(id, card_type, illustrator, rarity, item_def) VALUES (10220,'Item','Daarken','Common',110220);
INSERT INTO card_name(carta_id, lang, value_) VALUES(10220,"english","Ring of Tarrasque");
INSERT INTO card_name(carta_id, lang, value_) VALUES(10220,"german","Ring von Tarrasque");
INSERT INTO card_name(carta_id, lang, value_) VALUES(10220,"french","Anneau de la Tarasque");
INSERT INTO card_name(carta_id, lang, value_) VALUES(10220,"italian","Anello di Tarrasque");

INSERT INTO card_name(carta_id, lang, value_) VALUES(10220,"spanish","Anillo de Tarasca");



INSERT INTO card_name(carta_id, lang, value_) VALUES(10220,"thai","Ring of Tarrasque");

INSERT INTO card_name(carta_id, lang, value_) VALUES(10220,"portuguese","Ring of Tarrasque");
INSERT INTO card_name(carta_id, lang, value_) VALUES(10220,"polish","Ring of Tarrasque");
INSERT INTO card_name(carta_id, lang, value_) VALUES(10220,"danish","Ring of Tarrasque");
INSERT INTO card_name(carta_id, lang, value_) VALUES(10220,"dutch","Ring of Tarrasque");
INSERT INTO card_name(carta_id, lang, value_) VALUES(10220,"finnish","Ring of Tarrasque");
INSERT INTO card_name(carta_id, lang, value_) VALUES(10220,"norwegian","Ring of Tarrasque");
INSERT INTO card_name(carta_id, lang, value_) VALUES(10220,"swedish","Ring of Tarrasque");
INSERT INTO card_name(carta_id, lang, value_) VALUES(10220,"hungarian","Ring of Tarrasque");
INSERT INTO card_name(carta_id, lang, value_) VALUES(10220,"czech","Ring of Tarrasque");
INSERT INTO card_name(carta_id, lang, value_) VALUES(10220,"romanian","Ring of Tarrasque");
INSERT INTO card_name(carta_id, lang, value_) VALUES(10220,"turkish","Ring of Tarrasque");
INSERT INTO card_name(carta_id, lang, value_) VALUES(10220,"brazilian","Anel do Tarrasque");
INSERT INTO card_name(carta_id, lang, value_) VALUES(10220,"bulgarian","Ring of Tarrasque");
INSERT INTO card_name(carta_id, lang, value_) VALUES(10220,"greek","Ring of Tarrasque");
INSERT INTO card_name(carta_id, lang, value_) VALUES(10220,"ukrainian","Ring of Tarrasque");
INSERT INTO card_name(carta_id, lang, value_) VALUES(10220,"latam","Anillo de Tarasca");
INSERT INTO card_name(carta_id, lang, value_) VALUES(10220,"vietnamese","Ring of Tarrasque");
INSERT INTO large_image(carta_id, lang, value_) VALUES(10220,"default","https://steamcdn-a.akamaihd.net/apps/583950/icons/set01/10220_large_english.4ae3c00db66885b1dc4251be454eb7c90d7271f7.png");
INSERT INTO large_image(carta_id, lang, value_) VALUES(10220,"german","https://steamcdn-a.akamaihd.net/apps/583950/icons/set01/10220_large_german.8de679a422541b1de22024acdb46c12d15f3076c.png");
INSERT INTO large_image(carta_id, lang, value_) VALUES(10220,"french","https://steamcdn-a.akamaihd.net/apps/583950/icons/set01/10220_large_french.af059fac0abcfa77fa162231add6da36d66adf70.png");
INSERT INTO large_image(carta_id, lang, value_) VALUES(10220,"italian","https://steamcdn-a.akamaihd.net/apps/583950/icons/set01/10220_large_italian.e8305532128d15a8e27e9367e0664262315ae4d7.png");

INSERT INTO large_image(carta_id, lang, value_) VALUES(10220,"spanish","https://steamcdn-a.akamaihd.net/apps/583950/icons/set01/10220_large_spanish.3bf0a47901efbdfd62f77db8e89ecc0e3a3ca06a.png");




INSERT INTO large_image(carta_id, lang, value_) VALUES(10220,"brazilian","https://steamcdn-a.akamaihd.net/apps/583950/icons/set01/10220_large_brazilian.0eaa2d42450f4fe6c4a133c7d581eb8ade2f0a91.png");
INSERT INTO large_image(carta_id, lang, value_) VALUES(10220,"latam","https://steamcdn-a.akamaihd.net/apps/583950/icons/set01/10220_large_latam.24eee920b4684246befd6097264e4ef3c8bbe50e.png");
INSERT INTO carta(id, card_type, illustrator, rarity, item_def) VALUES (10222,'Item','Mark Winters','Rare',110222);
INSERT INTO card_name(carta_id, lang, value_) VALUES(10222,"english","Bracers of Sacrifice");
INSERT INTO card_name(carta_id, lang, value_) VALUES(10222,"german","Armschienen des Opfers");
INSERT INTO card_name(carta_id, lang, value_) VALUES(10222,"french","Brassards du sacrifice");
INSERT INTO card_name(carta_id, lang, value_) VALUES(10222,"italian","Bracciali del sacrificio");

INSERT INTO card_name(carta_id, lang, value_) VALUES(10222,"spanish","Sacrificio acogido");



INSERT INTO card_name(carta_id, lang, value_) VALUES(10222,"thai","Bracers of Sacrifice");

INSERT INTO card_name(carta_id, lang, value_) VALUES(10222,"portuguese","Bracers of Sacrifice");
INSERT INTO card_name(carta_id, lang, value_) VALUES(10222,"polish","Bracers of Sacrifice");
INSERT INTO card_name(carta_id, lang, value_) VALUES(10222,"danish","Bracers of Sacrifice");
INSERT INTO card_name(carta_id, lang, value_) VALUES(10222,"dutch","Bracers of Sacrifice");
INSERT INTO card_name(carta_id, lang, value_) VALUES(10222,"finnish","Bracers of Sacrifice");
INSERT INTO card_name(carta_id, lang, value_) VALUES(10222,"norwegian","Bracers of Sacrifice");
INSERT INTO card_name(carta_id, lang, value_) VALUES(10222,"swedish","Bracers of Sacrifice");
INSERT INTO card_name(carta_id, lang, value_) VALUES(10222,"hungarian","Bracers of Sacrifice");
INSERT INTO card_name(carta_id, lang, value_) VALUES(10222,"czech","Bracers of Sacrifice");
INSERT INTO card_name(carta_id, lang, value_) VALUES(10222,"romanian","Bracers of Sacrifice");
INSERT INTO card_name(carta_id, lang, value_) VALUES(10222,"turkish","Bracers of Sacrifice");
INSERT INTO card_name(carta_id, lang, value_) VALUES(10222,"brazilian","Braçadeiras do Sacrifício");
INSERT INTO card_name(carta_id, lang, value_) VALUES(10222,"bulgarian","Bracers of Sacrifice");
INSERT INTO card_name(carta_id, lang, value_) VALUES(10222,"greek","Bracers of Sacrifice");
INSERT INTO card_name(carta_id, lang, value_) VALUES(10222,"ukrainian","Bracers of Sacrifice");
INSERT INTO card_name(carta_id, lang, value_) VALUES(10222,"latam","Brazales de sacrificio");
INSERT INTO card_name(carta_id, lang, value_) VALUES(10222,"vietnamese","Bracers of Sacrifice");
INSERT INTO large_image(carta_id, lang, value_) VALUES(10222,"default","https://steamcdn-a.akamaihd.net/apps/583950/icons/set01/10222_large_english.964c1dbea3514bf1bccb3557435d24cc106df397.png");
INSERT INTO large_image(carta_id, lang, value_) VALUES(10222,"german","https://steamcdn-a.akamaihd.net/apps/583950/icons/set01/10222_large_german.1f8c1458d3ebcc4f331e99c3e0706687211c01dc.png");
INSERT INTO large_image(carta_id, lang, value_) VALUES(10222,"french","https://steamcdn-a.akamaihd.net/apps/583950/icons/set01/10222_large_french.4d4668d511b3542286624c928c267119a535ad0b.png");
INSERT INTO large_image(carta_id, lang, value_) VALUES(10222,"italian","https://steamcdn-a.akamaihd.net/apps/583950/icons/set01/10222_large_italian.038057ec3414b958dd14877605e23bbf5a89315c.png");

INSERT INTO large_image(carta_id, lang, value_) VALUES(10222,"spanish","https://steamcdn-a.akamaihd.net/apps/583950/icons/set01/10222_large_spanish.210d55e38779be320b26c421c38a6017b21ce3b0.png");




INSERT INTO large_image(carta_id, lang, value_) VALUES(10222,"brazilian","https://steamcdn-a.akamaihd.net/apps/583950/icons/set01/10222_large_brazilian.91f47342465edf53b145956c70d5c8e8b1e7b4a1.png");
INSERT INTO large_image(carta_id, lang, value_) VALUES(10222,"latam","https://steamcdn-a.akamaihd.net/apps/583950/icons/set01/10222_large_latam.7174c093bd63bb57ae6e4f4a51e5295c1f963bd2.png");
INSERT INTO carta(id, card_type, illustrator, rarity, item_def) VALUES (10223,'Item','Pauline Voss','Common',110223);
INSERT INTO card_name(carta_id, lang, value_) VALUES(10223,"english","Red Mist Maul");
INSERT INTO card_name(carta_id, lang, value_) VALUES(10223,"german","Rotnebelhammer");
INSERT INTO card_name(carta_id, lang, value_) VALUES(10223,"french","Masse de la Brume rouge");
INSERT INTO card_name(carta_id, lang, value_) VALUES(10223,"italian","Maglio della Nebbia Rossa");

INSERT INTO card_name(carta_id, lang, value_) VALUES(10223,"spanish","Maza de la Niebla Roja");



INSERT INTO card_name(carta_id, lang, value_) VALUES(10223,"thai","Red Mist Maul");

INSERT INTO card_name(carta_id, lang, value_) VALUES(10223,"portuguese","Red Mist Maul");
INSERT INTO card_name(carta_id, lang, value_) VALUES(10223,"polish","Red Mist Maul");
INSERT INTO card_name(carta_id, lang, value_) VALUES(10223,"danish","Red Mist Maul");
INSERT INTO card_name(carta_id, lang, value_) VALUES(10223,"dutch","Red Mist Maul");
INSERT INTO card_name(carta_id, lang, value_) VALUES(10223,"finnish","Red Mist Maul");
INSERT INTO card_name(carta_id, lang, value_) VALUES(10223,"norwegian","Red Mist Maul");
INSERT INTO card_name(carta_id, lang, value_) VALUES(10223,"swedish","Red Mist Maul");
INSERT INTO card_name(carta_id, lang, value_) VALUES(10223,"hungarian","Red Mist Maul");
INSERT INTO card_name(carta_id, lang, value_) VALUES(10223,"czech","Red Mist Maul");
INSERT INTO card_name(carta_id, lang, value_) VALUES(10223,"romanian","Red Mist Maul");
INSERT INTO card_name(carta_id, lang, value_) VALUES(10223,"turkish","Red Mist Maul");
INSERT INTO card_name(carta_id, lang, value_) VALUES(10223,"brazilian","Malho da Névoa Vermelha");
INSERT INTO card_name(carta_id, lang, value_) VALUES(10223,"bulgarian","Red Mist Maul");
INSERT INTO card_name(carta_id, lang, value_) VALUES(10223,"greek","Red Mist Maul");
INSERT INTO card_name(carta_id, lang, value_) VALUES(10223,"ukrainian","Red Mist Maul");
INSERT INTO card_name(carta_id, lang, value_) VALUES(10223,"latam","Maza de la Niebla Roja");
INSERT INTO card_name(carta_id, lang, value_) VALUES(10223,"vietnamese","Red Mist Maul");
INSERT INTO large_image(carta_id, lang, value_) VALUES(10223,"default","https://steamcdn-a.akamaihd.net/apps/583950/icons/set01/10223_large_english.2257c9d456db68ee584378010365cb0a2ec6efca.png");
INSERT INTO large_image(carta_id, lang, value_) VALUES(10223,"german","https://steamcdn-a.akamaihd.net/apps/583950/icons/set01/10223_large_german.6c01b377f03b57640a82e1bfa9371476a2c16822.png");
INSERT INTO large_image(carta_id, lang, value_) VALUES(10223,"french","https://steamcdn-a.akamaihd.net/apps/583950/icons/set01/10223_large_french.77c20baea77e0a29b843b4b66a096ed8a43981e2.png");
INSERT INTO large_image(carta_id, lang, value_) VALUES(10223,"italian","https://steamcdn-a.akamaihd.net/apps/583950/icons/set01/10223_large_italian.6a3d009cd04d5f10a486f8e2e8d4d991bb691617.png");

INSERT INTO large_image(carta_id, lang, value_) VALUES(10223,"spanish","https://steamcdn-a.akamaihd.net/apps/583950/icons/set01/10223_large_spanish.0b1553c09f05ad97eea0109a015bc547fe230c69.png");




INSERT INTO large_image(carta_id, lang, value_) VALUES(10223,"brazilian","https://steamcdn-a.akamaihd.net/apps/583950/icons/set01/10223_large_brazilian.225a2be503eaa0f578572c6e3c05c0b409ad5510.png");
INSERT INTO large_image(carta_id, lang, value_) VALUES(10223,"latam","https://steamcdn-a.akamaihd.net/apps/583950/icons/set01/10223_large_latam.eed590d3109907b5eb32f215cbca351ea67543e4.png");
INSERT INTO carta(id, card_type, illustrator, rarity, item_def) VALUES (10224,'Item','Chris Welch','Uncommon',110224);
INSERT INTO card_name(carta_id, lang, value_) VALUES(10224,"english","Helm of the Dominator");
INSERT INTO card_name(carta_id, lang, value_) VALUES(10224,"german","Helm des Dominators");
INSERT INTO card_name(carta_id, lang, value_) VALUES(10224,"french","Heaume du dominateur");
INSERT INTO card_name(carta_id, lang, value_) VALUES(10224,"italian","Elmo del dominatore");

INSERT INTO card_name(carta_id, lang, value_) VALUES(10224,"spanish","Yelmo del Dominador");



INSERT INTO card_name(carta_id, lang, value_) VALUES(10224,"thai","Helm of the Dominator");

INSERT INTO card_name(carta_id, lang, value_) VALUES(10224,"portuguese","Helm of the Dominator");
INSERT INTO card_name(carta_id, lang, value_) VALUES(10224,"polish","Helm of the Dominator");
INSERT INTO card_name(carta_id, lang, value_) VALUES(10224,"danish","Helm of the Dominator");
INSERT INTO card_name(carta_id, lang, value_) VALUES(10224,"dutch","Helm of the Dominator");
INSERT INTO card_name(carta_id, lang, value_) VALUES(10224,"finnish","Helm of the Dominator");
INSERT INTO card_name(carta_id, lang, value_) VALUES(10224,"norwegian","Helm of the Dominator");
INSERT INTO card_name(carta_id, lang, value_) VALUES(10224,"swedish","Helm of the Dominator");
INSERT INTO card_name(carta_id, lang, value_) VALUES(10224,"hungarian","Helm of the Dominator");
INSERT INTO card_name(carta_id, lang, value_) VALUES(10224,"czech","Helm of the Dominator");
INSERT INTO card_name(carta_id, lang, value_) VALUES(10224,"romanian","Helm of the Dominator");
INSERT INTO card_name(carta_id, lang, value_) VALUES(10224,"turkish","Helm of the Dominator");
INSERT INTO card_name(carta_id, lang, value_) VALUES(10224,"brazilian","Elmo do Dominador");
INSERT INTO card_name(carta_id, lang, value_) VALUES(10224,"bulgarian","Helm of the Dominator");
INSERT INTO card_name(carta_id, lang, value_) VALUES(10224,"greek","Helm of the Dominator");
INSERT INTO card_name(carta_id, lang, value_) VALUES(10224,"ukrainian","Helm of the Dominator");
INSERT INTO card_name(carta_id, lang, value_) VALUES(10224,"latam","Yelmo del Dominador");
INSERT INTO card_name(carta_id, lang, value_) VALUES(10224,"vietnamese","Helm of the Dominator");
INSERT INTO large_image(carta_id, lang, value_) VALUES(10224,"default","https://steamcdn-a.akamaihd.net/apps/583950/icons/set01/10224_large_english.ce97124ec4bb16a4023386380bfdccfc87c778c0.png");
INSERT INTO large_image(carta_id, lang, value_) VALUES(10224,"german","https://steamcdn-a.akamaihd.net/apps/583950/icons/set01/10224_large_german.49cbf5f89d2bc6d56260dd8c68c824ab2b5e2951.png");
INSERT INTO large_image(carta_id, lang, value_) VALUES(10224,"french","https://steamcdn-a.akamaihd.net/apps/583950/icons/set01/10224_large_french.3de2a3ea8fa08ba3e2613dfe4caedc565b2f2967.png");
INSERT INTO large_image(carta_id, lang, value_) VALUES(10224,"italian","https://steamcdn-a.akamaihd.net/apps/583950/icons/set01/10224_large_italian.e4e5f41c53397912e0c1374a2921fb94ac28193b.png");

INSERT INTO large_image(carta_id, lang, value_) VALUES(10224,"spanish","https://steamcdn-a.akamaihd.net/apps/583950/icons/set01/10224_large_spanish.a5af55d01a6a0085aeb6c69e46083e055e6be263.png");




INSERT INTO large_image(carta_id, lang, value_) VALUES(10224,"brazilian","https://steamcdn-a.akamaihd.net/apps/583950/icons/set01/10224_large_brazilian.ccd148ddefdcbbf72764955a87cf2b813da3caae.png");
INSERT INTO large_image(carta_id, lang, value_) VALUES(10224,"latam","https://steamcdn-a.akamaihd.net/apps/583950/icons/set01/10224_large_latam.75ff4ba151052c2515ad3471f79cdeba2daa8a88.png");
INSERT INTO carta(id, card_type, illustrator, rarity, item_def) VALUES (10225,'Item','Suzanne Helmigh','Rare',110225);
INSERT INTO card_name(carta_id, lang, value_) VALUES(10225,"english","Vesture of the Tyrant");
INSERT INTO card_name(carta_id, lang, value_) VALUES(10225,"german","Gewand des Tyrannen");
INSERT INTO card_name(carta_id, lang, value_) VALUES(10225,"french","Habit du tyran");
INSERT INTO card_name(carta_id, lang, value_) VALUES(10225,"italian","Vesti del tiranno");

INSERT INTO card_name(carta_id, lang, value_) VALUES(10225,"spanish","Vestiduras del tirano");



INSERT INTO card_name(carta_id, lang, value_) VALUES(10225,"thai","Vesture of the Tyrant");

INSERT INTO card_name(carta_id, lang, value_) VALUES(10225,"portuguese","Vesture of the Tyrant");
INSERT INTO card_name(carta_id, lang, value_) VALUES(10225,"polish","Vesture of the Tyrant");
INSERT INTO card_name(carta_id, lang, value_) VALUES(10225,"danish","Vesture of the Tyrant");
INSERT INTO card_name(carta_id, lang, value_) VALUES(10225,"dutch","Vesture of the Tyrant");
INSERT INTO card_name(carta_id, lang, value_) VALUES(10225,"finnish","Vesture of the Tyrant");
INSERT INTO card_name(carta_id, lang, value_) VALUES(10225,"norwegian","Vesture of the Tyrant");
INSERT INTO card_name(carta_id, lang, value_) VALUES(10225,"swedish","Vesture of the Tyrant");
INSERT INTO card_name(carta_id, lang, value_) VALUES(10225,"hungarian","Vesture of the Tyrant");
INSERT INTO card_name(carta_id, lang, value_) VALUES(10225,"czech","Vesture of the Tyrant");
INSERT INTO card_name(carta_id, lang, value_) VALUES(10225,"romanian","Vesture of the Tyrant");
INSERT INTO card_name(carta_id, lang, value_) VALUES(10225,"turkish","Vesture of the Tyrant");
INSERT INTO card_name(carta_id, lang, value_) VALUES(10225,"brazilian","Vestimenta do Tirano");
INSERT INTO card_name(carta_id, lang, value_) VALUES(10225,"bulgarian","Vesture of the Tyrant");
INSERT INTO card_name(carta_id, lang, value_) VALUES(10225,"greek","Vesture of the Tyrant");
INSERT INTO card_name(carta_id, lang, value_) VALUES(10225,"ukrainian","Vesture of the Tyrant");
INSERT INTO card_name(carta_id, lang, value_) VALUES(10225,"latam","Vestiduras del tirano");
INSERT INTO card_name(carta_id, lang, value_) VALUES(10225,"vietnamese","Vesture of the Tyrant");
INSERT INTO large_image(carta_id, lang, value_) VALUES(10225,"default","https://steamcdn-a.akamaihd.net/apps/583950/icons/set01/10225_large_english.a53f60a56623ae8ff3a6547a39e1d7d00f338b81.png");
INSERT INTO large_image(carta_id, lang, value_) VALUES(10225,"german","https://steamcdn-a.akamaihd.net/apps/583950/icons/set01/10225_large_german.63b7bb26c40771ad00fd9ca0b8b48e9c57b43aa7.png");
INSERT INTO large_image(carta_id, lang, value_) VALUES(10225,"french","https://steamcdn-a.akamaihd.net/apps/583950/icons/set01/10225_large_french.ed800b91d7b9dca0f454b33b058ea74806c050c1.png");
INSERT INTO large_image(carta_id, lang, value_) VALUES(10225,"italian","https://steamcdn-a.akamaihd.net/apps/583950/icons/set01/10225_large_italian.1044638757d43c644ad6ff7a9b91a659f427d157.png");

INSERT INTO large_image(carta_id, lang, value_) VALUES(10225,"spanish","https://steamcdn-a.akamaihd.net/apps/583950/icons/set01/10225_large_spanish.37d2a214ef2ef82547737f7783e68d88121ed111.png");




INSERT INTO large_image(carta_id, lang, value_) VALUES(10225,"brazilian","https://steamcdn-a.akamaihd.net/apps/583950/icons/set01/10225_large_brazilian.2ff6b2ccd418741ad4999f7620e51d826dff88a9.png");
INSERT INTO large_image(carta_id, lang, value_) VALUES(10225,"latam","https://steamcdn-a.akamaihd.net/apps/583950/icons/set01/10225_large_latam.4fa776d583ebe617efe53cb4532ea193b87ad69b.png");
INSERT INTO carta(id, card_type, illustrator, rarity, item_def) VALUES (10226,'Item','JiHun Lee','Rare',110226);
INSERT INTO card_name(carta_id, lang, value_) VALUES(10226,"english","Wingfall Hammer");
INSERT INTO card_name(carta_id, lang, value_) VALUES(10226,"german","Schwingenhammer");
INSERT INTO card_name(carta_id, lang, value_) VALUES(10226,"french","Marteau d'ailetombe");
INSERT INTO card_name(carta_id, lang, value_) VALUES(10226,"italian","Martello alato");

INSERT INTO card_name(carta_id, lang, value_) VALUES(10226,"spanish","Martillo alado");



INSERT INTO card_name(carta_id, lang, value_) VALUES(10226,"thai","Wingfall Hammer");

INSERT INTO card_name(carta_id, lang, value_) VALUES(10226,"portuguese","Wingfall Hammer");
INSERT INTO card_name(carta_id, lang, value_) VALUES(10226,"polish","Wingfall Hammer");
INSERT INTO card_name(carta_id, lang, value_) VALUES(10226,"danish","Wingfall Hammer");
INSERT INTO card_name(carta_id, lang, value_) VALUES(10226,"dutch","Wingfall Hammer");
INSERT INTO card_name(carta_id, lang, value_) VALUES(10226,"finnish","Wingfall Hammer");
INSERT INTO card_name(carta_id, lang, value_) VALUES(10226,"norwegian","Wingfall Hammer");
INSERT INTO card_name(carta_id, lang, value_) VALUES(10226,"swedish","Wingfall Hammer");
INSERT INTO card_name(carta_id, lang, value_) VALUES(10226,"hungarian","Wingfall Hammer");
INSERT INTO card_name(carta_id, lang, value_) VALUES(10226,"czech","Wingfall Hammer");
INSERT INTO card_name(carta_id, lang, value_) VALUES(10226,"romanian","Wingfall Hammer");
INSERT INTO card_name(carta_id, lang, value_) VALUES(10226,"turkish","Wingfall Hammer");
INSERT INTO card_name(carta_id, lang, value_) VALUES(10226,"brazilian","Martelo da Bonança");
INSERT INTO card_name(carta_id, lang, value_) VALUES(10226,"bulgarian","Wingfall Hammer");
INSERT INTO card_name(carta_id, lang, value_) VALUES(10226,"greek","Wingfall Hammer");
INSERT INTO card_name(carta_id, lang, value_) VALUES(10226,"ukrainian","Wingfall Hammer");
INSERT INTO card_name(carta_id, lang, value_) VALUES(10226,"latam","Martillo alado");
INSERT INTO card_name(carta_id, lang, value_) VALUES(10226,"vietnamese","Wingfall Hammer");
INSERT INTO large_image(carta_id, lang, value_) VALUES(10226,"default","https://steamcdn-a.akamaihd.net/apps/583950/icons/set01/10226_large_english.9738c552b438be1aeb8e7e26bdbf4f2e2707ce99.png");
INSERT INTO large_image(carta_id, lang, value_) VALUES(10226,"german","https://steamcdn-a.akamaihd.net/apps/583950/icons/set01/10226_large_german.f45f04b1e0b40e83f121b93a19cffb1087221db0.png");
INSERT INTO large_image(carta_id, lang, value_) VALUES(10226,"french","https://steamcdn-a.akamaihd.net/apps/583950/icons/set01/10226_large_french.72f9fcbe44804ab3b165ef02f713a0dcf6b751bd.png");
INSERT INTO large_image(carta_id, lang, value_) VALUES(10226,"italian","https://steamcdn-a.akamaihd.net/apps/583950/icons/set01/10226_large_italian.471bc5de097822ccc0f1eb8ddee35001028cee8d.png");

INSERT INTO large_image(carta_id, lang, value_) VALUES(10226,"spanish","https://steamcdn-a.akamaihd.net/apps/583950/icons/set01/10226_large_spanish.4c6663121fc1a520be5f014ecb6c65e31179e662.png");




INSERT INTO large_image(carta_id, lang, value_) VALUES(10226,"brazilian","https://steamcdn-a.akamaihd.net/apps/583950/icons/set01/10226_large_brazilian.da31c05480804742751bbdcdc68e0a44f009f218.png");
INSERT INTO large_image(carta_id, lang, value_) VALUES(10226,"latam","https://steamcdn-a.akamaihd.net/apps/583950/icons/set01/10226_large_latam.f4752941203f9bf17cee334a2b8368a1101764b3.png");
INSERT INTO carta(id, card_type, illustrator, rarity, item_def) VALUES (10230,'Item','Christine Choi','Rare',110230);
INSERT INTO card_name(carta_id, lang, value_) VALUES(10230,"english","Ristul Emblem");
INSERT INTO card_name(carta_id, lang, value_) VALUES(10230,"german","Ristul-Emblem");
INSERT INTO card_name(carta_id, lang, value_) VALUES(10230,"french","Emblème de Ristul");
INSERT INTO card_name(carta_id, lang, value_) VALUES(10230,"italian","Emblema di Ristul");

INSERT INTO card_name(carta_id, lang, value_) VALUES(10230,"spanish","Emblema de Ristul");



INSERT INTO card_name(carta_id, lang, value_) VALUES(10230,"thai","Ristul Emblem");

INSERT INTO card_name(carta_id, lang, value_) VALUES(10230,"portuguese","Ristul Emblem");
INSERT INTO card_name(carta_id, lang, value_) VALUES(10230,"polish","Ristul Emblem");
INSERT INTO card_name(carta_id, lang, value_) VALUES(10230,"danish","Ristul Emblem");
INSERT INTO card_name(carta_id, lang, value_) VALUES(10230,"dutch","Ristul Emblem");
INSERT INTO card_name(carta_id, lang, value_) VALUES(10230,"finnish","Ristul Emblem");
INSERT INTO card_name(carta_id, lang, value_) VALUES(10230,"norwegian","Ristul Emblem");
INSERT INTO card_name(carta_id, lang, value_) VALUES(10230,"swedish","Ristul Emblem");
INSERT INTO card_name(carta_id, lang, value_) VALUES(10230,"hungarian","Ristul Emblem");
INSERT INTO card_name(carta_id, lang, value_) VALUES(10230,"czech","Ristul Emblem");
INSERT INTO card_name(carta_id, lang, value_) VALUES(10230,"romanian","Ristul Emblem");
INSERT INTO card_name(carta_id, lang, value_) VALUES(10230,"turkish","Ristul Emblem");
INSERT INTO card_name(carta_id, lang, value_) VALUES(10230,"brazilian","Emblema de Ristul");
INSERT INTO card_name(carta_id, lang, value_) VALUES(10230,"bulgarian","Ristul Emblem");
INSERT INTO card_name(carta_id, lang, value_) VALUES(10230,"greek","Ristul Emblem");
INSERT INTO card_name(carta_id, lang, value_) VALUES(10230,"ukrainian","Ristul Emblem");
INSERT INTO card_name(carta_id, lang, value_) VALUES(10230,"latam","Emblema de Ristul");
INSERT INTO card_name(carta_id, lang, value_) VALUES(10230,"vietnamese","Ristul Emblem");
INSERT INTO large_image(carta_id, lang, value_) VALUES(10230,"default","https://steamcdn-a.akamaihd.net/apps/583950/icons/set01/10230_large_english.315dbcd40700e9a6f2b5ac1874d48cc02b0024d8.png");
INSERT INTO large_image(carta_id, lang, value_) VALUES(10230,"german","https://steamcdn-a.akamaihd.net/apps/583950/icons/set01/10230_large_german.7a3cdff6cf517a64546bb241515d4d73abcc689b.png");
INSERT INTO large_image(carta_id, lang, value_) VALUES(10230,"french","https://steamcdn-a.akamaihd.net/apps/583950/icons/set01/10230_large_french.9debdd0cde2106bd9a42f9fa8fa9a7f95d5d1345.png");
INSERT INTO large_image(carta_id, lang, value_) VALUES(10230,"italian","https://steamcdn-a.akamaihd.net/apps/583950/icons/set01/10230_large_italian.9dd1eccc9cf940476440a65b889f7488b38d05e6.png");

INSERT INTO large_image(carta_id, lang, value_) VALUES(10230,"spanish","https://steamcdn-a.akamaihd.net/apps/583950/icons/set01/10230_large_spanish.7f849da9f9fc7526b7ad1d282012d7d9a42120ba.png");




INSERT INTO large_image(carta_id, lang, value_) VALUES(10230,"brazilian","https://steamcdn-a.akamaihd.net/apps/583950/icons/set01/10230_large_brazilian.87fdc517e5b44cacd75d549df6bcc174282732b0.png");
INSERT INTO large_image(carta_id, lang, value_) VALUES(10230,"latam","https://steamcdn-a.akamaihd.net/apps/583950/icons/set01/10230_large_latam.8ac49485b7a2a9a46923ef438d06a7aeef6ec94c.png");
INSERT INTO carta(id, card_type, illustrator, rarity, item_def) VALUES (10231,'Item','Daarken','Rare',110231);
INSERT INTO card_name(carta_id, lang, value_) VALUES(10231,"english","Cloak of Endless Carnage");
INSERT INTO card_name(carta_id, lang, value_) VALUES(10231,"german","Mantel des endlosen Gemetzels");
INSERT INTO card_name(carta_id, lang, value_) VALUES(10231,"french","Manteau du Charnier éternel");
INSERT INTO card_name(carta_id, lang, value_) VALUES(10231,"italian","Mantello della carneficina infinita");

INSERT INTO card_name(carta_id, lang, value_) VALUES(10231,"spanish","Capa de la masacre infinita");



INSERT INTO card_name(carta_id, lang, value_) VALUES(10231,"thai","Cloak of Endless Carnage");

INSERT INTO card_name(carta_id, lang, value_) VALUES(10231,"portuguese","Cloak of Endless Carnage");
INSERT INTO card_name(carta_id, lang, value_) VALUES(10231,"polish","Cloak of Endless Carnage");
INSERT INTO card_name(carta_id, lang, value_) VALUES(10231,"danish","Cloak of Endless Carnage");
INSERT INTO card_name(carta_id, lang, value_) VALUES(10231,"dutch","Cloak of Endless Carnage");
INSERT INTO card_name(carta_id, lang, value_) VALUES(10231,"finnish","Cloak of Endless Carnage");
INSERT INTO card_name(carta_id, lang, value_) VALUES(10231,"norwegian","Cloak of Endless Carnage");
INSERT INTO card_name(carta_id, lang, value_) VALUES(10231,"swedish","Cloak of Endless Carnage");
INSERT INTO card_name(carta_id, lang, value_) VALUES(10231,"hungarian","Cloak of Endless Carnage");
INSERT INTO card_name(carta_id, lang, value_) VALUES(10231,"czech","Cloak of Endless Carnage");
INSERT INTO card_name(carta_id, lang, value_) VALUES(10231,"romanian","Cloak of Endless Carnage");
INSERT INTO card_name(carta_id, lang, value_) VALUES(10231,"turkish","Cloak of Endless Carnage");
INSERT INTO card_name(carta_id, lang, value_) VALUES(10231,"brazilian","Manto da Carnificina Perpétua");
INSERT INTO card_name(carta_id, lang, value_) VALUES(10231,"bulgarian","Cloak of Endless Carnage");
INSERT INTO card_name(carta_id, lang, value_) VALUES(10231,"greek","Cloak of Endless Carnage");
INSERT INTO card_name(carta_id, lang, value_) VALUES(10231,"ukrainian","Cloak of Endless Carnage");
INSERT INTO card_name(carta_id, lang, value_) VALUES(10231,"latam","Capa de la masacre infinita");
INSERT INTO card_name(carta_id, lang, value_) VALUES(10231,"vietnamese","Cloak of Endless Carnage");
INSERT INTO large_image(carta_id, lang, value_) VALUES(10231,"default","https://steamcdn-a.akamaihd.net/apps/583950/icons/set01/10231_large_english.7dbc6be030ebebb6259c5b1121bf7a600801e17b.png");
INSERT INTO large_image(carta_id, lang, value_) VALUES(10231,"german","https://steamcdn-a.akamaihd.net/apps/583950/icons/set01/10231_large_german.c24b839dd337745918ebf4d7eb470c9875d76523.png");
INSERT INTO large_image(carta_id, lang, value_) VALUES(10231,"french","https://steamcdn-a.akamaihd.net/apps/583950/icons/set01/10231_large_french.19a11df71984d1deaf3e1a0f283dae4bd9444e8d.png");
INSERT INTO large_image(carta_id, lang, value_) VALUES(10231,"italian","https://steamcdn-a.akamaihd.net/apps/583950/icons/set01/10231_large_italian.9e9807318aae7ea17afaee022d982f13a794af61.png");

INSERT INTO large_image(carta_id, lang, value_) VALUES(10231,"spanish","https://steamcdn-a.akamaihd.net/apps/583950/icons/set01/10231_large_spanish.f0e2551a25802d589185f26c1b697bd4bd5442bd.png");




INSERT INTO large_image(carta_id, lang, value_) VALUES(10231,"brazilian","https://steamcdn-a.akamaihd.net/apps/583950/icons/set01/10231_large_brazilian.d21075efaec50392e605ef7d8cfc1095e2178042.png");
INSERT INTO large_image(carta_id, lang, value_) VALUES(10231,"latam","https://steamcdn-a.akamaihd.net/apps/583950/icons/set01/10231_large_latam.d230b8b80643943f0eaccf4d1344a1bef1a9040a.png");
INSERT INTO carta(id, card_type, illustrator, rarity, item_def) VALUES (10232,'Item','Magali Villeneuve','Rare',110232);
INSERT INTO card_name(carta_id, lang, value_) VALUES(10232,"english","Seraphim Shield");
INSERT INTO card_name(carta_id, lang, value_) VALUES(10232,"german","Seraphenschild");
INSERT INTO card_name(carta_id, lang, value_) VALUES(10232,"french","Bouclier de séraphin");
INSERT INTO card_name(carta_id, lang, value_) VALUES(10232,"italian","Scudo del Serafino");

INSERT INTO card_name(carta_id, lang, value_) VALUES(10232,"spanish","Escudo seráfico");



INSERT INTO card_name(carta_id, lang, value_) VALUES(10232,"thai","Seraphim Shield");

INSERT INTO card_name(carta_id, lang, value_) VALUES(10232,"portuguese","Seraphim Shield");
INSERT INTO card_name(carta_id, lang, value_) VALUES(10232,"polish","Seraphim Shield");
INSERT INTO card_name(carta_id, lang, value_) VALUES(10232,"danish","Seraphim Shield");
INSERT INTO card_name(carta_id, lang, value_) VALUES(10232,"dutch","Seraphim Shield");
INSERT INTO card_name(carta_id, lang, value_) VALUES(10232,"finnish","Seraphim Shield");
INSERT INTO card_name(carta_id, lang, value_) VALUES(10232,"norwegian","Seraphim Shield");
INSERT INTO card_name(carta_id, lang, value_) VALUES(10232,"swedish","Seraphim Shield");
INSERT INTO card_name(carta_id, lang, value_) VALUES(10232,"hungarian","Seraphim Shield");
INSERT INTO card_name(carta_id, lang, value_) VALUES(10232,"czech","Seraphim Shield");
INSERT INTO card_name(carta_id, lang, value_) VALUES(10232,"romanian","Seraphim Shield");
INSERT INTO card_name(carta_id, lang, value_) VALUES(10232,"turkish","Seraphim Shield");
INSERT INTO card_name(carta_id, lang, value_) VALUES(10232,"brazilian","Escudo Seráfico");
INSERT INTO card_name(carta_id, lang, value_) VALUES(10232,"bulgarian","Seraphim Shield");
INSERT INTO card_name(carta_id, lang, value_) VALUES(10232,"greek","Seraphim Shield");
INSERT INTO card_name(carta_id, lang, value_) VALUES(10232,"ukrainian","Seraphim Shield");
INSERT INTO card_name(carta_id, lang, value_) VALUES(10232,"latam","Escudo seráfico");
INSERT INTO card_name(carta_id, lang, value_) VALUES(10232,"vietnamese","Seraphim Shield");
INSERT INTO large_image(carta_id, lang, value_) VALUES(10232,"default","https://steamcdn-a.akamaihd.net/apps/583950/icons/set01/10232_large_english.c2f80f5643c7d02ad6b07b555aa9e8e1762f512d.png");
INSERT INTO large_image(carta_id, lang, value_) VALUES(10232,"german","https://steamcdn-a.akamaihd.net/apps/583950/icons/set01/10232_large_german.b50e26b8940d2232d283a7833300370c9d52a966.png");
INSERT INTO large_image(carta_id, lang, value_) VALUES(10232,"french","https://steamcdn-a.akamaihd.net/apps/583950/icons/set01/10232_large_french.dd49bd49a97dca33bb9aa90bca30b48bd79f7b1f.png");
INSERT INTO large_image(carta_id, lang, value_) VALUES(10232,"italian","https://steamcdn-a.akamaihd.net/apps/583950/icons/set01/10232_large_italian.a71d8ba649fc56ab8af1d425c25c1123b985e069.png");

INSERT INTO large_image(carta_id, lang, value_) VALUES(10232,"spanish","https://steamcdn-a.akamaihd.net/apps/583950/icons/set01/10232_large_spanish.aab8b8c9736de4b7bfb7a212f34da714d5294877.png");




INSERT INTO large_image(carta_id, lang, value_) VALUES(10232,"brazilian","https://steamcdn-a.akamaihd.net/apps/583950/icons/set01/10232_large_brazilian.ae0b8d590cfd3a43091700066f0523e2a1b1f7f1.png");
INSERT INTO large_image(carta_id, lang, value_) VALUES(10232,"latam","https://steamcdn-a.akamaihd.net/apps/583950/icons/set01/10232_large_latam.cc78d453e76ef81718e0ff4f096b7fd9e02584fe.png");
INSERT INTO carta(id, card_type, illustrator, rarity, item_def) VALUES (10234,'Item','Pauline Voss','Rare',110234);
INSERT INTO card_name(carta_id, lang, value_) VALUES(10234,"english","Poaching Knife");
INSERT INTO card_name(carta_id, lang, value_) VALUES(10234,"german","Wilderermesser");
INSERT INTO card_name(carta_id, lang, value_) VALUES(10234,"french","Couteau de braconnage");
INSERT INTO card_name(carta_id, lang, value_) VALUES(10234,"italian","Coltello da bracconaggio");

INSERT INTO card_name(carta_id, lang, value_) VALUES(10234,"spanish","Cuchillo de caza");



INSERT INTO card_name(carta_id, lang, value_) VALUES(10234,"thai","Poaching Knife");

INSERT INTO card_name(carta_id, lang, value_) VALUES(10234,"portuguese","Poaching Knife");
INSERT INTO card_name(carta_id, lang, value_) VALUES(10234,"polish","Poaching Knife");
INSERT INTO card_name(carta_id, lang, value_) VALUES(10234,"danish","Poaching Knife");
INSERT INTO card_name(carta_id, lang, value_) VALUES(10234,"dutch","Poaching Knife");
INSERT INTO card_name(carta_id, lang, value_) VALUES(10234,"finnish","Poaching Knife");
INSERT INTO card_name(carta_id, lang, value_) VALUES(10234,"norwegian","Poaching Knife");
INSERT INTO card_name(carta_id, lang, value_) VALUES(10234,"swedish","Poaching Knife");
INSERT INTO card_name(carta_id, lang, value_) VALUES(10234,"hungarian","Poaching Knife");
INSERT INTO card_name(carta_id, lang, value_) VALUES(10234,"czech","Poaching Knife");
INSERT INTO card_name(carta_id, lang, value_) VALUES(10234,"romanian","Poaching Knife");
INSERT INTO card_name(carta_id, lang, value_) VALUES(10234,"turkish","Poaching Knife");
INSERT INTO card_name(carta_id, lang, value_) VALUES(10234,"brazilian","Faca de Caça");
INSERT INTO card_name(carta_id, lang, value_) VALUES(10234,"bulgarian","Poaching Knife");
INSERT INTO card_name(carta_id, lang, value_) VALUES(10234,"greek","Poaching Knife");
INSERT INTO card_name(carta_id, lang, value_) VALUES(10234,"ukrainian","Poaching Knife");
INSERT INTO card_name(carta_id, lang, value_) VALUES(10234,"latam","Cuchillo de caza");
INSERT INTO card_name(carta_id, lang, value_) VALUES(10234,"vietnamese","Poaching Knife");
INSERT INTO large_image(carta_id, lang, value_) VALUES(10234,"default","https://steamcdn-a.akamaihd.net/apps/583950/icons/set01/10234_large_english.4146a74cde1fa04fd677f3089f3ffda8f5e2cec5.png");
INSERT INTO large_image(carta_id, lang, value_) VALUES(10234,"german","https://steamcdn-a.akamaihd.net/apps/583950/icons/set01/10234_large_german.8386fc5db24df78105370439e1706d80556b6cad.png");
INSERT INTO large_image(carta_id, lang, value_) VALUES(10234,"french","https://steamcdn-a.akamaihd.net/apps/583950/icons/set01/10234_large_french.bfa2f2e21cb18d64b9b646a6b4a71e901496ee5d.png");
INSERT INTO large_image(carta_id, lang, value_) VALUES(10234,"italian","https://steamcdn-a.akamaihd.net/apps/583950/icons/set01/10234_large_italian.d8d08bb5b3430b12aee7ae8612f504511eceb423.png");

INSERT INTO large_image(carta_id, lang, value_) VALUES(10234,"spanish","https://steamcdn-a.akamaihd.net/apps/583950/icons/set01/10234_large_spanish.382914d589debdf8333894b8e1a13533d5bfebd9.png");




INSERT INTO large_image(carta_id, lang, value_) VALUES(10234,"brazilian","https://steamcdn-a.akamaihd.net/apps/583950/icons/set01/10234_large_brazilian.70e26297f5847235ea556df16a4b35cfa8c6521f.png");
INSERT INTO large_image(carta_id, lang, value_) VALUES(10234,"latam","https://steamcdn-a.akamaihd.net/apps/583950/icons/set01/10234_large_latam.c0cfc68382ca2a91ebb7772c23287dd3aac1e09d.png");
INSERT INTO carta(id, card_type, illustrator, rarity, item_def) VALUES (10235,'Item','Pauline Voss','Common',110235);
INSERT INTO card_name(carta_id, lang, value_) VALUES(10235,"english","Book of the Dead");
INSERT INTO card_name(carta_id, lang, value_) VALUES(10235,"german","Buch der Toten");
INSERT INTO card_name(carta_id, lang, value_) VALUES(10235,"french","Livre des morts");
INSERT INTO card_name(carta_id, lang, value_) VALUES(10235,"italian","Libro dei morti");

INSERT INTO card_name(carta_id, lang, value_) VALUES(10235,"spanish","Libro de los muertos");



INSERT INTO card_name(carta_id, lang, value_) VALUES(10235,"thai","Book of the Dead");

INSERT INTO card_name(carta_id, lang, value_) VALUES(10235,"portuguese","Book of the Dead");
INSERT INTO card_name(carta_id, lang, value_) VALUES(10235,"polish","Book of the Dead");
INSERT INTO card_name(carta_id, lang, value_) VALUES(10235,"danish","Book of the Dead");
INSERT INTO card_name(carta_id, lang, value_) VALUES(10235,"dutch","Book of the Dead");
INSERT INTO card_name(carta_id, lang, value_) VALUES(10235,"finnish","Book of the Dead");
INSERT INTO card_name(carta_id, lang, value_) VALUES(10235,"norwegian","Book of the Dead");
INSERT INTO card_name(carta_id, lang, value_) VALUES(10235,"swedish","Book of the Dead");
INSERT INTO card_name(carta_id, lang, value_) VALUES(10235,"hungarian","Book of the Dead");
INSERT INTO card_name(carta_id, lang, value_) VALUES(10235,"czech","Book of the Dead");
INSERT INTO card_name(carta_id, lang, value_) VALUES(10235,"romanian","Book of the Dead");
INSERT INTO card_name(carta_id, lang, value_) VALUES(10235,"turkish","Book of the Dead");
INSERT INTO card_name(carta_id, lang, value_) VALUES(10235,"brazilian","Livro dos Mortos");
INSERT INTO card_name(carta_id, lang, value_) VALUES(10235,"bulgarian","Book of the Dead");
INSERT INTO card_name(carta_id, lang, value_) VALUES(10235,"greek","Book of the Dead");
INSERT INTO card_name(carta_id, lang, value_) VALUES(10235,"ukrainian","Book of the Dead");
INSERT INTO card_name(carta_id, lang, value_) VALUES(10235,"latam","Libro de los muertos");
INSERT INTO card_name(carta_id, lang, value_) VALUES(10235,"vietnamese","Book of the Dead");
INSERT INTO large_image(carta_id, lang, value_) VALUES(10235,"default","https://steamcdn-a.akamaihd.net/apps/583950/icons/set01/10235_large_english.609197e2c0f377755fea6e2df111f515b188c451.png");
INSERT INTO large_image(carta_id, lang, value_) VALUES(10235,"german","https://steamcdn-a.akamaihd.net/apps/583950/icons/set01/10235_large_german.d97ada23a728848c94590622ce68575941d0343f.png");
INSERT INTO large_image(carta_id, lang, value_) VALUES(10235,"french","https://steamcdn-a.akamaihd.net/apps/583950/icons/set01/10235_large_french.630f82279983d00114bfe1974b1f53c6ead76a67.png");
INSERT INTO large_image(carta_id, lang, value_) VALUES(10235,"italian","https://steamcdn-a.akamaihd.net/apps/583950/icons/set01/10235_large_italian.50b4bead1be2023de5e25a1ca341905867e30667.png");

INSERT INTO large_image(carta_id, lang, value_) VALUES(10235,"spanish","https://steamcdn-a.akamaihd.net/apps/583950/icons/set01/10235_large_spanish.af7507dc6f9c3cc8a67f3e73e299166748730303.png");




INSERT INTO large_image(carta_id, lang, value_) VALUES(10235,"brazilian","https://steamcdn-a.akamaihd.net/apps/583950/icons/set01/10235_large_brazilian.68e61d9fe1c58bcb0c88310d8cc737dfba970ad8.png");
INSERT INTO large_image(carta_id, lang, value_) VALUES(10235,"latam","https://steamcdn-a.akamaihd.net/apps/583950/icons/set01/10235_large_latam.8d349164a1896842e40162b2c46b5f0ed5a085e3.png");
INSERT INTO carta(id, card_type, illustrator, rarity, item_def) VALUES (10236,'Item','Pauline Voss','Uncommon',110236);
INSERT INTO card_name(carta_id, lang, value_) VALUES(10236,"english","Hero's Cape");
INSERT INTO card_name(carta_id, lang, value_) VALUES(10236,"german","Mantel des Helden");
INSERT INTO card_name(carta_id, lang, value_) VALUES(10236,"french","Cape de héros");
INSERT INTO card_name(carta_id, lang, value_) VALUES(10236,"italian","Cappa dell'eroe");

INSERT INTO card_name(carta_id, lang, value_) VALUES(10236,"spanish","Capa del héroe");



INSERT INTO card_name(carta_id, lang, value_) VALUES(10236,"thai","Hero's Cape");

INSERT INTO card_name(carta_id, lang, value_) VALUES(10236,"portuguese","Hero's Cape");
INSERT INTO card_name(carta_id, lang, value_) VALUES(10236,"polish","Hero's Cape");
INSERT INTO card_name(carta_id, lang, value_) VALUES(10236,"danish","Hero's Cape");
INSERT INTO card_name(carta_id, lang, value_) VALUES(10236,"dutch","Hero's Cape");
INSERT INTO card_name(carta_id, lang, value_) VALUES(10236,"finnish","Hero's Cape");
INSERT INTO card_name(carta_id, lang, value_) VALUES(10236,"norwegian","Hero's Cape");
INSERT INTO card_name(carta_id, lang, value_) VALUES(10236,"swedish","Hero's Cape");
INSERT INTO card_name(carta_id, lang, value_) VALUES(10236,"hungarian","Hero's Cape");
INSERT INTO card_name(carta_id, lang, value_) VALUES(10236,"czech","Hero's Cape");
INSERT INTO card_name(carta_id, lang, value_) VALUES(10236,"romanian","Hero's Cape");
INSERT INTO card_name(carta_id, lang, value_) VALUES(10236,"turkish","Hero's Cape");
INSERT INTO card_name(carta_id, lang, value_) VALUES(10236,"brazilian","Capa do Herói");
INSERT INTO card_name(carta_id, lang, value_) VALUES(10236,"bulgarian","Hero's Cape");
INSERT INTO card_name(carta_id, lang, value_) VALUES(10236,"greek","Hero's Cape");
INSERT INTO card_name(carta_id, lang, value_) VALUES(10236,"ukrainian","Hero's Cape");
INSERT INTO card_name(carta_id, lang, value_) VALUES(10236,"latam","Capa del héroe");
INSERT INTO card_name(carta_id, lang, value_) VALUES(10236,"vietnamese","Hero's Cape");
INSERT INTO large_image(carta_id, lang, value_) VALUES(10236,"default","https://steamcdn-a.akamaihd.net/apps/583950/icons/set01/10236_large_english.3f6552b9f6451ae53a5b321c459f5970e067e1b2.png");
INSERT INTO large_image(carta_id, lang, value_) VALUES(10236,"german","https://steamcdn-a.akamaihd.net/apps/583950/icons/set01/10236_large_german.bdba0b8b5947d3095326865ef611060efd15fa9f.png");
INSERT INTO large_image(carta_id, lang, value_) VALUES(10236,"french","https://steamcdn-a.akamaihd.net/apps/583950/icons/set01/10236_large_french.8935a38c96c90cdc3996e35a87771ad8b8f5a501.png");
INSERT INTO large_image(carta_id, lang, value_) VALUES(10236,"italian","https://steamcdn-a.akamaihd.net/apps/583950/icons/set01/10236_large_italian.5ba2afb040bf5b0d65770f77b160492dea06fa34.png");

INSERT INTO large_image(carta_id, lang, value_) VALUES(10236,"spanish","https://steamcdn-a.akamaihd.net/apps/583950/icons/set01/10236_large_spanish.cd59cd3f84939f6f5881b701984ed94916dabb41.png");




INSERT INTO large_image(carta_id, lang, value_) VALUES(10236,"brazilian","https://steamcdn-a.akamaihd.net/apps/583950/icons/set01/10236_large_brazilian.afe363e6451da676913f61a9e47d7b1ff74e9326.png");
INSERT INTO large_image(carta_id, lang, value_) VALUES(10236,"latam","https://steamcdn-a.akamaihd.net/apps/583950/icons/set01/10236_large_latam.661d7101528635c6d2e866ebf7b9384fa037974d.png");
INSERT INTO carta(id, card_type, illustrator, rarity, item_def) VALUES (10237,'Item','Sam Carr','Uncommon',110237);
INSERT INTO card_name(carta_id, lang, value_) VALUES(10237,"english","Platemail");
INSERT INTO card_name(carta_id, lang, value_) VALUES(10237,"german","Plattenpanzer");
INSERT INTO card_name(carta_id, lang, value_) VALUES(10237,"french","Armure de plates");
INSERT INTO card_name(carta_id, lang, value_) VALUES(10237,"italian","Corazza a piastre");

INSERT INTO card_name(carta_id, lang, value_) VALUES(10237,"spanish","Armadura de placas");



INSERT INTO card_name(carta_id, lang, value_) VALUES(10237,"thai","Platemail");

INSERT INTO card_name(carta_id, lang, value_) VALUES(10237,"portuguese","Platemail");
INSERT INTO card_name(carta_id, lang, value_) VALUES(10237,"polish","Platemail");
INSERT INTO card_name(carta_id, lang, value_) VALUES(10237,"danish","Platemail");
INSERT INTO card_name(carta_id, lang, value_) VALUES(10237,"dutch","Platemail");
INSERT INTO card_name(carta_id, lang, value_) VALUES(10237,"finnish","Platemail");
INSERT INTO card_name(carta_id, lang, value_) VALUES(10237,"norwegian","Platemail");
INSERT INTO card_name(carta_id, lang, value_) VALUES(10237,"swedish","Platemail");
INSERT INTO card_name(carta_id, lang, value_) VALUES(10237,"hungarian","Platemail");
INSERT INTO card_name(carta_id, lang, value_) VALUES(10237,"czech","Platemail");
INSERT INTO card_name(carta_id, lang, value_) VALUES(10237,"romanian","Platemail");
INSERT INTO card_name(carta_id, lang, value_) VALUES(10237,"turkish","Platemail");
INSERT INTO card_name(carta_id, lang, value_) VALUES(10237,"brazilian","Armadura de Placas");
INSERT INTO card_name(carta_id, lang, value_) VALUES(10237,"bulgarian","Platemail");
INSERT INTO card_name(carta_id, lang, value_) VALUES(10237,"greek","Platemail");
INSERT INTO card_name(carta_id, lang, value_) VALUES(10237,"ukrainian","Platemail");
INSERT INTO card_name(carta_id, lang, value_) VALUES(10237,"latam","Armadura de placas");
INSERT INTO card_name(carta_id, lang, value_) VALUES(10237,"vietnamese","Platemail");
INSERT INTO large_image(carta_id, lang, value_) VALUES(10237,"default","https://steamcdn-a.akamaihd.net/apps/583950/icons/set01/10237_large_english.777252fb337ccbda9ab6f56577bf6f15ae6be209.png");
INSERT INTO large_image(carta_id, lang, value_) VALUES(10237,"german","https://steamcdn-a.akamaihd.net/apps/583950/icons/set01/10237_large_german.6e1d83cea0e7b4661c08d4d9d82013b8f9f88e1f.png");
INSERT INTO large_image(carta_id, lang, value_) VALUES(10237,"french","https://steamcdn-a.akamaihd.net/apps/583950/icons/set01/10237_large_french.5041052f7ab6dc189c5285261786f59fa6c19beb.png");
INSERT INTO large_image(carta_id, lang, value_) VALUES(10237,"italian","https://steamcdn-a.akamaihd.net/apps/583950/icons/set01/10237_large_italian.61dfbfe53447697daec7507e615682ed69940cc4.png");

INSERT INTO large_image(carta_id, lang, value_) VALUES(10237,"spanish","https://steamcdn-a.akamaihd.net/apps/583950/icons/set01/10237_large_spanish.4b634def4febe320655de4b3abdb765a36fb12cb.png");




INSERT INTO large_image(carta_id, lang, value_) VALUES(10237,"brazilian","https://steamcdn-a.akamaihd.net/apps/583950/icons/set01/10237_large_brazilian.0e88c6e90ae096c1ddebed3e5174748af4fc9d55.png");
INSERT INTO large_image(carta_id, lang, value_) VALUES(10237,"latam","https://steamcdn-a.akamaihd.net/apps/583950/icons/set01/10237_large_latam.48eac76f5b28c7f353a032ee22c16bfdf27a5b08.png");
INSERT INTO carta(id, card_type, illustrator, rarity, item_def) VALUES (10238,'Item','Tommy Arnold','Uncommon',110238);
INSERT INTO card_name(carta_id, lang, value_) VALUES(10238,"english","Claymore");
INSERT INTO card_name(carta_id, lang, value_) VALUES(10238,"german","Zweihänder");
INSERT INTO card_name(carta_id, lang, value_) VALUES(10238,"french","Claymore");
INSERT INTO card_name(carta_id, lang, value_) VALUES(10238,"italian","Claymore");

INSERT INTO card_name(carta_id, lang, value_) VALUES(10238,"spanish","Claymore");



INSERT INTO card_name(carta_id, lang, value_) VALUES(10238,"thai","Claymore");

INSERT INTO card_name(carta_id, lang, value_) VALUES(10238,"portuguese","Claymore");
INSERT INTO card_name(carta_id, lang, value_) VALUES(10238,"polish","Claymore");
INSERT INTO card_name(carta_id, lang, value_) VALUES(10238,"danish","Claymore");
INSERT INTO card_name(carta_id, lang, value_) VALUES(10238,"dutch","Claymore");
INSERT INTO card_name(carta_id, lang, value_) VALUES(10238,"finnish","Claymore");
INSERT INTO card_name(carta_id, lang, value_) VALUES(10238,"norwegian","Claymore");
INSERT INTO card_name(carta_id, lang, value_) VALUES(10238,"swedish","Claymore");
INSERT INTO card_name(carta_id, lang, value_) VALUES(10238,"hungarian","Claymore");
INSERT INTO card_name(carta_id, lang, value_) VALUES(10238,"czech","Claymore");
INSERT INTO card_name(carta_id, lang, value_) VALUES(10238,"romanian","Claymore");
INSERT INTO card_name(carta_id, lang, value_) VALUES(10238,"turkish","Claymore");
INSERT INTO card_name(carta_id, lang, value_) VALUES(10238,"brazilian","Claymore");
INSERT INTO card_name(carta_id, lang, value_) VALUES(10238,"bulgarian","Claymore");
INSERT INTO card_name(carta_id, lang, value_) VALUES(10238,"greek","Claymore");
INSERT INTO card_name(carta_id, lang, value_) VALUES(10238,"ukrainian","Claymore");
INSERT INTO card_name(carta_id, lang, value_) VALUES(10238,"latam","Claymore");
INSERT INTO card_name(carta_id, lang, value_) VALUES(10238,"vietnamese","Claymore");
INSERT INTO large_image(carta_id, lang, value_) VALUES(10238,"default","https://steamcdn-a.akamaihd.net/apps/583950/icons/set01/10238_large_english.1e3bcec8b16ba6712aaa845fdfb051ddaea044d1.png");
INSERT INTO large_image(carta_id, lang, value_) VALUES(10238,"german","https://steamcdn-a.akamaihd.net/apps/583950/icons/set01/10238_large_german.63ba14901e13bf31851fae6411a06c4e3ea357cc.png");
INSERT INTO large_image(carta_id, lang, value_) VALUES(10238,"french","https://steamcdn-a.akamaihd.net/apps/583950/icons/set01/10238_large_french.db6cb0c873d1f97995e454066b6ab3dbbbf1e7cc.png");
INSERT INTO large_image(carta_id, lang, value_) VALUES(10238,"italian","https://steamcdn-a.akamaihd.net/apps/583950/icons/set01/10238_large_italian.cc9d480db782979ba3eaac965f67fe921fdb3281.png");

INSERT INTO large_image(carta_id, lang, value_) VALUES(10238,"spanish","https://steamcdn-a.akamaihd.net/apps/583950/icons/set01/10238_large_spanish.9b158623b58ac27ec37e2c609600e55a60a60409.png");




INSERT INTO large_image(carta_id, lang, value_) VALUES(10238,"brazilian","https://steamcdn-a.akamaihd.net/apps/583950/icons/set01/10238_large_brazilian.97eee7d2b025fe0426398c082b003bc92ac8a283.png");
INSERT INTO large_image(carta_id, lang, value_) VALUES(10238,"latam","https://steamcdn-a.akamaihd.net/apps/583950/icons/set01/10238_large_latam.39f626cc5db68ce1fbb45c7aee7b7e4303f5f594.png");
INSERT INTO carta(id, card_type, illustrator, rarity, item_def) VALUES (10241,'Item','Magali Villeneuve','Uncommon',110241);
INSERT INTO card_name(carta_id, lang, value_) VALUES(10241,"english","Claszureme Hourglass");
INSERT INTO card_name(carta_id, lang, value_) VALUES(10241,"german","Sanduhr aus Claszureme");
INSERT INTO card_name(carta_id, lang, value_) VALUES(10241,"french","Sablier de Claszureme");
INSERT INTO card_name(carta_id, lang, value_) VALUES(10241,"italian","Clessidra di Claszureme");

INSERT INTO card_name(carta_id, lang, value_) VALUES(10241,"spanish","Reloj de arena de Claszureme");



INSERT INTO card_name(carta_id, lang, value_) VALUES(10241,"thai","Claszureme Hourglass");

INSERT INTO card_name(carta_id, lang, value_) VALUES(10241,"portuguese","Claszureme Hourglass");
INSERT INTO card_name(carta_id, lang, value_) VALUES(10241,"polish","Claszureme Hourglass");
INSERT INTO card_name(carta_id, lang, value_) VALUES(10241,"danish","Claszureme Hourglass");
INSERT INTO card_name(carta_id, lang, value_) VALUES(10241,"dutch","Claszureme Hourglass");
INSERT INTO card_name(carta_id, lang, value_) VALUES(10241,"finnish","Claszureme Hourglass");
INSERT INTO card_name(carta_id, lang, value_) VALUES(10241,"norwegian","Claszureme Hourglass");
INSERT INTO card_name(carta_id, lang, value_) VALUES(10241,"swedish","Claszureme Hourglass");
INSERT INTO card_name(carta_id, lang, value_) VALUES(10241,"hungarian","Claszureme Hourglass");
INSERT INTO card_name(carta_id, lang, value_) VALUES(10241,"czech","Claszureme Hourglass");
INSERT INTO card_name(carta_id, lang, value_) VALUES(10241,"romanian","Claszureme Hourglass");
INSERT INTO card_name(carta_id, lang, value_) VALUES(10241,"turkish","Claszureme Hourglass");
INSERT INTO card_name(carta_id, lang, value_) VALUES(10241,"brazilian","Ampulheta de Claszureme");
INSERT INTO card_name(carta_id, lang, value_) VALUES(10241,"bulgarian","Claszureme Hourglass");
INSERT INTO card_name(carta_id, lang, value_) VALUES(10241,"greek","Claszureme Hourglass");
INSERT INTO card_name(carta_id, lang, value_) VALUES(10241,"ukrainian","Claszureme Hourglass");
INSERT INTO card_name(carta_id, lang, value_) VALUES(10241,"latam","Reloj de arena de Claszureme");
INSERT INTO card_name(carta_id, lang, value_) VALUES(10241,"vietnamese","Claszureme Hourglass");
INSERT INTO large_image(carta_id, lang, value_) VALUES(10241,"default","https://steamcdn-a.akamaihd.net/apps/583950/icons/set01/10241_large_english.bf086f2663702c91de9df854481ef7ee370263c1.png");
INSERT INTO large_image(carta_id, lang, value_) VALUES(10241,"german","https://steamcdn-a.akamaihd.net/apps/583950/icons/set01/10241_large_german.024da69b64944c37cb01ac55e70aa2fda3aec97d.png");
INSERT INTO large_image(carta_id, lang, value_) VALUES(10241,"french","https://steamcdn-a.akamaihd.net/apps/583950/icons/set01/10241_large_french.949011e453c9b1b61c089ffb78d8f4ca4a384cb9.png");
INSERT INTO large_image(carta_id, lang, value_) VALUES(10241,"italian","https://steamcdn-a.akamaihd.net/apps/583950/icons/set01/10241_large_italian.1c7f8a642aa921ba8793fc006350c4d13a6b5146.png");

INSERT INTO large_image(carta_id, lang, value_) VALUES(10241,"spanish","https://steamcdn-a.akamaihd.net/apps/583950/icons/set01/10241_large_spanish.a6be41a16e7c4c5e278a0ce5a8a6fa147b4432aa.png");




INSERT INTO large_image(carta_id, lang, value_) VALUES(10241,"brazilian","https://steamcdn-a.akamaihd.net/apps/583950/icons/set01/10241_large_brazilian.26d6e44d98f4c19906ee44ed07cf388b20f35ece.png");
INSERT INTO large_image(carta_id, lang, value_) VALUES(10241,"latam","https://steamcdn-a.akamaihd.net/apps/583950/icons/set01/10241_large_latam.215c3c6de97efb331aa58ac44cfbbaa1c492a339.png");
INSERT INTO carta(id, card_type, illustrator, rarity, item_def) VALUES (10242,'Item','Pauline Voss','Common',110242);
INSERT INTO card_name(carta_id, lang, value_) VALUES(10242,"english","Shield of Basilius");
INSERT INTO card_name(carta_id, lang, value_) VALUES(10242,"german","Schild des Basilius");
INSERT INTO card_name(carta_id, lang, value_) VALUES(10242,"french","Bouclier du basileus");
INSERT INTO card_name(carta_id, lang, value_) VALUES(10242,"italian","Scudo di Basilius");

INSERT INTO card_name(carta_id, lang, value_) VALUES(10242,"spanish","Escudo de Basilius");



INSERT INTO card_name(carta_id, lang, value_) VALUES(10242,"thai","Shield of Basilius");

INSERT INTO card_name(carta_id, lang, value_) VALUES(10242,"portuguese","Shield of Basilius");
INSERT INTO card_name(carta_id, lang, value_) VALUES(10242,"polish","Shield of Basilius");
INSERT INTO card_name(carta_id, lang, value_) VALUES(10242,"danish","Shield of Basilius");
INSERT INTO card_name(carta_id, lang, value_) VALUES(10242,"dutch","Shield of Basilius");
INSERT INTO card_name(carta_id, lang, value_) VALUES(10242,"finnish","Shield of Basilius");
INSERT INTO card_name(carta_id, lang, value_) VALUES(10242,"norwegian","Shield of Basilius");
INSERT INTO card_name(carta_id, lang, value_) VALUES(10242,"swedish","Shield of Basilius");
INSERT INTO card_name(carta_id, lang, value_) VALUES(10242,"hungarian","Shield of Basilius");
INSERT INTO card_name(carta_id, lang, value_) VALUES(10242,"czech","Shield of Basilius");
INSERT INTO card_name(carta_id, lang, value_) VALUES(10242,"romanian","Shield of Basilius");
INSERT INTO card_name(carta_id, lang, value_) VALUES(10242,"turkish","Shield of Basilius");
INSERT INTO card_name(carta_id, lang, value_) VALUES(10242,"brazilian","Escudo de Basílio");
INSERT INTO card_name(carta_id, lang, value_) VALUES(10242,"bulgarian","Shield of Basilius");
INSERT INTO card_name(carta_id, lang, value_) VALUES(10242,"greek","Shield of Basilius");
INSERT INTO card_name(carta_id, lang, value_) VALUES(10242,"ukrainian","Shield of Basilius");
INSERT INTO card_name(carta_id, lang, value_) VALUES(10242,"latam","Escudo de Basilius");
INSERT INTO card_name(carta_id, lang, value_) VALUES(10242,"vietnamese","Shield of Basilius");
INSERT INTO large_image(carta_id, lang, value_) VALUES(10242,"default","https://steamcdn-a.akamaihd.net/apps/583950/icons/set01/10242_large_english.69d1334a7f3738bcffbcd0c013859038781dfb42.png");
INSERT INTO large_image(carta_id, lang, value_) VALUES(10242,"german","https://steamcdn-a.akamaihd.net/apps/583950/icons/set01/10242_large_german.1d9f9dee53b64d5a56d8be3baf342cac01238acb.png");
INSERT INTO large_image(carta_id, lang, value_) VALUES(10242,"french","https://steamcdn-a.akamaihd.net/apps/583950/icons/set01/10242_large_french.4de754f60e9b5d88e8b4f4c352137758aff7763a.png");
INSERT INTO large_image(carta_id, lang, value_) VALUES(10242,"italian","https://steamcdn-a.akamaihd.net/apps/583950/icons/set01/10242_large_italian.8addfd39475a4f1de23f24ecf3f1484344c9df0e.png");

INSERT INTO large_image(carta_id, lang, value_) VALUES(10242,"spanish","https://steamcdn-a.akamaihd.net/apps/583950/icons/set01/10242_large_spanish.2e6f9680e022eb69ad9c13c8c8f9d22d75ac27fa.png");




INSERT INTO large_image(carta_id, lang, value_) VALUES(10242,"brazilian","https://steamcdn-a.akamaihd.net/apps/583950/icons/set01/10242_large_brazilian.b72c523384e52fb2555d214c10fb84b3c1347398.png");
INSERT INTO large_image(carta_id, lang, value_) VALUES(10242,"latam","https://steamcdn-a.akamaihd.net/apps/583950/icons/set01/10242_large_latam.511b58777bec61fc9599d15bec3584d42f9a85cc.png");
INSERT INTO carta(id, card_type, illustrator, rarity, item_def) VALUES (10243,'Item','Anastasia Ovchinnikova','Rare',110243);
INSERT INTO card_name(carta_id, lang, value_) VALUES(10243,"english","Shield of Aquila");
INSERT INTO card_name(carta_id, lang, value_) VALUES(10243,"german","Schild des Aquila");
INSERT INTO card_name(carta_id, lang, value_) VALUES(10243,"french","Bouclier d'Aquila");
INSERT INTO card_name(carta_id, lang, value_) VALUES(10243,"italian","Scudo di Aquila");

INSERT INTO card_name(carta_id, lang, value_) VALUES(10243,"spanish","Escudo de Aquila");



INSERT INTO card_name(carta_id, lang, value_) VALUES(10243,"thai","Shield of Aquila");

INSERT INTO card_name(carta_id, lang, value_) VALUES(10243,"portuguese","Shield of Aquila");
INSERT INTO card_name(carta_id, lang, value_) VALUES(10243,"polish","Shield of Aquila");
INSERT INTO card_name(carta_id, lang, value_) VALUES(10243,"danish","Shield of Aquila");
INSERT INTO card_name(carta_id, lang, value_) VALUES(10243,"dutch","Shield of Aquila");
INSERT INTO card_name(carta_id, lang, value_) VALUES(10243,"finnish","Shield of Aquila");
INSERT INTO card_name(carta_id, lang, value_) VALUES(10243,"norwegian","Shield of Aquila");
INSERT INTO card_name(carta_id, lang, value_) VALUES(10243,"swedish","Shield of Aquila");
INSERT INTO card_name(carta_id, lang, value_) VALUES(10243,"hungarian","Shield of Aquila");
INSERT INTO card_name(carta_id, lang, value_) VALUES(10243,"czech","Shield of Aquila");
INSERT INTO card_name(carta_id, lang, value_) VALUES(10243,"romanian","Shield of Aquila");
INSERT INTO card_name(carta_id, lang, value_) VALUES(10243,"turkish","Shield of Aquila");
INSERT INTO card_name(carta_id, lang, value_) VALUES(10243,"brazilian","Escudo de Áquila");
INSERT INTO card_name(carta_id, lang, value_) VALUES(10243,"bulgarian","Shield of Aquila");
INSERT INTO card_name(carta_id, lang, value_) VALUES(10243,"greek","Shield of Aquila");
INSERT INTO card_name(carta_id, lang, value_) VALUES(10243,"ukrainian","Shield of Aquila");
INSERT INTO card_name(carta_id, lang, value_) VALUES(10243,"latam","Escudo de Aquila");
INSERT INTO card_name(carta_id, lang, value_) VALUES(10243,"vietnamese","Shield of Aquila");
INSERT INTO large_image(carta_id, lang, value_) VALUES(10243,"default","https://steamcdn-a.akamaihd.net/apps/583950/icons/set01/10243_large_english.87e1182eefe67e631ac8249de71c98b7b08ef432.png");
INSERT INTO large_image(carta_id, lang, value_) VALUES(10243,"german","https://steamcdn-a.akamaihd.net/apps/583950/icons/set01/10243_large_german.62eef57123092a74f7a27826343cd10ef986e02e.png");
INSERT INTO large_image(carta_id, lang, value_) VALUES(10243,"french","https://steamcdn-a.akamaihd.net/apps/583950/icons/set01/10243_large_french.c3ba89e5f036a57103d61cecb7be76808d00be18.png");
INSERT INTO large_image(carta_id, lang, value_) VALUES(10243,"italian","https://steamcdn-a.akamaihd.net/apps/583950/icons/set01/10243_large_italian.13f3a0e45cd5baf15591ba0fc88c320ece5a4676.png");

INSERT INTO large_image(carta_id, lang, value_) VALUES(10243,"spanish","https://steamcdn-a.akamaihd.net/apps/583950/icons/set01/10243_large_spanish.dad464df3177fecb3b4797c495583b8e11fec02b.png");




INSERT INTO large_image(carta_id, lang, value_) VALUES(10243,"brazilian","https://steamcdn-a.akamaihd.net/apps/583950/icons/set01/10243_large_brazilian.a3d4331825f60d6014ff77a769960e3ae2578d81.png");
INSERT INTO large_image(carta_id, lang, value_) VALUES(10243,"latam","https://steamcdn-a.akamaihd.net/apps/583950/icons/set01/10243_large_latam.5100bc1e0e615c5998f2b8de0df4eec7d0ad6d20.png");
INSERT INTO carta(id, card_type, illustrator, rarity, item_def) VALUES (10248,'Item','Magali Villeneuve','Rare',110248);
INSERT INTO card_name(carta_id, lang, value_) VALUES(10248,"english","Shiva's Guard");
INSERT INTO card_name(carta_id, lang, value_) VALUES(10248,"german","Shivas Panzer");
INSERT INTO card_name(carta_id, lang, value_) VALUES(10248,"french","Épaulière de Shiva");
INSERT INTO card_name(carta_id, lang, value_) VALUES(10248,"italian","Protezione di Shiva");

INSERT INTO card_name(carta_id, lang, value_) VALUES(10248,"spanish","Protección de Shiva");



INSERT INTO card_name(carta_id, lang, value_) VALUES(10248,"thai","Shiva's Guard");

INSERT INTO card_name(carta_id, lang, value_) VALUES(10248,"portuguese","Shiva's Guard");
INSERT INTO card_name(carta_id, lang, value_) VALUES(10248,"polish","Shiva's Guard");
INSERT INTO card_name(carta_id, lang, value_) VALUES(10248,"danish","Shiva's Guard");
INSERT INTO card_name(carta_id, lang, value_) VALUES(10248,"dutch","Shiva's Guard");
INSERT INTO card_name(carta_id, lang, value_) VALUES(10248,"finnish","Shiva's Guard");
INSERT INTO card_name(carta_id, lang, value_) VALUES(10248,"norwegian","Shiva's Guard");
INSERT INTO card_name(carta_id, lang, value_) VALUES(10248,"swedish","Shiva's Guard");
INSERT INTO card_name(carta_id, lang, value_) VALUES(10248,"hungarian","Shiva's Guard");
INSERT INTO card_name(carta_id, lang, value_) VALUES(10248,"czech","Shiva's Guard");
INSERT INTO card_name(carta_id, lang, value_) VALUES(10248,"romanian","Shiva's Guard");
INSERT INTO card_name(carta_id, lang, value_) VALUES(10248,"turkish","Shiva's Guard");
INSERT INTO card_name(carta_id, lang, value_) VALUES(10248,"brazilian","Proteção de Shiva");
INSERT INTO card_name(carta_id, lang, value_) VALUES(10248,"bulgarian","Shiva's Guard");
INSERT INTO card_name(carta_id, lang, value_) VALUES(10248,"greek","Shiva's Guard");
INSERT INTO card_name(carta_id, lang, value_) VALUES(10248,"ukrainian","Shiva's Guard");
INSERT INTO card_name(carta_id, lang, value_) VALUES(10248,"latam","Protección de Shiva");
INSERT INTO card_name(carta_id, lang, value_) VALUES(10248,"vietnamese","Shiva's Guard");
INSERT INTO large_image(carta_id, lang, value_) VALUES(10248,"default","https://steamcdn-a.akamaihd.net/apps/583950/icons/set01/10248_large_english.733a1d09e0fc3ac0472398a080aea107b17de07c.png");
INSERT INTO large_image(carta_id, lang, value_) VALUES(10248,"german","https://steamcdn-a.akamaihd.net/apps/583950/icons/set01/10248_large_german.cb6aa52262002d3bf1106e11fb585769176c1958.png");
INSERT INTO large_image(carta_id, lang, value_) VALUES(10248,"french","https://steamcdn-a.akamaihd.net/apps/583950/icons/set01/10248_large_french.bf2cf0ca10ccffceff790598d7b02dc869a3a81a.png");
INSERT INTO large_image(carta_id, lang, value_) VALUES(10248,"italian","https://steamcdn-a.akamaihd.net/apps/583950/icons/set01/10248_large_italian.bae919766ecd804906d2f1d4d7bfea73361fe4a6.png");

INSERT INTO large_image(carta_id, lang, value_) VALUES(10248,"spanish","https://steamcdn-a.akamaihd.net/apps/583950/icons/set01/10248_large_spanish.5ef693cb3514d6b784325a492625cd92eaa93aa6.png");




INSERT INTO large_image(carta_id, lang, value_) VALUES(10248,"brazilian","https://steamcdn-a.akamaihd.net/apps/583950/icons/set01/10248_large_brazilian.4bee21b1f893edc2e1c49a3e328121178dc7545a.png");
INSERT INTO large_image(carta_id, lang, value_) VALUES(10248,"latam","https://steamcdn-a.akamaihd.net/apps/583950/icons/set01/10248_large_latam.575ff4ed43dd5ee65fd259a338b7b8d46230c063.png");
INSERT INTO carta(id, card_type, illustrator, rarity, item_def) VALUES (10252,'Item','Robbie Trevino','Common',110252);
INSERT INTO card_name(carta_id, lang, value_) VALUES(10252,"english","Stonehall Pike");
INSERT INTO card_name(carta_id, lang, value_) VALUES(10252,"german","Pike aus Steinhalle");
INSERT INTO card_name(carta_id, lang, value_) VALUES(10252,"french","Sabre de Pierrefort");
INSERT INTO card_name(carta_id, lang, value_) VALUES(10252,"italian","Picca di Borgolitio");

INSERT INTO card_name(carta_id, lang, value_) VALUES(10252,"spanish","Pica de Stonehall");



INSERT INTO card_name(carta_id, lang, value_) VALUES(10252,"thai","Stonehall Pike");

INSERT INTO card_name(carta_id, lang, value_) VALUES(10252,"portuguese","Stonehall Pike");
INSERT INTO card_name(carta_id, lang, value_) VALUES(10252,"polish","Stonehall Pike");
INSERT INTO card_name(carta_id, lang, value_) VALUES(10252,"danish","Stonehall Pike");
INSERT INTO card_name(carta_id, lang, value_) VALUES(10252,"dutch","Stonehall Pike");
INSERT INTO card_name(carta_id, lang, value_) VALUES(10252,"finnish","Stonehall Pike");
INSERT INTO card_name(carta_id, lang, value_) VALUES(10252,"norwegian","Stonehall Pike");
INSERT INTO card_name(carta_id, lang, value_) VALUES(10252,"swedish","Stonehall Pike");
INSERT INTO card_name(carta_id, lang, value_) VALUES(10252,"hungarian","Stonehall Pike");
INSERT INTO card_name(carta_id, lang, value_) VALUES(10252,"czech","Stonehall Pike");
INSERT INTO card_name(carta_id, lang, value_) VALUES(10252,"romanian","Stonehall Pike");
INSERT INTO card_name(carta_id, lang, value_) VALUES(10252,"turkish","Stonehall Pike");
INSERT INTO card_name(carta_id, lang, value_) VALUES(10252,"brazilian","Alabarda do Corredor de Pedra");
INSERT INTO card_name(carta_id, lang, value_) VALUES(10252,"bulgarian","Stonehall Pike");
INSERT INTO card_name(carta_id, lang, value_) VALUES(10252,"greek","Stonehall Pike");
INSERT INTO card_name(carta_id, lang, value_) VALUES(10252,"ukrainian","Stonehall Pike");
INSERT INTO card_name(carta_id, lang, value_) VALUES(10252,"latam","Pica de Stonehall");
INSERT INTO card_name(carta_id, lang, value_) VALUES(10252,"vietnamese","Stonehall Pike");
INSERT INTO large_image(carta_id, lang, value_) VALUES(10252,"default","https://steamcdn-a.akamaihd.net/apps/583950/icons/set01/10252_large_english.ee3a077e5b5aa501db6ae04f6e699b5f84d42886.png");
INSERT INTO large_image(carta_id, lang, value_) VALUES(10252,"german","https://steamcdn-a.akamaihd.net/apps/583950/icons/set01/10252_large_german.786c846a35c877726c840e252501c7ed081f597a.png");
INSERT INTO large_image(carta_id, lang, value_) VALUES(10252,"french","https://steamcdn-a.akamaihd.net/apps/583950/icons/set01/10252_large_french.76c7a62b50e14fc6ad29ad45e6eba6f3aca0f131.png");
INSERT INTO large_image(carta_id, lang, value_) VALUES(10252,"italian","https://steamcdn-a.akamaihd.net/apps/583950/icons/set01/10252_large_italian.301d83ddf88e18b94a0e8f2cbfc54a1f77819fc7.png");

INSERT INTO large_image(carta_id, lang, value_) VALUES(10252,"spanish","https://steamcdn-a.akamaihd.net/apps/583950/icons/set01/10252_large_spanish.652bd4e12204c66005b3cdd5229c575f9de8b3a9.png");




INSERT INTO large_image(carta_id, lang, value_) VALUES(10252,"brazilian","https://steamcdn-a.akamaihd.net/apps/583950/icons/set01/10252_large_brazilian.ade32b77ee785168ca85aad3ca2da477bccfc19f.png");
INSERT INTO large_image(carta_id, lang, value_) VALUES(10252,"latam","https://steamcdn-a.akamaihd.net/apps/583950/icons/set01/10252_large_latam.7b47e3ab4cd9d5160d9bd30859645f97c0c3a8bc.png");
INSERT INTO carta(id, card_type, illustrator, rarity, item_def) VALUES (10253,'Item','Pauline Voss','Common',110253);
INSERT INTO card_name(carta_id, lang, value_) VALUES(10253,"english","Stonehall Plate");
INSERT INTO card_name(carta_id, lang, value_) VALUES(10253,"german","Panzer aus Steinhalle");
INSERT INTO card_name(carta_id, lang, value_) VALUES(10253,"french","Armure de Pierrefort");
INSERT INTO card_name(carta_id, lang, value_) VALUES(10253,"italian","Corazza di Borgolitio");

INSERT INTO card_name(carta_id, lang, value_) VALUES(10253,"spanish","Armadura de Stonehall");



INSERT INTO card_name(carta_id, lang, value_) VALUES(10253,"thai","Stonehall Plate");

INSERT INTO card_name(carta_id, lang, value_) VALUES(10253,"portuguese","Stonehall Plate");
INSERT INTO card_name(carta_id, lang, value_) VALUES(10253,"polish","Stonehall Plate");
INSERT INTO card_name(carta_id, lang, value_) VALUES(10253,"danish","Stonehall Plate");
INSERT INTO card_name(carta_id, lang, value_) VALUES(10253,"dutch","Stonehall Plate");
INSERT INTO card_name(carta_id, lang, value_) VALUES(10253,"finnish","Stonehall Plate");
INSERT INTO card_name(carta_id, lang, value_) VALUES(10253,"norwegian","Stonehall Plate");
INSERT INTO card_name(carta_id, lang, value_) VALUES(10253,"swedish","Stonehall Plate");
INSERT INTO card_name(carta_id, lang, value_) VALUES(10253,"hungarian","Stonehall Plate");
INSERT INTO card_name(carta_id, lang, value_) VALUES(10253,"czech","Stonehall Plate");
INSERT INTO card_name(carta_id, lang, value_) VALUES(10253,"romanian","Stonehall Plate");
INSERT INTO card_name(carta_id, lang, value_) VALUES(10253,"turkish","Stonehall Plate");
INSERT INTO card_name(carta_id, lang, value_) VALUES(10253,"brazilian","Couraça do Corredor de Pedra");
INSERT INTO card_name(carta_id, lang, value_) VALUES(10253,"bulgarian","Stonehall Plate");
INSERT INTO card_name(carta_id, lang, value_) VALUES(10253,"greek","Stonehall Plate");
INSERT INTO card_name(carta_id, lang, value_) VALUES(10253,"ukrainian","Stonehall Plate");
INSERT INTO card_name(carta_id, lang, value_) VALUES(10253,"latam","Armadura de Stonehall");
INSERT INTO card_name(carta_id, lang, value_) VALUES(10253,"vietnamese","Stonehall Plate");
INSERT INTO large_image(carta_id, lang, value_) VALUES(10253,"default","https://steamcdn-a.akamaihd.net/apps/583950/icons/set01/10253_large_english.33b438c66823529f8466eef23ee8b2e45f71fe16.png");
INSERT INTO large_image(carta_id, lang, value_) VALUES(10253,"german","https://steamcdn-a.akamaihd.net/apps/583950/icons/set01/10253_large_german.580a98578264578b9fc69724c4023bd66febeebe.png");
INSERT INTO large_image(carta_id, lang, value_) VALUES(10253,"french","https://steamcdn-a.akamaihd.net/apps/583950/icons/set01/10253_large_french.16eaaa7f2afb88a58652cb036927476e8002224c.png");
INSERT INTO large_image(carta_id, lang, value_) VALUES(10253,"italian","https://steamcdn-a.akamaihd.net/apps/583950/icons/set01/10253_large_italian.ca5c846e870e295663aec3b5efe19b161e9aa68a.png");

INSERT INTO large_image(carta_id, lang, value_) VALUES(10253,"spanish","https://steamcdn-a.akamaihd.net/apps/583950/icons/set01/10253_large_spanish.a77ca9dae77341324c49b7c3244245ae5906c8c9.png");




INSERT INTO large_image(carta_id, lang, value_) VALUES(10253,"brazilian","https://steamcdn-a.akamaihd.net/apps/583950/icons/set01/10253_large_brazilian.1167747a2f93d5b8cea792bfe3c5d5429381bec4.png");
INSERT INTO large_image(carta_id, lang, value_) VALUES(10253,"latam","https://steamcdn-a.akamaihd.net/apps/583950/icons/set01/10253_large_latam.88a2dc2815b1190c82de89933ad361f663b72caf.png");
INSERT INTO carta(id, card_type, illustrator, rarity, item_def) VALUES (10255,'Item','Lius Lasahido','Rare',110255);
INSERT INTO card_name(carta_id, lang, value_) VALUES(10255,"english","Shop Deed");
INSERT INTO card_name(carta_id, lang, value_) VALUES(10255,"german","Shopanspruch");
INSERT INTO card_name(carta_id, lang, value_) VALUES(10255,"french","Aubaine de l'échoppe");
INSERT INTO card_name(carta_id, lang, value_) VALUES(10255,"italian","Atto di acquisto");

INSERT INTO card_name(carta_id, lang, value_) VALUES(10255,"spanish","Título de la tienda");



INSERT INTO card_name(carta_id, lang, value_) VALUES(10255,"thai","Shop Deed");

INSERT INTO card_name(carta_id, lang, value_) VALUES(10255,"portuguese","Shop Deed");
INSERT INTO card_name(carta_id, lang, value_) VALUES(10255,"polish","Shop Deed");
INSERT INTO card_name(carta_id, lang, value_) VALUES(10255,"danish","Shop Deed");
INSERT INTO card_name(carta_id, lang, value_) VALUES(10255,"dutch","Shop Deed");
INSERT INTO card_name(carta_id, lang, value_) VALUES(10255,"finnish","Shop Deed");
INSERT INTO card_name(carta_id, lang, value_) VALUES(10255,"norwegian","Shop Deed");
INSERT INTO card_name(carta_id, lang, value_) VALUES(10255,"swedish","Shop Deed");
INSERT INTO card_name(carta_id, lang, value_) VALUES(10255,"hungarian","Shop Deed");
INSERT INTO card_name(carta_id, lang, value_) VALUES(10255,"czech","Shop Deed");
INSERT INTO card_name(carta_id, lang, value_) VALUES(10255,"romanian","Shop Deed");
INSERT INTO card_name(carta_id, lang, value_) VALUES(10255,"turkish","Shop Deed");
INSERT INTO card_name(carta_id, lang, value_) VALUES(10255,"brazilian","Escritura da Loja");
INSERT INTO card_name(carta_id, lang, value_) VALUES(10255,"bulgarian","Shop Deed");
INSERT INTO card_name(carta_id, lang, value_) VALUES(10255,"greek","Shop Deed");
INSERT INTO card_name(carta_id, lang, value_) VALUES(10255,"ukrainian","Shop Deed");
INSERT INTO card_name(carta_id, lang, value_) VALUES(10255,"latam","Título de la tienda");
INSERT INTO card_name(carta_id, lang, value_) VALUES(10255,"vietnamese","Shop Deed");
INSERT INTO large_image(carta_id, lang, value_) VALUES(10255,"default","https://steamcdn-a.akamaihd.net/apps/583950/icons/set01/10255_large_english.330a4de79f30a126e82683987734cc3d9ef276fa.png");
INSERT INTO large_image(carta_id, lang, value_) VALUES(10255,"german","https://steamcdn-a.akamaihd.net/apps/583950/icons/set01/10255_large_german.7fffd1cb0c580f71fdec5b3c9427e394ebcdc925.png");
INSERT INTO large_image(carta_id, lang, value_) VALUES(10255,"french","https://steamcdn-a.akamaihd.net/apps/583950/icons/set01/10255_large_french.fc8f8e62eb02ef9b4817463a3073acfe014023d1.png");
INSERT INTO large_image(carta_id, lang, value_) VALUES(10255,"italian","https://steamcdn-a.akamaihd.net/apps/583950/icons/set01/10255_large_italian.02989975eef7f1b98fd1cdbf303a05a8ccc8ec8e.png");

INSERT INTO large_image(carta_id, lang, value_) VALUES(10255,"spanish","https://steamcdn-a.akamaihd.net/apps/583950/icons/set01/10255_large_spanish.8ee8f9f520d29cdaa13f9313c2d38d6acdc80909.png");




INSERT INTO large_image(carta_id, lang, value_) VALUES(10255,"brazilian","https://steamcdn-a.akamaihd.net/apps/583950/icons/set01/10255_large_brazilian.161fa2448b7f0a51f64d324b407cfa415245660c.png");
INSERT INTO large_image(carta_id, lang, value_) VALUES(10255,"latam","https://steamcdn-a.akamaihd.net/apps/583950/icons/set01/10255_large_latam.f32d17f5528d749d15828ab6053b030852c31084.png");
INSERT INTO carta(id, card_type, illustrator, rarity, item_def) VALUES (10256,'Item','Pauline Voss','Uncommon',110256);
INSERT INTO card_name(carta_id, lang, value_) VALUES(10256,"english","Jasper Daggers");
INSERT INTO card_name(carta_id, lang, value_) VALUES(10256,"german","Jasperdolche");
INSERT INTO card_name(carta_id, lang, value_) VALUES(10256,"french","Dagues en jaspe");
INSERT INTO card_name(carta_id, lang, value_) VALUES(10256,"italian","Pugnali di diaspro");

INSERT INTO card_name(carta_id, lang, value_) VALUES(10256,"spanish","Dagas de Jaspe");



INSERT INTO card_name(carta_id, lang, value_) VALUES(10256,"thai","Jasper Daggers");

INSERT INTO card_name(carta_id, lang, value_) VALUES(10256,"portuguese","Jasper Daggers");
INSERT INTO card_name(carta_id, lang, value_) VALUES(10256,"polish","Jasper Daggers");
INSERT INTO card_name(carta_id, lang, value_) VALUES(10256,"danish","Jasper Daggers");
INSERT INTO card_name(carta_id, lang, value_) VALUES(10256,"dutch","Jasper Daggers");
INSERT INTO card_name(carta_id, lang, value_) VALUES(10256,"finnish","Jasper Daggers");
INSERT INTO card_name(carta_id, lang, value_) VALUES(10256,"norwegian","Jasper Daggers");
INSERT INTO card_name(carta_id, lang, value_) VALUES(10256,"swedish","Jasper Daggers");
INSERT INTO card_name(carta_id, lang, value_) VALUES(10256,"hungarian","Jasper Daggers");
INSERT INTO card_name(carta_id, lang, value_) VALUES(10256,"czech","Jasper Daggers");
INSERT INTO card_name(carta_id, lang, value_) VALUES(10256,"romanian","Jasper Daggers");
INSERT INTO card_name(carta_id, lang, value_) VALUES(10256,"turkish","Jasper Daggers");
INSERT INTO card_name(carta_id, lang, value_) VALUES(10256,"brazilian","Adagas de Jaspe");
INSERT INTO card_name(carta_id, lang, value_) VALUES(10256,"bulgarian","Jasper Daggers");
INSERT INTO card_name(carta_id, lang, value_) VALUES(10256,"greek","Jasper Daggers");
INSERT INTO card_name(carta_id, lang, value_) VALUES(10256,"ukrainian","Jasper Daggers");
INSERT INTO card_name(carta_id, lang, value_) VALUES(10256,"latam","Dagas de Jaspe");
INSERT INTO card_name(carta_id, lang, value_) VALUES(10256,"vietnamese","Jasper Daggers");
INSERT INTO large_image(carta_id, lang, value_) VALUES(10256,"default","https://steamcdn-a.akamaihd.net/apps/583950/icons/set01/10256_large_english.bcc5d4bfb3786f91186b42429560e88ca0043874.png");
INSERT INTO large_image(carta_id, lang, value_) VALUES(10256,"german","https://steamcdn-a.akamaihd.net/apps/583950/icons/set01/10256_large_german.e2a5295f51028e7a9e5911fe9ec4864ed34afea5.png");
INSERT INTO large_image(carta_id, lang, value_) VALUES(10256,"french","https://steamcdn-a.akamaihd.net/apps/583950/icons/set01/10256_large_french.f7ecf32f5d394043fdfab32134b459a1db1433f4.png");
INSERT INTO large_image(carta_id, lang, value_) VALUES(10256,"italian","https://steamcdn-a.akamaihd.net/apps/583950/icons/set01/10256_large_italian.bab062b44a6d9ea57681ef0faff9a0442115e5b6.png");

INSERT INTO large_image(carta_id, lang, value_) VALUES(10256,"spanish","https://steamcdn-a.akamaihd.net/apps/583950/icons/set01/10256_large_spanish.b5e045745da2e8f1f18ec3063230174f3b85cb3a.png");




INSERT INTO large_image(carta_id, lang, value_) VALUES(10256,"brazilian","https://steamcdn-a.akamaihd.net/apps/583950/icons/set01/10256_large_brazilian.049293b590577427e3e70bdade000c1e57ab150e.png");
INSERT INTO large_image(carta_id, lang, value_) VALUES(10256,"latam","https://steamcdn-a.akamaihd.net/apps/583950/icons/set01/10256_large_latam.6994a05438846dbebd5f95e17da4e01363bf1212.png");
INSERT INTO carta(id, card_type, illustrator, rarity, item_def) VALUES (10259,'Item','James Paick','Uncommon',110259);
INSERT INTO card_name(carta_id, lang, value_) VALUES(10259,"english","Keenfolk Plate");
INSERT INTO card_name(carta_id, lang, value_) VALUES(10259,"german","Keenvolk-Plattenpanzer");
INSERT INTO card_name(carta_id, lang, value_) VALUES(10259,"french","Armure keene");
INSERT INTO card_name(carta_id, lang, value_) VALUES(10259,"italian","Corazza degli Smilzi");

INSERT INTO card_name(carta_id, lang, value_) VALUES(10259,"spanish","Placa de los ingeniosos");



INSERT INTO card_name(carta_id, lang, value_) VALUES(10259,"thai","Keenfolk Plate");

INSERT INTO card_name(carta_id, lang, value_) VALUES(10259,"portuguese","Keenfolk Plate");
INSERT INTO card_name(carta_id, lang, value_) VALUES(10259,"polish","Keenfolk Plate");
INSERT INTO card_name(carta_id, lang, value_) VALUES(10259,"danish","Keenfolk Plate");
INSERT INTO card_name(carta_id, lang, value_) VALUES(10259,"dutch","Keenfolk Plate");
INSERT INTO card_name(carta_id, lang, value_) VALUES(10259,"finnish","Keenfolk Plate");
INSERT INTO card_name(carta_id, lang, value_) VALUES(10259,"norwegian","Keenfolk Plate");
INSERT INTO card_name(carta_id, lang, value_) VALUES(10259,"swedish","Keenfolk Plate");
INSERT INTO card_name(carta_id, lang, value_) VALUES(10259,"hungarian","Keenfolk Plate");
INSERT INTO card_name(carta_id, lang, value_) VALUES(10259,"czech","Keenfolk Plate");
INSERT INTO card_name(carta_id, lang, value_) VALUES(10259,"romanian","Keenfolk Plate");
INSERT INTO card_name(carta_id, lang, value_) VALUES(10259,"turkish","Keenfolk Plate");
INSERT INTO card_name(carta_id, lang, value_) VALUES(10259,"brazilian","Couraça dos Keen");
INSERT INTO card_name(carta_id, lang, value_) VALUES(10259,"bulgarian","Keenfolk Plate");
INSERT INTO card_name(carta_id, lang, value_) VALUES(10259,"greek","Keenfolk Plate");
INSERT INTO card_name(carta_id, lang, value_) VALUES(10259,"ukrainian","Keenfolk Plate");
INSERT INTO card_name(carta_id, lang, value_) VALUES(10259,"latam","Placa de los ingeniosos");
INSERT INTO card_name(carta_id, lang, value_) VALUES(10259,"vietnamese","Keenfolk Plate");
INSERT INTO large_image(carta_id, lang, value_) VALUES(10259,"default","https://steamcdn-a.akamaihd.net/apps/583950/icons/set01/10259_large_english.58a12e59f612c79656589fc2d1a4fc67443497f8.png");
INSERT INTO large_image(carta_id, lang, value_) VALUES(10259,"german","https://steamcdn-a.akamaihd.net/apps/583950/icons/set01/10259_large_german.2316b05ecb66e0df3ab4cbc75818958274977e15.png");
INSERT INTO large_image(carta_id, lang, value_) VALUES(10259,"french","https://steamcdn-a.akamaihd.net/apps/583950/icons/set01/10259_large_french.57a49b8e304b8c8379bb98e89d284ceb58b92ae0.png");
INSERT INTO large_image(carta_id, lang, value_) VALUES(10259,"italian","https://steamcdn-a.akamaihd.net/apps/583950/icons/set01/10259_large_italian.9f6896358ca224d3fbd5547b5974d0baa1440e1d.png");

INSERT INTO large_image(carta_id, lang, value_) VALUES(10259,"spanish","https://steamcdn-a.akamaihd.net/apps/583950/icons/set01/10259_large_spanish.c0f878c8baea31185ed5a84e6bf02550bfe31529.png");




INSERT INTO large_image(carta_id, lang, value_) VALUES(10259,"brazilian","https://steamcdn-a.akamaihd.net/apps/583950/icons/set01/10259_large_brazilian.a5c1281062120da0eafd24a9abeeb0b04cbb1196.png");
INSERT INTO large_image(carta_id, lang, value_) VALUES(10259,"latam","https://steamcdn-a.akamaihd.net/apps/583950/icons/set01/10259_large_latam.012028c2e9145cba56a4a49ed1bedf920b10c4b2.png");
INSERT INTO carta(id, card_type, illustrator, rarity, item_def) VALUES (10260,'Item','Anastasia Ovchinnikova','Rare',110260);
INSERT INTO card_name(carta_id, lang, value_) VALUES(10260,"english","Horn of the Alpha");
INSERT INTO card_name(carta_id, lang, value_) VALUES(10260,"german","Horn des Alpha");
INSERT INTO card_name(carta_id, lang, value_) VALUES(10260,"french","Corne de l'alpha");
INSERT INTO card_name(carta_id, lang, value_) VALUES(10260,"italian","Corno dell'alfa");

INSERT INTO card_name(carta_id, lang, value_) VALUES(10260,"spanish","Cuerno del alfa");



INSERT INTO card_name(carta_id, lang, value_) VALUES(10260,"thai","Horn of the Alpha");

INSERT INTO card_name(carta_id, lang, value_) VALUES(10260,"portuguese","Horn of the Alpha");
INSERT INTO card_name(carta_id, lang, value_) VALUES(10260,"polish","Horn of the Alpha");
INSERT INTO card_name(carta_id, lang, value_) VALUES(10260,"danish","Horn of the Alpha");
INSERT INTO card_name(carta_id, lang, value_) VALUES(10260,"dutch","Horn of the Alpha");
INSERT INTO card_name(carta_id, lang, value_) VALUES(10260,"finnish","Horn of the Alpha");
INSERT INTO card_name(carta_id, lang, value_) VALUES(10260,"norwegian","Horn of the Alpha");
INSERT INTO card_name(carta_id, lang, value_) VALUES(10260,"swedish","Horn of the Alpha");
INSERT INTO card_name(carta_id, lang, value_) VALUES(10260,"hungarian","Horn of the Alpha");
INSERT INTO card_name(carta_id, lang, value_) VALUES(10260,"czech","Horn of the Alpha");
INSERT INTO card_name(carta_id, lang, value_) VALUES(10260,"romanian","Horn of the Alpha");
INSERT INTO card_name(carta_id, lang, value_) VALUES(10260,"turkish","Horn of the Alpha");
INSERT INTO card_name(carta_id, lang, value_) VALUES(10260,"brazilian","Chifre do Alfa");
INSERT INTO card_name(carta_id, lang, value_) VALUES(10260,"bulgarian","Horn of the Alpha");
INSERT INTO card_name(carta_id, lang, value_) VALUES(10260,"greek","Horn of the Alpha");
INSERT INTO card_name(carta_id, lang, value_) VALUES(10260,"ukrainian","Horn of the Alpha");
INSERT INTO card_name(carta_id, lang, value_) VALUES(10260,"latam","Cuerno del alfa");
INSERT INTO card_name(carta_id, lang, value_) VALUES(10260,"vietnamese","Horn of the Alpha");
INSERT INTO large_image(carta_id, lang, value_) VALUES(10260,"default","https://steamcdn-a.akamaihd.net/apps/583950/icons/set01/10260_large_english.615c34c3497b1bf44145ed8a3c77a4ff1a103b8c.png");
INSERT INTO large_image(carta_id, lang, value_) VALUES(10260,"german","https://steamcdn-a.akamaihd.net/apps/583950/icons/set01/10260_large_german.cdbf1bce47bcef3cc0921aad1fcabd7cf30e5a7d.png");
INSERT INTO large_image(carta_id, lang, value_) VALUES(10260,"french","https://steamcdn-a.akamaihd.net/apps/583950/icons/set01/10260_large_french.623386764caa0e5a04a9f6344df30b271e3e3175.png");
INSERT INTO large_image(carta_id, lang, value_) VALUES(10260,"italian","https://steamcdn-a.akamaihd.net/apps/583950/icons/set01/10260_large_italian.92faf306eecac67a9be1201fdb03f512c3bfb569.png");

INSERT INTO large_image(carta_id, lang, value_) VALUES(10260,"spanish","https://steamcdn-a.akamaihd.net/apps/583950/icons/set01/10260_large_spanish.b4e9322ac6ef1322f3592e273c8fb26faa1fd5de.png");




INSERT INTO large_image(carta_id, lang, value_) VALUES(10260,"brazilian","https://steamcdn-a.akamaihd.net/apps/583950/icons/set01/10260_large_brazilian.b5f0c44dc4145c13a4bc121bd8c81f6bb6af1c29.png");
INSERT INTO large_image(carta_id, lang, value_) VALUES(10260,"latam","https://steamcdn-a.akamaihd.net/apps/583950/icons/set01/10260_large_latam.60a944ab32eb11921ece04aaa941c97546d31b75.png");
INSERT INTO carta(id, card_type, illustrator, rarity, item_def) VALUES (10262,'Item','Forrest Imel','Rare',110262);
INSERT INTO card_name(carta_id, lang, value_) VALUES(10262,"english","Nyctasha's Guard");
INSERT INTO card_name(carta_id, lang, value_) VALUES(10262,"german","Nyctashas Panzer");
INSERT INTO card_name(carta_id, lang, value_) VALUES(10262,"french","Protection de Nyctasha");
INSERT INTO card_name(carta_id, lang, value_) VALUES(10262,"italian","Protezione di Nyctasha");

INSERT INTO card_name(carta_id, lang, value_) VALUES(10262,"spanish","Protección de Nyctasha");



INSERT INTO card_name(carta_id, lang, value_) VALUES(10262,"thai","Nyctasha's Guard");

INSERT INTO card_name(carta_id, lang, value_) VALUES(10262,"portuguese","Nyctasha's Guard");
INSERT INTO card_name(carta_id, lang, value_) VALUES(10262,"polish","Nyctasha's Guard");
INSERT INTO card_name(carta_id, lang, value_) VALUES(10262,"danish","Nyctasha's Guard");
INSERT INTO card_name(carta_id, lang, value_) VALUES(10262,"dutch","Nyctasha's Guard");
INSERT INTO card_name(carta_id, lang, value_) VALUES(10262,"finnish","Nyctasha's Guard");
INSERT INTO card_name(carta_id, lang, value_) VALUES(10262,"norwegian","Nyctasha's Guard");
INSERT INTO card_name(carta_id, lang, value_) VALUES(10262,"swedish","Nyctasha's Guard");
INSERT INTO card_name(carta_id, lang, value_) VALUES(10262,"hungarian","Nyctasha's Guard");
INSERT INTO card_name(carta_id, lang, value_) VALUES(10262,"czech","Nyctasha's Guard");
INSERT INTO card_name(carta_id, lang, value_) VALUES(10262,"romanian","Nyctasha's Guard");
INSERT INTO card_name(carta_id, lang, value_) VALUES(10262,"turkish","Nyctasha's Guard");
INSERT INTO card_name(carta_id, lang, value_) VALUES(10262,"brazilian","Proteção de Nyctasha");
INSERT INTO card_name(carta_id, lang, value_) VALUES(10262,"bulgarian","Nyctasha's Guard");
INSERT INTO card_name(carta_id, lang, value_) VALUES(10262,"greek","Nyctasha's Guard");
INSERT INTO card_name(carta_id, lang, value_) VALUES(10262,"ukrainian","Nyctasha's Guard");
INSERT INTO card_name(carta_id, lang, value_) VALUES(10262,"latam","Protección de Nyctasha");
INSERT INTO card_name(carta_id, lang, value_) VALUES(10262,"vietnamese","Nyctasha's Guard");
INSERT INTO large_image(carta_id, lang, value_) VALUES(10262,"default","https://steamcdn-a.akamaihd.net/apps/583950/icons/set01/10262_large_english.b64815733b9d9601ce50d9fb75ab434aafe1d5df.png");
INSERT INTO large_image(carta_id, lang, value_) VALUES(10262,"german","https://steamcdn-a.akamaihd.net/apps/583950/icons/set01/10262_large_german.a9562e9c67be188fd3638097947c3bf2df3cb82a.png");
INSERT INTO large_image(carta_id, lang, value_) VALUES(10262,"french","https://steamcdn-a.akamaihd.net/apps/583950/icons/set01/10262_large_french.e8663a07cddf373b2025ffca79616af44fa498e9.png");
INSERT INTO large_image(carta_id, lang, value_) VALUES(10262,"italian","https://steamcdn-a.akamaihd.net/apps/583950/icons/set01/10262_large_italian.67c9122e754dcdd9fc3280160dcf083e8b9524a3.png");

INSERT INTO large_image(carta_id, lang, value_) VALUES(10262,"spanish","https://steamcdn-a.akamaihd.net/apps/583950/icons/set01/10262_large_spanish.4a4eb8fac1294983b306e8fa4e2aabdaa2fde3ef.png");




INSERT INTO large_image(carta_id, lang, value_) VALUES(10262,"brazilian","https://steamcdn-a.akamaihd.net/apps/583950/icons/set01/10262_large_brazilian.d2d610e388b0fa2bdcb7f6160b987677b102852b.png");
INSERT INTO large_image(carta_id, lang, value_) VALUES(10262,"latam","https://steamcdn-a.akamaihd.net/apps/583950/icons/set01/10262_large_latam.680c762609d71f9c24d590f24591934512201dca.png");
INSERT INTO carta(id, card_type, illustrator, rarity, item_def) VALUES (10263,'Item','Kieran Yanner','Rare',110263);
INSERT INTO card_name(carta_id, lang, value_) VALUES(10263,"english","Apotheosis Blade");
INSERT INTO card_name(carta_id, lang, value_) VALUES(10263,"german","Gottgleiche Klinge");
INSERT INTO card_name(carta_id, lang, value_) VALUES(10263,"french","Lame d'apothéose");
INSERT INTO card_name(carta_id, lang, value_) VALUES(10263,"italian","Lama dell'apoteosi");

INSERT INTO card_name(carta_id, lang, value_) VALUES(10263,"spanish","Espada apoteósica");



INSERT INTO card_name(carta_id, lang, value_) VALUES(10263,"thai","Apotheosis Blade");

INSERT INTO card_name(carta_id, lang, value_) VALUES(10263,"portuguese","Apotheosis Blade");
INSERT INTO card_name(carta_id, lang, value_) VALUES(10263,"polish","Apotheosis Blade");
INSERT INTO card_name(carta_id, lang, value_) VALUES(10263,"danish","Apotheosis Blade");
INSERT INTO card_name(carta_id, lang, value_) VALUES(10263,"dutch","Apotheosis Blade");
INSERT INTO card_name(carta_id, lang, value_) VALUES(10263,"finnish","Apotheosis Blade");
INSERT INTO card_name(carta_id, lang, value_) VALUES(10263,"norwegian","Apotheosis Blade");
INSERT INTO card_name(carta_id, lang, value_) VALUES(10263,"swedish","Apotheosis Blade");
INSERT INTO card_name(carta_id, lang, value_) VALUES(10263,"hungarian","Apotheosis Blade");
INSERT INTO card_name(carta_id, lang, value_) VALUES(10263,"czech","Apotheosis Blade");
INSERT INTO card_name(carta_id, lang, value_) VALUES(10263,"romanian","Apotheosis Blade");
INSERT INTO card_name(carta_id, lang, value_) VALUES(10263,"turkish","Apotheosis Blade");
INSERT INTO card_name(carta_id, lang, value_) VALUES(10263,"brazilian","Lâmina da Apoteose");
INSERT INTO card_name(carta_id, lang, value_) VALUES(10263,"bulgarian","Apotheosis Blade");
INSERT INTO card_name(carta_id, lang, value_) VALUES(10263,"greek","Apotheosis Blade");
INSERT INTO card_name(carta_id, lang, value_) VALUES(10263,"ukrainian","Apotheosis Blade");
INSERT INTO card_name(carta_id, lang, value_) VALUES(10263,"latam","Espada apoteósica");
INSERT INTO card_name(carta_id, lang, value_) VALUES(10263,"vietnamese","Apotheosis Blade");
INSERT INTO large_image(carta_id, lang, value_) VALUES(10263,"default","https://steamcdn-a.akamaihd.net/apps/583950/icons/set01/10263_large_english.75ed6960c01f02e230edf0169bb80e26720cf041.png");
INSERT INTO large_image(carta_id, lang, value_) VALUES(10263,"german","https://steamcdn-a.akamaihd.net/apps/583950/icons/set01/10263_large_german.9b2f371a1b55b9d12edd1c51fe8ab5b82bb17898.png");
INSERT INTO large_image(carta_id, lang, value_) VALUES(10263,"french","https://steamcdn-a.akamaihd.net/apps/583950/icons/set01/10263_large_french.b5ebb41b4d603926f9ece24f3321f3679b61225a.png");
INSERT INTO large_image(carta_id, lang, value_) VALUES(10263,"italian","https://steamcdn-a.akamaihd.net/apps/583950/icons/set01/10263_large_italian.c907c6991ca37a2684811b62a1a040663fa609d3.png");

INSERT INTO large_image(carta_id, lang, value_) VALUES(10263,"spanish","https://steamcdn-a.akamaihd.net/apps/583950/icons/set01/10263_large_spanish.bedb27ab6d701d65312f48c0ccd2d42c20f77938.png");




INSERT INTO large_image(carta_id, lang, value_) VALUES(10263,"brazilian","https://steamcdn-a.akamaihd.net/apps/583950/icons/set01/10263_large_brazilian.5fb81559c62963096cb7cee7ea365e96e166b19d.png");
INSERT INTO large_image(carta_id, lang, value_) VALUES(10263,"latam","https://steamcdn-a.akamaihd.net/apps/583950/icons/set01/10263_large_latam.3b3437a6e30fd77cdb235216c247d1fc731670ac.png");
INSERT INTO carta(id, card_type, illustrator, rarity, item_def) VALUES (10142,'Spell','Magali Villeneuve','Rare',110142);
INSERT INTO card_name(carta_id, lang, value_) VALUES(10142,"english","Corrosive Mist");
INSERT INTO card_name(carta_id, lang, value_) VALUES(10142,"german","Ätzender Nebel");
INSERT INTO card_name(carta_id, lang, value_) VALUES(10142,"french","Brouillard corrosif");
INSERT INTO card_name(carta_id, lang, value_) VALUES(10142,"italian","Nebbia corrosiva");

INSERT INTO card_name(carta_id, lang, value_) VALUES(10142,"spanish","Bruma corrosiva");



INSERT INTO card_name(carta_id, lang, value_) VALUES(10142,"thai","Corrosive Mist");

INSERT INTO card_name(carta_id, lang, value_) VALUES(10142,"portuguese","Corrosive Mist");
INSERT INTO card_name(carta_id, lang, value_) VALUES(10142,"polish","Corrosive Mist");
INSERT INTO card_name(carta_id, lang, value_) VALUES(10142,"danish","Corrosive Mist");
INSERT INTO card_name(carta_id, lang, value_) VALUES(10142,"dutch","Corrosive Mist");
INSERT INTO card_name(carta_id, lang, value_) VALUES(10142,"finnish","Corrosive Mist");
INSERT INTO card_name(carta_id, lang, value_) VALUES(10142,"norwegian","Corrosive Mist");
INSERT INTO card_name(carta_id, lang, value_) VALUES(10142,"swedish","Corrosive Mist");
INSERT INTO card_name(carta_id, lang, value_) VALUES(10142,"hungarian","Corrosive Mist");
INSERT INTO card_name(carta_id, lang, value_) VALUES(10142,"czech","Corrosive Mist");
INSERT INTO card_name(carta_id, lang, value_) VALUES(10142,"romanian","Corrosive Mist");
INSERT INTO card_name(carta_id, lang, value_) VALUES(10142,"turkish","Corrosive Mist");
INSERT INTO card_name(carta_id, lang, value_) VALUES(10142,"brazilian","Neblina Corrosiva");
INSERT INTO card_name(carta_id, lang, value_) VALUES(10142,"bulgarian","Corrosive Mist");
INSERT INTO card_name(carta_id, lang, value_) VALUES(10142,"greek","Corrosive Mist");
INSERT INTO card_name(carta_id, lang, value_) VALUES(10142,"ukrainian","Corrosive Mist");
INSERT INTO card_name(carta_id, lang, value_) VALUES(10142,"latam","Bruma corrosiva");
INSERT INTO card_name(carta_id, lang, value_) VALUES(10142,"vietnamese","Corrosive Mist");
INSERT INTO large_image(carta_id, lang, value_) VALUES(10142,"default","https://steamcdn-a.akamaihd.net/apps/583950/icons/set01/10142_large_english.779f934caea758ea5843d3e9d605ee438a89df33.png");
INSERT INTO large_image(carta_id, lang, value_) VALUES(10142,"german","https://steamcdn-a.akamaihd.net/apps/583950/icons/set01/10142_large_german.02f43a52efb9d51ada7060ab158ef6868da093c1.png");
INSERT INTO large_image(carta_id, lang, value_) VALUES(10142,"french","https://steamcdn-a.akamaihd.net/apps/583950/icons/set01/10142_large_french.3743ab9ef4915c4cad99c51c809e91c4c67ff5da.png");
INSERT INTO large_image(carta_id, lang, value_) VALUES(10142,"italian","https://steamcdn-a.akamaihd.net/apps/583950/icons/set01/10142_large_italian.5cf9d05a5c2e9203afd6ab2ba330c481596ae2b3.png");

INSERT INTO large_image(carta_id, lang, value_) VALUES(10142,"spanish","https://steamcdn-a.akamaihd.net/apps/583950/icons/set01/10142_large_spanish.28be50e41343c3f77fde0233501c60b8b865bec3.png");




INSERT INTO large_image(carta_id, lang, value_) VALUES(10142,"brazilian","https://steamcdn-a.akamaihd.net/apps/583950/icons/set01/10142_large_brazilian.a196a79473b9f3eccb560b6439bf11d742cfb84a.png");
INSERT INTO large_image(carta_id, lang, value_) VALUES(10142,"latam","https://steamcdn-a.akamaihd.net/apps/583950/icons/set01/10142_large_latam.afab140bcf1b57ee45ecd7a1f4ad78111bebd175.png");
INSERT INTO carta(id, card_type, illustrator, rarity, item_def) VALUES (10191,'Spell','Robert Simon','Rare',110191);
INSERT INTO card_name(carta_id, lang, value_) VALUES(10191,"english","Routed");
INSERT INTO card_name(carta_id, lang, value_) VALUES(10191,"german","Unterwegs");
INSERT INTO card_name(carta_id, lang, value_) VALUES(10191,"french","Déroute");
INSERT INTO card_name(carta_id, lang, value_) VALUES(10191,"italian"," fuga");

INSERT INTO card_name(carta_id, lang, value_) VALUES(10191,"spanish","Debilitación");



INSERT INTO card_name(carta_id, lang, value_) VALUES(10191,"thai","Routed");

INSERT INTO card_name(carta_id, lang, value_) VALUES(10191,"portuguese","Routed");
INSERT INTO card_name(carta_id, lang, value_) VALUES(10191,"polish","Routed");
INSERT INTO card_name(carta_id, lang, value_) VALUES(10191,"danish","Routed");
INSERT INTO card_name(carta_id, lang, value_) VALUES(10191,"dutch","Routed");
INSERT INTO card_name(carta_id, lang, value_) VALUES(10191,"finnish","Routed");
INSERT INTO card_name(carta_id, lang, value_) VALUES(10191,"norwegian","Routed");
INSERT INTO card_name(carta_id, lang, value_) VALUES(10191,"swedish","Routed");
INSERT INTO card_name(carta_id, lang, value_) VALUES(10191,"hungarian","Routed");
INSERT INTO card_name(carta_id, lang, value_) VALUES(10191,"czech","Routed");
INSERT INTO card_name(carta_id, lang, value_) VALUES(10191,"romanian","Routed");
INSERT INTO card_name(carta_id, lang, value_) VALUES(10191,"turkish","Routed");
INSERT INTO card_name(carta_id, lang, value_) VALUES(10191,"brazilian","Encaminhamento");
INSERT INTO card_name(carta_id, lang, value_) VALUES(10191,"bulgarian","Routed");
INSERT INTO card_name(carta_id, lang, value_) VALUES(10191,"greek","Routed");
INSERT INTO card_name(carta_id, lang, value_) VALUES(10191,"ukrainian","Routed");
INSERT INTO card_name(carta_id, lang, value_) VALUES(10191,"latam","Debilitación");
INSERT INTO card_name(carta_id, lang, value_) VALUES(10191,"vietnamese","Routed");
INSERT INTO large_image(carta_id, lang, value_) VALUES(10191,"default","https://steamcdn-a.akamaihd.net/apps/583950/icons/set01/10191_large_english.2da6b10f747686ef536ee67f3443b4319fe27307.png");
INSERT INTO large_image(carta_id, lang, value_) VALUES(10191,"german","https://steamcdn-a.akamaihd.net/apps/583950/icons/set01/10191_large_german.fbe911f590c3ab0123c99ab4eef3604c802fe760.png");
INSERT INTO large_image(carta_id, lang, value_) VALUES(10191,"french","https://steamcdn-a.akamaihd.net/apps/583950/icons/set01/10191_large_french.186ac246563f187656ead7ce530efa6ad51784a9.png");
INSERT INTO large_image(carta_id, lang, value_) VALUES(10191,"italian","https://steamcdn-a.akamaihd.net/apps/583950/icons/set01/10191_large_italian.ac28b0dd2572e0edf04fdf4645179758e5aa8f9f.png");

INSERT INTO large_image(carta_id, lang, value_) VALUES(10191,"spanish","https://steamcdn-a.akamaihd.net/apps/583950/icons/set01/10191_large_spanish.8de33df29a2d9149a9754e7ab2a83eba02216bd3.png");




INSERT INTO large_image(carta_id, lang, value_) VALUES(10191,"brazilian","https://steamcdn-a.akamaihd.net/apps/583950/icons/set01/10191_large_brazilian.a73d835142333da615473f22cd1709384b230875.png");
INSERT INTO large_image(carta_id, lang, value_) VALUES(10191,"latam","https://steamcdn-a.akamaihd.net/apps/583950/icons/set01/10191_large_latam.19357afee0ed8eeb7505f66f78092d881c9c46bd.png");
INSERT INTO carta(id, card_type, illustrator, rarity, item_def) VALUES (10196,'Spell','Randy Vargas','Uncommon',110196);
INSERT INTO card_name(carta_id, lang, value_) VALUES(10196,"english","...And One For Me");
INSERT INTO card_name(carta_id, lang, value_) VALUES(10196,"german","… und einmal für mich");
INSERT INTO card_name(carta_id, lang, value_) VALUES(10196,"french","À moi !");
INSERT INTO card_name(carta_id, lang, value_) VALUES(10196,"italian","...E uno per me");

INSERT INTO card_name(carta_id, lang, value_) VALUES(10196,"spanish","Y uno para mí");



INSERT INTO card_name(carta_id, lang, value_) VALUES(10196,"thai","...And One For Me");

INSERT INTO card_name(carta_id, lang, value_) VALUES(10196,"portuguese","...And One For Me");
INSERT INTO card_name(carta_id, lang, value_) VALUES(10196,"polish","...And One For Me");
INSERT INTO card_name(carta_id, lang, value_) VALUES(10196,"danish","...And One For Me");
INSERT INTO card_name(carta_id, lang, value_) VALUES(10196,"dutch","...And One For Me");
INSERT INTO card_name(carta_id, lang, value_) VALUES(10196,"finnish","...And One For Me");
INSERT INTO card_name(carta_id, lang, value_) VALUES(10196,"norwegian","...And One For Me");
INSERT INTO card_name(carta_id, lang, value_) VALUES(10196,"swedish","...And One For Me");
INSERT INTO card_name(carta_id, lang, value_) VALUES(10196,"hungarian","...And One For Me");
INSERT INTO card_name(carta_id, lang, value_) VALUES(10196,"czech","...And One For Me");
INSERT INTO card_name(carta_id, lang, value_) VALUES(10196,"romanian","...And One For Me");
INSERT INTO card_name(carta_id, lang, value_) VALUES(10196,"turkish","...And One For Me");
INSERT INTO card_name(carta_id, lang, value_) VALUES(10196,"brazilian","Me Vê Um Também");
INSERT INTO card_name(carta_id, lang, value_) VALUES(10196,"bulgarian","...And One For Me");
INSERT INTO card_name(carta_id, lang, value_) VALUES(10196,"greek","...And One For Me");
INSERT INTO card_name(carta_id, lang, value_) VALUES(10196,"ukrainian","...And One For Me");
INSERT INTO card_name(carta_id, lang, value_) VALUES(10196,"latam","Y uno para mí");
INSERT INTO card_name(carta_id, lang, value_) VALUES(10196,"vietnamese","...And One For Me");
INSERT INTO large_image(carta_id, lang, value_) VALUES(10196,"default","https://steamcdn-a.akamaihd.net/apps/583950/icons/set01/10196_large_english.d11f718767716be6937ea1a038e4470891ffd276.png");
INSERT INTO large_image(carta_id, lang, value_) VALUES(10196,"german","https://steamcdn-a.akamaihd.net/apps/583950/icons/set01/10196_large_german.8377210ca7920781ab73f75d25abb220295b15a7.png");
INSERT INTO large_image(carta_id, lang, value_) VALUES(10196,"french","https://steamcdn-a.akamaihd.net/apps/583950/icons/set01/10196_large_french.6d4db42527e89a90aee2af855f13fd605029560c.png");
INSERT INTO large_image(carta_id, lang, value_) VALUES(10196,"italian","https://steamcdn-a.akamaihd.net/apps/583950/icons/set01/10196_large_italian.deff5f67ab65d8b99bdbc78be86b8a6a27d6bebd.png");

INSERT INTO large_image(carta_id, lang, value_) VALUES(10196,"spanish","https://steamcdn-a.akamaihd.net/apps/583950/icons/set01/10196_large_spanish.8f12f0d337ec0ee18289e02e3f8fe0a3d6559b13.png");




INSERT INTO large_image(carta_id, lang, value_) VALUES(10196,"brazilian","https://steamcdn-a.akamaihd.net/apps/583950/icons/set01/10196_large_brazilian.7192e84c5cc5a9bc5e02ad536f0abb5385f6aba4.png");
INSERT INTO large_image(carta_id, lang, value_) VALUES(10196,"latam","https://steamcdn-a.akamaihd.net/apps/583950/icons/set01/10196_large_latam.bd59724308074b2f437dcd2fb58da86f00a9f77e.png");
INSERT INTO carta(id, card_type, illustrator, rarity, item_def) VALUES (10198,'Spell','Daarken','Uncommon',110198);
INSERT INTO card_name(carta_id, lang, value_) VALUES(10198,"english","Rolling Storm");
INSERT INTO card_name(carta_id, lang, value_) VALUES(10198,"german","Rollender Sturm");
INSERT INTO card_name(carta_id, lang, value_) VALUES(10198,"french","Roulements de tonnerre");
INSERT INTO card_name(carta_id, lang, value_) VALUES(10198,"italian","Tempesta roboante");

INSERT INTO card_name(carta_id, lang, value_) VALUES(10198,"spanish","Tormenta arrolladora");



INSERT INTO card_name(carta_id, lang, value_) VALUES(10198,"thai","Rolling Storm");

INSERT INTO card_name(carta_id, lang, value_) VALUES(10198,"portuguese","Rolling Storm");
INSERT INTO card_name(carta_id, lang, value_) VALUES(10198,"polish","Rolling Storm");
INSERT INTO card_name(carta_id, lang, value_) VALUES(10198,"danish","Rolling Storm");
INSERT INTO card_name(carta_id, lang, value_) VALUES(10198,"dutch","Rolling Storm");
INSERT INTO card_name(carta_id, lang, value_) VALUES(10198,"finnish","Rolling Storm");
INSERT INTO card_name(carta_id, lang, value_) VALUES(10198,"norwegian","Rolling Storm");
INSERT INTO card_name(carta_id, lang, value_) VALUES(10198,"swedish","Rolling Storm");
INSERT INTO card_name(carta_id, lang, value_) VALUES(10198,"hungarian","Rolling Storm");
INSERT INTO card_name(carta_id, lang, value_) VALUES(10198,"czech","Rolling Storm");
INSERT INTO card_name(carta_id, lang, value_) VALUES(10198,"romanian","Rolling Storm");
INSERT INTO card_name(carta_id, lang, value_) VALUES(10198,"turkish","Rolling Storm");
INSERT INTO card_name(carta_id, lang, value_) VALUES(10198,"brazilian","Tempestade Fustigante");
INSERT INTO card_name(carta_id, lang, value_) VALUES(10198,"bulgarian","Rolling Storm");
INSERT INTO card_name(carta_id, lang, value_) VALUES(10198,"greek","Rolling Storm");
INSERT INTO card_name(carta_id, lang, value_) VALUES(10198,"ukrainian","Rolling Storm");
INSERT INTO card_name(carta_id, lang, value_) VALUES(10198,"latam","Tormenta arrolladora");
INSERT INTO card_name(carta_id, lang, value_) VALUES(10198,"vietnamese","Rolling Storm");
INSERT INTO large_image(carta_id, lang, value_) VALUES(10198,"default","https://steamcdn-a.akamaihd.net/apps/583950/icons/set01/10198_large_english.c5de6c02d8f1f8239ee742c3a57721e87df9cf6f.png");
INSERT INTO large_image(carta_id, lang, value_) VALUES(10198,"german","https://steamcdn-a.akamaihd.net/apps/583950/icons/set01/10198_large_german.253eb07e7d5dd25d509edb81f796d55d7e164c1b.png");
INSERT INTO large_image(carta_id, lang, value_) VALUES(10198,"french","https://steamcdn-a.akamaihd.net/apps/583950/icons/set01/10198_large_french.8e5ce078513235adde1060503bd8565482981409.png");
INSERT INTO large_image(carta_id, lang, value_) VALUES(10198,"italian","https://steamcdn-a.akamaihd.net/apps/583950/icons/set01/10198_large_italian.02ef0f546d3d6b461293aeb707c60130b13812da.png");

INSERT INTO large_image(carta_id, lang, value_) VALUES(10198,"spanish","https://steamcdn-a.akamaihd.net/apps/583950/icons/set01/10198_large_spanish.eec6627663076444ffead77d20b10c8b13c19110.png");




INSERT INTO large_image(carta_id, lang, value_) VALUES(10198,"brazilian","https://steamcdn-a.akamaihd.net/apps/583950/icons/set01/10198_large_brazilian.cd1c79f49900a285041968a33d0ce5d128b9bfc8.png");
INSERT INTO large_image(carta_id, lang, value_) VALUES(10198,"latam","https://steamcdn-a.akamaihd.net/apps/583950/icons/set01/10198_large_latam.b23888b276ca25f2bb5f03bc8950358ff588d441.png");
INSERT INTO carta(id, card_type, illustrator, rarity, item_def) VALUES (10268,'Spell','Darek Zabrocki','Uncommon',110268);
INSERT INTO card_name(carta_id, lang, value_) VALUES(10268,"english","Lodestone Demolition");
INSERT INTO card_name(carta_id, lang, value_) VALUES(10268,"german","Magnetitsprengung");
INSERT INTO card_name(carta_id, lang, value_) VALUES(10268,"french","Anéantissement magnétique");
INSERT INTO card_name(carta_id, lang, value_) VALUES(10268,"italian","Demolizione della magnetite");

INSERT INTO card_name(carta_id, lang, value_) VALUES(10268,"spanish","Demolición de calamita");



INSERT INTO card_name(carta_id, lang, value_) VALUES(10268,"thai","Lodestone Demolition");

INSERT INTO card_name(carta_id, lang, value_) VALUES(10268,"portuguese","Lodestone Demolition");
INSERT INTO card_name(carta_id, lang, value_) VALUES(10268,"polish","Lodestone Demolition");
INSERT INTO card_name(carta_id, lang, value_) VALUES(10268,"danish","Lodestone Demolition");
INSERT INTO card_name(carta_id, lang, value_) VALUES(10268,"dutch","Lodestone Demolition");
INSERT INTO card_name(carta_id, lang, value_) VALUES(10268,"finnish","Lodestone Demolition");
INSERT INTO card_name(carta_id, lang, value_) VALUES(10268,"norwegian","Lodestone Demolition");
INSERT INTO card_name(carta_id, lang, value_) VALUES(10268,"swedish","Lodestone Demolition");
INSERT INTO card_name(carta_id, lang, value_) VALUES(10268,"hungarian","Lodestone Demolition");
INSERT INTO card_name(carta_id, lang, value_) VALUES(10268,"czech","Lodestone Demolition");
INSERT INTO card_name(carta_id, lang, value_) VALUES(10268,"romanian","Lodestone Demolition");
INSERT INTO card_name(carta_id, lang, value_) VALUES(10268,"turkish","Lodestone Demolition");
INSERT INTO card_name(carta_id, lang, value_) VALUES(10268,"brazilian","Magnetita da Demolição");
INSERT INTO card_name(carta_id, lang, value_) VALUES(10268,"bulgarian","Lodestone Demolition");
INSERT INTO card_name(carta_id, lang, value_) VALUES(10268,"greek","Lodestone Demolition");
INSERT INTO card_name(carta_id, lang, value_) VALUES(10268,"ukrainian","Lodestone Demolition");
INSERT INTO card_name(carta_id, lang, value_) VALUES(10268,"latam","Demolición de calamita");
INSERT INTO card_name(carta_id, lang, value_) VALUES(10268,"vietnamese","Lodestone Demolition");
INSERT INTO large_image(carta_id, lang, value_) VALUES(10268,"default","https://steamcdn-a.akamaihd.net/apps/583950/icons/set01/10268_large_english.21ecc3db4a25f6636c3159d35ba49c353431c94f.png");
INSERT INTO large_image(carta_id, lang, value_) VALUES(10268,"german","https://steamcdn-a.akamaihd.net/apps/583950/icons/set01/10268_large_german.55f622576c4a868d50a5b6596bb6874a4e5350c1.png");
INSERT INTO large_image(carta_id, lang, value_) VALUES(10268,"french","https://steamcdn-a.akamaihd.net/apps/583950/icons/set01/10268_large_french.df1776a6202d71bcbde198fc9f9c37dbae027d25.png");
INSERT INTO large_image(carta_id, lang, value_) VALUES(10268,"italian","https://steamcdn-a.akamaihd.net/apps/583950/icons/set01/10268_large_italian.0624ad3f5661bd7fc745d0cff7b339a5d24fce16.png");

INSERT INTO large_image(carta_id, lang, value_) VALUES(10268,"spanish","https://steamcdn-a.akamaihd.net/apps/583950/icons/set01/10268_large_spanish.58a06c9f727f8bd38d1908ad44c73247ab1c3349.png");




INSERT INTO large_image(carta_id, lang, value_) VALUES(10268,"brazilian","https://steamcdn-a.akamaihd.net/apps/583950/icons/set01/10268_large_brazilian.f2fffab0d85bddd247a32cd2c80d6a8c8c1e3ba4.png");
INSERT INTO large_image(carta_id, lang, value_) VALUES(10268,"latam","https://steamcdn-a.akamaihd.net/apps/583950/icons/set01/10268_large_latam.9eafbc1ff132ab5314e688e168ea676197c6aa0a.png");
INSERT INTO carta(id, card_type, illustrator, rarity, item_def) VALUES (10270,'Spell','Kieran Yanner','Common',110270);
INSERT INTO card_name(carta_id, lang, value_) VALUES(10270,"english","Grazing Shot");
INSERT INTO card_name(carta_id, lang, value_) VALUES(10270,"german","Streifschuss");
INSERT INTO card_name(carta_id, lang, value_) VALUES(10270,"french","Tir écorcheur");
INSERT INTO card_name(carta_id, lang, value_) VALUES(10270,"italian","Colpo di striscio");

INSERT INTO card_name(carta_id, lang, value_) VALUES(10270,"spanish","Tiro rasante");



INSERT INTO card_name(carta_id, lang, value_) VALUES(10270,"thai","Grazing Shot");

INSERT INTO card_name(carta_id, lang, value_) VALUES(10270,"portuguese","Grazing Shot");
INSERT INTO card_name(carta_id, lang, value_) VALUES(10270,"polish","Grazing Shot");
INSERT INTO card_name(carta_id, lang, value_) VALUES(10270,"danish","Grazing Shot");
INSERT INTO card_name(carta_id, lang, value_) VALUES(10270,"dutch","Grazing Shot");
INSERT INTO card_name(carta_id, lang, value_) VALUES(10270,"finnish","Grazing Shot");
INSERT INTO card_name(carta_id, lang, value_) VALUES(10270,"norwegian","Grazing Shot");
INSERT INTO card_name(carta_id, lang, value_) VALUES(10270,"swedish","Grazing Shot");
INSERT INTO card_name(carta_id, lang, value_) VALUES(10270,"hungarian","Grazing Shot");
INSERT INTO card_name(carta_id, lang, value_) VALUES(10270,"czech","Grazing Shot");
INSERT INTO card_name(carta_id, lang, value_) VALUES(10270,"romanian","Grazing Shot");
INSERT INTO card_name(carta_id, lang, value_) VALUES(10270,"turkish","Grazing Shot");
INSERT INTO card_name(carta_id, lang, value_) VALUES(10270,"brazilian","Disparo Resvalante");
INSERT INTO card_name(carta_id, lang, value_) VALUES(10270,"bulgarian","Grazing Shot");
INSERT INTO card_name(carta_id, lang, value_) VALUES(10270,"greek","Grazing Shot");
INSERT INTO card_name(carta_id, lang, value_) VALUES(10270,"ukrainian","Grazing Shot");
INSERT INTO card_name(carta_id, lang, value_) VALUES(10270,"latam","Tiro rasante");
INSERT INTO card_name(carta_id, lang, value_) VALUES(10270,"vietnamese","Grazing Shot");
INSERT INTO large_image(carta_id, lang, value_) VALUES(10270,"default","https://steamcdn-a.akamaihd.net/apps/583950/icons/set01/10270_large_english.f0a76224de3f36c7d279d288a89dc985e19f591b.png");
INSERT INTO large_image(carta_id, lang, value_) VALUES(10270,"german","https://steamcdn-a.akamaihd.net/apps/583950/icons/set01/10270_large_german.91ac6a629e012f3bb6013369049f619ebe956d34.png");
INSERT INTO large_image(carta_id, lang, value_) VALUES(10270,"french","https://steamcdn-a.akamaihd.net/apps/583950/icons/set01/10270_large_french.9f6a531a69bf0386bad383ccd3e6464162eb755c.png");
INSERT INTO large_image(carta_id, lang, value_) VALUES(10270,"italian","https://steamcdn-a.akamaihd.net/apps/583950/icons/set01/10270_large_italian.4a22976e91b9fc47f43ff8e5166731f41ead7388.png");

INSERT INTO large_image(carta_id, lang, value_) VALUES(10270,"spanish","https://steamcdn-a.akamaihd.net/apps/583950/icons/set01/10270_large_spanish.7d69ca0fef6d6562c537a089050e75ed8a4b034e.png");




INSERT INTO large_image(carta_id, lang, value_) VALUES(10270,"brazilian","https://steamcdn-a.akamaihd.net/apps/583950/icons/set01/10270_large_brazilian.c4616e9124f268316ede7de2530727a7306cf0e0.png");
INSERT INTO large_image(carta_id, lang, value_) VALUES(10270,"latam","https://steamcdn-a.akamaihd.net/apps/583950/icons/set01/10270_large_latam.3627f0750f4ebfeafb0dd262fe33678c4856d785.png");
INSERT INTO carta(id, card_type, illustrator, rarity, item_def) VALUES (10273,'Spell','Daarken','Common',110273);
INSERT INTO card_name(carta_id, lang, value_) VALUES(10273,"english","Hip Fire");
INSERT INTO card_name(carta_id, lang, value_) VALUES(10273,"german","Hüftschuss");
INSERT INTO card_name(carta_id, lang, value_) VALUES(10273,"french","Tir à l'aveugle");
INSERT INTO card_name(carta_id, lang, value_) VALUES(10273,"italian","Colpo impreciso");

INSERT INTO card_name(carta_id, lang, value_) VALUES(10273,"spanish","Tiro rápido");



INSERT INTO card_name(carta_id, lang, value_) VALUES(10273,"thai","Hip Fire");

INSERT INTO card_name(carta_id, lang, value_) VALUES(10273,"portuguese","Hip Fire");
INSERT INTO card_name(carta_id, lang, value_) VALUES(10273,"polish","Hip Fire");
INSERT INTO card_name(carta_id, lang, value_) VALUES(10273,"danish","Hip Fire");
INSERT INTO card_name(carta_id, lang, value_) VALUES(10273,"dutch","Hip Fire");
INSERT INTO card_name(carta_id, lang, value_) VALUES(10273,"finnish","Hip Fire");
INSERT INTO card_name(carta_id, lang, value_) VALUES(10273,"norwegian","Hip Fire");
INSERT INTO card_name(carta_id, lang, value_) VALUES(10273,"swedish","Hip Fire");
INSERT INTO card_name(carta_id, lang, value_) VALUES(10273,"hungarian","Hip Fire");
INSERT INTO card_name(carta_id, lang, value_) VALUES(10273,"czech","Hip Fire");
INSERT INTO card_name(carta_id, lang, value_) VALUES(10273,"romanian","Hip Fire");
INSERT INTO card_name(carta_id, lang, value_) VALUES(10273,"turkish","Hip Fire");
INSERT INTO card_name(carta_id, lang, value_) VALUES(10273,"brazilian","Disparo a Esmo");
INSERT INTO card_name(carta_id, lang, value_) VALUES(10273,"bulgarian","Hip Fire");
INSERT INTO card_name(carta_id, lang, value_) VALUES(10273,"greek","Hip Fire");
INSERT INTO card_name(carta_id, lang, value_) VALUES(10273,"ukrainian","Hip Fire");
INSERT INTO card_name(carta_id, lang, value_) VALUES(10273,"latam","Tiro rápido");
INSERT INTO card_name(carta_id, lang, value_) VALUES(10273,"vietnamese","Hip Fire");
INSERT INTO large_image(carta_id, lang, value_) VALUES(10273,"default","https://steamcdn-a.akamaihd.net/apps/583950/icons/set01/10273_large_english.5173e2b6964d4b49ed7c6bb7c1a53f6805a86f2a.png");
INSERT INTO large_image(carta_id, lang, value_) VALUES(10273,"german","https://steamcdn-a.akamaihd.net/apps/583950/icons/set01/10273_large_german.bf1f35b101aa569d4975bbc1296f1ad1eed1c270.png");
INSERT INTO large_image(carta_id, lang, value_) VALUES(10273,"french","https://steamcdn-a.akamaihd.net/apps/583950/icons/set01/10273_large_french.c413b5d8aa4b1c91e50f6b1beba67fd5615aed60.png");
INSERT INTO large_image(carta_id, lang, value_) VALUES(10273,"italian","https://steamcdn-a.akamaihd.net/apps/583950/icons/set01/10273_large_italian.90bc689f380572ce821489bca9223cc0fd0500e9.png");

INSERT INTO large_image(carta_id, lang, value_) VALUES(10273,"spanish","https://steamcdn-a.akamaihd.net/apps/583950/icons/set01/10273_large_spanish.69279e4105f88fc627b0cc0ec87eb904b3c31a52.png");




INSERT INTO large_image(carta_id, lang, value_) VALUES(10273,"brazilian","https://steamcdn-a.akamaihd.net/apps/583950/icons/set01/10273_large_brazilian.d60c09feabc42b8521ae1bdee3e4434191415533.png");
INSERT INTO large_image(carta_id, lang, value_) VALUES(10273,"latam","https://steamcdn-a.akamaihd.net/apps/583950/icons/set01/10273_large_latam.d85de5457625bd5da187065df9de9563c19ddbeb.png");
INSERT INTO carta(id, card_type, illustrator, rarity, item_def) VALUES (10295,'Spell','Alix Branwyn','Common',110295);
INSERT INTO card_name(carta_id, lang, value_) VALUES(10295,"english","Arcane Censure");
INSERT INTO card_name(carta_id, lang, value_) VALUES(10295,"german","Arkane Zensur");
INSERT INTO card_name(carta_id, lang, value_) VALUES(10295,"french","Censure arcanique");
INSERT INTO card_name(carta_id, lang, value_) VALUES(10295,"italian","Censura arcana");

INSERT INTO card_name(carta_id, lang, value_) VALUES(10295,"spanish","Censura arcana");



INSERT INTO card_name(carta_id, lang, value_) VALUES(10295,"thai","Arcane Censure");

INSERT INTO card_name(carta_id, lang, value_) VALUES(10295,"portuguese","Arcane Censure");
INSERT INTO card_name(carta_id, lang, value_) VALUES(10295,"polish","Arcane Censure");
INSERT INTO card_name(carta_id, lang, value_) VALUES(10295,"danish","Arcane Censure");
INSERT INTO card_name(carta_id, lang, value_) VALUES(10295,"dutch","Arcane Censure");
INSERT INTO card_name(carta_id, lang, value_) VALUES(10295,"finnish","Arcane Censure");
INSERT INTO card_name(carta_id, lang, value_) VALUES(10295,"norwegian","Arcane Censure");
INSERT INTO card_name(carta_id, lang, value_) VALUES(10295,"swedish","Arcane Censure");
INSERT INTO card_name(carta_id, lang, value_) VALUES(10295,"hungarian","Arcane Censure");
INSERT INTO card_name(carta_id, lang, value_) VALUES(10295,"czech","Arcane Censure");
INSERT INTO card_name(carta_id, lang, value_) VALUES(10295,"romanian","Arcane Censure");
INSERT INTO card_name(carta_id, lang, value_) VALUES(10295,"turkish","Arcane Censure");
INSERT INTO card_name(carta_id, lang, value_) VALUES(10295,"brazilian","Coerção Arcana");
INSERT INTO card_name(carta_id, lang, value_) VALUES(10295,"bulgarian","Arcane Censure");
INSERT INTO card_name(carta_id, lang, value_) VALUES(10295,"greek","Arcane Censure");
INSERT INTO card_name(carta_id, lang, value_) VALUES(10295,"ukrainian","Arcane Censure");
INSERT INTO card_name(carta_id, lang, value_) VALUES(10295,"latam","Censura arcana");
INSERT INTO card_name(carta_id, lang, value_) VALUES(10295,"vietnamese","Arcane Censure");
INSERT INTO large_image(carta_id, lang, value_) VALUES(10295,"default","https://steamcdn-a.akamaihd.net/apps/583950/icons/set01/10295_large_english.f5bd5e4e7749b085d35e5dd0d9f59e335f0646af.png");
INSERT INTO large_image(carta_id, lang, value_) VALUES(10295,"german","https://steamcdn-a.akamaihd.net/apps/583950/icons/set01/10295_large_german.8db9a9f263a48d8ffd928d0f993aba9a4ef77b02.png");
INSERT INTO large_image(carta_id, lang, value_) VALUES(10295,"french","https://steamcdn-a.akamaihd.net/apps/583950/icons/set01/10295_large_french.7b45603f6d06ade449235d4117621efa51fbc20c.png");
INSERT INTO large_image(carta_id, lang, value_) VALUES(10295,"italian","https://steamcdn-a.akamaihd.net/apps/583950/icons/set01/10295_large_italian.55dd5f7f0bd9042e2186377ab50db765efddc8f7.png");

INSERT INTO large_image(carta_id, lang, value_) VALUES(10295,"spanish","https://steamcdn-a.akamaihd.net/apps/583950/icons/set01/10295_large_spanish.2ab422efed04d9607d5b62194b008e2b480dccaf.png");




INSERT INTO large_image(carta_id, lang, value_) VALUES(10295,"brazilian","https://steamcdn-a.akamaihd.net/apps/583950/icons/set01/10295_large_brazilian.55a74593d795df311e9acb24183ff682e3fcc1a2.png");
INSERT INTO large_image(carta_id, lang, value_) VALUES(10295,"latam","https://steamcdn-a.akamaihd.net/apps/583950/icons/set01/10295_large_latam.445a79c4e0a2a482681674cb8f1e001ed4332234.png");
INSERT INTO carta(id, card_type, illustrator, rarity, item_def) VALUES (10297,'Spell','Bayard Wu','Common',110297);
INSERT INTO card_name(carta_id, lang, value_) VALUES(10297,"english","Defensive Stance");
INSERT INTO card_name(carta_id, lang, value_) VALUES(10297,"german","Verteidigungshaltung");
INSERT INTO card_name(carta_id, lang, value_) VALUES(10297,"french","Posture défensive");
INSERT INTO card_name(carta_id, lang, value_) VALUES(10297,"italian","Posizione difensiva");

INSERT INTO card_name(carta_id, lang, value_) VALUES(10297,"spanish","Posición defensiva");



INSERT INTO card_name(carta_id, lang, value_) VALUES(10297,"thai","Defensive Stance");

INSERT INTO card_name(carta_id, lang, value_) VALUES(10297,"portuguese","Defensive Stance");
INSERT INTO card_name(carta_id, lang, value_) VALUES(10297,"polish","Defensive Stance");
INSERT INTO card_name(carta_id, lang, value_) VALUES(10297,"danish","Defensive Stance");
INSERT INTO card_name(carta_id, lang, value_) VALUES(10297,"dutch","Defensive Stance");
INSERT INTO card_name(carta_id, lang, value_) VALUES(10297,"finnish","Defensive Stance");
INSERT INTO card_name(carta_id, lang, value_) VALUES(10297,"norwegian","Defensive Stance");
INSERT INTO card_name(carta_id, lang, value_) VALUES(10297,"swedish","Defensive Stance");
INSERT INTO card_name(carta_id, lang, value_) VALUES(10297,"hungarian","Defensive Stance");
INSERT INTO card_name(carta_id, lang, value_) VALUES(10297,"czech","Defensive Stance");
INSERT INTO card_name(carta_id, lang, value_) VALUES(10297,"romanian","Defensive Stance");
INSERT INTO card_name(carta_id, lang, value_) VALUES(10297,"turkish","Defensive Stance");
INSERT INTO card_name(carta_id, lang, value_) VALUES(10297,"brazilian","Postura Defensiva");
INSERT INTO card_name(carta_id, lang, value_) VALUES(10297,"bulgarian","Defensive Stance");
INSERT INTO card_name(carta_id, lang, value_) VALUES(10297,"greek","Defensive Stance");
INSERT INTO card_name(carta_id, lang, value_) VALUES(10297,"ukrainian","Defensive Stance");
INSERT INTO card_name(carta_id, lang, value_) VALUES(10297,"latam","Posición defensiva");
INSERT INTO card_name(carta_id, lang, value_) VALUES(10297,"vietnamese","Defensive Stance");
INSERT INTO large_image(carta_id, lang, value_) VALUES(10297,"default","https://steamcdn-a.akamaihd.net/apps/583950/icons/set01/10297_large_english.d98b3a597fe54ab8787d764432a8e9ce4f5a6a8d.png");
INSERT INTO large_image(carta_id, lang, value_) VALUES(10297,"german","https://steamcdn-a.akamaihd.net/apps/583950/icons/set01/10297_large_german.ad8b1336ad8fb88e18913a758e5b5b9fc50d1c77.png");
INSERT INTO large_image(carta_id, lang, value_) VALUES(10297,"french","https://steamcdn-a.akamaihd.net/apps/583950/icons/set01/10297_large_french.c67128e484dc9c4b293c820e0b95723ad3d1176b.png");
INSERT INTO large_image(carta_id, lang, value_) VALUES(10297,"italian","https://steamcdn-a.akamaihd.net/apps/583950/icons/set01/10297_large_italian.7ace075dbe66fcb9c46538e34879dfc4c1c9cc4d.png");

INSERT INTO large_image(carta_id, lang, value_) VALUES(10297,"spanish","https://steamcdn-a.akamaihd.net/apps/583950/icons/set01/10297_large_spanish.e4049664a801c6191bc0ee1794532e4bde570811.png");




INSERT INTO large_image(carta_id, lang, value_) VALUES(10297,"brazilian","https://steamcdn-a.akamaihd.net/apps/583950/icons/set01/10297_large_brazilian.6745b98166ef98fdd206c264d078653e4f93e6bc.png");
INSERT INTO large_image(carta_id, lang, value_) VALUES(10297,"latam","https://steamcdn-a.akamaihd.net/apps/583950/icons/set01/10297_large_latam.cea10d1d8629023b704703ce4713790f55c08911.png");
INSERT INTO carta(id, card_type, illustrator, rarity, item_def) VALUES (10298,'Spell','JiHun Lee','Uncommon',110298);
INSERT INTO card_name(carta_id, lang, value_) VALUES(10298,"english","Lost  Time");
INSERT INTO card_name(carta_id, lang, value_) VALUES(10298,"german","Verloren  der Zeit");
INSERT INTO card_name(carta_id, lang, value_) VALUES(10298,"french","Perdu dans le temps");
INSERT INTO card_name(carta_id, lang, value_) VALUES(10298,"italian","Persi nel tempo");

INSERT INTO card_name(carta_id, lang, value_) VALUES(10298,"spanish","Perdido en el tiempo");



INSERT INTO card_name(carta_id, lang, value_) VALUES(10298,"thai","Lost  Time");

INSERT INTO card_name(carta_id, lang, value_) VALUES(10298,"portuguese","Lost  Time");
INSERT INTO card_name(carta_id, lang, value_) VALUES(10298,"polish","Lost  Time");
INSERT INTO card_name(carta_id, lang, value_) VALUES(10298,"danish","Lost  Time");
INSERT INTO card_name(carta_id, lang, value_) VALUES(10298,"dutch","Lost  Time");
INSERT INTO card_name(carta_id, lang, value_) VALUES(10298,"finnish","Lost  Time");
INSERT INTO card_name(carta_id, lang, value_) VALUES(10298,"norwegian","Lost  Time");
INSERT INTO card_name(carta_id, lang, value_) VALUES(10298,"swedish","Lost  Time");
INSERT INTO card_name(carta_id, lang, value_) VALUES(10298,"hungarian","Lost  Time");
INSERT INTO card_name(carta_id, lang, value_) VALUES(10298,"czech","Lost  Time");
INSERT INTO card_name(carta_id, lang, value_) VALUES(10298,"romanian","Lost  Time");
INSERT INTO card_name(carta_id, lang, value_) VALUES(10298,"turkish","Lost  Time");
INSERT INTO card_name(carta_id, lang, value_) VALUES(10298,"brazilian","Perdido no Tempo");
INSERT INTO card_name(carta_id, lang, value_) VALUES(10298,"bulgarian","Lost  Time");
INSERT INTO card_name(carta_id, lang, value_) VALUES(10298,"greek","Lost  Time");
INSERT INTO card_name(carta_id, lang, value_) VALUES(10298,"ukrainian","Lost  Time");
INSERT INTO card_name(carta_id, lang, value_) VALUES(10298,"latam","Perdido en el tiempo");
INSERT INTO card_name(carta_id, lang, value_) VALUES(10298,"vietnamese","Lost  Time");
INSERT INTO large_image(carta_id, lang, value_) VALUES(10298,"default","https://steamcdn-a.akamaihd.net/apps/583950/icons/set01/10298_large_english.55733a73900f04017d7aa15ac1d55e7cd24f8827.png");
INSERT INTO large_image(carta_id, lang, value_) VALUES(10298,"german","https://steamcdn-a.akamaihd.net/apps/583950/icons/set01/10298_large_german.f67f3d42792e801d5245c91a3c65721130e49c23.png");
INSERT INTO large_image(carta_id, lang, value_) VALUES(10298,"french","https://steamcdn-a.akamaihd.net/apps/583950/icons/set01/10298_large_french.e077e2199d8f2c65f9e2439b4a07a7e31521162f.png");
INSERT INTO large_image(carta_id, lang, value_) VALUES(10298,"italian","https://steamcdn-a.akamaihd.net/apps/583950/icons/set01/10298_large_italian.fc7a7f85912e6a38df2b6c7fdc1d823c08666c93.png");

INSERT INTO large_image(carta_id, lang, value_) VALUES(10298,"spanish","https://steamcdn-a.akamaihd.net/apps/583950/icons/set01/10298_large_spanish.2510297a4a96f47eb719195ff237ed64ae52d474.png");




INSERT INTO large_image(carta_id, lang, value_) VALUES(10298,"brazilian","https://steamcdn-a.akamaihd.net/apps/583950/icons/set01/10298_large_brazilian.9fc3d4c048eefd05e44b6dc02d03b5a7fe6bc41e.png");
INSERT INTO large_image(carta_id, lang, value_) VALUES(10298,"latam","https://steamcdn-a.akamaihd.net/apps/583950/icons/set01/10298_large_latam.8a0dea5ec654a3019e75d7516a9d0ee378c41e75.png");
INSERT INTO carta(id, card_type, illustrator, rarity, item_def) VALUES (10299,'Spell','Svetlin Velinov','Uncommon',110299);
INSERT INTO card_name(carta_id, lang, value_) VALUES(10299,"english","Defend the Weak");
INSERT INTO card_name(carta_id, lang, value_) VALUES(10299,"german","Die Schwachen verteidigen");
INSERT INTO card_name(carta_id, lang, value_) VALUES(10299,"french","Défense des faibles");
INSERT INTO card_name(carta_id, lang, value_) VALUES(10299,"italian","Difesa dei deboli");

INSERT INTO card_name(carta_id, lang, value_) VALUES(10299,"spanish","Defensor de los débiles");



INSERT INTO card_name(carta_id, lang, value_) VALUES(10299,"thai","Defend the Weak");

INSERT INTO card_name(carta_id, lang, value_) VALUES(10299,"portuguese","Defend the Weak");
INSERT INTO card_name(carta_id, lang, value_) VALUES(10299,"polish","Defend the Weak");
INSERT INTO card_name(carta_id, lang, value_) VALUES(10299,"danish","Defend the Weak");
INSERT INTO card_name(carta_id, lang, value_) VALUES(10299,"dutch","Defend the Weak");
INSERT INTO card_name(carta_id, lang, value_) VALUES(10299,"finnish","Defend the Weak");
INSERT INTO card_name(carta_id, lang, value_) VALUES(10299,"norwegian","Defend the Weak");
INSERT INTO card_name(carta_id, lang, value_) VALUES(10299,"swedish","Defend the Weak");
INSERT INTO card_name(carta_id, lang, value_) VALUES(10299,"hungarian","Defend the Weak");
INSERT INTO card_name(carta_id, lang, value_) VALUES(10299,"czech","Defend the Weak");
INSERT INTO card_name(carta_id, lang, value_) VALUES(10299,"romanian","Defend the Weak");
INSERT INTO card_name(carta_id, lang, value_) VALUES(10299,"turkish","Defend the Weak");
INSERT INTO card_name(carta_id, lang, value_) VALUES(10299,"brazilian","Defendam os Fracos");
INSERT INTO card_name(carta_id, lang, value_) VALUES(10299,"bulgarian","Defend the Weak");
INSERT INTO card_name(carta_id, lang, value_) VALUES(10299,"greek","Defend the Weak");
INSERT INTO card_name(carta_id, lang, value_) VALUES(10299,"ukrainian","Defend the Weak");
INSERT INTO card_name(carta_id, lang, value_) VALUES(10299,"latam","Defensor de los débiles");
INSERT INTO card_name(carta_id, lang, value_) VALUES(10299,"vietnamese","Defend the Weak");
INSERT INTO large_image(carta_id, lang, value_) VALUES(10299,"default","https://steamcdn-a.akamaihd.net/apps/583950/icons/set01/10299_large_english.fe12399319a582b6ec7c6da4df3fdbf110b5e174.png");
INSERT INTO large_image(carta_id, lang, value_) VALUES(10299,"german","https://steamcdn-a.akamaihd.net/apps/583950/icons/set01/10299_large_german.347c7629c367030a9bf8537eae9a324c068bbcba.png");
INSERT INTO large_image(carta_id, lang, value_) VALUES(10299,"french","https://steamcdn-a.akamaihd.net/apps/583950/icons/set01/10299_large_french.a0b51365c289b09edfd2bd1aa6b3635a72a5060a.png");
INSERT INTO large_image(carta_id, lang, value_) VALUES(10299,"italian","https://steamcdn-a.akamaihd.net/apps/583950/icons/set01/10299_large_italian.89924c28cbcc35dc1aa47bdf060e9670062da097.png");

INSERT INTO large_image(carta_id, lang, value_) VALUES(10299,"spanish","https://steamcdn-a.akamaihd.net/apps/583950/icons/set01/10299_large_spanish.1f1b348f7f7919c1a3794c22931a368e1799bc8f.png");




INSERT INTO large_image(carta_id, lang, value_) VALUES(10299,"brazilian","https://steamcdn-a.akamaihd.net/apps/583950/icons/set01/10299_large_brazilian.37a56cc7dcd7c8b2d0647eca13533628b52c3c10.png");
INSERT INTO large_image(carta_id, lang, value_) VALUES(10299,"latam","https://steamcdn-a.akamaihd.net/apps/583950/icons/set01/10299_large_latam.a51fe87343c984c05212b1b51caf0ca826193e01.png");
INSERT INTO carta(id, card_type, illustrator, rarity, item_def) VALUES (10300,'Spell','Magali Villeneuve','Common',110300);
INSERT INTO card_name(carta_id, lang, value_) VALUES(10300,"english","Combat Training");
INSERT INTO card_name(carta_id, lang, value_) VALUES(10300,"german","Kampftraining");
INSERT INTO card_name(carta_id, lang, value_) VALUES(10300,"french","Entraînement au combat");
INSERT INTO card_name(carta_id, lang, value_) VALUES(10300,"italian","Tecniche di combattimento");

INSERT INTO card_name(carta_id, lang, value_) VALUES(10300,"spanish","Entrenamiento de combate");



INSERT INTO card_name(carta_id, lang, value_) VALUES(10300,"thai","Combat Training");

INSERT INTO card_name(carta_id, lang, value_) VALUES(10300,"portuguese","Combat Training");
INSERT INTO card_name(carta_id, lang, value_) VALUES(10300,"polish","Combat Training");
INSERT INTO card_name(carta_id, lang, value_) VALUES(10300,"danish","Combat Training");
INSERT INTO card_name(carta_id, lang, value_) VALUES(10300,"dutch","Combat Training");
INSERT INTO card_name(carta_id, lang, value_) VALUES(10300,"finnish","Combat Training");
INSERT INTO card_name(carta_id, lang, value_) VALUES(10300,"norwegian","Combat Training");
INSERT INTO card_name(carta_id, lang, value_) VALUES(10300,"swedish","Combat Training");
INSERT INTO card_name(carta_id, lang, value_) VALUES(10300,"hungarian","Combat Training");
INSERT INTO card_name(carta_id, lang, value_) VALUES(10300,"czech","Combat Training");
INSERT INTO card_name(carta_id, lang, value_) VALUES(10300,"romanian","Combat Training");
INSERT INTO card_name(carta_id, lang, value_) VALUES(10300,"turkish","Combat Training");
INSERT INTO card_name(carta_id, lang, value_) VALUES(10300,"brazilian","Treinamento de Combate");
INSERT INTO card_name(carta_id, lang, value_) VALUES(10300,"bulgarian","Combat Training");
INSERT INTO card_name(carta_id, lang, value_) VALUES(10300,"greek","Combat Training");
INSERT INTO card_name(carta_id, lang, value_) VALUES(10300,"ukrainian","Combat Training");
INSERT INTO card_name(carta_id, lang, value_) VALUES(10300,"latam","Entrenamiento de combate");
INSERT INTO card_name(carta_id, lang, value_) VALUES(10300,"vietnamese","Combat Training");
INSERT INTO large_image(carta_id, lang, value_) VALUES(10300,"default","https://steamcdn-a.akamaihd.net/apps/583950/icons/set01/10300_large_english.d3e8cc8a874bc0073bebdc559829d98ba5d5fc91.png");
INSERT INTO large_image(carta_id, lang, value_) VALUES(10300,"german","https://steamcdn-a.akamaihd.net/apps/583950/icons/set01/10300_large_german.384db5c59759e64aa14a1ac6b570155e55e7ff4e.png");
INSERT INTO large_image(carta_id, lang, value_) VALUES(10300,"french","https://steamcdn-a.akamaihd.net/apps/583950/icons/set01/10300_large_french.4ab580bc34f7c79822724594151543ce28bf2681.png");
INSERT INTO large_image(carta_id, lang, value_) VALUES(10300,"italian","https://steamcdn-a.akamaihd.net/apps/583950/icons/set01/10300_large_italian.561ceadaa299d8c0967838cb1fcc547b037e72ff.png");

INSERT INTO large_image(carta_id, lang, value_) VALUES(10300,"spanish","https://steamcdn-a.akamaihd.net/apps/583950/icons/set01/10300_large_spanish.92bb56a6234385a09423bc3d2d1c20a0f86493a2.png");




INSERT INTO large_image(carta_id, lang, value_) VALUES(10300,"brazilian","https://steamcdn-a.akamaihd.net/apps/583950/icons/set01/10300_large_brazilian.54e805b60c243fd41c03c94063f1953422c7cc9d.png");
INSERT INTO large_image(carta_id, lang, value_) VALUES(10300,"latam","https://steamcdn-a.akamaihd.net/apps/583950/icons/set01/10300_large_latam.6668611f6470f91eafbfe8e3099df11ed42591d8.png");
INSERT INTO carta(id, card_type, illustrator, rarity, item_def) VALUES (10302,'Spell','JiHun Lee','Uncommon',110302);
INSERT INTO card_name(carta_id, lang, value_) VALUES(10302,"english","Self Sabotage");
INSERT INTO card_name(carta_id, lang, value_) VALUES(10302,"german","Selbstsabotage");
INSERT INTO card_name(carta_id, lang, value_) VALUES(10302,"french","Corruption");
INSERT INTO card_name(carta_id, lang, value_) VALUES(10302,"italian","Autosabotaggio");

INSERT INTO card_name(carta_id, lang, value_) VALUES(10302,"spanish","Autosabotaje");



INSERT INTO card_name(carta_id, lang, value_) VALUES(10302,"thai","Self Sabotage");

INSERT INTO card_name(carta_id, lang, value_) VALUES(10302,"portuguese","Self Sabotage");
INSERT INTO card_name(carta_id, lang, value_) VALUES(10302,"polish","Self Sabotage");
INSERT INTO card_name(carta_id, lang, value_) VALUES(10302,"danish","Self Sabotage");
INSERT INTO card_name(carta_id, lang, value_) VALUES(10302,"dutch","Self Sabotage");
INSERT INTO card_name(carta_id, lang, value_) VALUES(10302,"finnish","Self Sabotage");
INSERT INTO card_name(carta_id, lang, value_) VALUES(10302,"norwegian","Self Sabotage");
INSERT INTO card_name(carta_id, lang, value_) VALUES(10302,"swedish","Self Sabotage");
INSERT INTO card_name(carta_id, lang, value_) VALUES(10302,"hungarian","Self Sabotage");
INSERT INTO card_name(carta_id, lang, value_) VALUES(10302,"czech","Self Sabotage");
INSERT INTO card_name(carta_id, lang, value_) VALUES(10302,"romanian","Self Sabotage");
INSERT INTO card_name(carta_id, lang, value_) VALUES(10302,"turkish","Self Sabotage");
INSERT INTO card_name(carta_id, lang, value_) VALUES(10302,"brazilian","Autossabotagem");
INSERT INTO card_name(carta_id, lang, value_) VALUES(10302,"bulgarian","Self Sabotage");
INSERT INTO card_name(carta_id, lang, value_) VALUES(10302,"greek","Self Sabotage");
INSERT INTO card_name(carta_id, lang, value_) VALUES(10302,"ukrainian","Self Sabotage");
INSERT INTO card_name(carta_id, lang, value_) VALUES(10302,"latam","Autosabotaje");
INSERT INTO card_name(carta_id, lang, value_) VALUES(10302,"vietnamese","Self Sabotage");
INSERT INTO large_image(carta_id, lang, value_) VALUES(10302,"default","https://steamcdn-a.akamaihd.net/apps/583950/icons/set01/10302_large_english.97205289f2cebe3f7d9383e3cc3929457198ce0b.png");
INSERT INTO large_image(carta_id, lang, value_) VALUES(10302,"german","https://steamcdn-a.akamaihd.net/apps/583950/icons/set01/10302_large_german.e408bd365686bd1ebadc4583dfea1cf83e38b6a9.png");
INSERT INTO large_image(carta_id, lang, value_) VALUES(10302,"french","https://steamcdn-a.akamaihd.net/apps/583950/icons/set01/10302_large_french.7135a9f54e857dbb6834d7c7ec5e66a94922b9ae.png");
INSERT INTO large_image(carta_id, lang, value_) VALUES(10302,"italian","https://steamcdn-a.akamaihd.net/apps/583950/icons/set01/10302_large_italian.ba3dc7bfe56cf7f87da13aa91f423fd17a590012.png");

INSERT INTO large_image(carta_id, lang, value_) VALUES(10302,"spanish","https://steamcdn-a.akamaihd.net/apps/583950/icons/set01/10302_large_spanish.33e3b6766fcbc93cc117a4844924abefea40b7d0.png");




INSERT INTO large_image(carta_id, lang, value_) VALUES(10302,"brazilian","https://steamcdn-a.akamaihd.net/apps/583950/icons/set01/10302_large_brazilian.cd519fda81a730cefe3ee6f3efd569289c7e018c.png");
INSERT INTO large_image(carta_id, lang, value_) VALUES(10302,"latam","https://steamcdn-a.akamaihd.net/apps/583950/icons/set01/10302_large_latam.58e68861d135311b19554a5ce5b7270108918e56.png");
INSERT INTO carta(id, card_type, illustrator, rarity, item_def) VALUES (10303,'Spell','Forrest Imel','Common',110303);
INSERT INTO card_name(carta_id, lang, value_) VALUES(10303,"english","Bellow");
INSERT INTO card_name(carta_id, lang, value_) VALUES(10303,"german","Brüllen");
INSERT INTO card_name(carta_id, lang, value_) VALUES(10303,"french","Hurlement");
INSERT INTO card_name(carta_id, lang, value_) VALUES(10303,"italian","Urlo");

INSERT INTO card_name(carta_id, lang, value_) VALUES(10303,"spanish","Gruñido");



INSERT INTO card_name(carta_id, lang, value_) VALUES(10303,"thai","Bellow");

INSERT INTO card_name(carta_id, lang, value_) VALUES(10303,"portuguese","Bellow");
INSERT INTO card_name(carta_id, lang, value_) VALUES(10303,"polish","Bellow");
INSERT INTO card_name(carta_id, lang, value_) VALUES(10303,"danish","Bellow");
INSERT INTO card_name(carta_id, lang, value_) VALUES(10303,"dutch","Bellow");
INSERT INTO card_name(carta_id, lang, value_) VALUES(10303,"finnish","Bellow");
INSERT INTO card_name(carta_id, lang, value_) VALUES(10303,"norwegian","Bellow");
INSERT INTO card_name(carta_id, lang, value_) VALUES(10303,"swedish","Bellow");
INSERT INTO card_name(carta_id, lang, value_) VALUES(10303,"hungarian","Bellow");
INSERT INTO card_name(carta_id, lang, value_) VALUES(10303,"czech","Bellow");
INSERT INTO card_name(carta_id, lang, value_) VALUES(10303,"romanian","Bellow");
INSERT INTO card_name(carta_id, lang, value_) VALUES(10303,"turkish","Bellow");
INSERT INTO card_name(carta_id, lang, value_) VALUES(10303,"brazilian","Rugido");
INSERT INTO card_name(carta_id, lang, value_) VALUES(10303,"bulgarian","Bellow");
INSERT INTO card_name(carta_id, lang, value_) VALUES(10303,"greek","Bellow");
INSERT INTO card_name(carta_id, lang, value_) VALUES(10303,"ukrainian","Bellow");
INSERT INTO card_name(carta_id, lang, value_) VALUES(10303,"latam","Gruñido");
INSERT INTO card_name(carta_id, lang, value_) VALUES(10303,"vietnamese","Bellow");
INSERT INTO large_image(carta_id, lang, value_) VALUES(10303,"default","https://steamcdn-a.akamaihd.net/apps/583950/icons/set01/10303_large_english.a1e0b07ea8a9b42189473b581ede11588206ff88.png");
INSERT INTO large_image(carta_id, lang, value_) VALUES(10303,"german","https://steamcdn-a.akamaihd.net/apps/583950/icons/set01/10303_large_german.229975624caf85e4bd436204c1b10c7b3c33a974.png");
INSERT INTO large_image(carta_id, lang, value_) VALUES(10303,"french","https://steamcdn-a.akamaihd.net/apps/583950/icons/set01/10303_large_french.45c42243422e04896a5dadcac3f317f07bf73cce.png");
INSERT INTO large_image(carta_id, lang, value_) VALUES(10303,"italian","https://steamcdn-a.akamaihd.net/apps/583950/icons/set01/10303_large_italian.ef461b47f6e13e7753eb047dc50c60a6f0fbf349.png");

INSERT INTO large_image(carta_id, lang, value_) VALUES(10303,"spanish","https://steamcdn-a.akamaihd.net/apps/583950/icons/set01/10303_large_spanish.4eedda7ba679fe697bcdbab2749b68607c9e20ce.png");




INSERT INTO large_image(carta_id, lang, value_) VALUES(10303,"brazilian","https://steamcdn-a.akamaihd.net/apps/583950/icons/set01/10303_large_brazilian.a925a29cbde584c276d4377dbce99a3dfdaad248.png");
INSERT INTO large_image(carta_id, lang, value_) VALUES(10303,"latam","https://steamcdn-a.akamaihd.net/apps/583950/icons/set01/10303_large_latam.a6dc6cb8facb04fd449e59eb828be42b1461208d.png");
INSERT INTO carta(id, card_type, illustrator, rarity, item_def) VALUES (10305,'Spell','Mike Azevedo','Rare',110305);
INSERT INTO card_name(carta_id, lang, value_) VALUES(10305,"english","Raze");
INSERT INTO card_name(carta_id, lang, value_) VALUES(10305,"german","Kahlschlag");
INSERT INTO card_name(carta_id, lang, value_) VALUES(10305,"french","Dévastation");
INSERT INTO card_name(carta_id, lang, value_) VALUES(10305,"italian","Radi al suolo");

INSERT INTO card_name(carta_id, lang, value_) VALUES(10305,"spanish","Arrasamejoras");



INSERT INTO card_name(carta_id, lang, value_) VALUES(10305,"thai","Raze");

INSERT INTO card_name(carta_id, lang, value_) VALUES(10305,"portuguese","Raze");
INSERT INTO card_name(carta_id, lang, value_) VALUES(10305,"polish","Raze");
INSERT INTO card_name(carta_id, lang, value_) VALUES(10305,"danish","Raze");
INSERT INTO card_name(carta_id, lang, value_) VALUES(10305,"dutch","Raze");
INSERT INTO card_name(carta_id, lang, value_) VALUES(10305,"finnish","Raze");
INSERT INTO card_name(carta_id, lang, value_) VALUES(10305,"norwegian","Raze");
INSERT INTO card_name(carta_id, lang, value_) VALUES(10305,"swedish","Raze");
INSERT INTO card_name(carta_id, lang, value_) VALUES(10305,"hungarian","Raze");
INSERT INTO card_name(carta_id, lang, value_) VALUES(10305,"czech","Raze");
INSERT INTO card_name(carta_id, lang, value_) VALUES(10305,"romanian","Raze");
INSERT INTO card_name(carta_id, lang, value_) VALUES(10305,"turkish","Raze");
INSERT INTO card_name(carta_id, lang, value_) VALUES(10305,"brazilian","Arrasar");
INSERT INTO card_name(carta_id, lang, value_) VALUES(10305,"bulgarian","Raze");
INSERT INTO card_name(carta_id, lang, value_) VALUES(10305,"greek","Raze");
INSERT INTO card_name(carta_id, lang, value_) VALUES(10305,"ukrainian","Raze");
INSERT INTO card_name(carta_id, lang, value_) VALUES(10305,"latam","Estrago");
INSERT INTO card_name(carta_id, lang, value_) VALUES(10305,"vietnamese","Raze");
INSERT INTO large_image(carta_id, lang, value_) VALUES(10305,"default","https://steamcdn-a.akamaihd.net/apps/583950/icons/set01/10305_large_english.6328f3740cf96cb4deb53b9be77740125eb18602.png");
INSERT INTO large_image(carta_id, lang, value_) VALUES(10305,"german","https://steamcdn-a.akamaihd.net/apps/583950/icons/set01/10305_large_german.32fb23538d9e5cf99712f8cf20fa88404d7b4a2b.png");
INSERT INTO large_image(carta_id, lang, value_) VALUES(10305,"french","https://steamcdn-a.akamaihd.net/apps/583950/icons/set01/10305_large_french.102ef64927b08f6887dd7a8212f63ae17452deaf.png");
INSERT INTO large_image(carta_id, lang, value_) VALUES(10305,"italian","https://steamcdn-a.akamaihd.net/apps/583950/icons/set01/10305_large_italian.a560c2bb651b857a14556e4b8a6e1631b529c0d7.png");

INSERT INTO large_image(carta_id, lang, value_) VALUES(10305,"spanish","https://steamcdn-a.akamaihd.net/apps/583950/icons/set01/10305_large_spanish.addf5f83b55363f7d8758ca26900631907ab12e9.png");




INSERT INTO large_image(carta_id, lang, value_) VALUES(10305,"brazilian","https://steamcdn-a.akamaihd.net/apps/583950/icons/set01/10305_large_brazilian.fae420f9cfcb9f79c2d7a5dab4b26cd5397b4dba.png");
INSERT INTO large_image(carta_id, lang, value_) VALUES(10305,"latam","https://steamcdn-a.akamaihd.net/apps/583950/icons/set01/10305_large_latam.d8574e598e85e9eb50cb686ecb434eaa0e688e73.png");
INSERT INTO carta(id, card_type, illustrator, rarity, item_def) VALUES (10306,'Spell','JiHun Lee','Uncommon',110306);
INSERT INTO card_name(carta_id, lang, value_) VALUES(10306,"english","Smash Their Defenses!");
INSERT INTO card_name(carta_id, lang, value_) VALUES(10306,"german","Zerstört ihre Verteidigungen!");
INSERT INTO card_name(carta_id, lang, value_) VALUES(10306,"french","Brisez leurs défenses !");
INSERT INTO card_name(carta_id, lang, value_) VALUES(10306,"italian","Schiaccia le loro difese!");

INSERT INTO card_name(carta_id, lang, value_) VALUES(10306,"spanish","¡Defensas debilitadas!");



INSERT INTO card_name(carta_id, lang, value_) VALUES(10306,"thai","Smash Their Defenses!");

INSERT INTO card_name(carta_id, lang, value_) VALUES(10306,"portuguese","Smash Their Defenses!");
INSERT INTO card_name(carta_id, lang, value_) VALUES(10306,"polish","Smash Their Defenses!");
INSERT INTO card_name(carta_id, lang, value_) VALUES(10306,"danish","Smash Their Defenses!");
INSERT INTO card_name(carta_id, lang, value_) VALUES(10306,"dutch","Smash Their Defenses!");
INSERT INTO card_name(carta_id, lang, value_) VALUES(10306,"finnish","Smash Their Defenses!");
INSERT INTO card_name(carta_id, lang, value_) VALUES(10306,"norwegian","Smash Their Defenses!");
INSERT INTO card_name(carta_id, lang, value_) VALUES(10306,"swedish","Smash Their Defenses!");
INSERT INTO card_name(carta_id, lang, value_) VALUES(10306,"hungarian","Smash Their Defenses!");
INSERT INTO card_name(carta_id, lang, value_) VALUES(10306,"czech","Smash Their Defenses!");
INSERT INTO card_name(carta_id, lang, value_) VALUES(10306,"romanian","Smash Their Defenses!");
INSERT INTO card_name(carta_id, lang, value_) VALUES(10306,"turkish","Smash Their Defenses!");
INSERT INTO card_name(carta_id, lang, value_) VALUES(10306,"brazilian","Destruam as Defesas!");
INSERT INTO card_name(carta_id, lang, value_) VALUES(10306,"bulgarian","Smash Their Defenses!");
INSERT INTO card_name(carta_id, lang, value_) VALUES(10306,"greek","Smash Their Defenses!");
INSERT INTO card_name(carta_id, lang, value_) VALUES(10306,"ukrainian","Smash Their Defenses!");
INSERT INTO card_name(carta_id, lang, value_) VALUES(10306,"latam","¡Defensas debilitadas!");
INSERT INTO card_name(carta_id, lang, value_) VALUES(10306,"vietnamese","Smash Their Defenses!");
INSERT INTO large_image(carta_id, lang, value_) VALUES(10306,"default","https://steamcdn-a.akamaihd.net/apps/583950/icons/set01/10306_large_english.d6697f8b55be3e9f61662553085fa98515fb419c.png");
INSERT INTO large_image(carta_id, lang, value_) VALUES(10306,"german","https://steamcdn-a.akamaihd.net/apps/583950/icons/set01/10306_large_german.86dd2a97bad332fa3ad7890a0220b4b088e104fc.png");
INSERT INTO large_image(carta_id, lang, value_) VALUES(10306,"french","https://steamcdn-a.akamaihd.net/apps/583950/icons/set01/10306_large_french.c61ed6ee57d0c03ef12205af08d6c7d497ab502c.png");
INSERT INTO large_image(carta_id, lang, value_) VALUES(10306,"italian","https://steamcdn-a.akamaihd.net/apps/583950/icons/set01/10306_large_italian.b619d74a12292bbdc9d8b2cee8c9de848bdabcf1.png");

INSERT INTO large_image(carta_id, lang, value_) VALUES(10306,"spanish","https://steamcdn-a.akamaihd.net/apps/583950/icons/set01/10306_large_spanish.6fa6b2c75fcf497611bd99a61cfeaa1d4adb8959.png");




INSERT INTO large_image(carta_id, lang, value_) VALUES(10306,"brazilian","https://steamcdn-a.akamaihd.net/apps/583950/icons/set01/10306_large_brazilian.c070237d841033b7cf3be6e62b5ec86e07f0c102.png");
INSERT INTO large_image(carta_id, lang, value_) VALUES(10306,"latam","https://steamcdn-a.akamaihd.net/apps/583950/icons/set01/10306_large_latam.9e67e925cd64b713a53778ee21df3e936ab52971.png");
INSERT INTO carta(id, card_type, illustrator, rarity, item_def) VALUES (10307,'Spell','Magali Villeneuve','Common',110307);
INSERT INTO card_name(carta_id, lang, value_) VALUES(10307,"english","Foresight");
INSERT INTO card_name(carta_id, lang, value_) VALUES(10307,"german","Voraussicht");
INSERT INTO card_name(carta_id, lang, value_) VALUES(10307,"french","Prévoyance");
INSERT INTO card_name(carta_id, lang, value_) VALUES(10307,"italian","Preveggenza");

INSERT INTO card_name(carta_id, lang, value_) VALUES(10307,"spanish","Previsión");



INSERT INTO card_name(carta_id, lang, value_) VALUES(10307,"thai","Foresight");

INSERT INTO card_name(carta_id, lang, value_) VALUES(10307,"portuguese","Foresight");
INSERT INTO card_name(carta_id, lang, value_) VALUES(10307,"polish","Foresight");
INSERT INTO card_name(carta_id, lang, value_) VALUES(10307,"danish","Foresight");
INSERT INTO card_name(carta_id, lang, value_) VALUES(10307,"dutch","Foresight");
INSERT INTO card_name(carta_id, lang, value_) VALUES(10307,"finnish","Foresight");
INSERT INTO card_name(carta_id, lang, value_) VALUES(10307,"norwegian","Foresight");
INSERT INTO card_name(carta_id, lang, value_) VALUES(10307,"swedish","Foresight");
INSERT INTO card_name(carta_id, lang, value_) VALUES(10307,"hungarian","Foresight");
INSERT INTO card_name(carta_id, lang, value_) VALUES(10307,"czech","Foresight");
INSERT INTO card_name(carta_id, lang, value_) VALUES(10307,"romanian","Foresight");
INSERT INTO card_name(carta_id, lang, value_) VALUES(10307,"turkish","Foresight");
INSERT INTO card_name(carta_id, lang, value_) VALUES(10307,"brazilian","Previsão");
INSERT INTO card_name(carta_id, lang, value_) VALUES(10307,"bulgarian","Foresight");
INSERT INTO card_name(carta_id, lang, value_) VALUES(10307,"greek","Foresight");
INSERT INTO card_name(carta_id, lang, value_) VALUES(10307,"ukrainian","Foresight");
INSERT INTO card_name(carta_id, lang, value_) VALUES(10307,"latam","Previsión");
INSERT INTO card_name(carta_id, lang, value_) VALUES(10307,"vietnamese","Foresight");
INSERT INTO large_image(carta_id, lang, value_) VALUES(10307,"default","https://steamcdn-a.akamaihd.net/apps/583950/icons/set01/10307_large_english.9c82bc810eeb460221096379f4bb88e391769813.png");
INSERT INTO large_image(carta_id, lang, value_) VALUES(10307,"german","https://steamcdn-a.akamaihd.net/apps/583950/icons/set01/10307_large_german.dff7502ef9f0933f741c954b14c57984e92ac4c9.png");
INSERT INTO large_image(carta_id, lang, value_) VALUES(10307,"french","https://steamcdn-a.akamaihd.net/apps/583950/icons/set01/10307_large_french.06d04ca54f26af92e529638166be53f3cdbb5b50.png");
INSERT INTO large_image(carta_id, lang, value_) VALUES(10307,"italian","https://steamcdn-a.akamaihd.net/apps/583950/icons/set01/10307_large_italian.b65028b3f619bdd6189074a474be586576d0895a.png");

INSERT INTO large_image(carta_id, lang, value_) VALUES(10307,"spanish","https://steamcdn-a.akamaihd.net/apps/583950/icons/set01/10307_large_spanish.7014e696d963381b70533d5dfa390fef0350c1f1.png");




INSERT INTO large_image(carta_id, lang, value_) VALUES(10307,"brazilian","https://steamcdn-a.akamaihd.net/apps/583950/icons/set01/10307_large_brazilian.34ce8cd1c9dc48af3e733b1e8fe621f60fd95850.png");
INSERT INTO large_image(carta_id, lang, value_) VALUES(10307,"latam","https://steamcdn-a.akamaihd.net/apps/583950/icons/set01/10307_large_latam.1f36ae0ffbf418b2a52cb578d052bdacc0d2c94b.png");
INSERT INTO carta(id, card_type, illustrator, rarity, item_def) VALUES (10310,'Creep','Mark Winters','Uncommon',110310);
INSERT INTO card_name(carta_id, lang, value_) VALUES(10310,"english","Oglodi Catapult");
INSERT INTO card_name(carta_id, lang, value_) VALUES(10310,"german","Oglodi-Katapult");
INSERT INTO card_name(carta_id, lang, value_) VALUES(10310,"french","Catapulte oglodie");
INSERT INTO card_name(carta_id, lang, value_) VALUES(10310,"italian","Catapulta Oglodi");

INSERT INTO card_name(carta_id, lang, value_) VALUES(10310,"spanish","Catapulta Oglodi");



INSERT INTO card_name(carta_id, lang, value_) VALUES(10310,"thai","Oglodi Catapult");

INSERT INTO card_name(carta_id, lang, value_) VALUES(10310,"portuguese","Oglodi Catapult");
INSERT INTO card_name(carta_id, lang, value_) VALUES(10310,"polish","Oglodi Catapult");
INSERT INTO card_name(carta_id, lang, value_) VALUES(10310,"danish","Oglodi Catapult");
INSERT INTO card_name(carta_id, lang, value_) VALUES(10310,"dutch","Oglodi Catapult");
INSERT INTO card_name(carta_id, lang, value_) VALUES(10310,"finnish","Oglodi Catapult");
INSERT INTO card_name(carta_id, lang, value_) VALUES(10310,"norwegian","Oglodi Catapult");
INSERT INTO card_name(carta_id, lang, value_) VALUES(10310,"swedish","Oglodi Catapult");
INSERT INTO card_name(carta_id, lang, value_) VALUES(10310,"hungarian","Oglodi Catapult");
INSERT INTO card_name(carta_id, lang, value_) VALUES(10310,"czech","Oglodi Catapult");
INSERT INTO card_name(carta_id, lang, value_) VALUES(10310,"romanian","Oglodi Catapult");
INSERT INTO card_name(carta_id, lang, value_) VALUES(10310,"turkish","Oglodi Catapult");
INSERT INTO card_name(carta_id, lang, value_) VALUES(10310,"brazilian","Catapulta dos Oglodi");
INSERT INTO card_name(carta_id, lang, value_) VALUES(10310,"bulgarian","Oglodi Catapult");
INSERT INTO card_name(carta_id, lang, value_) VALUES(10310,"greek","Oglodi Catapult");
INSERT INTO card_name(carta_id, lang, value_) VALUES(10310,"ukrainian","Oglodi Catapult");
INSERT INTO card_name(carta_id, lang, value_) VALUES(10310,"latam","Catapulta Oglodi");
INSERT INTO card_name(carta_id, lang, value_) VALUES(10310,"vietnamese","Oglodi Catapult");
INSERT INTO large_image(carta_id, lang, value_) VALUES(10310,"default","https://steamcdn-a.akamaihd.net/apps/583950/icons/set01/10310_large_english.1d56b51b9028224db6ff6edb421fe4026d87ec12.png");
INSERT INTO large_image(carta_id, lang, value_) VALUES(10310,"german","https://steamcdn-a.akamaihd.net/apps/583950/icons/set01/10310_large_german.3fda789eebfc590da938eb50fed332a8b0c97868.png");
INSERT INTO large_image(carta_id, lang, value_) VALUES(10310,"french","https://steamcdn-a.akamaihd.net/apps/583950/icons/set01/10310_large_french.768d04efe1ddf3cc94396b6a93c25e7ce2878db6.png");
INSERT INTO large_image(carta_id, lang, value_) VALUES(10310,"italian","https://steamcdn-a.akamaihd.net/apps/583950/icons/set01/10310_large_italian.3d42f8e69ebebed85869ccb855ebfd2666ddfefc.png");

INSERT INTO large_image(carta_id, lang, value_) VALUES(10310,"spanish","https://steamcdn-a.akamaihd.net/apps/583950/icons/set01/10310_large_spanish.0dbedcf80a21d0f4fb39d0c34b2279ef7f107504.png");




INSERT INTO large_image(carta_id, lang, value_) VALUES(10310,"brazilian","https://steamcdn-a.akamaihd.net/apps/583950/icons/set01/10310_large_brazilian.4279b38304007105692c08fc1996a9eee25671bd.png");
INSERT INTO large_image(carta_id, lang, value_) VALUES(10310,"latam","https://steamcdn-a.akamaihd.net/apps/583950/icons/set01/10310_large_latam.7341f525b13a7366cdc741d136d7fa01dba1ff5d.png");
INSERT INTO carta(id, card_type, illustrator, rarity, item_def) VALUES (10311,'Spell','Robert Simon','Common',110311);
INSERT INTO card_name(carta_id, lang, value_) VALUES(10311,"english","Arm the Rebellion");
INSERT INTO card_name(carta_id, lang, value_) VALUES(10311,"german","Bewaffnet die Rebellion");
INSERT INTO card_name(carta_id, lang, value_) VALUES(10311,"french","Armer la rébellion");
INSERT INTO card_name(carta_id, lang, value_) VALUES(10311,"italian","Arma la ribellione");

INSERT INTO card_name(carta_id, lang, value_) VALUES(10311,"spanish","¡Por la rebelión!");



INSERT INTO card_name(carta_id, lang, value_) VALUES(10311,"thai","Arm the Rebellion");

INSERT INTO card_name(carta_id, lang, value_) VALUES(10311,"portuguese","Arm the Rebellion");
INSERT INTO card_name(carta_id, lang, value_) VALUES(10311,"polish","Arm the Rebellion");
INSERT INTO card_name(carta_id, lang, value_) VALUES(10311,"danish","Arm the Rebellion");
INSERT INTO card_name(carta_id, lang, value_) VALUES(10311,"dutch","Arm the Rebellion");
INSERT INTO card_name(carta_id, lang, value_) VALUES(10311,"finnish","Arm the Rebellion");
INSERT INTO card_name(carta_id, lang, value_) VALUES(10311,"norwegian","Arm the Rebellion");
INSERT INTO card_name(carta_id, lang, value_) VALUES(10311,"swedish","Arm the Rebellion");
INSERT INTO card_name(carta_id, lang, value_) VALUES(10311,"hungarian","Arm the Rebellion");
INSERT INTO card_name(carta_id, lang, value_) VALUES(10311,"czech","Arm the Rebellion");
INSERT INTO card_name(carta_id, lang, value_) VALUES(10311,"romanian","Arm the Rebellion");
INSERT INTO card_name(carta_id, lang, value_) VALUES(10311,"turkish","Arm the Rebellion");
INSERT INTO card_name(carta_id, lang, value_) VALUES(10311,"brazilian","Armar a Rebelião");
INSERT INTO card_name(carta_id, lang, value_) VALUES(10311,"bulgarian","Arm the Rebellion");
INSERT INTO card_name(carta_id, lang, value_) VALUES(10311,"greek","Arm the Rebellion");
INSERT INTO card_name(carta_id, lang, value_) VALUES(10311,"ukrainian","Arm the Rebellion");
INSERT INTO card_name(carta_id, lang, value_) VALUES(10311,"latam","¡Por la rebelión!");
INSERT INTO card_name(carta_id, lang, value_) VALUES(10311,"vietnamese","Arm the Rebellion");
INSERT INTO large_image(carta_id, lang, value_) VALUES(10311,"default","https://steamcdn-a.akamaihd.net/apps/583950/icons/set01/10311_large_english.e6e073300e8677f274d06c608471511dd68d9357.png");
INSERT INTO large_image(carta_id, lang, value_) VALUES(10311,"german","https://steamcdn-a.akamaihd.net/apps/583950/icons/set01/10311_large_german.f40d63011fa614fdee3569848d1b6af18d8333f8.png");
INSERT INTO large_image(carta_id, lang, value_) VALUES(10311,"french","https://steamcdn-a.akamaihd.net/apps/583950/icons/set01/10311_large_french.cabad6f1a10eb08c8fc15bdfc2827bbc72c95df5.png");
INSERT INTO large_image(carta_id, lang, value_) VALUES(10311,"italian","https://steamcdn-a.akamaihd.net/apps/583950/icons/set01/10311_large_italian.528162bae932ef8de4bf25860bea77f015185684.png");

INSERT INTO large_image(carta_id, lang, value_) VALUES(10311,"spanish","https://steamcdn-a.akamaihd.net/apps/583950/icons/set01/10311_large_spanish.16d553a1de511ff2366880653d5c42a421f75d3e.png");




INSERT INTO large_image(carta_id, lang, value_) VALUES(10311,"brazilian","https://steamcdn-a.akamaihd.net/apps/583950/icons/set01/10311_large_brazilian.c419a446c16019e2d4aff54501cc2686da92182d.png");
INSERT INTO large_image(carta_id, lang, value_) VALUES(10311,"latam","https://steamcdn-a.akamaihd.net/apps/583950/icons/set01/10311_large_latam.85fd78e9ecd6b33f1e63d38a042c479b9f0d2063.png");
INSERT INTO carta(id, card_type, illustrator, rarity, item_def) VALUES (10312,'Spell','Daarken','Common',110312);
INSERT INTO card_name(carta_id, lang, value_) VALUES(10312,"english","Strafing Run");
INSERT INTO card_name(carta_id, lang, value_) VALUES(10312,"german","Rasanter Angriff");
INSERT INTO card_name(carta_id, lang, value_) VALUES(10312,"french","Mitraillage");
INSERT INTO card_name(carta_id, lang, value_) VALUES(10312,"italian","Corsa laterale");

INSERT INTO card_name(carta_id, lang, value_) VALUES(10312,"spanish","Ofensiva multiataque");



INSERT INTO card_name(carta_id, lang, value_) VALUES(10312,"thai","Strafing Run");

INSERT INTO card_name(carta_id, lang, value_) VALUES(10312,"portuguese","Strafing Run");
INSERT INTO card_name(carta_id, lang, value_) VALUES(10312,"polish","Strafing Run");
INSERT INTO card_name(carta_id, lang, value_) VALUES(10312,"danish","Strafing Run");
INSERT INTO card_name(carta_id, lang, value_) VALUES(10312,"dutch","Strafing Run");
INSERT INTO card_name(carta_id, lang, value_) VALUES(10312,"finnish","Strafing Run");
INSERT INTO card_name(carta_id, lang, value_) VALUES(10312,"norwegian","Strafing Run");
INSERT INTO card_name(carta_id, lang, value_) VALUES(10312,"swedish","Strafing Run");
INSERT INTO card_name(carta_id, lang, value_) VALUES(10312,"hungarian","Strafing Run");
INSERT INTO card_name(carta_id, lang, value_) VALUES(10312,"czech","Strafing Run");
INSERT INTO card_name(carta_id, lang, value_) VALUES(10312,"romanian","Strafing Run");
INSERT INTO card_name(carta_id, lang, value_) VALUES(10312,"turkish","Strafing Run");
INSERT INTO card_name(carta_id, lang, value_) VALUES(10312,"brazilian","Ataque Abrangente");
INSERT INTO card_name(carta_id, lang, value_) VALUES(10312,"bulgarian","Strafing Run");
INSERT INTO card_name(carta_id, lang, value_) VALUES(10312,"greek","Strafing Run");
INSERT INTO card_name(carta_id, lang, value_) VALUES(10312,"ukrainian","Strafing Run");
INSERT INTO card_name(carta_id, lang, value_) VALUES(10312,"latam","Ofensiva multiataque");
INSERT INTO card_name(carta_id, lang, value_) VALUES(10312,"vietnamese","Strafing Run");
INSERT INTO large_image(carta_id, lang, value_) VALUES(10312,"default","https://steamcdn-a.akamaihd.net/apps/583950/icons/set01/10312_large_english.79d0ac03da1fd341b9542326bb3bfb2a525c90cd.png");
INSERT INTO large_image(carta_id, lang, value_) VALUES(10312,"german","https://steamcdn-a.akamaihd.net/apps/583950/icons/set01/10312_large_german.6aab6ac09633560556c008b908f41f1215ea9d89.png");
INSERT INTO large_image(carta_id, lang, value_) VALUES(10312,"french","https://steamcdn-a.akamaihd.net/apps/583950/icons/set01/10312_large_french.846b93860f12bf0d8269c286a3a360bf5f6bbf2e.png");
INSERT INTO large_image(carta_id, lang, value_) VALUES(10312,"italian","https://steamcdn-a.akamaihd.net/apps/583950/icons/set01/10312_large_italian.4b10210a87442419e9de09d1dcb3cce844d602b4.png");

INSERT INTO large_image(carta_id, lang, value_) VALUES(10312,"spanish","https://steamcdn-a.akamaihd.net/apps/583950/icons/set01/10312_large_spanish.bdfe10f56a6663b03919eee97c2ffafa3c2e3170.png");




INSERT INTO large_image(carta_id, lang, value_) VALUES(10312,"brazilian","https://steamcdn-a.akamaihd.net/apps/583950/icons/set01/10312_large_brazilian.51aa318f491940dcb59c0e168570f9355327d5fc.png");
INSERT INTO large_image(carta_id, lang, value_) VALUES(10312,"latam","https://steamcdn-a.akamaihd.net/apps/583950/icons/set01/10312_large_latam.604dde4cf09533397cd7bd29d0e2a550a4c6262c.png");
INSERT INTO carta(id, card_type, illustrator, rarity, item_def) VALUES (10313,'Spell','Magali Villeneuve','Common',110313);
INSERT INTO card_name(carta_id, lang, value_) VALUES(10313,"english","Poised to Strike");
INSERT INTO card_name(carta_id, lang, value_) VALUES(10313,"german","Bereit zum Angriff");
INSERT INTO card_name(carta_id, lang, value_) VALUES(10313,"french","Prêt à frapper");
INSERT INTO card_name(carta_id, lang, value_) VALUES(10313,"italian","Pronto a colpire");

INSERT INTO card_name(carta_id, lang, value_) VALUES(10313,"spanish","Listo para atacar");



INSERT INTO card_name(carta_id, lang, value_) VALUES(10313,"thai","Poised to Strike");

INSERT INTO card_name(carta_id, lang, value_) VALUES(10313,"portuguese","Poised to Strike");
INSERT INTO card_name(carta_id, lang, value_) VALUES(10313,"polish","Poised to Strike");
INSERT INTO card_name(carta_id, lang, value_) VALUES(10313,"danish","Poised to Strike");
INSERT INTO card_name(carta_id, lang, value_) VALUES(10313,"dutch","Poised to Strike");
INSERT INTO card_name(carta_id, lang, value_) VALUES(10313,"finnish","Poised to Strike");
INSERT INTO card_name(carta_id, lang, value_) VALUES(10313,"norwegian","Poised to Strike");
INSERT INTO card_name(carta_id, lang, value_) VALUES(10313,"swedish","Poised to Strike");
INSERT INTO card_name(carta_id, lang, value_) VALUES(10313,"hungarian","Poised to Strike");
INSERT INTO card_name(carta_id, lang, value_) VALUES(10313,"czech","Poised to Strike");
INSERT INTO card_name(carta_id, lang, value_) VALUES(10313,"romanian","Poised to Strike");
INSERT INTO card_name(carta_id, lang, value_) VALUES(10313,"turkish","Poised to Strike");
INSERT INTO card_name(carta_id, lang, value_) VALUES(10313,"brazilian","Postura de Ataque");
INSERT INTO card_name(carta_id, lang, value_) VALUES(10313,"bulgarian","Poised to Strike");
INSERT INTO card_name(carta_id, lang, value_) VALUES(10313,"greek","Poised to Strike");
INSERT INTO card_name(carta_id, lang, value_) VALUES(10313,"ukrainian","Poised to Strike");
INSERT INTO card_name(carta_id, lang, value_) VALUES(10313,"latam","Listo para atacar");
INSERT INTO card_name(carta_id, lang, value_) VALUES(10313,"vietnamese","Poised to Strike");
INSERT INTO large_image(carta_id, lang, value_) VALUES(10313,"default","https://steamcdn-a.akamaihd.net/apps/583950/icons/set01/10313_large_english.eb9a96d881f327c5daf62e2db42b872f60208b4c.png");
INSERT INTO large_image(carta_id, lang, value_) VALUES(10313,"german","https://steamcdn-a.akamaihd.net/apps/583950/icons/set01/10313_large_german.71c1240d824a4009ed2c56eeb9c675b1176d8b2e.png");
INSERT INTO large_image(carta_id, lang, value_) VALUES(10313,"french","https://steamcdn-a.akamaihd.net/apps/583950/icons/set01/10313_large_french.7b351df492e5cf44e3bca3bda88084e8d5f09756.png");
INSERT INTO large_image(carta_id, lang, value_) VALUES(10313,"italian","https://steamcdn-a.akamaihd.net/apps/583950/icons/set01/10313_large_italian.1de46bca88bc80d9aca16eb5448d114155bace92.png");

INSERT INTO large_image(carta_id, lang, value_) VALUES(10313,"spanish","https://steamcdn-a.akamaihd.net/apps/583950/icons/set01/10313_large_spanish.86fe0f30a2e44107caf62b0918dd3e21861dbf79.png");




INSERT INTO large_image(carta_id, lang, value_) VALUES(10313,"brazilian","https://steamcdn-a.akamaihd.net/apps/583950/icons/set01/10313_large_brazilian.9c2d1dded1fb557226825059e3401b5441183bd9.png");
INSERT INTO large_image(carta_id, lang, value_) VALUES(10313,"latam","https://steamcdn-a.akamaihd.net/apps/583950/icons/set01/10313_large_latam.787eac54e06b8c7a499180f2f5d5228b31aeb5fc.png");
INSERT INTO carta(id, card_type, illustrator, rarity, item_def) VALUES (10314,'Spell','Forrest Imel','Uncommon',110314);
INSERT INTO card_name(carta_id, lang, value_) VALUES(10314,"english","Dirty Deeds");
INSERT INTO card_name(carta_id, lang, value_) VALUES(10314,"german","Schmutzige Machenschaften");
INSERT INTO card_name(carta_id, lang, value_) VALUES(10314,"french","Méfaits");
INSERT INTO card_name(carta_id, lang, value_) VALUES(10314,"italian","Cattive azioni");

INSERT INTO card_name(carta_id, lang, value_) VALUES(10314,"spanish","Golpe sucio");



INSERT INTO card_name(carta_id, lang, value_) VALUES(10314,"thai","Dirty Deeds");

INSERT INTO card_name(carta_id, lang, value_) VALUES(10314,"portuguese","Dirty Deeds");
INSERT INTO card_name(carta_id, lang, value_) VALUES(10314,"polish","Dirty Deeds");
INSERT INTO card_name(carta_id, lang, value_) VALUES(10314,"danish","Dirty Deeds");
INSERT INTO card_name(carta_id, lang, value_) VALUES(10314,"dutch","Dirty Deeds");
INSERT INTO card_name(carta_id, lang, value_) VALUES(10314,"finnish","Dirty Deeds");
INSERT INTO card_name(carta_id, lang, value_) VALUES(10314,"norwegian","Dirty Deeds");
INSERT INTO card_name(carta_id, lang, value_) VALUES(10314,"swedish","Dirty Deeds");
INSERT INTO card_name(carta_id, lang, value_) VALUES(10314,"hungarian","Dirty Deeds");
INSERT INTO card_name(carta_id, lang, value_) VALUES(10314,"czech","Dirty Deeds");
INSERT INTO card_name(carta_id, lang, value_) VALUES(10314,"romanian","Dirty Deeds");
INSERT INTO card_name(carta_id, lang, value_) VALUES(10314,"turkish","Dirty Deeds");
INSERT INTO card_name(carta_id, lang, value_) VALUES(10314,"brazilian","Façanhas Escusas");
INSERT INTO card_name(carta_id, lang, value_) VALUES(10314,"bulgarian","Dirty Deeds");
INSERT INTO card_name(carta_id, lang, value_) VALUES(10314,"greek","Dirty Deeds");
INSERT INTO card_name(carta_id, lang, value_) VALUES(10314,"ukrainian","Dirty Deeds");
INSERT INTO card_name(carta_id, lang, value_) VALUES(10314,"latam","Golpe sucio");
INSERT INTO card_name(carta_id, lang, value_) VALUES(10314,"vietnamese","Dirty Deeds");
INSERT INTO large_image(carta_id, lang, value_) VALUES(10314,"default","https://steamcdn-a.akamaihd.net/apps/583950/icons/set01/10314_large_english.283e86ef4b377c7f22aa55c0781446d18be4201b.png");
INSERT INTO large_image(carta_id, lang, value_) VALUES(10314,"german","https://steamcdn-a.akamaihd.net/apps/583950/icons/set01/10314_large_german.fd85d3c06a2ac9691957276fa96017988f3bef5b.png");
INSERT INTO large_image(carta_id, lang, value_) VALUES(10314,"french","https://steamcdn-a.akamaihd.net/apps/583950/icons/set01/10314_large_french.1b529f42c194036854781e665973a4b6d8cd94a2.png");
INSERT INTO large_image(carta_id, lang, value_) VALUES(10314,"italian","https://steamcdn-a.akamaihd.net/apps/583950/icons/set01/10314_large_italian.04c0cd519b79ed15864c510a4a554127454bba10.png");

INSERT INTO large_image(carta_id, lang, value_) VALUES(10314,"spanish","https://steamcdn-a.akamaihd.net/apps/583950/icons/set01/10314_large_spanish.9cc34f4df6c0623127655de56bb10a44798342a3.png");




INSERT INTO large_image(carta_id, lang, value_) VALUES(10314,"brazilian","https://steamcdn-a.akamaihd.net/apps/583950/icons/set01/10314_large_brazilian.6a7798f11a1813a3e38e8ab5b3012cf7ea63f90f.png");
INSERT INTO large_image(carta_id, lang, value_) VALUES(10314,"latam","https://steamcdn-a.akamaihd.net/apps/583950/icons/set01/10314_large_latam.edeae80104e92e1e9317fbbc6ef62b79985cb8ac.png");
INSERT INTO carta(id, card_type, illustrator, rarity, item_def) VALUES (10315,'Spell','Titus Lunter','Rare',110315);
INSERT INTO card_name(carta_id, lang, value_) VALUES(10315,"english","Annihilation");
INSERT INTO card_name(carta_id, lang, value_) VALUES(10315,"german","Vernichtung");
INSERT INTO card_name(carta_id, lang, value_) VALUES(10315,"french","Annihilation");
INSERT INTO card_name(carta_id, lang, value_) VALUES(10315,"italian","Annientamento");

INSERT INTO card_name(carta_id, lang, value_) VALUES(10315,"spanish","Aniquilación");



INSERT INTO card_name(carta_id, lang, value_) VALUES(10315,"thai","Annihilation");

INSERT INTO card_name(carta_id, lang, value_) VALUES(10315,"portuguese","Annihilation");
INSERT INTO card_name(carta_id, lang, value_) VALUES(10315,"polish","Annihilation");
INSERT INTO card_name(carta_id, lang, value_) VALUES(10315,"danish","Annihilation");
INSERT INTO card_name(carta_id, lang, value_) VALUES(10315,"dutch","Annihilation");
INSERT INTO card_name(carta_id, lang, value_) VALUES(10315,"finnish","Annihilation");
INSERT INTO card_name(carta_id, lang, value_) VALUES(10315,"norwegian","Annihilation");
INSERT INTO card_name(carta_id, lang, value_) VALUES(10315,"swedish","Annihilation");
INSERT INTO card_name(carta_id, lang, value_) VALUES(10315,"hungarian","Annihilation");
INSERT INTO card_name(carta_id, lang, value_) VALUES(10315,"czech","Annihilation");
INSERT INTO card_name(carta_id, lang, value_) VALUES(10315,"romanian","Annihilation");
INSERT INTO card_name(carta_id, lang, value_) VALUES(10315,"turkish","Annihilation");
INSERT INTO card_name(carta_id, lang, value_) VALUES(10315,"brazilian","Aniquilação");
INSERT INTO card_name(carta_id, lang, value_) VALUES(10315,"bulgarian","Annihilation");
INSERT INTO card_name(carta_id, lang, value_) VALUES(10315,"greek","Annihilation");
INSERT INTO card_name(carta_id, lang, value_) VALUES(10315,"ukrainian","Annihilation");
INSERT INTO card_name(carta_id, lang, value_) VALUES(10315,"latam","Aniquilación");
INSERT INTO card_name(carta_id, lang, value_) VALUES(10315,"vietnamese","Annihilation");
INSERT INTO large_image(carta_id, lang, value_) VALUES(10315,"default","https://steamcdn-a.akamaihd.net/apps/583950/icons/set01/10315_large_english.35868e547d951637e7e861885e687da942d1f67a.png");
INSERT INTO large_image(carta_id, lang, value_) VALUES(10315,"german","https://steamcdn-a.akamaihd.net/apps/583950/icons/set01/10315_large_german.b95bb77c219cad608be47335a49d28242511f1cc.png");
INSERT INTO large_image(carta_id, lang, value_) VALUES(10315,"french","https://steamcdn-a.akamaihd.net/apps/583950/icons/set01/10315_large_french.c65feebe15279a0d40c355fbd54653a6701c804c.png");
INSERT INTO large_image(carta_id, lang, value_) VALUES(10315,"italian","https://steamcdn-a.akamaihd.net/apps/583950/icons/set01/10315_large_italian.cd78f7031d4f6a45959229b7e48d9b9fbf41342a.png");

INSERT INTO large_image(carta_id, lang, value_) VALUES(10315,"spanish","https://steamcdn-a.akamaihd.net/apps/583950/icons/set01/10315_large_spanish.6af79e4a8834095bf4a2f7f97ba3199282cfbee1.png");




INSERT INTO large_image(carta_id, lang, value_) VALUES(10315,"brazilian","https://steamcdn-a.akamaihd.net/apps/583950/icons/set01/10315_large_brazilian.b8dc19bd9e662c5da44762c6dc5e1f442e8beb07.png");
INSERT INTO large_image(carta_id, lang, value_) VALUES(10315,"latam","https://steamcdn-a.akamaihd.net/apps/583950/icons/set01/10315_large_latam.67bf79e22042b1d3081c319b179a437bfa7eea6a.png");
INSERT INTO carta(id, card_type, illustrator, rarity, item_def) VALUES (10316,'Spell','Lius Lasahido','Uncommon',110316);
INSERT INTO card_name(carta_id, lang, value_) VALUES(10316,"english","Spot Weakness");
INSERT INTO card_name(carta_id, lang, value_) VALUES(10316,"german","Schwäche erkennen");
INSERT INTO card_name(carta_id, lang, value_) VALUES(10316,"french","Point faible");
INSERT INTO card_name(carta_id, lang, value_) VALUES(10316,"italian","Punto debole");

INSERT INTO card_name(carta_id, lang, value_) VALUES(10316,"spanish","Punto débil");



INSERT INTO card_name(carta_id, lang, value_) VALUES(10316,"thai","Spot Weakness");

INSERT INTO card_name(carta_id, lang, value_) VALUES(10316,"portuguese","Spot Weakness");
INSERT INTO card_name(carta_id, lang, value_) VALUES(10316,"polish","Spot Weakness");
INSERT INTO card_name(carta_id, lang, value_) VALUES(10316,"danish","Spot Weakness");
INSERT INTO card_name(carta_id, lang, value_) VALUES(10316,"dutch","Spot Weakness");
INSERT INTO card_name(carta_id, lang, value_) VALUES(10316,"finnish","Spot Weakness");
INSERT INTO card_name(carta_id, lang, value_) VALUES(10316,"norwegian","Spot Weakness");
INSERT INTO card_name(carta_id, lang, value_) VALUES(10316,"swedish","Spot Weakness");
INSERT INTO card_name(carta_id, lang, value_) VALUES(10316,"hungarian","Spot Weakness");
INSERT INTO card_name(carta_id, lang, value_) VALUES(10316,"czech","Spot Weakness");
INSERT INTO card_name(carta_id, lang, value_) VALUES(10316,"romanian","Spot Weakness");
INSERT INTO card_name(carta_id, lang, value_) VALUES(10316,"turkish","Spot Weakness");
INSERT INTO card_name(carta_id, lang, value_) VALUES(10316,"brazilian","Encontrar Fraqueza");
INSERT INTO card_name(carta_id, lang, value_) VALUES(10316,"bulgarian","Spot Weakness");
INSERT INTO card_name(carta_id, lang, value_) VALUES(10316,"greek","Spot Weakness");
INSERT INTO card_name(carta_id, lang, value_) VALUES(10316,"ukrainian","Spot Weakness");
INSERT INTO card_name(carta_id, lang, value_) VALUES(10316,"latam","Punto débil");
INSERT INTO card_name(carta_id, lang, value_) VALUES(10316,"vietnamese","Spot Weakness");
INSERT INTO large_image(carta_id, lang, value_) VALUES(10316,"default","https://steamcdn-a.akamaihd.net/apps/583950/icons/set01/10316_large_english.08cf8dd4274aed67cb288684bd4dc5d20c55ad7f.png");
INSERT INTO large_image(carta_id, lang, value_) VALUES(10316,"german","https://steamcdn-a.akamaihd.net/apps/583950/icons/set01/10316_large_german.15f3061d7b865b1108760466b264608c23c1788b.png");
INSERT INTO large_image(carta_id, lang, value_) VALUES(10316,"french","https://steamcdn-a.akamaihd.net/apps/583950/icons/set01/10316_large_french.2c6d537b6c611e35dddaaf69675b7716c4cb733d.png");
INSERT INTO large_image(carta_id, lang, value_) VALUES(10316,"italian","https://steamcdn-a.akamaihd.net/apps/583950/icons/set01/10316_large_italian.571d751956b53756b7bfb00c5b3cce1c2401c547.png");

INSERT INTO large_image(carta_id, lang, value_) VALUES(10316,"spanish","https://steamcdn-a.akamaihd.net/apps/583950/icons/set01/10316_large_spanish.c187acbfe0e5750987fb078a279a80de6bde3e1c.png");




INSERT INTO large_image(carta_id, lang, value_) VALUES(10316,"brazilian","https://steamcdn-a.akamaihd.net/apps/583950/icons/set01/10316_large_brazilian.8ca15a665b785231c6a1edd3f172e5e5d26c6b24.png");
INSERT INTO large_image(carta_id, lang, value_) VALUES(10316,"latam","https://steamcdn-a.akamaihd.net/apps/583950/icons/set01/10316_large_latam.569ef3b4645c9f90d7e64c01442cb71b193b7e73.png");
INSERT INTO carta(id, card_type, illustrator, rarity, item_def) VALUES (10317,'Spell','Magali Villeneuve','Rare',110317);
INSERT INTO card_name(carta_id, lang, value_) VALUES(10317,"english","Curse of Atrophy");
INSERT INTO card_name(carta_id, lang, value_) VALUES(10317,"german","Fluch der Verkümmerung");
INSERT INTO card_name(carta_id, lang, value_) VALUES(10317,"french","Malédiction d'atrophie");
INSERT INTO card_name(carta_id, lang, value_) VALUES(10317,"italian","Maledizione dell'atrofia");

INSERT INTO card_name(carta_id, lang, value_) VALUES(10317,"spanish","Maldición atrofiante");



INSERT INTO card_name(carta_id, lang, value_) VALUES(10317,"thai","Curse of Atrophy");

INSERT INTO card_name(carta_id, lang, value_) VALUES(10317,"portuguese","Curse of Atrophy");
INSERT INTO card_name(carta_id, lang, value_) VALUES(10317,"polish","Curse of Atrophy");
INSERT INTO card_name(carta_id, lang, value_) VALUES(10317,"danish","Curse of Atrophy");
INSERT INTO card_name(carta_id, lang, value_) VALUES(10317,"dutch","Curse of Atrophy");
INSERT INTO card_name(carta_id, lang, value_) VALUES(10317,"finnish","Curse of Atrophy");
INSERT INTO card_name(carta_id, lang, value_) VALUES(10317,"norwegian","Curse of Atrophy");
INSERT INTO card_name(carta_id, lang, value_) VALUES(10317,"swedish","Curse of Atrophy");
INSERT INTO card_name(carta_id, lang, value_) VALUES(10317,"hungarian","Curse of Atrophy");
INSERT INTO card_name(carta_id, lang, value_) VALUES(10317,"czech","Curse of Atrophy");
INSERT INTO card_name(carta_id, lang, value_) VALUES(10317,"romanian","Curse of Atrophy");
INSERT INTO card_name(carta_id, lang, value_) VALUES(10317,"turkish","Curse of Atrophy");
INSERT INTO card_name(carta_id, lang, value_) VALUES(10317,"brazilian","Maldição da Atrofia");
INSERT INTO card_name(carta_id, lang, value_) VALUES(10317,"bulgarian","Curse of Atrophy");
INSERT INTO card_name(carta_id, lang, value_) VALUES(10317,"greek","Curse of Atrophy");
INSERT INTO card_name(carta_id, lang, value_) VALUES(10317,"ukrainian","Curse of Atrophy");
INSERT INTO card_name(carta_id, lang, value_) VALUES(10317,"latam","Maldición atrofiante");
INSERT INTO card_name(carta_id, lang, value_) VALUES(10317,"vietnamese","Curse of Atrophy");
INSERT INTO large_image(carta_id, lang, value_) VALUES(10317,"default","https://steamcdn-a.akamaihd.net/apps/583950/icons/set01/10317_large_english.1e4fc7f9fb9da3c71c9d73af5b7dd9976b417f1d.png");
INSERT INTO large_image(carta_id, lang, value_) VALUES(10317,"german","https://steamcdn-a.akamaihd.net/apps/583950/icons/set01/10317_large_german.d5382b87bb0088e1e3b22a97b114ce622e4d724d.png");
INSERT INTO large_image(carta_id, lang, value_) VALUES(10317,"french","https://steamcdn-a.akamaihd.net/apps/583950/icons/set01/10317_large_french.bdf7fb3255717a441bf2f85e4b696094c2364f7e.png");
INSERT INTO large_image(carta_id, lang, value_) VALUES(10317,"italian","https://steamcdn-a.akamaihd.net/apps/583950/icons/set01/10317_large_italian.db9e5ddb6cc254ae3282cbb5c7624e35cedaaa14.png");

INSERT INTO large_image(carta_id, lang, value_) VALUES(10317,"spanish","https://steamcdn-a.akamaihd.net/apps/583950/icons/set01/10317_large_spanish.49141b6b4809492e741aa69804cb5e4fbad427db.png");




INSERT INTO large_image(carta_id, lang, value_) VALUES(10317,"brazilian","https://steamcdn-a.akamaihd.net/apps/583950/icons/set01/10317_large_brazilian.2eba4068e0864bc28405caac25e78f3c7c3b39bd.png");
INSERT INTO large_image(carta_id, lang, value_) VALUES(10317,"latam","https://steamcdn-a.akamaihd.net/apps/583950/icons/set01/10317_large_latam.4fca6e129e9f7f76a7dbf4c2b5a59c53e47b1fbc.png");
INSERT INTO carta(id, card_type, illustrator, rarity, item_def) VALUES (10319,'Spell','Jana Schirmer','Uncommon',110319);
INSERT INTO card_name(carta_id, lang, value_) VALUES(10319,"english","Diabolic Revelation");
INSERT INTO card_name(carta_id, lang, value_) VALUES(10319,"german","Diabolische Offenbarung");
INSERT INTO card_name(carta_id, lang, value_) VALUES(10319,"french","Révélation diabolique");
INSERT INTO card_name(carta_id, lang, value_) VALUES(10319,"italian","Rivelazione diabolica");

INSERT INTO card_name(carta_id, lang, value_) VALUES(10319,"spanish","Revelación diabólica");



INSERT INTO card_name(carta_id, lang, value_) VALUES(10319,"thai","Diabolic Revelation");

INSERT INTO card_name(carta_id, lang, value_) VALUES(10319,"portuguese","Diabolic Revelation");
INSERT INTO card_name(carta_id, lang, value_) VALUES(10319,"polish","Diabolic Revelation");
INSERT INTO card_name(carta_id, lang, value_) VALUES(10319,"danish","Diabolic Revelation");
INSERT INTO card_name(carta_id, lang, value_) VALUES(10319,"dutch","Diabolic Revelation");
INSERT INTO card_name(carta_id, lang, value_) VALUES(10319,"finnish","Diabolic Revelation");
INSERT INTO card_name(carta_id, lang, value_) VALUES(10319,"norwegian","Diabolic Revelation");
INSERT INTO card_name(carta_id, lang, value_) VALUES(10319,"swedish","Diabolic Revelation");
INSERT INTO card_name(carta_id, lang, value_) VALUES(10319,"hungarian","Diabolic Revelation");
INSERT INTO card_name(carta_id, lang, value_) VALUES(10319,"czech","Diabolic Revelation");
INSERT INTO card_name(carta_id, lang, value_) VALUES(10319,"romanian","Diabolic Revelation");
INSERT INTO card_name(carta_id, lang, value_) VALUES(10319,"turkish","Diabolic Revelation");
INSERT INTO card_name(carta_id, lang, value_) VALUES(10319,"brazilian","Revelação Diabólica");
INSERT INTO card_name(carta_id, lang, value_) VALUES(10319,"bulgarian","Diabolic Revelation");
INSERT INTO card_name(carta_id, lang, value_) VALUES(10319,"greek","Diabolic Revelation");
INSERT INTO card_name(carta_id, lang, value_) VALUES(10319,"ukrainian","Diabolic Revelation");
INSERT INTO card_name(carta_id, lang, value_) VALUES(10319,"latam","Revelación diabólica");
INSERT INTO card_name(carta_id, lang, value_) VALUES(10319,"vietnamese","Diabolic Revelation");
INSERT INTO large_image(carta_id, lang, value_) VALUES(10319,"default","https://steamcdn-a.akamaihd.net/apps/583950/icons/set01/10319_large_english.5e8e4e89ce9e92347f7049804400f271466eca54.png");
INSERT INTO large_image(carta_id, lang, value_) VALUES(10319,"german","https://steamcdn-a.akamaihd.net/apps/583950/icons/set01/10319_large_german.0eb3e2a59f37098ba810c76da438501d0284732a.png");
INSERT INTO large_image(carta_id, lang, value_) VALUES(10319,"french","https://steamcdn-a.akamaihd.net/apps/583950/icons/set01/10319_large_french.ccddd322f7d97ac8834458a6c6bfd2dec3b36f44.png");
INSERT INTO large_image(carta_id, lang, value_) VALUES(10319,"italian","https://steamcdn-a.akamaihd.net/apps/583950/icons/set01/10319_large_italian.24cd3bf8c1cfce9870b42dd969df3c6769268085.png");

INSERT INTO large_image(carta_id, lang, value_) VALUES(10319,"spanish","https://steamcdn-a.akamaihd.net/apps/583950/icons/set01/10319_large_spanish.aee2f9b3e4573b53dfd01218cf572746e7303f6d.png");




INSERT INTO large_image(carta_id, lang, value_) VALUES(10319,"brazilian","https://steamcdn-a.akamaihd.net/apps/583950/icons/set01/10319_large_brazilian.b606e005657478c5f59aab7f4208677a2874d82d.png");
INSERT INTO large_image(carta_id, lang, value_) VALUES(10319,"latam","https://steamcdn-a.akamaihd.net/apps/583950/icons/set01/10319_large_latam.7ba07c1e7822d079bcdd86c36916ae86bf2210bb.png");
INSERT INTO carta(id, card_type, illustrator, rarity, item_def) VALUES (10322,'Spell','JiHun Lee','Common',110322);
INSERT INTO card_name(carta_id, lang, value_) VALUES(10322,"english","Payday");
INSERT INTO card_name(carta_id, lang, value_) VALUES(10322,"german","Zahltag");
INSERT INTO card_name(carta_id, lang, value_) VALUES(10322,"french","Jour de paie");
INSERT INTO card_name(carta_id, lang, value_) VALUES(10322,"italian","Giorno di paga");

INSERT INTO card_name(carta_id, lang, value_) VALUES(10322,"spanish","Día de pago");



INSERT INTO card_name(carta_id, lang, value_) VALUES(10322,"thai","Payday");

INSERT INTO card_name(carta_id, lang, value_) VALUES(10322,"portuguese","Payday");
INSERT INTO card_name(carta_id, lang, value_) VALUES(10322,"polish","Payday");
INSERT INTO card_name(carta_id, lang, value_) VALUES(10322,"danish","Payday");
INSERT INTO card_name(carta_id, lang, value_) VALUES(10322,"dutch","Payday");
INSERT INTO card_name(carta_id, lang, value_) VALUES(10322,"finnish","Payday");
INSERT INTO card_name(carta_id, lang, value_) VALUES(10322,"norwegian","Payday");
INSERT INTO card_name(carta_id, lang, value_) VALUES(10322,"swedish","Payday");
INSERT INTO card_name(carta_id, lang, value_) VALUES(10322,"hungarian","Payday");
INSERT INTO card_name(carta_id, lang, value_) VALUES(10322,"czech","Payday");
INSERT INTO card_name(carta_id, lang, value_) VALUES(10322,"romanian","Payday");
INSERT INTO card_name(carta_id, lang, value_) VALUES(10322,"turkish","Payday");
INSERT INTO card_name(carta_id, lang, value_) VALUES(10322,"brazilian","Dia do Pagamento");
INSERT INTO card_name(carta_id, lang, value_) VALUES(10322,"bulgarian","Payday");
INSERT INTO card_name(carta_id, lang, value_) VALUES(10322,"greek","Payday");
INSERT INTO card_name(carta_id, lang, value_) VALUES(10322,"ukrainian","Payday");
INSERT INTO card_name(carta_id, lang, value_) VALUES(10322,"latam","Día de pago");
INSERT INTO card_name(carta_id, lang, value_) VALUES(10322,"vietnamese","Payday");
INSERT INTO large_image(carta_id, lang, value_) VALUES(10322,"default","https://steamcdn-a.akamaihd.net/apps/583950/icons/set01/10322_large_english.9a294a2a4507212f9390c05da2065cf4d9af805a.png");
INSERT INTO large_image(carta_id, lang, value_) VALUES(10322,"german","https://steamcdn-a.akamaihd.net/apps/583950/icons/set01/10322_large_german.7f78e10276cae44523f0fdab397160b38e520c2e.png");
INSERT INTO large_image(carta_id, lang, value_) VALUES(10322,"french","https://steamcdn-a.akamaihd.net/apps/583950/icons/set01/10322_large_french.6f88762a0648fc328e262ab969fd802a57de3713.png");
INSERT INTO large_image(carta_id, lang, value_) VALUES(10322,"italian","https://steamcdn-a.akamaihd.net/apps/583950/icons/set01/10322_large_italian.c611aaef56448c810e4d120c65215079d9d7dd3e.png");

INSERT INTO large_image(carta_id, lang, value_) VALUES(10322,"spanish","https://steamcdn-a.akamaihd.net/apps/583950/icons/set01/10322_large_spanish.36f35bde3a93ff79b7b6fe7ff453ec79108bc459.png");




INSERT INTO large_image(carta_id, lang, value_) VALUES(10322,"brazilian","https://steamcdn-a.akamaihd.net/apps/583950/icons/set01/10322_large_brazilian.9dbc1abcdd9a8f85fe354f68953dc6b75fe8234d.png");
INSERT INTO large_image(carta_id, lang, value_) VALUES(10322,"latam","https://steamcdn-a.akamaihd.net/apps/583950/icons/set01/10322_large_latam.9cf17c085d9161484c0febd04c73ff5477c8d0b2.png");
INSERT INTO carta(id, card_type, illustrator, rarity, item_def) VALUES (10324,'Spell','Magali Villeneuve','Uncommon',110324);
INSERT INTO card_name(carta_id, lang, value_) VALUES(10324,"english","Iron Branch Protection");
INSERT INTO card_name(carta_id, lang, value_) VALUES(10324,"german","Eisenzweigschutz");
INSERT INTO card_name(carta_id, lang, value_) VALUES(10324,"french","Protection de la branche de fer");
INSERT INTO card_name(carta_id, lang, value_) VALUES(10324,"italian","Protezione del ramo di ferro");

INSERT INTO card_name(carta_id, lang, value_) VALUES(10324,"spanish","Protección de Ramas férreas");



INSERT INTO card_name(carta_id, lang, value_) VALUES(10324,"thai","Iron Branch Protection");

INSERT INTO card_name(carta_id, lang, value_) VALUES(10324,"portuguese","Iron Branch Protection");
INSERT INTO card_name(carta_id, lang, value_) VALUES(10324,"polish","Iron Branch Protection");
INSERT INTO card_name(carta_id, lang, value_) VALUES(10324,"danish","Iron Branch Protection");
INSERT INTO card_name(carta_id, lang, value_) VALUES(10324,"dutch","Iron Branch Protection");
INSERT INTO card_name(carta_id, lang, value_) VALUES(10324,"finnish","Iron Branch Protection");
INSERT INTO card_name(carta_id, lang, value_) VALUES(10324,"norwegian","Iron Branch Protection");
INSERT INTO card_name(carta_id, lang, value_) VALUES(10324,"swedish","Iron Branch Protection");
INSERT INTO card_name(carta_id, lang, value_) VALUES(10324,"hungarian","Iron Branch Protection");
INSERT INTO card_name(carta_id, lang, value_) VALUES(10324,"czech","Iron Branch Protection");
INSERT INTO card_name(carta_id, lang, value_) VALUES(10324,"romanian","Iron Branch Protection");
INSERT INTO card_name(carta_id, lang, value_) VALUES(10324,"turkish","Iron Branch Protection");
INSERT INTO card_name(carta_id, lang, value_) VALUES(10324,"brazilian","Proteção do Galho de Ferro");
INSERT INTO card_name(carta_id, lang, value_) VALUES(10324,"bulgarian","Iron Branch Protection");
INSERT INTO card_name(carta_id, lang, value_) VALUES(10324,"greek","Iron Branch Protection");
INSERT INTO card_name(carta_id, lang, value_) VALUES(10324,"ukrainian","Iron Branch Protection");
INSERT INTO card_name(carta_id, lang, value_) VALUES(10324,"latam","Protección de las Ramas férreas");
INSERT INTO card_name(carta_id, lang, value_) VALUES(10324,"vietnamese","Iron Branch Protection");
INSERT INTO large_image(carta_id, lang, value_) VALUES(10324,"default","https://steamcdn-a.akamaihd.net/apps/583950/icons/set01/10324_large_english.eeebc14e10b36ece1917921062d55d3af99d7c6c.png");
INSERT INTO large_image(carta_id, lang, value_) VALUES(10324,"german","https://steamcdn-a.akamaihd.net/apps/583950/icons/set01/10324_large_german.b93320468ef41f79749fb0f5f09746a119479312.png");
INSERT INTO large_image(carta_id, lang, value_) VALUES(10324,"french","https://steamcdn-a.akamaihd.net/apps/583950/icons/set01/10324_large_french.66bbb40ea247946d3b8f230844904407c4c3ee05.png");
INSERT INTO large_image(carta_id, lang, value_) VALUES(10324,"italian","https://steamcdn-a.akamaihd.net/apps/583950/icons/set01/10324_large_italian.345f8e892ac7a0bd92a1360b4696a10da5312a29.png");

INSERT INTO large_image(carta_id, lang, value_) VALUES(10324,"spanish","https://steamcdn-a.akamaihd.net/apps/583950/icons/set01/10324_large_spanish.6fb5496c7ba524544afb7af9c7ef85efcb170f1a.png");




INSERT INTO large_image(carta_id, lang, value_) VALUES(10324,"brazilian","https://steamcdn-a.akamaihd.net/apps/583950/icons/set01/10324_large_brazilian.5e5f3e2094404af13cf31d126816953b5ccd6a22.png");
INSERT INTO large_image(carta_id, lang, value_) VALUES(10324,"latam","https://steamcdn-a.akamaihd.net/apps/583950/icons/set01/10324_large_latam.7e5b72e6cd244f12825610f3a2eb7926a52a2493.png");
INSERT INTO carta(id, card_type, illustrator, rarity, item_def) VALUES (10326,'Spell','JiHun Lee','Uncommon',110326);
INSERT INTO card_name(carta_id, lang, value_) VALUES(10326,"english","Enough Magic!");
INSERT INTO card_name(carta_id, lang, value_) VALUES(10326,"german","Genug Magie!");
INSERT INTO card_name(carta_id, lang, value_) VALUES(10326,"french","Ça suffit !");
INSERT INTO card_name(carta_id, lang, value_) VALUES(10326,"italian","Basta magia!");

INSERT INTO card_name(carta_id, lang, value_) VALUES(10326,"spanish","¡Basta de magia!");



INSERT INTO card_name(carta_id, lang, value_) VALUES(10326,"thai","Enough Magic!");

INSERT INTO card_name(carta_id, lang, value_) VALUES(10326,"portuguese","Enough Magic!");
INSERT INTO card_name(carta_id, lang, value_) VALUES(10326,"polish","Enough Magic!");
INSERT INTO card_name(carta_id, lang, value_) VALUES(10326,"danish","Enough Magic!");
INSERT INTO card_name(carta_id, lang, value_) VALUES(10326,"dutch","Enough Magic!");
INSERT INTO card_name(carta_id, lang, value_) VALUES(10326,"finnish","Enough Magic!");
INSERT INTO card_name(carta_id, lang, value_) VALUES(10326,"norwegian","Enough Magic!");
INSERT INTO card_name(carta_id, lang, value_) VALUES(10326,"swedish","Enough Magic!");
INSERT INTO card_name(carta_id, lang, value_) VALUES(10326,"hungarian","Enough Magic!");
INSERT INTO card_name(carta_id, lang, value_) VALUES(10326,"czech","Enough Magic!");
INSERT INTO card_name(carta_id, lang, value_) VALUES(10326,"romanian","Enough Magic!");
INSERT INTO card_name(carta_id, lang, value_) VALUES(10326,"turkish","Enough Magic!");
INSERT INTO card_name(carta_id, lang, value_) VALUES(10326,"brazilian","Chega de Magia!");
INSERT INTO card_name(carta_id, lang, value_) VALUES(10326,"bulgarian","Enough Magic!");
INSERT INTO card_name(carta_id, lang, value_) VALUES(10326,"greek","Enough Magic!");
INSERT INTO card_name(carta_id, lang, value_) VALUES(10326,"ukrainian","Enough Magic!");
INSERT INTO card_name(carta_id, lang, value_) VALUES(10326,"latam","¡Basta de magia!");
INSERT INTO card_name(carta_id, lang, value_) VALUES(10326,"vietnamese","Enough Magic!");
INSERT INTO large_image(carta_id, lang, value_) VALUES(10326,"default","https://steamcdn-a.akamaihd.net/apps/583950/icons/set01/10326_large_english.699b6ebafeaaa165cf8e0e3d876c9a515d74e38e.png");
INSERT INTO large_image(carta_id, lang, value_) VALUES(10326,"german","https://steamcdn-a.akamaihd.net/apps/583950/icons/set01/10326_large_german.2bd6ea76aca68995cad2775dd9b5731805c2ce53.png");
INSERT INTO large_image(carta_id, lang, value_) VALUES(10326,"french","https://steamcdn-a.akamaihd.net/apps/583950/icons/set01/10326_large_french.d38c27b6c7fffa32b7d017285b5b5acbaa6b5e99.png");
INSERT INTO large_image(carta_id, lang, value_) VALUES(10326,"italian","https://steamcdn-a.akamaihd.net/apps/583950/icons/set01/10326_large_italian.084edfc45dae5d3f8826b7f5b8c93bc80ee8d9fa.png");

INSERT INTO large_image(carta_id, lang, value_) VALUES(10326,"spanish","https://steamcdn-a.akamaihd.net/apps/583950/icons/set01/10326_large_spanish.ff20aefe487a200a311a9e5bd0cef0680bb87747.png");




INSERT INTO large_image(carta_id, lang, value_) VALUES(10326,"brazilian","https://steamcdn-a.akamaihd.net/apps/583950/icons/set01/10326_large_brazilian.b8bf995612c57071daf5c349346966f4bd010e15.png");
INSERT INTO large_image(carta_id, lang, value_) VALUES(10326,"latam","https://steamcdn-a.akamaihd.net/apps/583950/icons/set01/10326_large_latam.debdf92f9548824e743419ed258ddee70dc3e10b.png");
INSERT INTO carta(id, card_type, illustrator, rarity, item_def) VALUES (10327,'Spell','JiHun Lee','Rare',110327);
INSERT INTO card_name(carta_id, lang, value_) VALUES(10327,"english","Heroic Resolve");
INSERT INTO card_name(carta_id, lang, value_) VALUES(10327,"german","Heldenhafte Entschlossenheit");
INSERT INTO card_name(carta_id, lang, value_) VALUES(10327,"french","Détermination héroïque");
INSERT INTO card_name(carta_id, lang, value_) VALUES(10327,"italian","Risolutezza eroica");

INSERT INTO card_name(carta_id, lang, value_) VALUES(10327,"spanish","Determinación heroica");



INSERT INTO card_name(carta_id, lang, value_) VALUES(10327,"thai","Heroic Resolve");

INSERT INTO card_name(carta_id, lang, value_) VALUES(10327,"portuguese","Heroic Resolve");
INSERT INTO card_name(carta_id, lang, value_) VALUES(10327,"polish","Heroic Resolve");
INSERT INTO card_name(carta_id, lang, value_) VALUES(10327,"danish","Heroic Resolve");
INSERT INTO card_name(carta_id, lang, value_) VALUES(10327,"dutch","Heroic Resolve");
INSERT INTO card_name(carta_id, lang, value_) VALUES(10327,"finnish","Heroic Resolve");
INSERT INTO card_name(carta_id, lang, value_) VALUES(10327,"norwegian","Heroic Resolve");
INSERT INTO card_name(carta_id, lang, value_) VALUES(10327,"swedish","Heroic Resolve");
INSERT INTO card_name(carta_id, lang, value_) VALUES(10327,"hungarian","Heroic Resolve");
INSERT INTO card_name(carta_id, lang, value_) VALUES(10327,"czech","Heroic Resolve");
INSERT INTO card_name(carta_id, lang, value_) VALUES(10327,"romanian","Heroic Resolve");
INSERT INTO card_name(carta_id, lang, value_) VALUES(10327,"turkish","Heroic Resolve");
INSERT INTO card_name(carta_id, lang, value_) VALUES(10327,"brazilian","Determinação Heroica");
INSERT INTO card_name(carta_id, lang, value_) VALUES(10327,"bulgarian","Heroic Resolve");
INSERT INTO card_name(carta_id, lang, value_) VALUES(10327,"greek","Heroic Resolve");
INSERT INTO card_name(carta_id, lang, value_) VALUES(10327,"ukrainian","Heroic Resolve");
INSERT INTO card_name(carta_id, lang, value_) VALUES(10327,"latam","Determinación heroica");
INSERT INTO card_name(carta_id, lang, value_) VALUES(10327,"vietnamese","Heroic Resolve");
INSERT INTO large_image(carta_id, lang, value_) VALUES(10327,"default","https://steamcdn-a.akamaihd.net/apps/583950/icons/set01/10327_large_english.82a00fb9452c8badf8d2d55e9eb014dfda6bd322.png");
INSERT INTO large_image(carta_id, lang, value_) VALUES(10327,"german","https://steamcdn-a.akamaihd.net/apps/583950/icons/set01/10327_large_german.6f6fd1c6cc3eed2fe783f074e116f049a171f760.png");
INSERT INTO large_image(carta_id, lang, value_) VALUES(10327,"french","https://steamcdn-a.akamaihd.net/apps/583950/icons/set01/10327_large_french.d6806949bdd73ad734d9da200500ffb8108c8f76.png");
INSERT INTO large_image(carta_id, lang, value_) VALUES(10327,"italian","https://steamcdn-a.akamaihd.net/apps/583950/icons/set01/10327_large_italian.2510093f5b5f9149c614e5585c44673feaa83002.png");

INSERT INTO large_image(carta_id, lang, value_) VALUES(10327,"spanish","https://steamcdn-a.akamaihd.net/apps/583950/icons/set01/10327_large_spanish.82b002acebff1b5357e225abdb5e6176b6569d2d.png");




INSERT INTO large_image(carta_id, lang, value_) VALUES(10327,"brazilian","https://steamcdn-a.akamaihd.net/apps/583950/icons/set01/10327_large_brazilian.e5dfdb2b7c694518d4a769355bfb03f4b7e03f58.png");
INSERT INTO large_image(carta_id, lang, value_) VALUES(10327,"latam","https://steamcdn-a.akamaihd.net/apps/583950/icons/set01/10327_large_latam.98ab7ec22f639d9eb0e3691cc2ba419413040af5.png");
INSERT INTO carta(id, card_type, illustrator, rarity, item_def) VALUES (10328,'Spell','Yongjae Choi','Uncommon',110328);
INSERT INTO card_name(carta_id, lang, value_) VALUES(10328,"english","Gank");
INSERT INTO card_name(carta_id, lang, value_) VALUES(10328,"german","Überfall");
INSERT INTO card_name(carta_id, lang, value_) VALUES(10328,"french","Confrontation");
INSERT INTO card_name(carta_id, lang, value_) VALUES(10328,"italian","Imboscata");

INSERT INTO card_name(carta_id, lang, value_) VALUES(10328,"spanish","Ataque súbito");



INSERT INTO card_name(carta_id, lang, value_) VALUES(10328,"thai","Gank");

INSERT INTO card_name(carta_id, lang, value_) VALUES(10328,"portuguese","Gank");
INSERT INTO card_name(carta_id, lang, value_) VALUES(10328,"polish","Gank");
INSERT INTO card_name(carta_id, lang, value_) VALUES(10328,"danish","Gank");
INSERT INTO card_name(carta_id, lang, value_) VALUES(10328,"dutch","Gank");
INSERT INTO card_name(carta_id, lang, value_) VALUES(10328,"finnish","Gank");
INSERT INTO card_name(carta_id, lang, value_) VALUES(10328,"norwegian","Gank");
INSERT INTO card_name(carta_id, lang, value_) VALUES(10328,"swedish","Gank");
INSERT INTO card_name(carta_id, lang, value_) VALUES(10328,"hungarian","Gank");
INSERT INTO card_name(carta_id, lang, value_) VALUES(10328,"czech","Gank");
INSERT INTO card_name(carta_id, lang, value_) VALUES(10328,"romanian","Gank");
INSERT INTO card_name(carta_id, lang, value_) VALUES(10328,"turkish","Gank");
INSERT INTO card_name(carta_id, lang, value_) VALUES(10328,"brazilian","Emboscar");
INSERT INTO card_name(carta_id, lang, value_) VALUES(10328,"bulgarian","Gank");
INSERT INTO card_name(carta_id, lang, value_) VALUES(10328,"greek","Gank");
INSERT INTO card_name(carta_id, lang, value_) VALUES(10328,"ukrainian","Gank");
INSERT INTO card_name(carta_id, lang, value_) VALUES(10328,"latam","Emboscada");
INSERT INTO card_name(carta_id, lang, value_) VALUES(10328,"vietnamese","Gank");
INSERT INTO large_image(carta_id, lang, value_) VALUES(10328,"default","https://steamcdn-a.akamaihd.net/apps/583950/icons/set01/10328_large_english.6e8db7b41a780eac3a434da13ad22e8ed466fdd7.png");
INSERT INTO large_image(carta_id, lang, value_) VALUES(10328,"german","https://steamcdn-a.akamaihd.net/apps/583950/icons/set01/10328_large_german.40e71685a76a2e5a8b88fee606b55286eeeadfd1.png");
INSERT INTO large_image(carta_id, lang, value_) VALUES(10328,"french","https://steamcdn-a.akamaihd.net/apps/583950/icons/set01/10328_large_french.672a1c6fed7e70356e33db30b4a7ee63de5406bf.png");
INSERT INTO large_image(carta_id, lang, value_) VALUES(10328,"italian","https://steamcdn-a.akamaihd.net/apps/583950/icons/set01/10328_large_italian.d20be75f48437bbb0c5b557d11ab6d2e4750adf7.png");

INSERT INTO large_image(carta_id, lang, value_) VALUES(10328,"spanish","https://steamcdn-a.akamaihd.net/apps/583950/icons/set01/10328_large_spanish.a84e6f7da28f0103cf8f9c892cd201d6b8c85498.png");




INSERT INTO large_image(carta_id, lang, value_) VALUES(10328,"brazilian","https://steamcdn-a.akamaihd.net/apps/583950/icons/set01/10328_large_brazilian.9640fc48370e07e90005fb934e605efaefdc5698.png");
INSERT INTO large_image(carta_id, lang, value_) VALUES(10328,"latam","https://steamcdn-a.akamaihd.net/apps/583950/icons/set01/10328_large_latam.27cdc4c24c1b76b95ff46ce45d6ca080d8916186.png");
INSERT INTO carta(id, card_type, illustrator, rarity, item_def) VALUES (10331,'Spell','Mike Azevedo','Rare',110331);
INSERT INTO card_name(carta_id, lang, value_) VALUES(10331,"english","Wrath of Gold");
INSERT INTO card_name(carta_id, lang, value_) VALUES(10331,"german","Zorn des Goldes");
INSERT INTO card_name(carta_id, lang, value_) VALUES(10331,"french","Fureur aurifère");
INSERT INTO card_name(carta_id, lang, value_) VALUES(10331,"italian","Furia dell'oro");

INSERT INTO card_name(carta_id, lang, value_) VALUES(10331,"spanish","Derroche de oro");



INSERT INTO card_name(carta_id, lang, value_) VALUES(10331,"thai","Wrath of Gold");

INSERT INTO card_name(carta_id, lang, value_) VALUES(10331,"portuguese","Wrath of Gold");
INSERT INTO card_name(carta_id, lang, value_) VALUES(10331,"polish","Wrath of Gold");
INSERT INTO card_name(carta_id, lang, value_) VALUES(10331,"danish","Wrath of Gold");
INSERT INTO card_name(carta_id, lang, value_) VALUES(10331,"dutch","Wrath of Gold");
INSERT INTO card_name(carta_id, lang, value_) VALUES(10331,"finnish","Wrath of Gold");
INSERT INTO card_name(carta_id, lang, value_) VALUES(10331,"norwegian","Wrath of Gold");
INSERT INTO card_name(carta_id, lang, value_) VALUES(10331,"swedish","Wrath of Gold");
INSERT INTO card_name(carta_id, lang, value_) VALUES(10331,"hungarian","Wrath of Gold");
INSERT INTO card_name(carta_id, lang, value_) VALUES(10331,"czech","Wrath of Gold");
INSERT INTO card_name(carta_id, lang, value_) VALUES(10331,"romanian","Wrath of Gold");
INSERT INTO card_name(carta_id, lang, value_) VALUES(10331,"turkish","Wrath of Gold");
INSERT INTO card_name(carta_id, lang, value_) VALUES(10331,"brazilian","Frenesi do Ouro");
INSERT INTO card_name(carta_id, lang, value_) VALUES(10331,"bulgarian","Wrath of Gold");
INSERT INTO card_name(carta_id, lang, value_) VALUES(10331,"greek","Wrath of Gold");
INSERT INTO card_name(carta_id, lang, value_) VALUES(10331,"ukrainian","Wrath of Gold");
INSERT INTO card_name(carta_id, lang, value_) VALUES(10331,"latam","Derroche de oro");
INSERT INTO card_name(carta_id, lang, value_) VALUES(10331,"vietnamese","Wrath of Gold");
INSERT INTO large_image(carta_id, lang, value_) VALUES(10331,"default","https://steamcdn-a.akamaihd.net/apps/583950/icons/set01/10331_large_english.44b23fc3f889e8f3c6e45d7e0e4c5ad6275f4cf3.png");
INSERT INTO large_image(carta_id, lang, value_) VALUES(10331,"german","https://steamcdn-a.akamaihd.net/apps/583950/icons/set01/10331_large_german.b4723a88732b3da52cd7f6367fa1b0446a0fc1fe.png");
INSERT INTO large_image(carta_id, lang, value_) VALUES(10331,"french","https://steamcdn-a.akamaihd.net/apps/583950/icons/set01/10331_large_french.dcb4b029e393f81a6d84e25feb725e2f40fc0db6.png");
INSERT INTO large_image(carta_id, lang, value_) VALUES(10331,"italian","https://steamcdn-a.akamaihd.net/apps/583950/icons/set01/10331_large_italian.0e50a0223a42382c0fa678c29c9311ac47350fb5.png");

INSERT INTO large_image(carta_id, lang, value_) VALUES(10331,"spanish","https://steamcdn-a.akamaihd.net/apps/583950/icons/set01/10331_large_spanish.7ae8a1365a57953e89cfbd5fa04dc0f206d1f9e5.png");




INSERT INTO large_image(carta_id, lang, value_) VALUES(10331,"brazilian","https://steamcdn-a.akamaihd.net/apps/583950/icons/set01/10331_large_brazilian.816d9f287a99aa725defeb1b8e970ac2b5852920.png");
INSERT INTO large_image(carta_id, lang, value_) VALUES(10331,"latam","https://steamcdn-a.akamaihd.net/apps/583950/icons/set01/10331_large_latam.2d76aeb58b7ca5092981a7bd5bef7a5df0c568e4.png");
INSERT INTO carta(id, card_type, illustrator, rarity, item_def) VALUES (10332,'Spell','Kieran Yanner','Uncommon',110332);
INSERT INTO card_name(carta_id, lang, value_) VALUES(10332,"english","Murder Plot");
INSERT INTO card_name(carta_id, lang, value_) VALUES(10332,"german","Mordkomplott");
INSERT INTO card_name(carta_id, lang, value_) VALUES(10332,"french","Complot meurtrier");
INSERT INTO card_name(carta_id, lang, value_) VALUES(10332,"italian","Piano omicida");

INSERT INTO card_name(carta_id, lang, value_) VALUES(10332,"spanish","Plan de asesinato");



INSERT INTO card_name(carta_id, lang, value_) VALUES(10332,"thai","Murder Plot");

INSERT INTO card_name(carta_id, lang, value_) VALUES(10332,"portuguese","Murder Plot");
INSERT INTO card_name(carta_id, lang, value_) VALUES(10332,"polish","Murder Plot");
INSERT INTO card_name(carta_id, lang, value_) VALUES(10332,"danish","Murder Plot");
INSERT INTO card_name(carta_id, lang, value_) VALUES(10332,"dutch","Murder Plot");
INSERT INTO card_name(carta_id, lang, value_) VALUES(10332,"finnish","Murder Plot");
INSERT INTO card_name(carta_id, lang, value_) VALUES(10332,"norwegian","Murder Plot");
INSERT INTO card_name(carta_id, lang, value_) VALUES(10332,"swedish","Murder Plot");
INSERT INTO card_name(carta_id, lang, value_) VALUES(10332,"hungarian","Murder Plot");
INSERT INTO card_name(carta_id, lang, value_) VALUES(10332,"czech","Murder Plot");
INSERT INTO card_name(carta_id, lang, value_) VALUES(10332,"romanian","Murder Plot");
INSERT INTO card_name(carta_id, lang, value_) VALUES(10332,"turkish","Murder Plot");
INSERT INTO card_name(carta_id, lang, value_) VALUES(10332,"brazilian","Plano de Assassinato");
INSERT INTO card_name(carta_id, lang, value_) VALUES(10332,"bulgarian","Murder Plot");
INSERT INTO card_name(carta_id, lang, value_) VALUES(10332,"greek","Murder Plot");
INSERT INTO card_name(carta_id, lang, value_) VALUES(10332,"ukrainian","Murder Plot");
INSERT INTO card_name(carta_id, lang, value_) VALUES(10332,"latam","Plan letal");
INSERT INTO card_name(carta_id, lang, value_) VALUES(10332,"vietnamese","Murder Plot");
INSERT INTO large_image(carta_id, lang, value_) VALUES(10332,"default","https://steamcdn-a.akamaihd.net/apps/583950/icons/set01/10332_large_english.666b07b5f9cdc47ea15ea63f687ab413cca82042.png");
INSERT INTO large_image(carta_id, lang, value_) VALUES(10332,"german","https://steamcdn-a.akamaihd.net/apps/583950/icons/set01/10332_large_german.d26cdfea675c0052631a5f25f3cc0138d643ae89.png");
INSERT INTO large_image(carta_id, lang, value_) VALUES(10332,"french","https://steamcdn-a.akamaihd.net/apps/583950/icons/set01/10332_large_french.eaf85b29b14c0002340d5f0fa7dd9faa1c02c05f.png");
INSERT INTO large_image(carta_id, lang, value_) VALUES(10332,"italian","https://steamcdn-a.akamaihd.net/apps/583950/icons/set01/10332_large_italian.a6f71a53715d4e42d3728befa4b72fc898d8400c.png");

INSERT INTO large_image(carta_id, lang, value_) VALUES(10332,"spanish","https://steamcdn-a.akamaihd.net/apps/583950/icons/set01/10332_large_spanish.e5757eed97fc35204ed2b6cf5dca88d75017ab45.png");




INSERT INTO large_image(carta_id, lang, value_) VALUES(10332,"brazilian","https://steamcdn-a.akamaihd.net/apps/583950/icons/set01/10332_large_brazilian.22a3f2a68f3f9424eff2771ddf9c76ccd78f7230.png");
INSERT INTO large_image(carta_id, lang, value_) VALUES(10332,"latam","https://steamcdn-a.akamaihd.net/apps/583950/icons/set01/10332_large_latam.2928b4a2d839c0d48ca4fee79a22cb7ecaf84e51.png");
INSERT INTO carta(id, card_type, illustrator, rarity, item_def) VALUES (10334,'Spell','John Stanko','Uncommon',110334);
INSERT INTO card_name(carta_id, lang, value_) VALUES(10334,"english","Stars Align");
INSERT INTO card_name(carta_id, lang, value_) VALUES(10334,"german","Die Sterne stehen günstig");
INSERT INTO card_name(carta_id, lang, value_) VALUES(10334,"french","Alignement des astres");
INSERT INTO card_name(carta_id, lang, value_) VALUES(10334,"italian","Allineamento delle stelle");

INSERT INTO card_name(carta_id, lang, value_) VALUES(10334,"spanish","Estrellas alineadas");



INSERT INTO card_name(carta_id, lang, value_) VALUES(10334,"thai","Stars Align");

INSERT INTO card_name(carta_id, lang, value_) VALUES(10334,"portuguese","Stars Align");
INSERT INTO card_name(carta_id, lang, value_) VALUES(10334,"polish","Stars Align");
INSERT INTO card_name(carta_id, lang, value_) VALUES(10334,"danish","Stars Align");
INSERT INTO card_name(carta_id, lang, value_) VALUES(10334,"dutch","Stars Align");
INSERT INTO card_name(carta_id, lang, value_) VALUES(10334,"finnish","Stars Align");
INSERT INTO card_name(carta_id, lang, value_) VALUES(10334,"norwegian","Stars Align");
INSERT INTO card_name(carta_id, lang, value_) VALUES(10334,"swedish","Stars Align");
INSERT INTO card_name(carta_id, lang, value_) VALUES(10334,"hungarian","Stars Align");
INSERT INTO card_name(carta_id, lang, value_) VALUES(10334,"czech","Stars Align");
INSERT INTO card_name(carta_id, lang, value_) VALUES(10334,"romanian","Stars Align");
INSERT INTO card_name(carta_id, lang, value_) VALUES(10334,"turkish","Stars Align");
INSERT INTO card_name(carta_id, lang, value_) VALUES(10334,"brazilian","Alinhamento Estelar");
INSERT INTO card_name(carta_id, lang, value_) VALUES(10334,"bulgarian","Stars Align");
INSERT INTO card_name(carta_id, lang, value_) VALUES(10334,"greek","Stars Align");
INSERT INTO card_name(carta_id, lang, value_) VALUES(10334,"ukrainian","Stars Align");
INSERT INTO card_name(carta_id, lang, value_) VALUES(10334,"latam","Estrellas alineadas");
INSERT INTO card_name(carta_id, lang, value_) VALUES(10334,"vietnamese","Stars Align");
INSERT INTO large_image(carta_id, lang, value_) VALUES(10334,"default","https://steamcdn-a.akamaihd.net/apps/583950/icons/set01/10334_large_english.06fb7ae75b03309abd17e1c26c263a1187944c70.png");
INSERT INTO large_image(carta_id, lang, value_) VALUES(10334,"german","https://steamcdn-a.akamaihd.net/apps/583950/icons/set01/10334_large_german.5932bb7377f260c77ead687c47282afacb7958a2.png");
INSERT INTO large_image(carta_id, lang, value_) VALUES(10334,"french","https://steamcdn-a.akamaihd.net/apps/583950/icons/set01/10334_large_french.c1d743fbe657628d470edf7bacbe3e34fd0c2f6c.png");
INSERT INTO large_image(carta_id, lang, value_) VALUES(10334,"italian","https://steamcdn-a.akamaihd.net/apps/583950/icons/set01/10334_large_italian.ff303c38af373fbcec261d3d399cc84cb82d63f8.png");

INSERT INTO large_image(carta_id, lang, value_) VALUES(10334,"spanish","https://steamcdn-a.akamaihd.net/apps/583950/icons/set01/10334_large_spanish.bc172f101c655273504c50211f05abbe9db13a1b.png");




INSERT INTO large_image(carta_id, lang, value_) VALUES(10334,"brazilian","https://steamcdn-a.akamaihd.net/apps/583950/icons/set01/10334_large_brazilian.674ecb462e674583a683fa67e6dd9aeccdd74ce2.png");
INSERT INTO large_image(carta_id, lang, value_) VALUES(10334,"latam","https://steamcdn-a.akamaihd.net/apps/583950/icons/set01/10334_large_latam.11696532a35a9785d8be1cb9272e21bc0ef8be67.png");
INSERT INTO carta(id, card_type, illustrator, rarity, item_def) VALUES (10335,'Spell','Mike Azevedo','Uncommon',110335);
INSERT INTO card_name(carta_id, lang, value_) VALUES(10335,"english","Call the Reserves");
INSERT INTO card_name(carta_id, lang, value_) VALUES(10335,"german","Einberufung der Reserve");
INSERT INTO card_name(carta_id, lang, value_) VALUES(10335,"french","Appel des renforts");
INSERT INTO card_name(carta_id, lang, value_) VALUES(10335,"italian","Richiama le riserve");

INSERT INTO card_name(carta_id, lang, value_) VALUES(10335,"spanish","Petición de refuerzos");



INSERT INTO card_name(carta_id, lang, value_) VALUES(10335,"thai","Call the Reserves");

INSERT INTO card_name(carta_id, lang, value_) VALUES(10335,"portuguese","Call the Reserves");
INSERT INTO card_name(carta_id, lang, value_) VALUES(10335,"polish","Call the Reserves");
INSERT INTO card_name(carta_id, lang, value_) VALUES(10335,"danish","Call the Reserves");
INSERT INTO card_name(carta_id, lang, value_) VALUES(10335,"dutch","Call the Reserves");
INSERT INTO card_name(carta_id, lang, value_) VALUES(10335,"finnish","Call the Reserves");
INSERT INTO card_name(carta_id, lang, value_) VALUES(10335,"norwegian","Call the Reserves");
INSERT INTO card_name(carta_id, lang, value_) VALUES(10335,"swedish","Call the Reserves");
INSERT INTO card_name(carta_id, lang, value_) VALUES(10335,"hungarian","Call the Reserves");
INSERT INTO card_name(carta_id, lang, value_) VALUES(10335,"czech","Call the Reserves");
INSERT INTO card_name(carta_id, lang, value_) VALUES(10335,"romanian","Call the Reserves");
INSERT INTO card_name(carta_id, lang, value_) VALUES(10335,"turkish","Call the Reserves");
INSERT INTO card_name(carta_id, lang, value_) VALUES(10335,"brazilian","Convocar Reservistas");
INSERT INTO card_name(carta_id, lang, value_) VALUES(10335,"bulgarian","Call the Reserves");
INSERT INTO card_name(carta_id, lang, value_) VALUES(10335,"greek","Call the Reserves");
INSERT INTO card_name(carta_id, lang, value_) VALUES(10335,"ukrainian","Call the Reserves");
INSERT INTO card_name(carta_id, lang, value_) VALUES(10335,"latam","Petición de refuerzos");
INSERT INTO card_name(carta_id, lang, value_) VALUES(10335,"vietnamese","Call the Reserves");
INSERT INTO large_image(carta_id, lang, value_) VALUES(10335,"default","https://steamcdn-a.akamaihd.net/apps/583950/icons/set01/10335_large_english.d9dae1e798c4cf1a9ec804cfdf6a1fece51320a9.png");
INSERT INTO large_image(carta_id, lang, value_) VALUES(10335,"german","https://steamcdn-a.akamaihd.net/apps/583950/icons/set01/10335_large_german.bf815b6057440bdd98ac4aad6a8393dcce58885b.png");
INSERT INTO large_image(carta_id, lang, value_) VALUES(10335,"french","https://steamcdn-a.akamaihd.net/apps/583950/icons/set01/10335_large_french.b82e376fe49aa773457c523a640bd3547e3367c4.png");
INSERT INTO large_image(carta_id, lang, value_) VALUES(10335,"italian","https://steamcdn-a.akamaihd.net/apps/583950/icons/set01/10335_large_italian.0212d7e55d3c83b08823ab3c7fb61eed724fa795.png");

INSERT INTO large_image(carta_id, lang, value_) VALUES(10335,"spanish","https://steamcdn-a.akamaihd.net/apps/583950/icons/set01/10335_large_spanish.7930279c41129c1a13525caf7491c6dc3213a217.png");




INSERT INTO large_image(carta_id, lang, value_) VALUES(10335,"brazilian","https://steamcdn-a.akamaihd.net/apps/583950/icons/set01/10335_large_brazilian.b11dd86770d217861beac60bba4fc7877af16e88.png");
INSERT INTO large_image(carta_id, lang, value_) VALUES(10335,"latam","https://steamcdn-a.akamaihd.net/apps/583950/icons/set01/10335_large_latam.12970962fd67ba34d0efd7e7787e95f70903d264.png");
INSERT INTO carta(id, card_type, illustrator, rarity, item_def) VALUES (10336,'Spell','Lake Hurwitz','Common',110336);
INSERT INTO card_name(carta_id, lang, value_) VALUES(10336,"english","Better Late Than Never");
INSERT INTO card_name(carta_id, lang, value_) VALUES(10336,"german","Besser spät als nie");
INSERT INTO card_name(carta_id, lang, value_) VALUES(10336,"french","Mieux vaut tard que jamais");
INSERT INTO card_name(carta_id, lang, value_) VALUES(10336,"italian","Meglio tardi che mai");

INSERT INTO card_name(carta_id, lang, value_) VALUES(10336,"spanish","Más vale tarde que nunca");



INSERT INTO card_name(carta_id, lang, value_) VALUES(10336,"thai","Better Late Than Never");

INSERT INTO card_name(carta_id, lang, value_) VALUES(10336,"portuguese","Better Late Than Never");
INSERT INTO card_name(carta_id, lang, value_) VALUES(10336,"polish","Better Late Than Never");
INSERT INTO card_name(carta_id, lang, value_) VALUES(10336,"danish","Better Late Than Never");
INSERT INTO card_name(carta_id, lang, value_) VALUES(10336,"dutch","Better Late Than Never");
INSERT INTO card_name(carta_id, lang, value_) VALUES(10336,"finnish","Better Late Than Never");
INSERT INTO card_name(carta_id, lang, value_) VALUES(10336,"norwegian","Better Late Than Never");
INSERT INTO card_name(carta_id, lang, value_) VALUES(10336,"swedish","Better Late Than Never");
INSERT INTO card_name(carta_id, lang, value_) VALUES(10336,"hungarian","Better Late Than Never");
INSERT INTO card_name(carta_id, lang, value_) VALUES(10336,"czech","Better Late Than Never");
INSERT INTO card_name(carta_id, lang, value_) VALUES(10336,"romanian","Better Late Than Never");
INSERT INTO card_name(carta_id, lang, value_) VALUES(10336,"turkish","Better Late Than Never");
INSERT INTO card_name(carta_id, lang, value_) VALUES(10336,"brazilian","Antes Tarde do que Nunca");
INSERT INTO card_name(carta_id, lang, value_) VALUES(10336,"bulgarian","Better Late Than Never");
INSERT INTO card_name(carta_id, lang, value_) VALUES(10336,"greek","Better Late Than Never");
INSERT INTO card_name(carta_id, lang, value_) VALUES(10336,"ukrainian","Better Late Than Never");
INSERT INTO card_name(carta_id, lang, value_) VALUES(10336,"latam","Más vale tarde que nunca");
INSERT INTO card_name(carta_id, lang, value_) VALUES(10336,"vietnamese","Better Late Than Never");
INSERT INTO large_image(carta_id, lang, value_) VALUES(10336,"default","https://steamcdn-a.akamaihd.net/apps/583950/icons/set01/10336_large_english.5e175992c4e38880d3f49d59bd7ce6818ffda358.png");
INSERT INTO large_image(carta_id, lang, value_) VALUES(10336,"german","https://steamcdn-a.akamaihd.net/apps/583950/icons/set01/10336_large_german.b953ada2ac0debd0e78da1d6a31fc1ac70f967ee.png");
INSERT INTO large_image(carta_id, lang, value_) VALUES(10336,"french","https://steamcdn-a.akamaihd.net/apps/583950/icons/set01/10336_large_french.f2bfe239cd48bc424f870210d6bf56251a6b90c7.png");
INSERT INTO large_image(carta_id, lang, value_) VALUES(10336,"italian","https://steamcdn-a.akamaihd.net/apps/583950/icons/set01/10336_large_italian.a71c82eee15748f225231cf39acfccb750945f14.png");

INSERT INTO large_image(carta_id, lang, value_) VALUES(10336,"spanish","https://steamcdn-a.akamaihd.net/apps/583950/icons/set01/10336_large_spanish.05614b119df28102ef574ed5fea4ad570bd6cb68.png");




INSERT INTO large_image(carta_id, lang, value_) VALUES(10336,"brazilian","https://steamcdn-a.akamaihd.net/apps/583950/icons/set01/10336_large_brazilian.26ef2d31b7723ec4c45b7451218e1c3e4d01ecb6.png");
INSERT INTO large_image(carta_id, lang, value_) VALUES(10336,"latam","https://steamcdn-a.akamaihd.net/apps/583950/icons/set01/10336_large_latam.b12d625d123c40ce002b172dbc6d5b438dc76d1e.png");
INSERT INTO carta(id, card_type, illustrator, rarity, item_def) VALUES (10338,'Spell','Wisnu Tan','Uncommon',110338);
INSERT INTO card_name(carta_id, lang, value_) VALUES(10338,"english","Divine Intervention");
INSERT INTO card_name(carta_id, lang, value_) VALUES(10338,"german","Göttliche Einmischung");
INSERT INTO card_name(carta_id, lang, value_) VALUES(10338,"french","Intervention divine");
INSERT INTO card_name(carta_id, lang, value_) VALUES(10338,"italian","Intervento divino");

INSERT INTO card_name(carta_id, lang, value_) VALUES(10338,"spanish","Intervención divina");



INSERT INTO card_name(carta_id, lang, value_) VALUES(10338,"thai","Divine Intervention");

INSERT INTO card_name(carta_id, lang, value_) VALUES(10338,"portuguese","Divine Intervention");
INSERT INTO card_name(carta_id, lang, value_) VALUES(10338,"polish","Divine Intervention");
INSERT INTO card_name(carta_id, lang, value_) VALUES(10338,"danish","Divine Intervention");
INSERT INTO card_name(carta_id, lang, value_) VALUES(10338,"dutch","Divine Intervention");
INSERT INTO card_name(carta_id, lang, value_) VALUES(10338,"finnish","Divine Intervention");
INSERT INTO card_name(carta_id, lang, value_) VALUES(10338,"norwegian","Divine Intervention");
INSERT INTO card_name(carta_id, lang, value_) VALUES(10338,"swedish","Divine Intervention");
INSERT INTO card_name(carta_id, lang, value_) VALUES(10338,"hungarian","Divine Intervention");
INSERT INTO card_name(carta_id, lang, value_) VALUES(10338,"czech","Divine Intervention");
INSERT INTO card_name(carta_id, lang, value_) VALUES(10338,"romanian","Divine Intervention");
INSERT INTO card_name(carta_id, lang, value_) VALUES(10338,"turkish","Divine Intervention");
INSERT INTO card_name(carta_id, lang, value_) VALUES(10338,"brazilian","Intervenção Divina");
INSERT INTO card_name(carta_id, lang, value_) VALUES(10338,"bulgarian","Divine Intervention");
INSERT INTO card_name(carta_id, lang, value_) VALUES(10338,"greek","Divine Intervention");
INSERT INTO card_name(carta_id, lang, value_) VALUES(10338,"ukrainian","Divine Intervention");
INSERT INTO card_name(carta_id, lang, value_) VALUES(10338,"latam","Intervención divina");
INSERT INTO card_name(carta_id, lang, value_) VALUES(10338,"vietnamese","Divine Intervention");
INSERT INTO large_image(carta_id, lang, value_) VALUES(10338,"default","https://steamcdn-a.akamaihd.net/apps/583950/icons/set01/10338_large_english.3aceaebf21d4a25ea3e962a01962ce406d5079a7.png");
INSERT INTO large_image(carta_id, lang, value_) VALUES(10338,"german","https://steamcdn-a.akamaihd.net/apps/583950/icons/set01/10338_large_german.90df18f5bada726e0c9eb05d3cc9449f9093a181.png");
INSERT INTO large_image(carta_id, lang, value_) VALUES(10338,"french","https://steamcdn-a.akamaihd.net/apps/583950/icons/set01/10338_large_french.21065486fbd155320f10309e193e1db2c0dcebe5.png");
INSERT INTO large_image(carta_id, lang, value_) VALUES(10338,"italian","https://steamcdn-a.akamaihd.net/apps/583950/icons/set01/10338_large_italian.c972c78b1c93bda4e226ca8d32ef6c062d881db6.png");

INSERT INTO large_image(carta_id, lang, value_) VALUES(10338,"spanish","https://steamcdn-a.akamaihd.net/apps/583950/icons/set01/10338_large_spanish.5b6d945048f8d005b5ac8abcced76d20972a9c85.png");




INSERT INTO large_image(carta_id, lang, value_) VALUES(10338,"brazilian","https://steamcdn-a.akamaihd.net/apps/583950/icons/set01/10338_large_brazilian.89c7ee5d9652802e6a08397fee49cf999da07140.png");
INSERT INTO large_image(carta_id, lang, value_) VALUES(10338,"latam","https://steamcdn-a.akamaihd.net/apps/583950/icons/set01/10338_large_latam.19bcb70abbcb766c22e3ed1eb1a17ad889a710a9.png");
INSERT INTO carta(id, card_type, illustrator, rarity, item_def) VALUES (10342,'Spell','JiHun Lee','Common',110342);
INSERT INTO card_name(carta_id, lang, value_) VALUES(10342,"english","Pick a Fight");
INSERT INTO card_name(carta_id, lang, value_) VALUES(10342,"german","Einen Kampf anzetteln");
INSERT INTO card_name(carta_id, lang, value_) VALUES(10342,"french","Provocation");
INSERT INTO card_name(carta_id, lang, value_) VALUES(10342,"italian","Provocazione");

INSERT INTO card_name(carta_id, lang, value_) VALUES(10342,"spanish","Ganas de pelea");



INSERT INTO card_name(carta_id, lang, value_) VALUES(10342,"thai","Pick a Fight");

INSERT INTO card_name(carta_id, lang, value_) VALUES(10342,"portuguese","Pick a Fight");
INSERT INTO card_name(carta_id, lang, value_) VALUES(10342,"polish","Pick a Fight");
INSERT INTO card_name(carta_id, lang, value_) VALUES(10342,"danish","Pick a Fight");
INSERT INTO card_name(carta_id, lang, value_) VALUES(10342,"dutch","Pick a Fight");
INSERT INTO card_name(carta_id, lang, value_) VALUES(10342,"finnish","Pick a Fight");
INSERT INTO card_name(carta_id, lang, value_) VALUES(10342,"norwegian","Pick a Fight");
INSERT INTO card_name(carta_id, lang, value_) VALUES(10342,"swedish","Pick a Fight");
INSERT INTO card_name(carta_id, lang, value_) VALUES(10342,"hungarian","Pick a Fight");
INSERT INTO card_name(carta_id, lang, value_) VALUES(10342,"czech","Pick a Fight");
INSERT INTO card_name(carta_id, lang, value_) VALUES(10342,"romanian","Pick a Fight");
INSERT INTO card_name(carta_id, lang, value_) VALUES(10342,"turkish","Pick a Fight");
INSERT INTO card_name(carta_id, lang, value_) VALUES(10342,"brazilian","Atrás de Confusão");
INSERT INTO card_name(carta_id, lang, value_) VALUES(10342,"bulgarian","Pick a Fight");
INSERT INTO card_name(carta_id, lang, value_) VALUES(10342,"greek","Pick a Fight");
INSERT INTO card_name(carta_id, lang, value_) VALUES(10342,"ukrainian","Pick a Fight");
INSERT INTO card_name(carta_id, lang, value_) VALUES(10342,"latam","Ganas de pelear");
INSERT INTO card_name(carta_id, lang, value_) VALUES(10342,"vietnamese","Pick a Fight");
INSERT INTO large_image(carta_id, lang, value_) VALUES(10342,"default","https://steamcdn-a.akamaihd.net/apps/583950/icons/set01/10342_large_english.29eac7aa73f13670ced4786cf6d55f1a1cb264f5.png");
INSERT INTO large_image(carta_id, lang, value_) VALUES(10342,"german","https://steamcdn-a.akamaihd.net/apps/583950/icons/set01/10342_large_german.0de15e0627c27c87e13f57f00b832e5c8e31f19b.png");
INSERT INTO large_image(carta_id, lang, value_) VALUES(10342,"french","https://steamcdn-a.akamaihd.net/apps/583950/icons/set01/10342_large_french.40429c4990bbacc0f3d962d3f1c2350c1284a355.png");
INSERT INTO large_image(carta_id, lang, value_) VALUES(10342,"italian","https://steamcdn-a.akamaihd.net/apps/583950/icons/set01/10342_large_italian.2304a98b687115e625d004e8c4601fc8bf69fed8.png");

INSERT INTO large_image(carta_id, lang, value_) VALUES(10342,"spanish","https://steamcdn-a.akamaihd.net/apps/583950/icons/set01/10342_large_spanish.9b004112f26081bf1cd0896e9bbd352b89b87b57.png");




INSERT INTO large_image(carta_id, lang, value_) VALUES(10342,"brazilian","https://steamcdn-a.akamaihd.net/apps/583950/icons/set01/10342_large_brazilian.07260c7cc5de5615eb776ae2abc25531a346a038.png");
INSERT INTO large_image(carta_id, lang, value_) VALUES(10342,"latam","https://steamcdn-a.akamaihd.net/apps/583950/icons/set01/10342_large_latam.eeb2f8c92e78dc30a8d2be5a9824da118aa9e9ab.png");
INSERT INTO carta(id, card_type, illustrator, rarity, item_def) VALUES (10344,'Spell','Bayard Wu','Common',110344);
INSERT INTO card_name(carta_id, lang, value_) VALUES(10344,"english","Clear the Deck");
INSERT INTO card_name(carta_id, lang, value_) VALUES(10344,"german","Klar Schiff machen");
INSERT INTO card_name(carta_id, lang, value_) VALUES(10344,"french","Grand ménage");
INSERT INTO card_name(carta_id, lang, value_) VALUES(10344,"italian","Pulizia generale");

INSERT INTO card_name(carta_id, lang, value_) VALUES(10344,"spanish","Limpieza de cubierta");



INSERT INTO card_name(carta_id, lang, value_) VALUES(10344,"thai","Clear the Deck");

INSERT INTO card_name(carta_id, lang, value_) VALUES(10344,"portuguese","Clear the Deck");
INSERT INTO card_name(carta_id, lang, value_) VALUES(10344,"polish","Clear the Deck");
INSERT INTO card_name(carta_id, lang, value_) VALUES(10344,"danish","Clear the Deck");
INSERT INTO card_name(carta_id, lang, value_) VALUES(10344,"dutch","Clear the Deck");
INSERT INTO card_name(carta_id, lang, value_) VALUES(10344,"finnish","Clear the Deck");
INSERT INTO card_name(carta_id, lang, value_) VALUES(10344,"norwegian","Clear the Deck");
INSERT INTO card_name(carta_id, lang, value_) VALUES(10344,"swedish","Clear the Deck");
INSERT INTO card_name(carta_id, lang, value_) VALUES(10344,"hungarian","Clear the Deck");
INSERT INTO card_name(carta_id, lang, value_) VALUES(10344,"czech","Clear the Deck");
INSERT INTO card_name(carta_id, lang, value_) VALUES(10344,"romanian","Clear the Deck");
INSERT INTO card_name(carta_id, lang, value_) VALUES(10344,"turkish","Clear the Deck");
INSERT INTO card_name(carta_id, lang, value_) VALUES(10344,"brazilian","Façam uma Limpa!");
INSERT INTO card_name(carta_id, lang, value_) VALUES(10344,"bulgarian","Clear the Deck");
INSERT INTO card_name(carta_id, lang, value_) VALUES(10344,"greek","Clear the Deck");
INSERT INTO card_name(carta_id, lang, value_) VALUES(10344,"ukrainian","Clear the Deck");
INSERT INTO card_name(carta_id, lang, value_) VALUES(10344,"latam","Despejar la cubierta");
INSERT INTO card_name(carta_id, lang, value_) VALUES(10344,"vietnamese","Clear the Deck");
INSERT INTO large_image(carta_id, lang, value_) VALUES(10344,"default","https://steamcdn-a.akamaihd.net/apps/583950/icons/set01/10344_large_english.6254acee69f6db283f6c2d43e5dc3e5a0b29507d.png");
INSERT INTO large_image(carta_id, lang, value_) VALUES(10344,"german","https://steamcdn-a.akamaihd.net/apps/583950/icons/set01/10344_large_german.ee707a51ae1a0c47cb5306734e65a60f6a3cb8bf.png");
INSERT INTO large_image(carta_id, lang, value_) VALUES(10344,"french","https://steamcdn-a.akamaihd.net/apps/583950/icons/set01/10344_large_french.786df52f6de69e26ac59dd1252bb31238d8a2149.png");
INSERT INTO large_image(carta_id, lang, value_) VALUES(10344,"italian","https://steamcdn-a.akamaihd.net/apps/583950/icons/set01/10344_large_italian.ba31236a3f4a2ed99a1fa5e8409678ca96f3214f.png");

INSERT INTO large_image(carta_id, lang, value_) VALUES(10344,"spanish","https://steamcdn-a.akamaihd.net/apps/583950/icons/set01/10344_large_spanish.818f66290752360ac2de2e0571dd849273237aa7.png");




INSERT INTO large_image(carta_id, lang, value_) VALUES(10344,"brazilian","https://steamcdn-a.akamaihd.net/apps/583950/icons/set01/10344_large_brazilian.33ac9917e5ae1e4177d7986aaaef8da68ae3f74e.png");
INSERT INTO large_image(carta_id, lang, value_) VALUES(10344,"latam","https://steamcdn-a.akamaihd.net/apps/583950/icons/set01/10344_large_latam.0ba7023a717ab5b1117d477d379a50f7e45ba16b.png");
INSERT INTO carta(id, card_type, illustrator, rarity, item_def) VALUES (10347,'Spell','Jana Schirmer','Uncommon',110347);
INSERT INTO card_name(carta_id, lang, value_) VALUES(10347,"english","Defensive Bloom");
INSERT INTO card_name(carta_id, lang, value_) VALUES(10347,"german","Blühende Verteidigung");
INSERT INTO card_name(carta_id, lang, value_) VALUES(10347,"french","Éclat défensif");
INSERT INTO card_name(carta_id, lang, value_) VALUES(10347,"italian","Fioritura difensiva");

INSERT INTO card_name(carta_id, lang, value_) VALUES(10347,"spanish","Defensa rosoidea");



INSERT INTO card_name(carta_id, lang, value_) VALUES(10347,"thai","Defensive Bloom");

INSERT INTO card_name(carta_id, lang, value_) VALUES(10347,"portuguese","Defensive Bloom");
INSERT INTO card_name(carta_id, lang, value_) VALUES(10347,"polish","Defensive Bloom");
INSERT INTO card_name(carta_id, lang, value_) VALUES(10347,"danish","Defensive Bloom");
INSERT INTO card_name(carta_id, lang, value_) VALUES(10347,"dutch","Defensive Bloom");
INSERT INTO card_name(carta_id, lang, value_) VALUES(10347,"finnish","Defensive Bloom");
INSERT INTO card_name(carta_id, lang, value_) VALUES(10347,"norwegian","Defensive Bloom");
INSERT INTO card_name(carta_id, lang, value_) VALUES(10347,"swedish","Defensive Bloom");
INSERT INTO card_name(carta_id, lang, value_) VALUES(10347,"hungarian","Defensive Bloom");
INSERT INTO card_name(carta_id, lang, value_) VALUES(10347,"czech","Defensive Bloom");
INSERT INTO card_name(carta_id, lang, value_) VALUES(10347,"romanian","Defensive Bloom");
INSERT INTO card_name(carta_id, lang, value_) VALUES(10347,"turkish","Defensive Bloom");
INSERT INTO card_name(carta_id, lang, value_) VALUES(10347,"brazilian","Floração Defensiva");
INSERT INTO card_name(carta_id, lang, value_) VALUES(10347,"bulgarian","Defensive Bloom");
INSERT INTO card_name(carta_id, lang, value_) VALUES(10347,"greek","Defensive Bloom");
INSERT INTO card_name(carta_id, lang, value_) VALUES(10347,"ukrainian","Defensive Bloom");
INSERT INTO card_name(carta_id, lang, value_) VALUES(10347,"latam","Defensa rosoidea");
INSERT INTO card_name(carta_id, lang, value_) VALUES(10347,"vietnamese","Defensive Bloom");
INSERT INTO large_image(carta_id, lang, value_) VALUES(10347,"default","https://steamcdn-a.akamaihd.net/apps/583950/icons/set01/10347_large_english.f7767df962db0baaecc42fbe1daf6d260689bada.png");
INSERT INTO large_image(carta_id, lang, value_) VALUES(10347,"german","https://steamcdn-a.akamaihd.net/apps/583950/icons/set01/10347_large_german.d448f8ef7d1f6efec0ef654df1dae5c4b0b61efc.png");
INSERT INTO large_image(carta_id, lang, value_) VALUES(10347,"french","https://steamcdn-a.akamaihd.net/apps/583950/icons/set01/10347_large_french.fc7e5a6985783307192b908bbd3cd965b84f5f0e.png");
INSERT INTO large_image(carta_id, lang, value_) VALUES(10347,"italian","https://steamcdn-a.akamaihd.net/apps/583950/icons/set01/10347_large_italian.24557b287bab6b697561118eb610ea64f7a35865.png");

INSERT INTO large_image(carta_id, lang, value_) VALUES(10347,"spanish","https://steamcdn-a.akamaihd.net/apps/583950/icons/set01/10347_large_spanish.773be71022f8a220a68e65156ddbfd584387a752.png");




INSERT INTO large_image(carta_id, lang, value_) VALUES(10347,"brazilian","https://steamcdn-a.akamaihd.net/apps/583950/icons/set01/10347_large_brazilian.aa96f51ec08e6287ba1963b130aca82177e67ecc.png");
INSERT INTO large_image(carta_id, lang, value_) VALUES(10347,"latam","https://steamcdn-a.akamaihd.net/apps/583950/icons/set01/10347_large_latam.dab3b08c4bfe1db3853b6f9ab47d9fd46b8d1b5f.png");
INSERT INTO carta(id, card_type, illustrator, rarity, item_def) VALUES (10349,'Spell','JiHun Lee','Rare',110349);
INSERT INTO card_name(carta_id, lang, value_) VALUES(10349,"english","Rising Anger");
INSERT INTO card_name(carta_id, lang, value_) VALUES(10349,"german","Aufsteigender Ärger");
INSERT INTO card_name(carta_id, lang, value_) VALUES(10349,"french","Accès de colère");
INSERT INTO card_name(carta_id, lang, value_) VALUES(10349,"italian","Rabbia crescente");

INSERT INTO card_name(carta_id, lang, value_) VALUES(10349,"spanish","Ira creciente");



INSERT INTO card_name(carta_id, lang, value_) VALUES(10349,"thai","Rising Anger");

INSERT INTO card_name(carta_id, lang, value_) VALUES(10349,"portuguese","Rising Anger");
INSERT INTO card_name(carta_id, lang, value_) VALUES(10349,"polish","Rising Anger");
INSERT INTO card_name(carta_id, lang, value_) VALUES(10349,"danish","Rising Anger");
INSERT INTO card_name(carta_id, lang, value_) VALUES(10349,"dutch","Rising Anger");
INSERT INTO card_name(carta_id, lang, value_) VALUES(10349,"finnish","Rising Anger");
INSERT INTO card_name(carta_id, lang, value_) VALUES(10349,"norwegian","Rising Anger");
INSERT INTO card_name(carta_id, lang, value_) VALUES(10349,"swedish","Rising Anger");
INSERT INTO card_name(carta_id, lang, value_) VALUES(10349,"hungarian","Rising Anger");
INSERT INTO card_name(carta_id, lang, value_) VALUES(10349,"czech","Rising Anger");
INSERT INTO card_name(carta_id, lang, value_) VALUES(10349,"romanian","Rising Anger");
INSERT INTO card_name(carta_id, lang, value_) VALUES(10349,"turkish","Rising Anger");
INSERT INTO card_name(carta_id, lang, value_) VALUES(10349,"brazilian","Cólera Crescente");
INSERT INTO card_name(carta_id, lang, value_) VALUES(10349,"bulgarian","Rising Anger");
INSERT INTO card_name(carta_id, lang, value_) VALUES(10349,"greek","Rising Anger");
INSERT INTO card_name(carta_id, lang, value_) VALUES(10349,"ukrainian","Rising Anger");
INSERT INTO card_name(carta_id, lang, value_) VALUES(10349,"latam","Ira creciente");
INSERT INTO card_name(carta_id, lang, value_) VALUES(10349,"vietnamese","Rising Anger");
INSERT INTO large_image(carta_id, lang, value_) VALUES(10349,"default","https://steamcdn-a.akamaihd.net/apps/583950/icons/set01/10349_large_english.f6e8a1ea6619fc1eeb59b38040f1ae5cafe80727.png");
INSERT INTO large_image(carta_id, lang, value_) VALUES(10349,"german","https://steamcdn-a.akamaihd.net/apps/583950/icons/set01/10349_large_german.1f221c3f51a5c70d95954472fc5d819e36943012.png");
INSERT INTO large_image(carta_id, lang, value_) VALUES(10349,"french","https://steamcdn-a.akamaihd.net/apps/583950/icons/set01/10349_large_french.53dbec9a8e76e1a17635c3fb610c8e6ae0f955ef.png");
INSERT INTO large_image(carta_id, lang, value_) VALUES(10349,"italian","https://steamcdn-a.akamaihd.net/apps/583950/icons/set01/10349_large_italian.8eed83b736c7c89e84318448eb83f99ebd1a56f4.png");

INSERT INTO large_image(carta_id, lang, value_) VALUES(10349,"spanish","https://steamcdn-a.akamaihd.net/apps/583950/icons/set01/10349_large_spanish.50fc691a8861da0143ef90fa79befc7cec0ac4cc.png");




INSERT INTO large_image(carta_id, lang, value_) VALUES(10349,"brazilian","https://steamcdn-a.akamaihd.net/apps/583950/icons/set01/10349_large_brazilian.8202e79d96ac849d06a313c62f972daa395f2926.png");
INSERT INTO large_image(carta_id, lang, value_) VALUES(10349,"latam","https://steamcdn-a.akamaihd.net/apps/583950/icons/set01/10349_large_latam.1def9853d4e1faffa3d6916d8f5ca959c8227ce6.png");
INSERT INTO carta(id, card_type, illustrator, rarity, item_def) VALUES (10350,'Spell','Wisnu Tan','Common',110350);
INSERT INTO card_name(carta_id, lang, value_) VALUES(10350,"english","Sucker Punch");
INSERT INTO card_name(carta_id, lang, value_) VALUES(10350,"german","Unerwarteter Schlag");
INSERT INTO card_name(carta_id, lang, value_) VALUES(10350,"french","Coup bas");
INSERT INTO card_name(carta_id, lang, value_) VALUES(10350,"italian","Colpo basso");

INSERT INTO card_name(carta_id, lang, value_) VALUES(10350,"spanish","Golpe aturdidor");



INSERT INTO card_name(carta_id, lang, value_) VALUES(10350,"thai","Sucker Punch");

INSERT INTO card_name(carta_id, lang, value_) VALUES(10350,"portuguese","Sucker Punch");
INSERT INTO card_name(carta_id, lang, value_) VALUES(10350,"polish","Sucker Punch");
INSERT INTO card_name(carta_id, lang, value_) VALUES(10350,"danish","Sucker Punch");
INSERT INTO card_name(carta_id, lang, value_) VALUES(10350,"dutch","Sucker Punch");
INSERT INTO card_name(carta_id, lang, value_) VALUES(10350,"finnish","Sucker Punch");
INSERT INTO card_name(carta_id, lang, value_) VALUES(10350,"norwegian","Sucker Punch");
INSERT INTO card_name(carta_id, lang, value_) VALUES(10350,"swedish","Sucker Punch");
INSERT INTO card_name(carta_id, lang, value_) VALUES(10350,"hungarian","Sucker Punch");
INSERT INTO card_name(carta_id, lang, value_) VALUES(10350,"czech","Sucker Punch");
INSERT INTO card_name(carta_id, lang, value_) VALUES(10350,"romanian","Sucker Punch");
INSERT INTO card_name(carta_id, lang, value_) VALUES(10350,"turkish","Sucker Punch");
INSERT INTO card_name(carta_id, lang, value_) VALUES(10350,"brazilian","Golpe Baixo");
INSERT INTO card_name(carta_id, lang, value_) VALUES(10350,"bulgarian","Sucker Punch");
INSERT INTO card_name(carta_id, lang, value_) VALUES(10350,"greek","Sucker Punch");
INSERT INTO card_name(carta_id, lang, value_) VALUES(10350,"ukrainian","Sucker Punch");
INSERT INTO card_name(carta_id, lang, value_) VALUES(10350,"latam","Golpe aturdidor");
INSERT INTO card_name(carta_id, lang, value_) VALUES(10350,"vietnamese","Sucker Punch");
INSERT INTO large_image(carta_id, lang, value_) VALUES(10350,"default","https://steamcdn-a.akamaihd.net/apps/583950/icons/set01/10350_large_english.bb2927d1de05341fad5150d99e93d5ae653ed6f9.png");
INSERT INTO large_image(carta_id, lang, value_) VALUES(10350,"german","https://steamcdn-a.akamaihd.net/apps/583950/icons/set01/10350_large_german.13593f2d8ba604bbdaeca4db690fed6718c5877f.png");
INSERT INTO large_image(carta_id, lang, value_) VALUES(10350,"french","https://steamcdn-a.akamaihd.net/apps/583950/icons/set01/10350_large_french.10b304e3e2d003309a9df2ba42443bfb70d075fc.png");
INSERT INTO large_image(carta_id, lang, value_) VALUES(10350,"italian","https://steamcdn-a.akamaihd.net/apps/583950/icons/set01/10350_large_italian.245035ac2f6f9a9438bdc1b08f5b7ae16cf46a15.png");

INSERT INTO large_image(carta_id, lang, value_) VALUES(10350,"spanish","https://steamcdn-a.akamaihd.net/apps/583950/icons/set01/10350_large_spanish.88d668784c03271967fe329de55d8475aa267835.png");




INSERT INTO large_image(carta_id, lang, value_) VALUES(10350,"brazilian","https://steamcdn-a.akamaihd.net/apps/583950/icons/set01/10350_large_brazilian.f1ea1ac15b0dc0fa9e43bb20f7bec9c7a8c467a5.png");
INSERT INTO large_image(carta_id, lang, value_) VALUES(10350,"latam","https://steamcdn-a.akamaihd.net/apps/583950/icons/set01/10350_large_latam.424b2d3615636f7866be09b2fcd08f1b31535056.png");
INSERT INTO carta(id, card_type, illustrator, rarity, item_def) VALUES (10352,'Spell','Daniel Romanovsky','Common',110352);
INSERT INTO card_name(carta_id, lang, value_) VALUES(10352,"english","Lightning Strike");
INSERT INTO card_name(carta_id, lang, value_) VALUES(10352,"german","Blitzschlag");
INSERT INTO card_name(carta_id, lang, value_) VALUES(10352,"french","Coup de tonnerre");
INSERT INTO card_name(carta_id, lang, value_) VALUES(10352,"italian","Colpo fulmineo");

INSERT INTO card_name(carta_id, lang, value_) VALUES(10352,"spanish","Relámpago");



INSERT INTO card_name(carta_id, lang, value_) VALUES(10352,"thai","Lightning Strike");

INSERT INTO card_name(carta_id, lang, value_) VALUES(10352,"portuguese","Lightning Strike");
INSERT INTO card_name(carta_id, lang, value_) VALUES(10352,"polish","Lightning Strike");
INSERT INTO card_name(carta_id, lang, value_) VALUES(10352,"danish","Lightning Strike");
INSERT INTO card_name(carta_id, lang, value_) VALUES(10352,"dutch","Lightning Strike");
INSERT INTO card_name(carta_id, lang, value_) VALUES(10352,"finnish","Lightning Strike");
INSERT INTO card_name(carta_id, lang, value_) VALUES(10352,"norwegian","Lightning Strike");
INSERT INTO card_name(carta_id, lang, value_) VALUES(10352,"swedish","Lightning Strike");
INSERT INTO card_name(carta_id, lang, value_) VALUES(10352,"hungarian","Lightning Strike");
INSERT INTO card_name(carta_id, lang, value_) VALUES(10352,"czech","Lightning Strike");
INSERT INTO card_name(carta_id, lang, value_) VALUES(10352,"romanian","Lightning Strike");
INSERT INTO card_name(carta_id, lang, value_) VALUES(10352,"turkish","Lightning Strike");
INSERT INTO card_name(carta_id, lang, value_) VALUES(10352,"brazilian","Descarga Elétrica");
INSERT INTO card_name(carta_id, lang, value_) VALUES(10352,"bulgarian","Lightning Strike");
INSERT INTO card_name(carta_id, lang, value_) VALUES(10352,"greek","Lightning Strike");
INSERT INTO card_name(carta_id, lang, value_) VALUES(10352,"ukrainian","Lightning Strike");
INSERT INTO card_name(carta_id, lang, value_) VALUES(10352,"latam","Relámpago");
INSERT INTO card_name(carta_id, lang, value_) VALUES(10352,"vietnamese","Lightning Strike");
INSERT INTO large_image(carta_id, lang, value_) VALUES(10352,"default","https://steamcdn-a.akamaihd.net/apps/583950/icons/set01/10352_large_english.1aa0fffa5c453b77f13fab02696f82a4c5c0071d.png");
INSERT INTO large_image(carta_id, lang, value_) VALUES(10352,"german","https://steamcdn-a.akamaihd.net/apps/583950/icons/set01/10352_large_german.a9e69842c6125ae30c05540c94744d66172a2a7e.png");
INSERT INTO large_image(carta_id, lang, value_) VALUES(10352,"french","https://steamcdn-a.akamaihd.net/apps/583950/icons/set01/10352_large_french.aa6e5ce45a17e70ef2b93f674499f3a8025e02bb.png");
INSERT INTO large_image(carta_id, lang, value_) VALUES(10352,"italian","https://steamcdn-a.akamaihd.net/apps/583950/icons/set01/10352_large_italian.d8cb5a9072919a6c7aa6f2c4e97fde8941b62293.png");

INSERT INTO large_image(carta_id, lang, value_) VALUES(10352,"spanish","https://steamcdn-a.akamaihd.net/apps/583950/icons/set01/10352_large_spanish.84a657e957820eb712ff44c89af9acf158fac37c.png");




INSERT INTO large_image(carta_id, lang, value_) VALUES(10352,"brazilian","https://steamcdn-a.akamaihd.net/apps/583950/icons/set01/10352_large_brazilian.b3ec56e821b9533e49992e00ac4c937c0d7196b6.png");
INSERT INTO large_image(carta_id, lang, value_) VALUES(10352,"latam","https://steamcdn-a.akamaihd.net/apps/583950/icons/set01/10352_large_latam.89c903cc63f3c5bea9673373465bac5a79f93c3f.png");
INSERT INTO carta(id, card_type, illustrator, rarity, item_def) VALUES (10353,'Spell','Daniel Romanovsky','Rare',110353);
INSERT INTO card_name(carta_id, lang, value_) VALUES(10353,"english","Bolt of Damocles");
INSERT INTO card_name(carta_id, lang, value_) VALUES(10353,"german","Blitz des Damokles");
INSERT INTO card_name(carta_id, lang, value_) VALUES(10353,"french","Éclair de Damoclès");
INSERT INTO card_name(carta_id, lang, value_) VALUES(10353,"italian","Dardo di Damocle");

INSERT INTO card_name(carta_id, lang, value_) VALUES(10353,"spanish","Rayo de Damocles");



INSERT INTO card_name(carta_id, lang, value_) VALUES(10353,"thai","Bolt of Damocles");

INSERT INTO card_name(carta_id, lang, value_) VALUES(10353,"portuguese","Bolt of Damocles");
INSERT INTO card_name(carta_id, lang, value_) VALUES(10353,"polish","Bolt of Damocles");
INSERT INTO card_name(carta_id, lang, value_) VALUES(10353,"danish","Bolt of Damocles");
INSERT INTO card_name(carta_id, lang, value_) VALUES(10353,"dutch","Bolt of Damocles");
INSERT INTO card_name(carta_id, lang, value_) VALUES(10353,"finnish","Bolt of Damocles");
INSERT INTO card_name(carta_id, lang, value_) VALUES(10353,"norwegian","Bolt of Damocles");
INSERT INTO card_name(carta_id, lang, value_) VALUES(10353,"swedish","Bolt of Damocles");
INSERT INTO card_name(carta_id, lang, value_) VALUES(10353,"hungarian","Bolt of Damocles");
INSERT INTO card_name(carta_id, lang, value_) VALUES(10353,"czech","Bolt of Damocles");
INSERT INTO card_name(carta_id, lang, value_) VALUES(10353,"romanian","Bolt of Damocles");
INSERT INTO card_name(carta_id, lang, value_) VALUES(10353,"turkish","Bolt of Damocles");
INSERT INTO card_name(carta_id, lang, value_) VALUES(10353,"brazilian","Raio de Dâmocles");
INSERT INTO card_name(carta_id, lang, value_) VALUES(10353,"bulgarian","Bolt of Damocles");
INSERT INTO card_name(carta_id, lang, value_) VALUES(10353,"greek","Bolt of Damocles");
INSERT INTO card_name(carta_id, lang, value_) VALUES(10353,"ukrainian","Bolt of Damocles");
INSERT INTO card_name(carta_id, lang, value_) VALUES(10353,"latam","Rayo de Damocles");
INSERT INTO card_name(carta_id, lang, value_) VALUES(10353,"vietnamese","Bolt of Damocles");
INSERT INTO large_image(carta_id, lang, value_) VALUES(10353,"default","https://steamcdn-a.akamaihd.net/apps/583950/icons/set01/10353_large_english.a75a7613e99250863002d2545ed3ee626778dd7e.png");
INSERT INTO large_image(carta_id, lang, value_) VALUES(10353,"german","https://steamcdn-a.akamaihd.net/apps/583950/icons/set01/10353_large_german.b0966e0690c14fa5979a9c173a08ce1c3007bfc6.png");
INSERT INTO large_image(carta_id, lang, value_) VALUES(10353,"french","https://steamcdn-a.akamaihd.net/apps/583950/icons/set01/10353_large_french.8347a047eca352593832aa383612685bfc325a19.png");
INSERT INTO large_image(carta_id, lang, value_) VALUES(10353,"italian","https://steamcdn-a.akamaihd.net/apps/583950/icons/set01/10353_large_italian.0961c5c639778c05b5009af023bd5bb7c86cc5c4.png");

INSERT INTO large_image(carta_id, lang, value_) VALUES(10353,"spanish","https://steamcdn-a.akamaihd.net/apps/583950/icons/set01/10353_large_spanish.26668ea8af4b4ee7b2b01aa5053fa9d564896644.png");




INSERT INTO large_image(carta_id, lang, value_) VALUES(10353,"brazilian","https://steamcdn-a.akamaihd.net/apps/583950/icons/set01/10353_large_brazilian.36c1e61cd7fed3401d31a8c89d25707c769f00e1.png");
INSERT INTO large_image(carta_id, lang, value_) VALUES(10353,"latam","https://steamcdn-a.akamaihd.net/apps/583950/icons/set01/10353_large_latam.5a348ac7e0f9c21591c33c44f080b52e87a55782.png");
INSERT INTO carta(id, card_type, illustrator, rarity, item_def) VALUES (10354,'Spell','Randy Vargas','Uncommon',110354);
INSERT INTO card_name(carta_id, lang, value_) VALUES(10354,"english","Pick Off");
INSERT INTO card_name(carta_id, lang, value_) VALUES(10354,"german","Ausschalten");
INSERT INTO card_name(carta_id, lang, value_) VALUES(10354,"french","Élimination");
INSERT INTO card_name(carta_id, lang, value_) VALUES(10354,"italian","Eliminazione selettiva");

INSERT INTO card_name(carta_id, lang, value_) VALUES(10354,"spanish","Daño selectivo");



INSERT INTO card_name(carta_id, lang, value_) VALUES(10354,"thai","Pick Off");

INSERT INTO card_name(carta_id, lang, value_) VALUES(10354,"portuguese","Pick Off");
INSERT INTO card_name(carta_id, lang, value_) VALUES(10354,"polish","Pick Off");
INSERT INTO card_name(carta_id, lang, value_) VALUES(10354,"danish","Pick Off");
INSERT INTO card_name(carta_id, lang, value_) VALUES(10354,"dutch","Pick Off");
INSERT INTO card_name(carta_id, lang, value_) VALUES(10354,"finnish","Pick Off");
INSERT INTO card_name(carta_id, lang, value_) VALUES(10354,"norwegian","Pick Off");
INSERT INTO card_name(carta_id, lang, value_) VALUES(10354,"swedish","Pick Off");
INSERT INTO card_name(carta_id, lang, value_) VALUES(10354,"hungarian","Pick Off");
INSERT INTO card_name(carta_id, lang, value_) VALUES(10354,"czech","Pick Off");
INSERT INTO card_name(carta_id, lang, value_) VALUES(10354,"romanian","Pick Off");
INSERT INTO card_name(carta_id, lang, value_) VALUES(10354,"turkish","Pick Off");
INSERT INTO card_name(carta_id, lang, value_) VALUES(10354,"brazilian","Um por Um");
INSERT INTO card_name(carta_id, lang, value_) VALUES(10354,"bulgarian","Pick Off");
INSERT INTO card_name(carta_id, lang, value_) VALUES(10354,"greek","Pick Off");
INSERT INTO card_name(carta_id, lang, value_) VALUES(10354,"ukrainian","Pick Off");
INSERT INTO card_name(carta_id, lang, value_) VALUES(10354,"latam","Daño selectivo");
INSERT INTO card_name(carta_id, lang, value_) VALUES(10354,"vietnamese","Pick Off");
INSERT INTO large_image(carta_id, lang, value_) VALUES(10354,"default","https://steamcdn-a.akamaihd.net/apps/583950/icons/set01/10354_large_english.232a2f0465ef402162e5a9579439c84e1d16803d.png");
INSERT INTO large_image(carta_id, lang, value_) VALUES(10354,"german","https://steamcdn-a.akamaihd.net/apps/583950/icons/set01/10354_large_german.965f785f12df2e6ca0f022584dde7cfafe18fdd0.png");
INSERT INTO large_image(carta_id, lang, value_) VALUES(10354,"french","https://steamcdn-a.akamaihd.net/apps/583950/icons/set01/10354_large_french.0aab6416235d0d02f9c731f3e0162b489d95e005.png");
INSERT INTO large_image(carta_id, lang, value_) VALUES(10354,"italian","https://steamcdn-a.akamaihd.net/apps/583950/icons/set01/10354_large_italian.10b28da74bf9957de31a16baf06dcd9eca05eea4.png");

INSERT INTO large_image(carta_id, lang, value_) VALUES(10354,"spanish","https://steamcdn-a.akamaihd.net/apps/583950/icons/set01/10354_large_spanish.1d573d2c4a843674e17f955ce4a32d46f2ecb824.png");




INSERT INTO large_image(carta_id, lang, value_) VALUES(10354,"brazilian","https://steamcdn-a.akamaihd.net/apps/583950/icons/set01/10354_large_brazilian.a206fabbc0057bdf3d4fac2e417a648a5c337ecf.png");
INSERT INTO large_image(carta_id, lang, value_) VALUES(10354,"latam","https://steamcdn-a.akamaihd.net/apps/583950/icons/set01/10354_large_latam.85f04c1392950af46a523f7351debbcfdd792bb3.png");
INSERT INTO carta(id, card_type, illustrator, rarity, item_def) VALUES (10355,'Spell','Svetlin Velinov','Common',110355);
INSERT INTO card_name(carta_id, lang, value_) VALUES(10355,"english","Dimensional Portal");
INSERT INTO card_name(carta_id, lang, value_) VALUES(10355,"german","Dimensionsportal");
INSERT INTO card_name(carta_id, lang, value_) VALUES(10355,"french","Portail dimensionnel");
INSERT INTO card_name(carta_id, lang, value_) VALUES(10355,"italian","Portale dimensionale");

INSERT INTO card_name(carta_id, lang, value_) VALUES(10355,"spanish","Portal dimensional");



INSERT INTO card_name(carta_id, lang, value_) VALUES(10355,"thai","Dimensional Portal");

INSERT INTO card_name(carta_id, lang, value_) VALUES(10355,"portuguese","Dimensional Portal");
INSERT INTO card_name(carta_id, lang, value_) VALUES(10355,"polish","Dimensional Portal");
INSERT INTO card_name(carta_id, lang, value_) VALUES(10355,"danish","Dimensional Portal");
INSERT INTO card_name(carta_id, lang, value_) VALUES(10355,"dutch","Dimensional Portal");
INSERT INTO card_name(carta_id, lang, value_) VALUES(10355,"finnish","Dimensional Portal");
INSERT INTO card_name(carta_id, lang, value_) VALUES(10355,"norwegian","Dimensional Portal");
INSERT INTO card_name(carta_id, lang, value_) VALUES(10355,"swedish","Dimensional Portal");
INSERT INTO card_name(carta_id, lang, value_) VALUES(10355,"hungarian","Dimensional Portal");
INSERT INTO card_name(carta_id, lang, value_) VALUES(10355,"czech","Dimensional Portal");
INSERT INTO card_name(carta_id, lang, value_) VALUES(10355,"romanian","Dimensional Portal");
INSERT INTO card_name(carta_id, lang, value_) VALUES(10355,"turkish","Dimensional Portal");
INSERT INTO card_name(carta_id, lang, value_) VALUES(10355,"brazilian","Portal Dimensional");
INSERT INTO card_name(carta_id, lang, value_) VALUES(10355,"bulgarian","Dimensional Portal");
INSERT INTO card_name(carta_id, lang, value_) VALUES(10355,"greek","Dimensional Portal");
INSERT INTO card_name(carta_id, lang, value_) VALUES(10355,"ukrainian","Dimensional Portal");
INSERT INTO card_name(carta_id, lang, value_) VALUES(10355,"latam","Portal dimensional");
INSERT INTO card_name(carta_id, lang, value_) VALUES(10355,"vietnamese","Dimensional Portal");
INSERT INTO large_image(carta_id, lang, value_) VALUES(10355,"default","https://steamcdn-a.akamaihd.net/apps/583950/icons/set01/10355_large_english.4256d1a98387e171fd20ada091d40e61a40ff8ee.png");
INSERT INTO large_image(carta_id, lang, value_) VALUES(10355,"german","https://steamcdn-a.akamaihd.net/apps/583950/icons/set01/10355_large_german.0fa94ec772e9deb7fb5134fef69e2bb43519abf4.png");
INSERT INTO large_image(carta_id, lang, value_) VALUES(10355,"french","https://steamcdn-a.akamaihd.net/apps/583950/icons/set01/10355_large_french.a3a202efcd723bbefced9f13208fb9979584691c.png");
INSERT INTO large_image(carta_id, lang, value_) VALUES(10355,"italian","https://steamcdn-a.akamaihd.net/apps/583950/icons/set01/10355_large_italian.904ff5c320fb5baaf7ab56c82c76bee15c867c54.png");

INSERT INTO large_image(carta_id, lang, value_) VALUES(10355,"spanish","https://steamcdn-a.akamaihd.net/apps/583950/icons/set01/10355_large_spanish.f3c3e54e7ae028b4fc23a5fb94eb8e406f8dfb68.png");




INSERT INTO large_image(carta_id, lang, value_) VALUES(10355,"brazilian","https://steamcdn-a.akamaihd.net/apps/583950/icons/set01/10355_large_brazilian.3ee2a1c5c8871d811f75970eb21d7be7f9fc8989.png");
INSERT INTO large_image(carta_id, lang, value_) VALUES(10355,"latam","https://steamcdn-a.akamaihd.net/apps/583950/icons/set01/10355_large_latam.4391445e88c368cdeb8fe7a485b7b555c0889ea8.png");
INSERT INTO carta(id, card_type, illustrator, rarity, item_def) VALUES (10358,'Spell','Darkken','Uncommon',110358);
INSERT INTO card_name(carta_id, lang, value_) VALUES(10358,"english","Restoration Effort");
INSERT INTO card_name(carta_id, lang, value_) VALUES(10358,"german","Wiederaufbau");
INSERT INTO card_name(carta_id, lang, value_) VALUES(10358,"french","Effort de restauration");
INSERT INTO card_name(carta_id, lang, value_) VALUES(10358,"italian","Rinascita");

INSERT INTO card_name(carta_id, lang, value_) VALUES(10358,"spanish","Restauración");



INSERT INTO card_name(carta_id, lang, value_) VALUES(10358,"thai","Restoration Effort");

INSERT INTO card_name(carta_id, lang, value_) VALUES(10358,"portuguese","Restoration Effort");
INSERT INTO card_name(carta_id, lang, value_) VALUES(10358,"polish","Restoration Effort");
INSERT INTO card_name(carta_id, lang, value_) VALUES(10358,"danish","Restoration Effort");
INSERT INTO card_name(carta_id, lang, value_) VALUES(10358,"dutch","Restoration Effort");
INSERT INTO card_name(carta_id, lang, value_) VALUES(10358,"finnish","Restoration Effort");
INSERT INTO card_name(carta_id, lang, value_) VALUES(10358,"norwegian","Restoration Effort");
INSERT INTO card_name(carta_id, lang, value_) VALUES(10358,"swedish","Restoration Effort");
INSERT INTO card_name(carta_id, lang, value_) VALUES(10358,"hungarian","Restoration Effort");
INSERT INTO card_name(carta_id, lang, value_) VALUES(10358,"czech","Restoration Effort");
INSERT INTO card_name(carta_id, lang, value_) VALUES(10358,"romanian","Restoration Effort");
INSERT INTO card_name(carta_id, lang, value_) VALUES(10358,"turkish","Restoration Effort");
INSERT INTO card_name(carta_id, lang, value_) VALUES(10358,"brazilian","Mutirão de Restauração");
INSERT INTO card_name(carta_id, lang, value_) VALUES(10358,"bulgarian","Restoration Effort");
INSERT INTO card_name(carta_id, lang, value_) VALUES(10358,"greek","Restoration Effort");
INSERT INTO card_name(carta_id, lang, value_) VALUES(10358,"ukrainian","Restoration Effort");
INSERT INTO card_name(carta_id, lang, value_) VALUES(10358,"latam","Restauración");
INSERT INTO card_name(carta_id, lang, value_) VALUES(10358,"vietnamese","Restoration Effort");
INSERT INTO large_image(carta_id, lang, value_) VALUES(10358,"default","https://steamcdn-a.akamaihd.net/apps/583950/icons/set01/10358_large_english.7f9595da0163c7d2e4b51382834eb66d6b200cf0.png");
INSERT INTO large_image(carta_id, lang, value_) VALUES(10358,"german","https://steamcdn-a.akamaihd.net/apps/583950/icons/set01/10358_large_german.252bcded29cc1264eaa16cb2fd7a3b4c401cc7f0.png");
INSERT INTO large_image(carta_id, lang, value_) VALUES(10358,"french","https://steamcdn-a.akamaihd.net/apps/583950/icons/set01/10358_large_french.09cf3aac47032ea5da8f7ecc17f4df8d341bc596.png");
INSERT INTO large_image(carta_id, lang, value_) VALUES(10358,"italian","https://steamcdn-a.akamaihd.net/apps/583950/icons/set01/10358_large_italian.f14e6f67903dfb23e22ac2d839ba77743e859d60.png");

INSERT INTO large_image(carta_id, lang, value_) VALUES(10358,"spanish","https://steamcdn-a.akamaihd.net/apps/583950/icons/set01/10358_large_spanish.b4a857ddbd96bc8842bd0fc2f266c02687ecf1e2.png");




INSERT INTO large_image(carta_id, lang, value_) VALUES(10358,"brazilian","https://steamcdn-a.akamaihd.net/apps/583950/icons/set01/10358_large_brazilian.9a0d5f5237bb58dd7ea23a0415d970d0809fb67f.png");
INSERT INTO large_image(carta_id, lang, value_) VALUES(10358,"latam","https://steamcdn-a.akamaihd.net/apps/583950/icons/set01/10358_large_latam.daa70fd420bb82a6daf8f7c784e1b49ef3f2164b.png");
INSERT INTO carta(id, card_type, illustrator, rarity, item_def) VALUES (10359,'Spell','Sung Choi','Common',110359);
INSERT INTO card_name(carta_id, lang, value_) VALUES(10359,"english","Buying Time");
INSERT INTO card_name(carta_id, lang, value_) VALUES(10359,"german","Zeit gewinnen");
INSERT INTO card_name(carta_id, lang, value_) VALUES(10359,"french","Gain de temps");
INSERT INTO card_name(carta_id, lang, value_) VALUES(10359,"italian","Prendere tempo");

INSERT INTO card_name(carta_id, lang, value_) VALUES(10359,"spanish","Ganar tiempo");



INSERT INTO card_name(carta_id, lang, value_) VALUES(10359,"thai","Buying Time");

INSERT INTO card_name(carta_id, lang, value_) VALUES(10359,"portuguese","Buying Time");
INSERT INTO card_name(carta_id, lang, value_) VALUES(10359,"polish","Buying Time");
INSERT INTO card_name(carta_id, lang, value_) VALUES(10359,"danish","Buying Time");
INSERT INTO card_name(carta_id, lang, value_) VALUES(10359,"dutch","Buying Time");
INSERT INTO card_name(carta_id, lang, value_) VALUES(10359,"finnish","Buying Time");
INSERT INTO card_name(carta_id, lang, value_) VALUES(10359,"norwegian","Buying Time");
INSERT INTO card_name(carta_id, lang, value_) VALUES(10359,"swedish","Buying Time");
INSERT INTO card_name(carta_id, lang, value_) VALUES(10359,"hungarian","Buying Time");
INSERT INTO card_name(carta_id, lang, value_) VALUES(10359,"czech","Buying Time");
INSERT INTO card_name(carta_id, lang, value_) VALUES(10359,"romanian","Buying Time");
INSERT INTO card_name(carta_id, lang, value_) VALUES(10359,"turkish","Buying Time");
INSERT INTO card_name(carta_id, lang, value_) VALUES(10359,"brazilian","Ganhando Tempo");
INSERT INTO card_name(carta_id, lang, value_) VALUES(10359,"bulgarian","Buying Time");
INSERT INTO card_name(carta_id, lang, value_) VALUES(10359,"greek","Buying Time");
INSERT INTO card_name(carta_id, lang, value_) VALUES(10359,"ukrainian","Buying Time");
INSERT INTO card_name(carta_id, lang, value_) VALUES(10359,"latam","Ganar tiempo");
INSERT INTO card_name(carta_id, lang, value_) VALUES(10359,"vietnamese","Buying Time");
INSERT INTO large_image(carta_id, lang, value_) VALUES(10359,"default","https://steamcdn-a.akamaihd.net/apps/583950/icons/set01/10359_large_english.886e3dd61cb133a4819d6fa1fab7720ddd380a1d.png");
INSERT INTO large_image(carta_id, lang, value_) VALUES(10359,"german","https://steamcdn-a.akamaihd.net/apps/583950/icons/set01/10359_large_german.36155cc51d7c0bc4de150bc937e3382fb6bd3000.png");
INSERT INTO large_image(carta_id, lang, value_) VALUES(10359,"french","https://steamcdn-a.akamaihd.net/apps/583950/icons/set01/10359_large_french.16f3a73c42162fbe541113caf09e12052cfa883c.png");
INSERT INTO large_image(carta_id, lang, value_) VALUES(10359,"italian","https://steamcdn-a.akamaihd.net/apps/583950/icons/set01/10359_large_italian.2cd3a6ebcafbd61d3059c36ea900621e3ea4d101.png");

INSERT INTO large_image(carta_id, lang, value_) VALUES(10359,"spanish","https://steamcdn-a.akamaihd.net/apps/583950/icons/set01/10359_large_spanish.a20570a31b408a434afe05552e5ae56c8c6bad3b.png");




INSERT INTO large_image(carta_id, lang, value_) VALUES(10359,"brazilian","https://steamcdn-a.akamaihd.net/apps/583950/icons/set01/10359_large_brazilian.e6a4f4c61650dcd1e59f4dd0fe63a0c3e52ea0a3.png");
INSERT INTO large_image(carta_id, lang, value_) VALUES(10359,"latam","https://steamcdn-a.akamaihd.net/apps/583950/icons/set01/10359_large_latam.2faa73c0d5ffd34a9aae1d052b5d104ee52fcfe1.png");
INSERT INTO carta(id, card_type, illustrator, rarity, item_def) VALUES (10360,'Spell','Darek Zabrocki','Uncommon',110360);
INSERT INTO card_name(carta_id, lang, value_) VALUES(10360,"english","Friendly Fire");
INSERT INTO card_name(carta_id, lang, value_) VALUES(10360,"german","Eigenbeschuss");
INSERT INTO card_name(carta_id, lang, value_) VALUES(10360,"french","Tir ami");
INSERT INTO card_name(carta_id, lang, value_) VALUES(10360,"italian","Fuoco amico");

INSERT INTO card_name(carta_id, lang, value_) VALUES(10360,"spanish","Fuego aliado");



INSERT INTO card_name(carta_id, lang, value_) VALUES(10360,"thai","Friendly Fire");

INSERT INTO card_name(carta_id, lang, value_) VALUES(10360,"portuguese","Friendly Fire");
INSERT INTO card_name(carta_id, lang, value_) VALUES(10360,"polish","Friendly Fire");
INSERT INTO card_name(carta_id, lang, value_) VALUES(10360,"danish","Friendly Fire");
INSERT INTO card_name(carta_id, lang, value_) VALUES(10360,"dutch","Friendly Fire");
INSERT INTO card_name(carta_id, lang, value_) VALUES(10360,"finnish","Friendly Fire");
INSERT INTO card_name(carta_id, lang, value_) VALUES(10360,"norwegian","Friendly Fire");
INSERT INTO card_name(carta_id, lang, value_) VALUES(10360,"swedish","Friendly Fire");
INSERT INTO card_name(carta_id, lang, value_) VALUES(10360,"hungarian","Friendly Fire");
INSERT INTO card_name(carta_id, lang, value_) VALUES(10360,"czech","Friendly Fire");
INSERT INTO card_name(carta_id, lang, value_) VALUES(10360,"romanian","Friendly Fire");
INSERT INTO card_name(carta_id, lang, value_) VALUES(10360,"turkish","Friendly Fire");
INSERT INTO card_name(carta_id, lang, value_) VALUES(10360,"brazilian","Fogo Amigo");
INSERT INTO card_name(carta_id, lang, value_) VALUES(10360,"bulgarian","Friendly Fire");
INSERT INTO card_name(carta_id, lang, value_) VALUES(10360,"greek","Friendly Fire");
INSERT INTO card_name(carta_id, lang, value_) VALUES(10360,"ukrainian","Friendly Fire");
INSERT INTO card_name(carta_id, lang, value_) VALUES(10360,"latam","Fuego aliado");
INSERT INTO card_name(carta_id, lang, value_) VALUES(10360,"vietnamese","Friendly Fire");
INSERT INTO large_image(carta_id, lang, value_) VALUES(10360,"default","https://steamcdn-a.akamaihd.net/apps/583950/icons/set01/10360_large_english.6a2d9776cafcd32aed03c52db4d25c16e2c5abd6.png");
INSERT INTO large_image(carta_id, lang, value_) VALUES(10360,"german","https://steamcdn-a.akamaihd.net/apps/583950/icons/set01/10360_large_german.fa618982754e9b32eacad6cfcfe51b18e5899af4.png");
INSERT INTO large_image(carta_id, lang, value_) VALUES(10360,"french","https://steamcdn-a.akamaihd.net/apps/583950/icons/set01/10360_large_french.d9e6dc1c9846aee29433684be0a03860033851fd.png");
INSERT INTO large_image(carta_id, lang, value_) VALUES(10360,"italian","https://steamcdn-a.akamaihd.net/apps/583950/icons/set01/10360_large_italian.8382f7946eede72e3c7937fb22c2070e33248be9.png");

INSERT INTO large_image(carta_id, lang, value_) VALUES(10360,"spanish","https://steamcdn-a.akamaihd.net/apps/583950/icons/set01/10360_large_spanish.1022809160ea0647a297a4cfa38981c94731c0f0.png");




INSERT INTO large_image(carta_id, lang, value_) VALUES(10360,"brazilian","https://steamcdn-a.akamaihd.net/apps/583950/icons/set01/10360_large_brazilian.d32c0c5a0bd19110917ba7586cb9109f3943d006.png");
INSERT INTO large_image(carta_id, lang, value_) VALUES(10360,"latam","https://steamcdn-a.akamaihd.net/apps/583950/icons/set01/10360_large_latam.f34c42972286720f1653e21fc79827ce2e7a62c0.png");
INSERT INTO carta(id, card_type, illustrator, rarity, item_def) VALUES (10361,'Spell','Wisnu Tan','Rare',110361);
INSERT INTO card_name(carta_id, lang, value_) VALUES(10361,"english","Coordinated Assault");
INSERT INTO card_name(carta_id, lang, value_) VALUES(10361,"german","Koordinierter Sturmangriff");
INSERT INTO card_name(carta_id, lang, value_) VALUES(10361,"french","Assaut synchronisé");
INSERT INTO card_name(carta_id, lang, value_) VALUES(10361,"italian","Assalto coordinato");

INSERT INTO card_name(carta_id, lang, value_) VALUES(10361,"spanish","Asalto coordinado");



INSERT INTO card_name(carta_id, lang, value_) VALUES(10361,"thai","Coordinated Assault");

INSERT INTO card_name(carta_id, lang, value_) VALUES(10361,"portuguese","Coordinated Assault");
INSERT INTO card_name(carta_id, lang, value_) VALUES(10361,"polish","Coordinated Assault");
INSERT INTO card_name(carta_id, lang, value_) VALUES(10361,"danish","Coordinated Assault");
INSERT INTO card_name(carta_id, lang, value_) VALUES(10361,"dutch","Coordinated Assault");
INSERT INTO card_name(carta_id, lang, value_) VALUES(10361,"finnish","Coordinated Assault");
INSERT INTO card_name(carta_id, lang, value_) VALUES(10361,"norwegian","Coordinated Assault");
INSERT INTO card_name(carta_id, lang, value_) VALUES(10361,"swedish","Coordinated Assault");
INSERT INTO card_name(carta_id, lang, value_) VALUES(10361,"hungarian","Coordinated Assault");
INSERT INTO card_name(carta_id, lang, value_) VALUES(10361,"czech","Coordinated Assault");
INSERT INTO card_name(carta_id, lang, value_) VALUES(10361,"romanian","Coordinated Assault");
INSERT INTO card_name(carta_id, lang, value_) VALUES(10361,"turkish","Coordinated Assault");
INSERT INTO card_name(carta_id, lang, value_) VALUES(10361,"brazilian","Ataque Coordenado");
INSERT INTO card_name(carta_id, lang, value_) VALUES(10361,"bulgarian","Coordinated Assault");
INSERT INTO card_name(carta_id, lang, value_) VALUES(10361,"greek","Coordinated Assault");
INSERT INTO card_name(carta_id, lang, value_) VALUES(10361,"ukrainian","Coordinated Assault");
INSERT INTO card_name(carta_id, lang, value_) VALUES(10361,"latam","Asalto coordinado");
INSERT INTO card_name(carta_id, lang, value_) VALUES(10361,"vietnamese","Coordinated Assault");
INSERT INTO large_image(carta_id, lang, value_) VALUES(10361,"default","https://steamcdn-a.akamaihd.net/apps/583950/icons/set01/10361_large_english.10b5e5591d5751cbcae29e485e0c40c4ba89140e.png");
INSERT INTO large_image(carta_id, lang, value_) VALUES(10361,"german","https://steamcdn-a.akamaihd.net/apps/583950/icons/set01/10361_large_german.ca433d782559fd3544ca4f9bc25a8019e3dd6cd0.png");
INSERT INTO large_image(carta_id, lang, value_) VALUES(10361,"french","https://steamcdn-a.akamaihd.net/apps/583950/icons/set01/10361_large_french.9a641a4cd586fa68e297979c7cbda524449175c5.png");
INSERT INTO large_image(carta_id, lang, value_) VALUES(10361,"italian","https://steamcdn-a.akamaihd.net/apps/583950/icons/set01/10361_large_italian.9f23819ae0a7280f297ab91ffd7152184a8bdf5d.png");

INSERT INTO large_image(carta_id, lang, value_) VALUES(10361,"spanish","https://steamcdn-a.akamaihd.net/apps/583950/icons/set01/10361_large_spanish.cf17eb3e33550855768573dbef69ef2731a9358f.png");




INSERT INTO large_image(carta_id, lang, value_) VALUES(10361,"brazilian","https://steamcdn-a.akamaihd.net/apps/583950/icons/set01/10361_large_brazilian.4b1148cc7761adf98028116c7a11e7073139564e.png");
INSERT INTO large_image(carta_id, lang, value_) VALUES(10361,"latam","https://steamcdn-a.akamaihd.net/apps/583950/icons/set01/10361_large_latam.0e6224dc827f8ea5f2fc131aa73de770a3f750c1.png");
INSERT INTO carta(id, card_type, illustrator, rarity, item_def) VALUES (10365,'Spell','Forrest Imel','Common',110365);
INSERT INTO card_name(carta_id, lang, value_) VALUES(10365,"english","Juke");
INSERT INTO card_name(carta_id, lang, value_) VALUES(10365,"german","Finte");
INSERT INTO card_name(carta_id, lang, value_) VALUES(10365,"french","Feinte");
INSERT INTO card_name(carta_id, lang, value_) VALUES(10365,"italian","Schivata");

INSERT INTO card_name(carta_id, lang, value_) VALUES(10365,"spanish","Intercambio vecinal");



INSERT INTO card_name(carta_id, lang, value_) VALUES(10365,"thai","Juke");

INSERT INTO card_name(carta_id, lang, value_) VALUES(10365,"portuguese","Juke");
INSERT INTO card_name(carta_id, lang, value_) VALUES(10365,"polish","Juke");
INSERT INTO card_name(carta_id, lang, value_) VALUES(10365,"danish","Juke");
INSERT INTO card_name(carta_id, lang, value_) VALUES(10365,"dutch","Juke");
INSERT INTO card_name(carta_id, lang, value_) VALUES(10365,"finnish","Juke");
INSERT INTO card_name(carta_id, lang, value_) VALUES(10365,"norwegian","Juke");
INSERT INTO card_name(carta_id, lang, value_) VALUES(10365,"swedish","Juke");
INSERT INTO card_name(carta_id, lang, value_) VALUES(10365,"hungarian","Juke");
INSERT INTO card_name(carta_id, lang, value_) VALUES(10365,"czech","Juke");
INSERT INTO card_name(carta_id, lang, value_) VALUES(10365,"romanian","Juke");
INSERT INTO card_name(carta_id, lang, value_) VALUES(10365,"turkish","Juke");
INSERT INTO card_name(carta_id, lang, value_) VALUES(10365,"brazilian","Esquiva");
INSERT INTO card_name(carta_id, lang, value_) VALUES(10365,"bulgarian","Juke");
INSERT INTO card_name(carta_id, lang, value_) VALUES(10365,"greek","Juke");
INSERT INTO card_name(carta_id, lang, value_) VALUES(10365,"ukrainian","Juke");
INSERT INTO card_name(carta_id, lang, value_) VALUES(10365,"latam","Intercambio vecinal");
INSERT INTO card_name(carta_id, lang, value_) VALUES(10365,"vietnamese","Juke");
INSERT INTO large_image(carta_id, lang, value_) VALUES(10365,"default","https://steamcdn-a.akamaihd.net/apps/583950/icons/set01/10365_large_english.1762bb9c778dfcdd623cf8cfac4cac491bc9bce1.png");
INSERT INTO large_image(carta_id, lang, value_) VALUES(10365,"german","https://steamcdn-a.akamaihd.net/apps/583950/icons/set01/10365_large_german.1b82fc9604c1d28a6a74def1260d54bfadc25f24.png");
INSERT INTO large_image(carta_id, lang, value_) VALUES(10365,"french","https://steamcdn-a.akamaihd.net/apps/583950/icons/set01/10365_large_french.5f8430f2501aac9f0db0864148742ce2baa7e4f4.png");
INSERT INTO large_image(carta_id, lang, value_) VALUES(10365,"italian","https://steamcdn-a.akamaihd.net/apps/583950/icons/set01/10365_large_italian.40fcd6218f6131048317791886dfea9936fcb2e3.png");

INSERT INTO large_image(carta_id, lang, value_) VALUES(10365,"spanish","https://steamcdn-a.akamaihd.net/apps/583950/icons/set01/10365_large_spanish.be3d57534a4a70b551c990aa010149a947bedb14.png");




INSERT INTO large_image(carta_id, lang, value_) VALUES(10365,"brazilian","https://steamcdn-a.akamaihd.net/apps/583950/icons/set01/10365_large_brazilian.84bdb96937f6219769a0a0f0b0a070be6f932ff7.png");
INSERT INTO large_image(carta_id, lang, value_) VALUES(10365,"latam","https://steamcdn-a.akamaihd.net/apps/583950/icons/set01/10365_large_latam.9c4080062d94100ebf4bf14aa02828c24a44defa.png");
INSERT INTO carta(id, card_type, illustrator, rarity, item_def) VALUES (10366,'Spell','Robert Simon','Common',110366);
INSERT INTO card_name(carta_id, lang, value_) VALUES(10366,"english","New Orders");
INSERT INTO card_name(carta_id, lang, value_) VALUES(10366,"german","Neue Befehle");
INSERT INTO card_name(carta_id, lang, value_) VALUES(10366,"french","Nouveaux ordres");
INSERT INTO card_name(carta_id, lang, value_) VALUES(10366,"italian","Nuovi ordini");

INSERT INTO card_name(carta_id, lang, value_) VALUES(10366,"spanish","Nuevas órdenes");



INSERT INTO card_name(carta_id, lang, value_) VALUES(10366,"thai","New Orders");

INSERT INTO card_name(carta_id, lang, value_) VALUES(10366,"portuguese","New Orders");
INSERT INTO card_name(carta_id, lang, value_) VALUES(10366,"polish","New Orders");
INSERT INTO card_name(carta_id, lang, value_) VALUES(10366,"danish","New Orders");
INSERT INTO card_name(carta_id, lang, value_) VALUES(10366,"dutch","New Orders");
INSERT INTO card_name(carta_id, lang, value_) VALUES(10366,"finnish","New Orders");
INSERT INTO card_name(carta_id, lang, value_) VALUES(10366,"norwegian","New Orders");
INSERT INTO card_name(carta_id, lang, value_) VALUES(10366,"swedish","New Orders");
INSERT INTO card_name(carta_id, lang, value_) VALUES(10366,"hungarian","New Orders");
INSERT INTO card_name(carta_id, lang, value_) VALUES(10366,"czech","New Orders");
INSERT INTO card_name(carta_id, lang, value_) VALUES(10366,"romanian","New Orders");
INSERT INTO card_name(carta_id, lang, value_) VALUES(10366,"turkish","New Orders");
INSERT INTO card_name(carta_id, lang, value_) VALUES(10366,"brazilian","Novas Ordens");
INSERT INTO card_name(carta_id, lang, value_) VALUES(10366,"bulgarian","New Orders");
INSERT INTO card_name(carta_id, lang, value_) VALUES(10366,"greek","New Orders");
INSERT INTO card_name(carta_id, lang, value_) VALUES(10366,"ukrainian","New Orders");
INSERT INTO card_name(carta_id, lang, value_) VALUES(10366,"latam","Nuevas órdenes");
INSERT INTO card_name(carta_id, lang, value_) VALUES(10366,"vietnamese","New Orders");
INSERT INTO large_image(carta_id, lang, value_) VALUES(10366,"default","https://steamcdn-a.akamaihd.net/apps/583950/icons/set01/10366_large_english.276e416982d06fc224fb582cfd9bf709642fd472.png");
INSERT INTO large_image(carta_id, lang, value_) VALUES(10366,"german","https://steamcdn-a.akamaihd.net/apps/583950/icons/set01/10366_large_german.91af51bb5fbd3245d4368a139c2321ebc61523a2.png");
INSERT INTO large_image(carta_id, lang, value_) VALUES(10366,"french","https://steamcdn-a.akamaihd.net/apps/583950/icons/set01/10366_large_french.79f9352cf53934958ec88199025fdabf25a29e0a.png");
INSERT INTO large_image(carta_id, lang, value_) VALUES(10366,"italian","https://steamcdn-a.akamaihd.net/apps/583950/icons/set01/10366_large_italian.10209d3a110112e9832c06b272088a4b04b3f628.png");

INSERT INTO large_image(carta_id, lang, value_) VALUES(10366,"spanish","https://steamcdn-a.akamaihd.net/apps/583950/icons/set01/10366_large_spanish.7f99aef6a2231cd05d2cb3da9f4463f8f2f605fd.png");




INSERT INTO large_image(carta_id, lang, value_) VALUES(10366,"brazilian","https://steamcdn-a.akamaihd.net/apps/583950/icons/set01/10366_large_brazilian.c626053a95260f2d760b9b94f1681c5916a435cf.png");
INSERT INTO large_image(carta_id, lang, value_) VALUES(10366,"latam","https://steamcdn-a.akamaihd.net/apps/583950/icons/set01/10366_large_latam.e7b076bae5087dabdb7c2620d5ad191168ef8c6f.png");
INSERT INTO carta(id, card_type, illustrator, rarity, item_def) VALUES (10367,'Spell','Forrest Imel','Uncommon',110367);
INSERT INTO card_name(carta_id, lang, value_) VALUES(10367,"english","Rend Armor");
INSERT INTO card_name(carta_id, lang, value_) VALUES(10367,"german","Rüstung spalten");
INSERT INTO card_name(carta_id, lang, value_) VALUES(10367,"french","Brise armure");
INSERT INTO card_name(carta_id, lang, value_) VALUES(10367,"italian","Armatura strappata");

INSERT INTO card_name(carta_id, lang, value_) VALUES(10367,"spanish","Incisión de armadura");



INSERT INTO card_name(carta_id, lang, value_) VALUES(10367,"thai","Rend Armor");

INSERT INTO card_name(carta_id, lang, value_) VALUES(10367,"portuguese","Rend Armor");
INSERT INTO card_name(carta_id, lang, value_) VALUES(10367,"polish","Rend Armor");
INSERT INTO card_name(carta_id, lang, value_) VALUES(10367,"danish","Rend Armor");
INSERT INTO card_name(carta_id, lang, value_) VALUES(10367,"dutch","Rend Armor");
INSERT INTO card_name(carta_id, lang, value_) VALUES(10367,"finnish","Rend Armor");
INSERT INTO card_name(carta_id, lang, value_) VALUES(10367,"norwegian","Rend Armor");
INSERT INTO card_name(carta_id, lang, value_) VALUES(10367,"swedish","Rend Armor");
INSERT INTO card_name(carta_id, lang, value_) VALUES(10367,"hungarian","Rend Armor");
INSERT INTO card_name(carta_id, lang, value_) VALUES(10367,"czech","Rend Armor");
INSERT INTO card_name(carta_id, lang, value_) VALUES(10367,"romanian","Rend Armor");
INSERT INTO card_name(carta_id, lang, value_) VALUES(10367,"turkish","Rend Armor");
INSERT INTO card_name(carta_id, lang, value_) VALUES(10367,"brazilian","Fender Armadura");
INSERT INTO card_name(carta_id, lang, value_) VALUES(10367,"bulgarian","Rend Armor");
INSERT INTO card_name(carta_id, lang, value_) VALUES(10367,"greek","Rend Armor");
INSERT INTO card_name(carta_id, lang, value_) VALUES(10367,"ukrainian","Rend Armor");
INSERT INTO card_name(carta_id, lang, value_) VALUES(10367,"latam","Incisión de Armadura");
INSERT INTO card_name(carta_id, lang, value_) VALUES(10367,"vietnamese","Rend Armor");
INSERT INTO large_image(carta_id, lang, value_) VALUES(10367,"default","https://steamcdn-a.akamaihd.net/apps/583950/icons/set01/10367_large_english.ea2b17769402f558e2096ee2b8467074f47823fe.png");
INSERT INTO large_image(carta_id, lang, value_) VALUES(10367,"german","https://steamcdn-a.akamaihd.net/apps/583950/icons/set01/10367_large_german.1a94b90c1856199db90c37f334aeeb701860f68c.png");
INSERT INTO large_image(carta_id, lang, value_) VALUES(10367,"french","https://steamcdn-a.akamaihd.net/apps/583950/icons/set01/10367_large_french.21531f3ed193034109d57db7b22be473044273e6.png");
INSERT INTO large_image(carta_id, lang, value_) VALUES(10367,"italian","https://steamcdn-a.akamaihd.net/apps/583950/icons/set01/10367_large_italian.2a73924fa07336af434af5f2324b85dacea08826.png");

INSERT INTO large_image(carta_id, lang, value_) VALUES(10367,"spanish","https://steamcdn-a.akamaihd.net/apps/583950/icons/set01/10367_large_spanish.a0e9968462829b24cdcd7029ade6cf0f361f36c9.png");




INSERT INTO large_image(carta_id, lang, value_) VALUES(10367,"brazilian","https://steamcdn-a.akamaihd.net/apps/583950/icons/set01/10367_large_brazilian.355951a3b1f94dbeb1ba1542d20d1928feeb9cd5.png");
INSERT INTO large_image(carta_id, lang, value_) VALUES(10367,"latam","https://steamcdn-a.akamaihd.net/apps/583950/icons/set01/10367_large_latam.b0a0096e6a0ec9bec37f6cef75e5322f30ad5e6b.png");
INSERT INTO carta(id, card_type, illustrator, rarity, item_def) VALUES (10368,'Spell','Livia Prima','Common',110368);
INSERT INTO card_name(carta_id, lang, value_) VALUES(10368,"english","Avernus' Blessing");
INSERT INTO card_name(carta_id, lang, value_) VALUES(10368,"german","Segen der Avernus");
INSERT INTO card_name(carta_id, lang, value_) VALUES(10368,"french","Bénédiction d'Avernus");
INSERT INTO card_name(carta_id, lang, value_) VALUES(10368,"italian","Benedizione dell'Averno");

INSERT INTO card_name(carta_id, lang, value_) VALUES(10368,"spanish","Bendición del Averno");



INSERT INTO card_name(carta_id, lang, value_) VALUES(10368,"thai","Avernus' Blessing");

INSERT INTO card_name(carta_id, lang, value_) VALUES(10368,"portuguese","Avernus' Blessing");
INSERT INTO card_name(carta_id, lang, value_) VALUES(10368,"polish","Avernus' Blessing");
INSERT INTO card_name(carta_id, lang, value_) VALUES(10368,"danish","Avernus' Blessing");
INSERT INTO card_name(carta_id, lang, value_) VALUES(10368,"dutch","Avernus' Blessing");
INSERT INTO card_name(carta_id, lang, value_) VALUES(10368,"finnish","Avernus' Blessing");
INSERT INTO card_name(carta_id, lang, value_) VALUES(10368,"norwegian","Avernus' Blessing");
INSERT INTO card_name(carta_id, lang, value_) VALUES(10368,"swedish","Avernus' Blessing");
INSERT INTO card_name(carta_id, lang, value_) VALUES(10368,"hungarian","Avernus' Blessing");
INSERT INTO card_name(carta_id, lang, value_) VALUES(10368,"czech","Avernus' Blessing");
INSERT INTO card_name(carta_id, lang, value_) VALUES(10368,"romanian","Avernus' Blessing");
INSERT INTO card_name(carta_id, lang, value_) VALUES(10368,"turkish","Avernus' Blessing");
INSERT INTO card_name(carta_id, lang, value_) VALUES(10368,"brazilian","Bênção de Averno");
INSERT INTO card_name(carta_id, lang, value_) VALUES(10368,"bulgarian","Avernus' Blessing");
INSERT INTO card_name(carta_id, lang, value_) VALUES(10368,"greek","Avernus' Blessing");
INSERT INTO card_name(carta_id, lang, value_) VALUES(10368,"ukrainian","Avernus' Blessing");
INSERT INTO card_name(carta_id, lang, value_) VALUES(10368,"latam","Bendición del Averno");
INSERT INTO card_name(carta_id, lang, value_) VALUES(10368,"vietnamese","Avernus' Blessing");
INSERT INTO large_image(carta_id, lang, value_) VALUES(10368,"default","https://steamcdn-a.akamaihd.net/apps/583950/icons/set01/10368_large_english.a6e66625310c71ed91a6c52aa714604403fed60d.png");
INSERT INTO large_image(carta_id, lang, value_) VALUES(10368,"german","https://steamcdn-a.akamaihd.net/apps/583950/icons/set01/10368_large_german.a7c48d035718f035c2377f92b2a11b7e5176e638.png");
INSERT INTO large_image(carta_id, lang, value_) VALUES(10368,"french","https://steamcdn-a.akamaihd.net/apps/583950/icons/set01/10368_large_french.04812300fb9dd34612698496ee94ad7906fff61c.png");
INSERT INTO large_image(carta_id, lang, value_) VALUES(10368,"italian","https://steamcdn-a.akamaihd.net/apps/583950/icons/set01/10368_large_italian.bdcec0addd4346481b3f917c6a6cd7102dffeb9b.png");

INSERT INTO large_image(carta_id, lang, value_) VALUES(10368,"spanish","https://steamcdn-a.akamaihd.net/apps/583950/icons/set01/10368_large_spanish.6e7d2ca442251f5bc38c9f7d0541ff3709aafa99.png");




INSERT INTO large_image(carta_id, lang, value_) VALUES(10368,"brazilian","https://steamcdn-a.akamaihd.net/apps/583950/icons/set01/10368_large_brazilian.23dabb6b24f248aac74b5b4e39de8d172c6f7c2f.png");
INSERT INTO large_image(carta_id, lang, value_) VALUES(10368,"latam","https://steamcdn-a.akamaihd.net/apps/583950/icons/set01/10368_large_latam.c641344e60df6c29b1df43a8aa6f00aa4977a8d4.png");
INSERT INTO carta(id, card_type, illustrator, rarity, item_def) VALUES (10370,'Spell','Forrest Imel','Common',110370);
INSERT INTO card_name(carta_id, lang, value_) VALUES(10370,"english","Fight Through the Pain");
INSERT INTO card_name(carta_id, lang, value_) VALUES(10370,"german","Zähne zusammenbeißen");
INSERT INTO card_name(carta_id, lang, value_) VALUES(10370,"french","Résistance à la douleur");
INSERT INTO card_name(carta_id, lang, value_) VALUES(10370,"italian","Resistenza al dolore");

INSERT INTO card_name(carta_id, lang, value_) VALUES(10370,"spanish","Resistencia al dolor");



INSERT INTO card_name(carta_id, lang, value_) VALUES(10370,"thai","Fight Through the Pain");

INSERT INTO card_name(carta_id, lang, value_) VALUES(10370,"portuguese","Fight Through the Pain");
INSERT INTO card_name(carta_id, lang, value_) VALUES(10370,"polish","Fight Through the Pain");
INSERT INTO card_name(carta_id, lang, value_) VALUES(10370,"danish","Fight Through the Pain");
INSERT INTO card_name(carta_id, lang, value_) VALUES(10370,"dutch","Fight Through the Pain");
INSERT INTO card_name(carta_id, lang, value_) VALUES(10370,"finnish","Fight Through the Pain");
INSERT INTO card_name(carta_id, lang, value_) VALUES(10370,"norwegian","Fight Through the Pain");
INSERT INTO card_name(carta_id, lang, value_) VALUES(10370,"swedish","Fight Through the Pain");
INSERT INTO card_name(carta_id, lang, value_) VALUES(10370,"hungarian","Fight Through the Pain");
INSERT INTO card_name(carta_id, lang, value_) VALUES(10370,"czech","Fight Through the Pain");
INSERT INTO card_name(carta_id, lang, value_) VALUES(10370,"romanian","Fight Through the Pain");
INSERT INTO card_name(carta_id, lang, value_) VALUES(10370,"turkish","Fight Through the Pain");
INSERT INTO card_name(carta_id, lang, value_) VALUES(10370,"brazilian","Resistindo à Dor");
INSERT INTO card_name(carta_id, lang, value_) VALUES(10370,"bulgarian","Fight Through the Pain");
INSERT INTO card_name(carta_id, lang, value_) VALUES(10370,"greek","Fight Through the Pain");
INSERT INTO card_name(carta_id, lang, value_) VALUES(10370,"ukrainian","Fight Through the Pain");
INSERT INTO card_name(carta_id, lang, value_) VALUES(10370,"latam","Resistencia al dolor");
INSERT INTO card_name(carta_id, lang, value_) VALUES(10370,"vietnamese","Fight Through the Pain");
INSERT INTO large_image(carta_id, lang, value_) VALUES(10370,"default","https://steamcdn-a.akamaihd.net/apps/583950/icons/set01/10370_large_english.daa99017f7ee0a7173c2d152c8680a1c0d7de67b.png");
INSERT INTO large_image(carta_id, lang, value_) VALUES(10370,"german","https://steamcdn-a.akamaihd.net/apps/583950/icons/set01/10370_large_german.46623863cd4a58601ff5e3001d7ed6348dc19659.png");
INSERT INTO large_image(carta_id, lang, value_) VALUES(10370,"french","https://steamcdn-a.akamaihd.net/apps/583950/icons/set01/10370_large_french.1fd7c71640268e961db1b53f24c2f62b024ba127.png");
INSERT INTO large_image(carta_id, lang, value_) VALUES(10370,"italian","https://steamcdn-a.akamaihd.net/apps/583950/icons/set01/10370_large_italian.3f6bf7f9afef36e3e1e3d3cf15356b79bc0f0d5b.png");

INSERT INTO large_image(carta_id, lang, value_) VALUES(10370,"spanish","https://steamcdn-a.akamaihd.net/apps/583950/icons/set01/10370_large_spanish.cc0937f9b9863e2e4e3bf4642ae887b3c0acbd53.png");




INSERT INTO large_image(carta_id, lang, value_) VALUES(10370,"brazilian","https://steamcdn-a.akamaihd.net/apps/583950/icons/set01/10370_large_brazilian.c43b3895f552458cc4ff985ee3422cd4ad22f283.png");
INSERT INTO large_image(carta_id, lang, value_) VALUES(10370,"latam","https://steamcdn-a.akamaihd.net/apps/583950/icons/set01/10370_large_latam.84beaab334ba422db4d7b13b19811a10f32a1bc1.png");
INSERT INTO carta(id, card_type, illustrator, rarity, item_def) VALUES (10373,'Spell','Jana Schirmer','Rare',110373);
INSERT INTO card_name(carta_id, lang, value_) VALUES(10373,"english","Soul of Spring");
INSERT INTO card_name(carta_id, lang, value_) VALUES(10373,"german","Seele des Frühlings");
INSERT INTO card_name(carta_id, lang, value_) VALUES(10373,"french","Esprit du printemps");
INSERT INTO card_name(carta_id, lang, value_) VALUES(10373,"italian","Anima della primavera");

INSERT INTO card_name(carta_id, lang, value_) VALUES(10373,"spanish","Alma primaveral");



INSERT INTO card_name(carta_id, lang, value_) VALUES(10373,"thai","Soul of Spring");

INSERT INTO card_name(carta_id, lang, value_) VALUES(10373,"portuguese","Soul of Spring");
INSERT INTO card_name(carta_id, lang, value_) VALUES(10373,"polish","Soul of Spring");
INSERT INTO card_name(carta_id, lang, value_) VALUES(10373,"danish","Soul of Spring");
INSERT INTO card_name(carta_id, lang, value_) VALUES(10373,"dutch","Soul of Spring");
INSERT INTO card_name(carta_id, lang, value_) VALUES(10373,"finnish","Soul of Spring");
INSERT INTO card_name(carta_id, lang, value_) VALUES(10373,"norwegian","Soul of Spring");
INSERT INTO card_name(carta_id, lang, value_) VALUES(10373,"swedish","Soul of Spring");
INSERT INTO card_name(carta_id, lang, value_) VALUES(10373,"hungarian","Soul of Spring");
INSERT INTO card_name(carta_id, lang, value_) VALUES(10373,"czech","Soul of Spring");
INSERT INTO card_name(carta_id, lang, value_) VALUES(10373,"romanian","Soul of Spring");
INSERT INTO card_name(carta_id, lang, value_) VALUES(10373,"turkish","Soul of Spring");
INSERT INTO card_name(carta_id, lang, value_) VALUES(10373,"brazilian","Alma Primaveril");
INSERT INTO card_name(carta_id, lang, value_) VALUES(10373,"bulgarian","Soul of Spring");
INSERT INTO card_name(carta_id, lang, value_) VALUES(10373,"greek","Soul of Spring");
INSERT INTO card_name(carta_id, lang, value_) VALUES(10373,"ukrainian","Soul of Spring");
INSERT INTO card_name(carta_id, lang, value_) VALUES(10373,"latam","Alma primaveral");
INSERT INTO card_name(carta_id, lang, value_) VALUES(10373,"vietnamese","Soul of Spring");
INSERT INTO large_image(carta_id, lang, value_) VALUES(10373,"default","https://steamcdn-a.akamaihd.net/apps/583950/icons/set01/10373_large_english.daa28400fcf5a5b15c68849660d69ead50e57e43.png");
INSERT INTO large_image(carta_id, lang, value_) VALUES(10373,"german","https://steamcdn-a.akamaihd.net/apps/583950/icons/set01/10373_large_german.f7741fe389d6fc859359a5107f4b45c42a30c713.png");
INSERT INTO large_image(carta_id, lang, value_) VALUES(10373,"french","https://steamcdn-a.akamaihd.net/apps/583950/icons/set01/10373_large_french.d2182f09feb7089a859c48c2a65902e5594457fd.png");
INSERT INTO large_image(carta_id, lang, value_) VALUES(10373,"italian","https://steamcdn-a.akamaihd.net/apps/583950/icons/set01/10373_large_italian.6825af54426d0d3c16571448a9028e53c3cb1564.png");

INSERT INTO large_image(carta_id, lang, value_) VALUES(10373,"spanish","https://steamcdn-a.akamaihd.net/apps/583950/icons/set01/10373_large_spanish.7ee0d96ede44187e9f6901b5c41d342d8f65f493.png");




INSERT INTO large_image(carta_id, lang, value_) VALUES(10373,"brazilian","https://steamcdn-a.akamaihd.net/apps/583950/icons/set01/10373_large_brazilian.ac8ad77c29022beacf299d20944ba4387da72d8c.png");
INSERT INTO large_image(carta_id, lang, value_) VALUES(10373,"latam","https://steamcdn-a.akamaihd.net/apps/583950/icons/set01/10373_large_latam.a6bc3754ec43d3cfc4df9541951a979696141b40.png");
INSERT INTO carta(id, card_type, illustrator, rarity, item_def) VALUES (10374,'Spell','Alix Branwyn','Common',110374);
INSERT INTO card_name(carta_id, lang, value_) VALUES(10374,"english","Arcane Assault");
INSERT INTO card_name(carta_id, lang, value_) VALUES(10374,"german","Arkaner Angriff");
INSERT INTO card_name(carta_id, lang, value_) VALUES(10374,"french","Assaut arcanique");
INSERT INTO card_name(carta_id, lang, value_) VALUES(10374,"italian","Assalto arcano");

INSERT INTO card_name(carta_id, lang, value_) VALUES(10374,"spanish","Asalto arcano");



INSERT INTO card_name(carta_id, lang, value_) VALUES(10374,"thai","Arcane Assault");

INSERT INTO card_name(carta_id, lang, value_) VALUES(10374,"portuguese","Arcane Assault");
INSERT INTO card_name(carta_id, lang, value_) VALUES(10374,"polish","Arcane Assault");
INSERT INTO card_name(carta_id, lang, value_) VALUES(10374,"danish","Arcane Assault");
INSERT INTO card_name(carta_id, lang, value_) VALUES(10374,"dutch","Arcane Assault");
INSERT INTO card_name(carta_id, lang, value_) VALUES(10374,"finnish","Arcane Assault");
INSERT INTO card_name(carta_id, lang, value_) VALUES(10374,"norwegian","Arcane Assault");
INSERT INTO card_name(carta_id, lang, value_) VALUES(10374,"swedish","Arcane Assault");
INSERT INTO card_name(carta_id, lang, value_) VALUES(10374,"hungarian","Arcane Assault");
INSERT INTO card_name(carta_id, lang, value_) VALUES(10374,"czech","Arcane Assault");
INSERT INTO card_name(carta_id, lang, value_) VALUES(10374,"romanian","Arcane Assault");
INSERT INTO card_name(carta_id, lang, value_) VALUES(10374,"turkish","Arcane Assault");
INSERT INTO card_name(carta_id, lang, value_) VALUES(10374,"brazilian","Ataque Arcano");
INSERT INTO card_name(carta_id, lang, value_) VALUES(10374,"bulgarian","Arcane Assault");
INSERT INTO card_name(carta_id, lang, value_) VALUES(10374,"greek","Arcane Assault");
INSERT INTO card_name(carta_id, lang, value_) VALUES(10374,"ukrainian","Arcane Assault");
INSERT INTO card_name(carta_id, lang, value_) VALUES(10374,"latam","Asalto arcano");
INSERT INTO card_name(carta_id, lang, value_) VALUES(10374,"vietnamese","Arcane Assault");
INSERT INTO large_image(carta_id, lang, value_) VALUES(10374,"default","https://steamcdn-a.akamaihd.net/apps/583950/icons/set01/10374_large_english.d7ec322d242d33191a714bc200324a1a53e399af.png");
INSERT INTO large_image(carta_id, lang, value_) VALUES(10374,"german","https://steamcdn-a.akamaihd.net/apps/583950/icons/set01/10374_large_german.8592378127034023c691143346bca0be338afa23.png");
INSERT INTO large_image(carta_id, lang, value_) VALUES(10374,"french","https://steamcdn-a.akamaihd.net/apps/583950/icons/set01/10374_large_french.0dca45e2c038d4d924c911eedf9a3047b4be63d3.png");
INSERT INTO large_image(carta_id, lang, value_) VALUES(10374,"italian","https://steamcdn-a.akamaihd.net/apps/583950/icons/set01/10374_large_italian.da5b68c533d3c8b1548faa08c22e7e346278ef70.png");

INSERT INTO large_image(carta_id, lang, value_) VALUES(10374,"spanish","https://steamcdn-a.akamaihd.net/apps/583950/icons/set01/10374_large_spanish.c60dc59e2ae7015462f85733359d73cf1a437d57.png");




INSERT INTO large_image(carta_id, lang, value_) VALUES(10374,"brazilian","https://steamcdn-a.akamaihd.net/apps/583950/icons/set01/10374_large_brazilian.9d7dcb4cb6c460f7560f133d7b5151d0636063b5.png");
INSERT INTO large_image(carta_id, lang, value_) VALUES(10374,"latam","https://steamcdn-a.akamaihd.net/apps/583950/icons/set01/10374_large_latam.e7e45493f6e5867ff3f58fb2bf917cd361f01146.png");
INSERT INTO carta(id, card_type, illustrator, rarity, item_def) VALUES (10376,'Spell','Jason Kang','Rare',110376);
INSERT INTO card_name(carta_id, lang, value_) VALUES(10376,"english","Remote Detonation");
INSERT INTO card_name(carta_id, lang, value_) VALUES(10376,"german","Fernzündung");
INSERT INTO card_name(carta_id, lang, value_) VALUES(10376,"french","Explosion à distance");
INSERT INTO card_name(carta_id, lang, value_) VALUES(10376,"italian","Detonazione a distanza");

INSERT INTO card_name(carta_id, lang, value_) VALUES(10376,"spanish","Detonación remota");



INSERT INTO card_name(carta_id, lang, value_) VALUES(10376,"thai","Remote Detonation");

INSERT INTO card_name(carta_id, lang, value_) VALUES(10376,"portuguese","Remote Detonation");
INSERT INTO card_name(carta_id, lang, value_) VALUES(10376,"polish","Remote Detonation");
INSERT INTO card_name(carta_id, lang, value_) VALUES(10376,"danish","Remote Detonation");
INSERT INTO card_name(carta_id, lang, value_) VALUES(10376,"dutch","Remote Detonation");
INSERT INTO card_name(carta_id, lang, value_) VALUES(10376,"finnish","Remote Detonation");
INSERT INTO card_name(carta_id, lang, value_) VALUES(10376,"norwegian","Remote Detonation");
INSERT INTO card_name(carta_id, lang, value_) VALUES(10376,"swedish","Remote Detonation");
INSERT INTO card_name(carta_id, lang, value_) VALUES(10376,"hungarian","Remote Detonation");
INSERT INTO card_name(carta_id, lang, value_) VALUES(10376,"czech","Remote Detonation");
INSERT INTO card_name(carta_id, lang, value_) VALUES(10376,"romanian","Remote Detonation");
INSERT INTO card_name(carta_id, lang, value_) VALUES(10376,"turkish","Remote Detonation");
INSERT INTO card_name(carta_id, lang, value_) VALUES(10376,"brazilian","Detonação Remota");
INSERT INTO card_name(carta_id, lang, value_) VALUES(10376,"bulgarian","Remote Detonation");
INSERT INTO card_name(carta_id, lang, value_) VALUES(10376,"greek","Remote Detonation");
INSERT INTO card_name(carta_id, lang, value_) VALUES(10376,"ukrainian","Remote Detonation");
INSERT INTO card_name(carta_id, lang, value_) VALUES(10376,"latam","Detonación remota");
INSERT INTO card_name(carta_id, lang, value_) VALUES(10376,"vietnamese","Remote Detonation");
INSERT INTO large_image(carta_id, lang, value_) VALUES(10376,"default","https://steamcdn-a.akamaihd.net/apps/583950/icons/set01/10376_large_english.39bdcc2547793784ccfe920befe3212aa708592b.png");
INSERT INTO large_image(carta_id, lang, value_) VALUES(10376,"german","https://steamcdn-a.akamaihd.net/apps/583950/icons/set01/10376_large_german.33ab47c0db910341d2900ba52e910bb7d22fdaa7.png");
INSERT INTO large_image(carta_id, lang, value_) VALUES(10376,"french","https://steamcdn-a.akamaihd.net/apps/583950/icons/set01/10376_large_french.7e1453431d416f503fb824b2079eec27cfa55c4a.png");
INSERT INTO large_image(carta_id, lang, value_) VALUES(10376,"italian","https://steamcdn-a.akamaihd.net/apps/583950/icons/set01/10376_large_italian.d729233ec11ff8b1f9fb8fa3a45236be9f0c7cec.png");

INSERT INTO large_image(carta_id, lang, value_) VALUES(10376,"spanish","https://steamcdn-a.akamaihd.net/apps/583950/icons/set01/10376_large_spanish.5d7465c1ee88497782f2b90eaa37b3dc294b4ff9.png");




INSERT INTO large_image(carta_id, lang, value_) VALUES(10376,"brazilian","https://steamcdn-a.akamaihd.net/apps/583950/icons/set01/10376_large_brazilian.2595d8fad637eaebdedecfc836480af6c9ba3ac1.png");
INSERT INTO large_image(carta_id, lang, value_) VALUES(10376,"latam","https://steamcdn-a.akamaihd.net/apps/583950/icons/set01/10376_large_latam.cc23f2c35e7ca09c7b65377958d39e03faf3977c.png");
INSERT INTO carta(id, card_type, illustrator, rarity, item_def) VALUES (10377,'Spell','Magali Villeneuve','Rare',110377);
INSERT INTO card_name(carta_id, lang, value_) VALUES(10377,"english","Fog of War");
INSERT INTO card_name(carta_id, lang, value_) VALUES(10377,"german","Nebel des Krieges");
INSERT INTO card_name(carta_id, lang, value_) VALUES(10377,"french","Brouillard de guerre");
INSERT INTO card_name(carta_id, lang, value_) VALUES(10377,"italian","Nebbia di guerra");

INSERT INTO card_name(carta_id, lang, value_) VALUES(10377,"spanish","Niebla de guerra");



INSERT INTO card_name(carta_id, lang, value_) VALUES(10377,"thai","Fog of War");

INSERT INTO card_name(carta_id, lang, value_) VALUES(10377,"portuguese","Fog of War");
INSERT INTO card_name(carta_id, lang, value_) VALUES(10377,"polish","Fog of War");
INSERT INTO card_name(carta_id, lang, value_) VALUES(10377,"danish","Fog of War");
INSERT INTO card_name(carta_id, lang, value_) VALUES(10377,"dutch","Fog of War");
INSERT INTO card_name(carta_id, lang, value_) VALUES(10377,"finnish","Fog of War");
INSERT INTO card_name(carta_id, lang, value_) VALUES(10377,"norwegian","Fog of War");
INSERT INTO card_name(carta_id, lang, value_) VALUES(10377,"swedish","Fog of War");
INSERT INTO card_name(carta_id, lang, value_) VALUES(10377,"hungarian","Fog of War");
INSERT INTO card_name(carta_id, lang, value_) VALUES(10377,"czech","Fog of War");
INSERT INTO card_name(carta_id, lang, value_) VALUES(10377,"romanian","Fog of War");
INSERT INTO card_name(carta_id, lang, value_) VALUES(10377,"turkish","Fog of War");
INSERT INTO card_name(carta_id, lang, value_) VALUES(10377,"brazilian","Névoa de Guerra");
INSERT INTO card_name(carta_id, lang, value_) VALUES(10377,"bulgarian","Fog of War");
INSERT INTO card_name(carta_id, lang, value_) VALUES(10377,"greek","Fog of War");
INSERT INTO card_name(carta_id, lang, value_) VALUES(10377,"ukrainian","Fog of War");
INSERT INTO card_name(carta_id, lang, value_) VALUES(10377,"latam","Niebla de guerra");
INSERT INTO card_name(carta_id, lang, value_) VALUES(10377,"vietnamese","Fog of War");
INSERT INTO large_image(carta_id, lang, value_) VALUES(10377,"default","https://steamcdn-a.akamaihd.net/apps/583950/icons/set01/10377_large_english.db75651827899a914424ecb5a56cb445f2b03d48.png");
INSERT INTO large_image(carta_id, lang, value_) VALUES(10377,"german","https://steamcdn-a.akamaihd.net/apps/583950/icons/set01/10377_large_german.dc1a6377b88abd0eefef802e17640b6de151bc51.png");
INSERT INTO large_image(carta_id, lang, value_) VALUES(10377,"french","https://steamcdn-a.akamaihd.net/apps/583950/icons/set01/10377_large_french.302659d2e2eded0b122f43d7fcfc86290163f838.png");
INSERT INTO large_image(carta_id, lang, value_) VALUES(10377,"italian","https://steamcdn-a.akamaihd.net/apps/583950/icons/set01/10377_large_italian.8c1693373066e07435954c35db753f0e20cdac3f.png");

INSERT INTO large_image(carta_id, lang, value_) VALUES(10377,"spanish","https://steamcdn-a.akamaihd.net/apps/583950/icons/set01/10377_large_spanish.7bef15b6d06b95a94b43050bacef5c423de469ca.png");




INSERT INTO large_image(carta_id, lang, value_) VALUES(10377,"brazilian","https://steamcdn-a.akamaihd.net/apps/583950/icons/set01/10377_large_brazilian.47a9ebb7cab5c0f92ef7bc557cb050bfada4c100.png");
INSERT INTO large_image(carta_id, lang, value_) VALUES(10377,"latam","https://steamcdn-a.akamaihd.net/apps/583950/icons/set01/10377_large_latam.b93ac8416da5f07122b8f8c4367b39efc6ca681c.png");
INSERT INTO carta(id, card_type, illustrator, rarity, item_def) VALUES (10378,'Spell','Kieran Yanner','Rare',110378);
INSERT INTO card_name(carta_id, lang, value_) VALUES(10378,"english","Divine Purpose");
INSERT INTO card_name(carta_id, lang, value_) VALUES(10378,"german","Göttlicher Zweck");
INSERT INTO card_name(carta_id, lang, value_) VALUES(10378,"french","Volonté divine");
INSERT INTO card_name(carta_id, lang, value_) VALUES(10378,"italian","Convinzione divina");

INSERT INTO card_name(carta_id, lang, value_) VALUES(10378,"spanish","Propósito divino");



INSERT INTO card_name(carta_id, lang, value_) VALUES(10378,"thai","Divine Purpose");

INSERT INTO card_name(carta_id, lang, value_) VALUES(10378,"portuguese","Divine Purpose");
INSERT INTO card_name(carta_id, lang, value_) VALUES(10378,"polish","Divine Purpose");
INSERT INTO card_name(carta_id, lang, value_) VALUES(10378,"danish","Divine Purpose");
INSERT INTO card_name(carta_id, lang, value_) VALUES(10378,"dutch","Divine Purpose");
INSERT INTO card_name(carta_id, lang, value_) VALUES(10378,"finnish","Divine Purpose");
INSERT INTO card_name(carta_id, lang, value_) VALUES(10378,"norwegian","Divine Purpose");
INSERT INTO card_name(carta_id, lang, value_) VALUES(10378,"swedish","Divine Purpose");
INSERT INTO card_name(carta_id, lang, value_) VALUES(10378,"hungarian","Divine Purpose");
INSERT INTO card_name(carta_id, lang, value_) VALUES(10378,"czech","Divine Purpose");
INSERT INTO card_name(carta_id, lang, value_) VALUES(10378,"romanian","Divine Purpose");
INSERT INTO card_name(carta_id, lang, value_) VALUES(10378,"turkish","Divine Purpose");
INSERT INTO card_name(carta_id, lang, value_) VALUES(10378,"brazilian","Propósito Divino");
INSERT INTO card_name(carta_id, lang, value_) VALUES(10378,"bulgarian","Divine Purpose");
INSERT INTO card_name(carta_id, lang, value_) VALUES(10378,"greek","Divine Purpose");
INSERT INTO card_name(carta_id, lang, value_) VALUES(10378,"ukrainian","Divine Purpose");
INSERT INTO card_name(carta_id, lang, value_) VALUES(10378,"latam","Propósito divino");
INSERT INTO card_name(carta_id, lang, value_) VALUES(10378,"vietnamese","Divine Purpose");
INSERT INTO large_image(carta_id, lang, value_) VALUES(10378,"default","https://steamcdn-a.akamaihd.net/apps/583950/icons/set01/10378_large_english.8b01e7814afd8c6c1320616be4fde905b0595cd2.png");
INSERT INTO large_image(carta_id, lang, value_) VALUES(10378,"german","https://steamcdn-a.akamaihd.net/apps/583950/icons/set01/10378_large_german.964a5d29057e21e6d039d76d41e2f42178c5c81d.png");
INSERT INTO large_image(carta_id, lang, value_) VALUES(10378,"french","https://steamcdn-a.akamaihd.net/apps/583950/icons/set01/10378_large_french.0029854146bab7abf23a13f67856091f98ec7c13.png");
INSERT INTO large_image(carta_id, lang, value_) VALUES(10378,"italian","https://steamcdn-a.akamaihd.net/apps/583950/icons/set01/10378_large_italian.05a34c434bb284ae243f412241594d9f6e551ad6.png");

INSERT INTO large_image(carta_id, lang, value_) VALUES(10378,"spanish","https://steamcdn-a.akamaihd.net/apps/583950/icons/set01/10378_large_spanish.2cbfb84a8676d46ca16df13b190a8981a2d508b8.png");




INSERT INTO large_image(carta_id, lang, value_) VALUES(10378,"brazilian","https://steamcdn-a.akamaihd.net/apps/583950/icons/set01/10378_large_brazilian.f1c8a54e2aacb8bacfe12d8f81002b708f10c350.png");
INSERT INTO large_image(carta_id, lang, value_) VALUES(10378,"latam","https://steamcdn-a.akamaihd.net/apps/583950/icons/set01/10378_large_latam.a749d7fc3df9e20d90b99c8ef9434475899e5e7d.png");
INSERT INTO carta(id, card_type, illustrator, rarity, item_def) VALUES (10379,'Spell','Bayard Wu','Common',110379);
INSERT INTO card_name(carta_id, lang, value_) VALUES(10379,"english","Intimidation");
INSERT INTO card_name(carta_id, lang, value_) VALUES(10379,"german","Einschüchterung");
INSERT INTO card_name(carta_id, lang, value_) VALUES(10379,"french","Intimidation");
INSERT INTO card_name(carta_id, lang, value_) VALUES(10379,"italian","Intimidazione");

INSERT INTO card_name(carta_id, lang, value_) VALUES(10379,"spanish","Intimidación");



INSERT INTO card_name(carta_id, lang, value_) VALUES(10379,"thai","Intimidation");

INSERT INTO card_name(carta_id, lang, value_) VALUES(10379,"portuguese","Intimidation");
INSERT INTO card_name(carta_id, lang, value_) VALUES(10379,"polish","Intimidation");
INSERT INTO card_name(carta_id, lang, value_) VALUES(10379,"danish","Intimidation");
INSERT INTO card_name(carta_id, lang, value_) VALUES(10379,"dutch","Intimidation");
INSERT INTO card_name(carta_id, lang, value_) VALUES(10379,"finnish","Intimidation");
INSERT INTO card_name(carta_id, lang, value_) VALUES(10379,"norwegian","Intimidation");
INSERT INTO card_name(carta_id, lang, value_) VALUES(10379,"swedish","Intimidation");
INSERT INTO card_name(carta_id, lang, value_) VALUES(10379,"hungarian","Intimidation");
INSERT INTO card_name(carta_id, lang, value_) VALUES(10379,"czech","Intimidation");
INSERT INTO card_name(carta_id, lang, value_) VALUES(10379,"romanian","Intimidation");
INSERT INTO card_name(carta_id, lang, value_) VALUES(10379,"turkish","Intimidation");
INSERT INTO card_name(carta_id, lang, value_) VALUES(10379,"brazilian","Intimidação");
INSERT INTO card_name(carta_id, lang, value_) VALUES(10379,"bulgarian","Intimidation");
INSERT INTO card_name(carta_id, lang, value_) VALUES(10379,"greek","Intimidation");
INSERT INTO card_name(carta_id, lang, value_) VALUES(10379,"ukrainian","Intimidation");
INSERT INTO card_name(carta_id, lang, value_) VALUES(10379,"latam","Intimidación");
INSERT INTO card_name(carta_id, lang, value_) VALUES(10379,"vietnamese","Intimidation");
INSERT INTO large_image(carta_id, lang, value_) VALUES(10379,"default","https://steamcdn-a.akamaihd.net/apps/583950/icons/set01/10379_large_english.0eb63b94f6d9bab5ab67865b7bb25343e30f2ca3.png");
INSERT INTO large_image(carta_id, lang, value_) VALUES(10379,"german","https://steamcdn-a.akamaihd.net/apps/583950/icons/set01/10379_large_german.3e61fbb6e1fabea5cbdccf65463427b6b4806e23.png");
INSERT INTO large_image(carta_id, lang, value_) VALUES(10379,"french","https://steamcdn-a.akamaihd.net/apps/583950/icons/set01/10379_large_french.b5ed6148b6f1b5d9efdc26938a6e416b29e314ab.png");
INSERT INTO large_image(carta_id, lang, value_) VALUES(10379,"italian","https://steamcdn-a.akamaihd.net/apps/583950/icons/set01/10379_large_italian.dd543d74b568fdd107e889589a3e9938bde60b10.png");

INSERT INTO large_image(carta_id, lang, value_) VALUES(10379,"spanish","https://steamcdn-a.akamaihd.net/apps/583950/icons/set01/10379_large_spanish.4757948330a816e119c0c2b9e5dd51ef0b8b0ade.png");




INSERT INTO large_image(carta_id, lang, value_) VALUES(10379,"brazilian","https://steamcdn-a.akamaihd.net/apps/583950/icons/set01/10379_large_brazilian.39e3d0cfdcce0bceea336f2b5fbd4fd5a493cac2.png");
INSERT INTO large_image(carta_id, lang, value_) VALUES(10379,"latam","https://steamcdn-a.akamaihd.net/apps/583950/icons/set01/10379_large_latam.7371563104be8b0ae5e030f8f9a59f049ed196e4.png");
INSERT INTO carta(id, card_type, illustrator, rarity, item_def) VALUES (10382,'Spell','John Stanko','Uncommon',110382);
INSERT INTO card_name(carta_id, lang, value_) VALUES(10382,"english","Cleansing Rite");
INSERT INTO card_name(carta_id, lang, value_) VALUES(10382,"german","Reinigungsritual");
INSERT INTO card_name(carta_id, lang, value_) VALUES(10382,"french","Rite de purification");
INSERT INTO card_name(carta_id, lang, value_) VALUES(10382,"italian","Rituale di purificazione");

INSERT INTO card_name(carta_id, lang, value_) VALUES(10382,"spanish","Ritual purificador");



INSERT INTO card_name(carta_id, lang, value_) VALUES(10382,"thai","Cleansing Rite");

INSERT INTO card_name(carta_id, lang, value_) VALUES(10382,"portuguese","Cleansing Rite");
INSERT INTO card_name(carta_id, lang, value_) VALUES(10382,"polish","Cleansing Rite");
INSERT INTO card_name(carta_id, lang, value_) VALUES(10382,"danish","Cleansing Rite");
INSERT INTO card_name(carta_id, lang, value_) VALUES(10382,"dutch","Cleansing Rite");
INSERT INTO card_name(carta_id, lang, value_) VALUES(10382,"finnish","Cleansing Rite");
INSERT INTO card_name(carta_id, lang, value_) VALUES(10382,"norwegian","Cleansing Rite");
INSERT INTO card_name(carta_id, lang, value_) VALUES(10382,"swedish","Cleansing Rite");
INSERT INTO card_name(carta_id, lang, value_) VALUES(10382,"hungarian","Cleansing Rite");
INSERT INTO card_name(carta_id, lang, value_) VALUES(10382,"czech","Cleansing Rite");
INSERT INTO card_name(carta_id, lang, value_) VALUES(10382,"romanian","Cleansing Rite");
INSERT INTO card_name(carta_id, lang, value_) VALUES(10382,"turkish","Cleansing Rite");
INSERT INTO card_name(carta_id, lang, value_) VALUES(10382,"brazilian","Rito de Purificação");
INSERT INTO card_name(carta_id, lang, value_) VALUES(10382,"bulgarian","Cleansing Rite");
INSERT INTO card_name(carta_id, lang, value_) VALUES(10382,"greek","Cleansing Rite");
INSERT INTO card_name(carta_id, lang, value_) VALUES(10382,"ukrainian","Cleansing Rite");
INSERT INTO card_name(carta_id, lang, value_) VALUES(10382,"latam","Ritual purificador");
INSERT INTO card_name(carta_id, lang, value_) VALUES(10382,"vietnamese","Cleansing Rite");
INSERT INTO large_image(carta_id, lang, value_) VALUES(10382,"default","https://steamcdn-a.akamaihd.net/apps/583950/icons/set01/10382_large_english.8a35e6a88ac2f28395c017435978538bc3932686.png");
INSERT INTO large_image(carta_id, lang, value_) VALUES(10382,"german","https://steamcdn-a.akamaihd.net/apps/583950/icons/set01/10382_large_german.e4da063d3d58d971c951c012aa41de87095b0732.png");
INSERT INTO large_image(carta_id, lang, value_) VALUES(10382,"french","https://steamcdn-a.akamaihd.net/apps/583950/icons/set01/10382_large_french.5f15285ff058462f6e9ea3b032a65fb548f6a904.png");
INSERT INTO large_image(carta_id, lang, value_) VALUES(10382,"italian","https://steamcdn-a.akamaihd.net/apps/583950/icons/set01/10382_large_italian.3f3521e51a0abf04519cba27b981567ae130f05d.png");

INSERT INTO large_image(carta_id, lang, value_) VALUES(10382,"spanish","https://steamcdn-a.akamaihd.net/apps/583950/icons/set01/10382_large_spanish.a079d195cd113ba87b6203ff3990e351fb7a2de7.png");




INSERT INTO large_image(carta_id, lang, value_) VALUES(10382,"brazilian","https://steamcdn-a.akamaihd.net/apps/583950/icons/set01/10382_large_brazilian.c4f08ef996f536aecd77f9e8e54f6ad164acbf8a.png");
INSERT INTO large_image(carta_id, lang, value_) VALUES(10382,"latam","https://steamcdn-a.akamaihd.net/apps/583950/icons/set01/10382_large_latam.308ecb5b14160e4e207eb6126ad66d65b2fede2f.png");
INSERT INTO carta(id, card_type, illustrator, rarity, item_def) VALUES (10385,'Spell','James Paick','Rare',110385);
INSERT INTO card_name(carta_id, lang, value_) VALUES(10385,"english","Tresdin's Standards");
INSERT INTO card_name(carta_id, lang, value_) VALUES(10385,"german","Tresdins Standarten");
INSERT INTO card_name(carta_id, lang, value_) VALUES(10385,"french","Principes de Tresdin");
INSERT INTO card_name(carta_id, lang, value_) VALUES(10385,"italian","Stendardi di Tresdin");

INSERT INTO card_name(carta_id, lang, value_) VALUES(10385,"spanish","Estandartes de Tresdin");



INSERT INTO card_name(carta_id, lang, value_) VALUES(10385,"thai","Tresdin's Standards");

INSERT INTO card_name(carta_id, lang, value_) VALUES(10385,"portuguese","Tresdin's Standards");
INSERT INTO card_name(carta_id, lang, value_) VALUES(10385,"polish","Tresdin's Standards");
INSERT INTO card_name(carta_id, lang, value_) VALUES(10385,"danish","Tresdin's Standards");
INSERT INTO card_name(carta_id, lang, value_) VALUES(10385,"dutch","Tresdin's Standards");
INSERT INTO card_name(carta_id, lang, value_) VALUES(10385,"finnish","Tresdin's Standards");
INSERT INTO card_name(carta_id, lang, value_) VALUES(10385,"norwegian","Tresdin's Standards");
INSERT INTO card_name(carta_id, lang, value_) VALUES(10385,"swedish","Tresdin's Standards");
INSERT INTO card_name(carta_id, lang, value_) VALUES(10385,"hungarian","Tresdin's Standards");
INSERT INTO card_name(carta_id, lang, value_) VALUES(10385,"czech","Tresdin's Standards");
INSERT INTO card_name(carta_id, lang, value_) VALUES(10385,"romanian","Tresdin's Standards");
INSERT INTO card_name(carta_id, lang, value_) VALUES(10385,"turkish","Tresdin's Standards");
INSERT INTO card_name(carta_id, lang, value_) VALUES(10385,"brazilian","Estandartes de Tresdin");
INSERT INTO card_name(carta_id, lang, value_) VALUES(10385,"bulgarian","Tresdin's Standards");
INSERT INTO card_name(carta_id, lang, value_) VALUES(10385,"greek","Tresdin's Standards");
INSERT INTO card_name(carta_id, lang, value_) VALUES(10385,"ukrainian","Tresdin's Standards");
INSERT INTO card_name(carta_id, lang, value_) VALUES(10385,"latam","Estandartes de Tresdin");
INSERT INTO card_name(carta_id, lang, value_) VALUES(10385,"vietnamese","Tresdin's Standards");
INSERT INTO large_image(carta_id, lang, value_) VALUES(10385,"default","https://steamcdn-a.akamaihd.net/apps/583950/icons/set01/10385_large_english.715235379efb3fad5a89e36d00a7063f4248d255.png");
INSERT INTO large_image(carta_id, lang, value_) VALUES(10385,"german","https://steamcdn-a.akamaihd.net/apps/583950/icons/set01/10385_large_german.0dccd988c287b864c67b8543a6292cbb99bb6c32.png");
INSERT INTO large_image(carta_id, lang, value_) VALUES(10385,"french","https://steamcdn-a.akamaihd.net/apps/583950/icons/set01/10385_large_french.bf2222a3c7f12cad5e29e133e6868b4f2b1aefbb.png");
INSERT INTO large_image(carta_id, lang, value_) VALUES(10385,"italian","https://steamcdn-a.akamaihd.net/apps/583950/icons/set01/10385_large_italian.2ef665249195a6f14c64c4d5da120f08de0fa2bb.png");

INSERT INTO large_image(carta_id, lang, value_) VALUES(10385,"spanish","https://steamcdn-a.akamaihd.net/apps/583950/icons/set01/10385_large_spanish.0c9217f40e467256a46d8bcfe55dc4565357793b.png");




INSERT INTO large_image(carta_id, lang, value_) VALUES(10385,"brazilian","https://steamcdn-a.akamaihd.net/apps/583950/icons/set01/10385_large_brazilian.1423426ce132a8fbecc162e3da7ce86482662141.png");
INSERT INTO large_image(carta_id, lang, value_) VALUES(10385,"latam","https://steamcdn-a.akamaihd.net/apps/583950/icons/set01/10385_large_latam.ca4b2c531ee5abb7ffb196d41851b7676712c8ba.png");
INSERT INTO carta(id, card_type, illustrator, rarity, item_def) VALUES (10391,'Spell','Lake Hurwitz','Uncommon',110391);
INSERT INTO card_name(carta_id, lang, value_) VALUES(10391,"english","Compel");
INSERT INTO card_name(carta_id, lang, value_) VALUES(10391,"german","Zwang");
INSERT INTO card_name(carta_id, lang, value_) VALUES(10391,"french","Contrainte");
INSERT INTO card_name(carta_id, lang, value_) VALUES(10391,"italian","Costrizione");

INSERT INTO card_name(carta_id, lang, value_) VALUES(10391,"spanish","Imposición");



INSERT INTO card_name(carta_id, lang, value_) VALUES(10391,"thai","Compel");

INSERT INTO card_name(carta_id, lang, value_) VALUES(10391,"portuguese","Compel");
INSERT INTO card_name(carta_id, lang, value_) VALUES(10391,"polish","Compel");
INSERT INTO card_name(carta_id, lang, value_) VALUES(10391,"danish","Compel");
INSERT INTO card_name(carta_id, lang, value_) VALUES(10391,"dutch","Compel");
INSERT INTO card_name(carta_id, lang, value_) VALUES(10391,"finnish","Compel");
INSERT INTO card_name(carta_id, lang, value_) VALUES(10391,"norwegian","Compel");
INSERT INTO card_name(carta_id, lang, value_) VALUES(10391,"swedish","Compel");
INSERT INTO card_name(carta_id, lang, value_) VALUES(10391,"hungarian","Compel");
INSERT INTO card_name(carta_id, lang, value_) VALUES(10391,"czech","Compel");
INSERT INTO card_name(carta_id, lang, value_) VALUES(10391,"romanian","Compel");
INSERT INTO card_name(carta_id, lang, value_) VALUES(10391,"turkish","Compel");
INSERT INTO card_name(carta_id, lang, value_) VALUES(10391,"brazilian","Compelir");
INSERT INTO card_name(carta_id, lang, value_) VALUES(10391,"bulgarian","Compel");
INSERT INTO card_name(carta_id, lang, value_) VALUES(10391,"greek","Compel");
INSERT INTO card_name(carta_id, lang, value_) VALUES(10391,"ukrainian","Compel");
INSERT INTO card_name(carta_id, lang, value_) VALUES(10391,"latam","Imposición");
INSERT INTO card_name(carta_id, lang, value_) VALUES(10391,"vietnamese","Compel");
INSERT INTO large_image(carta_id, lang, value_) VALUES(10391,"default","https://steamcdn-a.akamaihd.net/apps/583950/icons/set01/10391_large_english.92445e48a05cabad336b928e76686297d7074569.png");
INSERT INTO large_image(carta_id, lang, value_) VALUES(10391,"german","https://steamcdn-a.akamaihd.net/apps/583950/icons/set01/10391_large_german.c25b594e7b77122e0a8f550100c865060b2314ed.png");
INSERT INTO large_image(carta_id, lang, value_) VALUES(10391,"french","https://steamcdn-a.akamaihd.net/apps/583950/icons/set01/10391_large_french.70b6cb5e570e751778d7d8e12587ba6362d287ce.png");
INSERT INTO large_image(carta_id, lang, value_) VALUES(10391,"italian","https://steamcdn-a.akamaihd.net/apps/583950/icons/set01/10391_large_italian.e9cac8cb141f48f3a506105a6983b2f24330b00c.png");

INSERT INTO large_image(carta_id, lang, value_) VALUES(10391,"spanish","https://steamcdn-a.akamaihd.net/apps/583950/icons/set01/10391_large_spanish.7380c74ae63528fed1262128b0076f3a39b202b3.png");




INSERT INTO large_image(carta_id, lang, value_) VALUES(10391,"brazilian","https://steamcdn-a.akamaihd.net/apps/583950/icons/set01/10391_large_brazilian.21fa31b00715736567a3f9344090c02a2b3972ba.png");
INSERT INTO large_image(carta_id, lang, value_) VALUES(10391,"latam","https://steamcdn-a.akamaihd.net/apps/583950/icons/set01/10391_large_latam.3f3df3a7857ddf010249b8f5735ba41321c58b04.png");
INSERT INTO carta(id, card_type, illustrator, rarity, item_def) VALUES (10396,'Spell','Forrest Imel','Rare',110396);
INSERT INTO card_name(carta_id, lang, value_) VALUES(10396,"english","Caught Unprepared");
INSERT INTO card_name(carta_id, lang, value_) VALUES(10396,"german","Überrumpelt");
INSERT INTO card_name(carta_id, lang, value_) VALUES(10396,"french","Pris au dépourvu");
INSERT INTO card_name(carta_id, lang, value_) VALUES(10396,"italian","Colto impreparato");

INSERT INTO card_name(carta_id, lang, value_) VALUES(10396,"spanish","Pillado desprevenido");



INSERT INTO card_name(carta_id, lang, value_) VALUES(10396,"thai","Caught Unprepared");

INSERT INTO card_name(carta_id, lang, value_) VALUES(10396,"portuguese","Caught Unprepared");
INSERT INTO card_name(carta_id, lang, value_) VALUES(10396,"polish","Caught Unprepared");
INSERT INTO card_name(carta_id, lang, value_) VALUES(10396,"danish","Caught Unprepared");
INSERT INTO card_name(carta_id, lang, value_) VALUES(10396,"dutch","Caught Unprepared");
INSERT INTO card_name(carta_id, lang, value_) VALUES(10396,"finnish","Caught Unprepared");
INSERT INTO card_name(carta_id, lang, value_) VALUES(10396,"norwegian","Caught Unprepared");
INSERT INTO card_name(carta_id, lang, value_) VALUES(10396,"swedish","Caught Unprepared");
INSERT INTO card_name(carta_id, lang, value_) VALUES(10396,"hungarian","Caught Unprepared");
INSERT INTO card_name(carta_id, lang, value_) VALUES(10396,"czech","Caught Unprepared");
INSERT INTO card_name(carta_id, lang, value_) VALUES(10396,"romanian","Caught Unprepared");
INSERT INTO card_name(carta_id, lang, value_) VALUES(10396,"turkish","Caught Unprepared");
INSERT INTO card_name(carta_id, lang, value_) VALUES(10396,"brazilian","De Calças Curtas");
INSERT INTO card_name(carta_id, lang, value_) VALUES(10396,"bulgarian","Caught Unprepared");
INSERT INTO card_name(carta_id, lang, value_) VALUES(10396,"greek","Caught Unprepared");
INSERT INTO card_name(carta_id, lang, value_) VALUES(10396,"ukrainian","Caught Unprepared");
INSERT INTO card_name(carta_id, lang, value_) VALUES(10396,"latam","Ataque sorpresivo");
INSERT INTO card_name(carta_id, lang, value_) VALUES(10396,"vietnamese","Caught Unprepared");
INSERT INTO large_image(carta_id, lang, value_) VALUES(10396,"default","https://steamcdn-a.akamaihd.net/apps/583950/icons/set01/10396_large_english.c6d9167945ebb28f0c27f7e99b532e647bf7912d.png");
INSERT INTO large_image(carta_id, lang, value_) VALUES(10396,"german","https://steamcdn-a.akamaihd.net/apps/583950/icons/set01/10396_large_german.509b768a9cccb23435dd0e6ba18af7d74159a7af.png");
INSERT INTO large_image(carta_id, lang, value_) VALUES(10396,"french","https://steamcdn-a.akamaihd.net/apps/583950/icons/set01/10396_large_french.000480475ebbf529b3f8f7c4062072483b420b4f.png");
INSERT INTO large_image(carta_id, lang, value_) VALUES(10396,"italian","https://steamcdn-a.akamaihd.net/apps/583950/icons/set01/10396_large_italian.82957ff28f8e4710e79f0b6779cdd24b1f20ad18.png");

INSERT INTO large_image(carta_id, lang, value_) VALUES(10396,"spanish","https://steamcdn-a.akamaihd.net/apps/583950/icons/set01/10396_large_spanish.940a840763221119cb4a0c67e1d187eca9d43eca.png");




INSERT INTO large_image(carta_id, lang, value_) VALUES(10396,"brazilian","https://steamcdn-a.akamaihd.net/apps/583950/icons/set01/10396_large_brazilian.dc33fe1500b22ba27a64243e9092fe3d7a3d0f43.png");
INSERT INTO large_image(carta_id, lang, value_) VALUES(10396,"latam","https://steamcdn-a.akamaihd.net/apps/583950/icons/set01/10396_large_latam.3772819beb680fcf2287bb44cb28aa7f1900f72a.png");
INSERT INTO carta(id, card_type, illustrator, rarity, item_def) VALUES (10399,'Spell','Stepan Alekseev','Uncommon',110399);
INSERT INTO card_name(carta_id, lang, value_) VALUES(10399,"english","Relentless Pursuit");
INSERT INTO card_name(carta_id, lang, value_) VALUES(10399,"german","Gnadenlose Jagd");
INSERT INTO card_name(carta_id, lang, value_) VALUES(10399,"french","Poursuite incessante");
INSERT INTO card_name(carta_id, lang, value_) VALUES(10399,"italian","Inseguimento inarrestabile");

INSERT INTO card_name(carta_id, lang, value_) VALUES(10399,"spanish","Persecución incesante");



INSERT INTO card_name(carta_id, lang, value_) VALUES(10399,"thai","Relentless Pursuit");

INSERT INTO card_name(carta_id, lang, value_) VALUES(10399,"portuguese","Relentless Pursuit");
INSERT INTO card_name(carta_id, lang, value_) VALUES(10399,"polish","Relentless Pursuit");
INSERT INTO card_name(carta_id, lang, value_) VALUES(10399,"danish","Relentless Pursuit");
INSERT INTO card_name(carta_id, lang, value_) VALUES(10399,"dutch","Relentless Pursuit");
INSERT INTO card_name(carta_id, lang, value_) VALUES(10399,"finnish","Relentless Pursuit");
INSERT INTO card_name(carta_id, lang, value_) VALUES(10399,"norwegian","Relentless Pursuit");
INSERT INTO card_name(carta_id, lang, value_) VALUES(10399,"swedish","Relentless Pursuit");
INSERT INTO card_name(carta_id, lang, value_) VALUES(10399,"hungarian","Relentless Pursuit");
INSERT INTO card_name(carta_id, lang, value_) VALUES(10399,"czech","Relentless Pursuit");
INSERT INTO card_name(carta_id, lang, value_) VALUES(10399,"romanian","Relentless Pursuit");
INSERT INTO card_name(carta_id, lang, value_) VALUES(10399,"turkish","Relentless Pursuit");
INSERT INTO card_name(carta_id, lang, value_) VALUES(10399,"brazilian","Perseguição Implacável");
INSERT INTO card_name(carta_id, lang, value_) VALUES(10399,"bulgarian","Relentless Pursuit");
INSERT INTO card_name(carta_id, lang, value_) VALUES(10399,"greek","Relentless Pursuit");
INSERT INTO card_name(carta_id, lang, value_) VALUES(10399,"ukrainian","Relentless Pursuit");
INSERT INTO card_name(carta_id, lang, value_) VALUES(10399,"latam","Persecución incesante");
INSERT INTO card_name(carta_id, lang, value_) VALUES(10399,"vietnamese","Relentless Pursuit");
INSERT INTO large_image(carta_id, lang, value_) VALUES(10399,"default","https://steamcdn-a.akamaihd.net/apps/583950/icons/set01/10399_large_english.7ea57b2a54ec2595624762f3e0c6d4d052130062.png");
INSERT INTO large_image(carta_id, lang, value_) VALUES(10399,"german","https://steamcdn-a.akamaihd.net/apps/583950/icons/set01/10399_large_german.a0eb7912c23a64dc4d8c18e5590b3c0ce6bb0488.png");
INSERT INTO large_image(carta_id, lang, value_) VALUES(10399,"french","https://steamcdn-a.akamaihd.net/apps/583950/icons/set01/10399_large_french.594dfbbbd0fbc02c2e4f71d769391cc939cd537e.png");
INSERT INTO large_image(carta_id, lang, value_) VALUES(10399,"italian","https://steamcdn-a.akamaihd.net/apps/583950/icons/set01/10399_large_italian.a40b5512b3116b517eb909f0c2cc77afbd549357.png");

INSERT INTO large_image(carta_id, lang, value_) VALUES(10399,"spanish","https://steamcdn-a.akamaihd.net/apps/583950/icons/set01/10399_large_spanish.849adc43b5b063a82125be2a0bfaedc7ac37d8ba.png");




INSERT INTO large_image(carta_id, lang, value_) VALUES(10399,"brazilian","https://steamcdn-a.akamaihd.net/apps/583950/icons/set01/10399_large_brazilian.790a5887ad7725bc348c88d43ad1dcc4b383c9eb.png");
INSERT INTO large_image(carta_id, lang, value_) VALUES(10399,"latam","https://steamcdn-a.akamaihd.net/apps/583950/icons/set01/10399_large_latam.769840a2a17451c261c9ae695c18ee65d15e379c.png");
INSERT INTO carta(id, card_type, illustrator, rarity, item_def) VALUES (10402,'Spell','JiHun Lee','Common',110402);
INSERT INTO card_name(carta_id, lang, value_) VALUES(10402,"english","Tower Barrage");
INSERT INTO card_name(carta_id, lang, value_) VALUES(10402,"german","Turmsperrfeuer");
INSERT INTO card_name(carta_id, lang, value_) VALUES(10402,"french","Tour de barrage");
INSERT INTO card_name(carta_id, lang, value_) VALUES(10402,"italian","Raffica della torre");

INSERT INTO card_name(carta_id, lang, value_) VALUES(10402,"spanish","Andanada de la torre");



INSERT INTO card_name(carta_id, lang, value_) VALUES(10402,"thai","Tower Barrage");

INSERT INTO card_name(carta_id, lang, value_) VALUES(10402,"portuguese","Tower Barrage");
INSERT INTO card_name(carta_id, lang, value_) VALUES(10402,"polish","Tower Barrage");
INSERT INTO card_name(carta_id, lang, value_) VALUES(10402,"danish","Tower Barrage");
INSERT INTO card_name(carta_id, lang, value_) VALUES(10402,"dutch","Tower Barrage");
INSERT INTO card_name(carta_id, lang, value_) VALUES(10402,"finnish","Tower Barrage");
INSERT INTO card_name(carta_id, lang, value_) VALUES(10402,"norwegian","Tower Barrage");
INSERT INTO card_name(carta_id, lang, value_) VALUES(10402,"swedish","Tower Barrage");
INSERT INTO card_name(carta_id, lang, value_) VALUES(10402,"hungarian","Tower Barrage");
INSERT INTO card_name(carta_id, lang, value_) VALUES(10402,"czech","Tower Barrage");
INSERT INTO card_name(carta_id, lang, value_) VALUES(10402,"romanian","Tower Barrage");
INSERT INTO card_name(carta_id, lang, value_) VALUES(10402,"turkish","Tower Barrage");
INSERT INTO card_name(carta_id, lang, value_) VALUES(10402,"brazilian","Barragem de Torre");
INSERT INTO card_name(carta_id, lang, value_) VALUES(10402,"bulgarian","Tower Barrage");
INSERT INTO card_name(carta_id, lang, value_) VALUES(10402,"greek","Tower Barrage");
INSERT INTO card_name(carta_id, lang, value_) VALUES(10402,"ukrainian","Tower Barrage");
INSERT INTO card_name(carta_id, lang, value_) VALUES(10402,"latam","Andanada de la torre");
INSERT INTO card_name(carta_id, lang, value_) VALUES(10402,"vietnamese","Tower Barrage");
INSERT INTO large_image(carta_id, lang, value_) VALUES(10402,"default","https://steamcdn-a.akamaihd.net/apps/583950/icons/set01/10402_large_english.c932d309e27ec46689a9bf92ca1b95e7b3915ed3.png");
INSERT INTO large_image(carta_id, lang, value_) VALUES(10402,"german","https://steamcdn-a.akamaihd.net/apps/583950/icons/set01/10402_large_german.1da55059baa4fcbf382a830a8d37c1ae337c85f0.png");
INSERT INTO large_image(carta_id, lang, value_) VALUES(10402,"french","https://steamcdn-a.akamaihd.net/apps/583950/icons/set01/10402_large_french.da75942a52d1468a093df42f1635ccd0d81dd169.png");
INSERT INTO large_image(carta_id, lang, value_) VALUES(10402,"italian","https://steamcdn-a.akamaihd.net/apps/583950/icons/set01/10402_large_italian.7d297a6f95cbcefdb17dbfdbefd7b7e0d321d5be.png");

INSERT INTO large_image(carta_id, lang, value_) VALUES(10402,"spanish","https://steamcdn-a.akamaihd.net/apps/583950/icons/set01/10402_large_spanish.8dcb4d67ef868e8ab58bf51061868e4e355c18a5.png");




INSERT INTO large_image(carta_id, lang, value_) VALUES(10402,"brazilian","https://steamcdn-a.akamaihd.net/apps/583950/icons/set01/10402_large_brazilian.4661b46592cf2bc18dc6d58aa65d27680069c281.png");
INSERT INTO large_image(carta_id, lang, value_) VALUES(10402,"latam","https://steamcdn-a.akamaihd.net/apps/583950/icons/set01/10402_large_latam.601d58a9c7e36fcbdc482d8741ea6f0486d69a4c.png");
INSERT INTO carta(id, card_type, illustrator, rarity, item_def) VALUES (10403,'Spell','Darek Zabrocki','Uncommon',110403);
INSERT INTO card_name(carta_id, lang, value_) VALUES(10403,"english","Steal Strength");
INSERT INTO card_name(carta_id, lang, value_) VALUES(10403,"german","Stärke stehlen");
INSERT INTO card_name(carta_id, lang, value_) VALUES(10403,"french","Vol de force");
INSERT INTO card_name(carta_id, lang, value_) VALUES(10403,"italian","Furto di forza");

INSERT INTO card_name(carta_id, lang, value_) VALUES(10403,"spanish","Robo de fuerza");



INSERT INTO card_name(carta_id, lang, value_) VALUES(10403,"thai","Steal Strength");

INSERT INTO card_name(carta_id, lang, value_) VALUES(10403,"portuguese","Steal Strength");
INSERT INTO card_name(carta_id, lang, value_) VALUES(10403,"polish","Steal Strength");
INSERT INTO card_name(carta_id, lang, value_) VALUES(10403,"danish","Steal Strength");
INSERT INTO card_name(carta_id, lang, value_) VALUES(10403,"dutch","Steal Strength");
INSERT INTO card_name(carta_id, lang, value_) VALUES(10403,"finnish","Steal Strength");
INSERT INTO card_name(carta_id, lang, value_) VALUES(10403,"norwegian","Steal Strength");
INSERT INTO card_name(carta_id, lang, value_) VALUES(10403,"swedish","Steal Strength");
INSERT INTO card_name(carta_id, lang, value_) VALUES(10403,"hungarian","Steal Strength");
INSERT INTO card_name(carta_id, lang, value_) VALUES(10403,"czech","Steal Strength");
INSERT INTO card_name(carta_id, lang, value_) VALUES(10403,"romanian","Steal Strength");
INSERT INTO card_name(carta_id, lang, value_) VALUES(10403,"turkish","Steal Strength");
INSERT INTO card_name(carta_id, lang, value_) VALUES(10403,"brazilian","Roubar Força");
INSERT INTO card_name(carta_id, lang, value_) VALUES(10403,"bulgarian","Steal Strength");
INSERT INTO card_name(carta_id, lang, value_) VALUES(10403,"greek","Steal Strength");
INSERT INTO card_name(carta_id, lang, value_) VALUES(10403,"ukrainian","Steal Strength");
INSERT INTO card_name(carta_id, lang, value_) VALUES(10403,"latam","Robo de fuerza");
INSERT INTO card_name(carta_id, lang, value_) VALUES(10403,"vietnamese","Steal Strength");
INSERT INTO large_image(carta_id, lang, value_) VALUES(10403,"default","https://steamcdn-a.akamaihd.net/apps/583950/icons/set01/10403_large_english.ae6756635f47897d0f39454d7e432ddfb6c0bbbb.png");
INSERT INTO large_image(carta_id, lang, value_) VALUES(10403,"german","https://steamcdn-a.akamaihd.net/apps/583950/icons/set01/10403_large_german.f10ca8058284b6d3d33cbaacb9dfc7675aee2ca9.png");
INSERT INTO large_image(carta_id, lang, value_) VALUES(10403,"french","https://steamcdn-a.akamaihd.net/apps/583950/icons/set01/10403_large_french.ef5e77df564afa771cbf893b2c2fe638d78cbd04.png");
INSERT INTO large_image(carta_id, lang, value_) VALUES(10403,"italian","https://steamcdn-a.akamaihd.net/apps/583950/icons/set01/10403_large_italian.d0f8f215a880fdd6d0813430b17bb2cf47251a61.png");

INSERT INTO large_image(carta_id, lang, value_) VALUES(10403,"spanish","https://steamcdn-a.akamaihd.net/apps/583950/icons/set01/10403_large_spanish.2500c1ad4cb629f43585074ee2052b82ad723da0.png");




INSERT INTO large_image(carta_id, lang, value_) VALUES(10403,"brazilian","https://steamcdn-a.akamaihd.net/apps/583950/icons/set01/10403_large_brazilian.6f3a1fbe2be63fefc223ba456550b2a53e710c60.png");
INSERT INTO large_image(carta_id, lang, value_) VALUES(10403,"latam","https://steamcdn-a.akamaihd.net/apps/583950/icons/set01/10403_large_latam.bab8e9b13948f6821c9c9aff35ec7c8736dfe7e1.png");
INSERT INTO carta(id, card_type, illustrator, rarity, item_def) VALUES (10404,'Spell','Michael Kommark','Rare',110404);
INSERT INTO card_name(carta_id, lang, value_) VALUES(10404,"english","The Cover of Night");
INSERT INTO card_name(carta_id, lang, value_) VALUES(10404,"german","Schutz der Nacht");
INSERT INTO card_name(carta_id, lang, value_) VALUES(10404,"french","Mouvement nocturne");
INSERT INTO card_name(carta_id, lang, value_) VALUES(10404,"italian","Il favore delle tenebre");

INSERT INTO card_name(carta_id, lang, value_) VALUES(10404,"spanish","Bajo el manto de la noche");



INSERT INTO card_name(carta_id, lang, value_) VALUES(10404,"thai","The Cover of Night");

INSERT INTO card_name(carta_id, lang, value_) VALUES(10404,"portuguese","The Cover of Night");
INSERT INTO card_name(carta_id, lang, value_) VALUES(10404,"polish","The Cover of Night");
INSERT INTO card_name(carta_id, lang, value_) VALUES(10404,"danish","The Cover of Night");
INSERT INTO card_name(carta_id, lang, value_) VALUES(10404,"dutch","The Cover of Night");
INSERT INTO card_name(carta_id, lang, value_) VALUES(10404,"finnish","The Cover of Night");
INSERT INTO card_name(carta_id, lang, value_) VALUES(10404,"norwegian","The Cover of Night");
INSERT INTO card_name(carta_id, lang, value_) VALUES(10404,"swedish","The Cover of Night");
INSERT INTO card_name(carta_id, lang, value_) VALUES(10404,"hungarian","The Cover of Night");
INSERT INTO card_name(carta_id, lang, value_) VALUES(10404,"czech","The Cover of Night");
INSERT INTO card_name(carta_id, lang, value_) VALUES(10404,"romanian","The Cover of Night");
INSERT INTO card_name(carta_id, lang, value_) VALUES(10404,"turkish","The Cover of Night");
INSERT INTO card_name(carta_id, lang, value_) VALUES(10404,"brazilian","Manto da Noite");
INSERT INTO card_name(carta_id, lang, value_) VALUES(10404,"bulgarian","The Cover of Night");
INSERT INTO card_name(carta_id, lang, value_) VALUES(10404,"greek","The Cover of Night");
INSERT INTO card_name(carta_id, lang, value_) VALUES(10404,"ukrainian","The Cover of Night");
INSERT INTO card_name(carta_id, lang, value_) VALUES(10404,"latam","Bajo el manto de la noche");
INSERT INTO card_name(carta_id, lang, value_) VALUES(10404,"vietnamese","The Cover of Night");
INSERT INTO large_image(carta_id, lang, value_) VALUES(10404,"default","https://steamcdn-a.akamaihd.net/apps/583950/icons/set01/10404_large_english.825ec8a894c8b049d937c2dfbabc1d14ef115f99.png");
INSERT INTO large_image(carta_id, lang, value_) VALUES(10404,"german","https://steamcdn-a.akamaihd.net/apps/583950/icons/set01/10404_large_german.8f791ecfa1bf53ae31860032d028ecefc4ea45ef.png");
INSERT INTO large_image(carta_id, lang, value_) VALUES(10404,"french","https://steamcdn-a.akamaihd.net/apps/583950/icons/set01/10404_large_french.3e7f498bf554d5a8418f149dd1ff8d41dee82ef6.png");
INSERT INTO large_image(carta_id, lang, value_) VALUES(10404,"italian","https://steamcdn-a.akamaihd.net/apps/583950/icons/set01/10404_large_italian.425a2605b60c281fa8e9b4ff38a6326ef7487128.png");

INSERT INTO large_image(carta_id, lang, value_) VALUES(10404,"spanish","https://steamcdn-a.akamaihd.net/apps/583950/icons/set01/10404_large_spanish.fd7cc4d343b9e2294222b914cbc340ea6a63c237.png");




INSERT INTO large_image(carta_id, lang, value_) VALUES(10404,"brazilian","https://steamcdn-a.akamaihd.net/apps/583950/icons/set01/10404_large_brazilian.729720605c06b4ddfae009f4bb6a6840af0d24b3.png");
INSERT INTO large_image(carta_id, lang, value_) VALUES(10404,"latam","https://steamcdn-a.akamaihd.net/apps/583950/icons/set01/10404_large_latam.6855da54139de00f367f2eefd94a7632d47c4a8f.png");
INSERT INTO carta(id, card_type, illustrator, rarity, item_def) VALUES (10410,'Spell','Jana Schirmer','Common',110410);
INSERT INTO card_name(carta_id, lang, value_) VALUES(10410,"english","Slay");
INSERT INTO card_name(carta_id, lang, value_) VALUES(10410,"german","Erschlagen");
INSERT INTO card_name(carta_id, lang, value_) VALUES(10410,"french","Massacre");
INSERT INTO card_name(carta_id, lang, value_) VALUES(10410,"italian","Uccisione");

INSERT INTO card_name(carta_id, lang, value_) VALUES(10410,"spanish","Condena críptida");



INSERT INTO card_name(carta_id, lang, value_) VALUES(10410,"thai","Slay");

INSERT INTO card_name(carta_id, lang, value_) VALUES(10410,"portuguese","Slay");
INSERT INTO card_name(carta_id, lang, value_) VALUES(10410,"polish","Slay");
INSERT INTO card_name(carta_id, lang, value_) VALUES(10410,"danish","Slay");
INSERT INTO card_name(carta_id, lang, value_) VALUES(10410,"dutch","Slay");
INSERT INTO card_name(carta_id, lang, value_) VALUES(10410,"finnish","Slay");
INSERT INTO card_name(carta_id, lang, value_) VALUES(10410,"norwegian","Slay");
INSERT INTO card_name(carta_id, lang, value_) VALUES(10410,"swedish","Slay");
INSERT INTO card_name(carta_id, lang, value_) VALUES(10410,"hungarian","Slay");
INSERT INTO card_name(carta_id, lang, value_) VALUES(10410,"czech","Slay");
INSERT INTO card_name(carta_id, lang, value_) VALUES(10410,"romanian","Slay");
INSERT INTO card_name(carta_id, lang, value_) VALUES(10410,"turkish","Slay");
INSERT INTO card_name(carta_id, lang, value_) VALUES(10410,"brazilian","Abater");
INSERT INTO card_name(carta_id, lang, value_) VALUES(10410,"bulgarian","Slay");
INSERT INTO card_name(carta_id, lang, value_) VALUES(10410,"greek","Slay");
INSERT INTO card_name(carta_id, lang, value_) VALUES(10410,"ukrainian","Slay");
INSERT INTO card_name(carta_id, lang, value_) VALUES(10410,"latam","Condena críptida");
INSERT INTO card_name(carta_id, lang, value_) VALUES(10410,"vietnamese","Slay");
INSERT INTO large_image(carta_id, lang, value_) VALUES(10410,"default","https://steamcdn-a.akamaihd.net/apps/583950/icons/set01/10410_large_english.b8c152d6e3de01acec5479d1f5ab5c2eb4593afc.png");
INSERT INTO large_image(carta_id, lang, value_) VALUES(10410,"german","https://steamcdn-a.akamaihd.net/apps/583950/icons/set01/10410_large_german.d6e2bd75596cb28e18264866f4af69f823739908.png");
INSERT INTO large_image(carta_id, lang, value_) VALUES(10410,"french","https://steamcdn-a.akamaihd.net/apps/583950/icons/set01/10410_large_french.3de9a49111eaef03ca6ca9bc5f0458eb0cb68ac1.png");
INSERT INTO large_image(carta_id, lang, value_) VALUES(10410,"italian","https://steamcdn-a.akamaihd.net/apps/583950/icons/set01/10410_large_italian.6970f3c1b6289808731b10a38b4b9a1aeb6ebafe.png");

INSERT INTO large_image(carta_id, lang, value_) VALUES(10410,"spanish","https://steamcdn-a.akamaihd.net/apps/583950/icons/set01/10410_large_spanish.19adb765fdc71e57f38e8cdc30173b41a344e197.png");




INSERT INTO large_image(carta_id, lang, value_) VALUES(10410,"brazilian","https://steamcdn-a.akamaihd.net/apps/583950/icons/set01/10410_large_brazilian.7c059ae00c1065251e56f579341ef2f3049b183f.png");
INSERT INTO large_image(carta_id, lang, value_) VALUES(10410,"latam","https://steamcdn-a.akamaihd.net/apps/583950/icons/set01/10410_large_latam.0632a24386826afef75f92213e6c2d5f0e0e937f.png");
INSERT INTO carta(id, card_type, illustrator, rarity, item_def) VALUES (10411,'Spell','Bayard Wu','Common',110411);
INSERT INTO card_name(carta_id, lang, value_) VALUES(10411,"english","Cunning Plan");
INSERT INTO card_name(carta_id, lang, value_) VALUES(10411,"german","Listiger Plan");
INSERT INTO card_name(carta_id, lang, value_) VALUES(10411,"french","Manigance");
INSERT INTO card_name(carta_id, lang, value_) VALUES(10411,"italian","Stratagemma astuto");

INSERT INTO card_name(carta_id, lang, value_) VALUES(10411,"spanish","Plan astuto");



INSERT INTO card_name(carta_id, lang, value_) VALUES(10411,"thai","Cunning Plan");

INSERT INTO card_name(carta_id, lang, value_) VALUES(10411,"portuguese","Cunning Plan");
INSERT INTO card_name(carta_id, lang, value_) VALUES(10411,"polish","Cunning Plan");
INSERT INTO card_name(carta_id, lang, value_) VALUES(10411,"danish","Cunning Plan");
INSERT INTO card_name(carta_id, lang, value_) VALUES(10411,"dutch","Cunning Plan");
INSERT INTO card_name(carta_id, lang, value_) VALUES(10411,"finnish","Cunning Plan");
INSERT INTO card_name(carta_id, lang, value_) VALUES(10411,"norwegian","Cunning Plan");
INSERT INTO card_name(carta_id, lang, value_) VALUES(10411,"swedish","Cunning Plan");
INSERT INTO card_name(carta_id, lang, value_) VALUES(10411,"hungarian","Cunning Plan");
INSERT INTO card_name(carta_id, lang, value_) VALUES(10411,"czech","Cunning Plan");
INSERT INTO card_name(carta_id, lang, value_) VALUES(10411,"romanian","Cunning Plan");
INSERT INTO card_name(carta_id, lang, value_) VALUES(10411,"turkish","Cunning Plan");
INSERT INTO card_name(carta_id, lang, value_) VALUES(10411,"brazilian","Plano Ardiloso");
INSERT INTO card_name(carta_id, lang, value_) VALUES(10411,"bulgarian","Cunning Plan");
INSERT INTO card_name(carta_id, lang, value_) VALUES(10411,"greek","Cunning Plan");
INSERT INTO card_name(carta_id, lang, value_) VALUES(10411,"ukrainian","Cunning Plan");
INSERT INTO card_name(carta_id, lang, value_) VALUES(10411,"latam","Plan astuto");
INSERT INTO card_name(carta_id, lang, value_) VALUES(10411,"vietnamese","Cunning Plan");
INSERT INTO large_image(carta_id, lang, value_) VALUES(10411,"default","https://steamcdn-a.akamaihd.net/apps/583950/icons/set01/10411_large_english.1d3d3ae6f51f69518001ef4f94a653ebfa397f1a.png");
INSERT INTO large_image(carta_id, lang, value_) VALUES(10411,"german","https://steamcdn-a.akamaihd.net/apps/583950/icons/set01/10411_large_german.3199ef5434f625ed90c561714203e8489ded3b84.png");
INSERT INTO large_image(carta_id, lang, value_) VALUES(10411,"french","https://steamcdn-a.akamaihd.net/apps/583950/icons/set01/10411_large_french.8cd035d81c324f906bface8afe2025475727f600.png");
INSERT INTO large_image(carta_id, lang, value_) VALUES(10411,"italian","https://steamcdn-a.akamaihd.net/apps/583950/icons/set01/10411_large_italian.8de2fcd381af4be32f38fa97e8654dfbd2bd0d82.png");

INSERT INTO large_image(carta_id, lang, value_) VALUES(10411,"spanish","https://steamcdn-a.akamaihd.net/apps/583950/icons/set01/10411_large_spanish.6d2565a32529ca9bc31879334b4b9591b05ae7bd.png");




INSERT INTO large_image(carta_id, lang, value_) VALUES(10411,"brazilian","https://steamcdn-a.akamaihd.net/apps/583950/icons/set01/10411_large_brazilian.b08fb454ddebca816426ca0e221f1c1e6070e58e.png");
INSERT INTO large_image(carta_id, lang, value_) VALUES(10411,"latam","https://steamcdn-a.akamaihd.net/apps/583950/icons/set01/10411_large_latam.3aceff25b772ffc9e02761da5d6cb0d03a96971b.png");
INSERT INTO carta(id, card_type, illustrator, rarity, item_def) VALUES (10412,'Spell','James Paick','Uncommon',110412);
INSERT INTO card_name(carta_id, lang, value_) VALUES(10412,"english","Thunderstorm");
INSERT INTO card_name(carta_id, lang, value_) VALUES(10412,"german","Gewitter");
INSERT INTO card_name(carta_id, lang, value_) VALUES(10412,"french","Orage");
INSERT INTO card_name(carta_id, lang, value_) VALUES(10412,"italian","Tempesta di fulmini");

INSERT INTO card_name(carta_id, lang, value_) VALUES(10412,"spanish","Tormenta eléctrica");



INSERT INTO card_name(carta_id, lang, value_) VALUES(10412,"thai","Thunderstorm");

INSERT INTO card_name(carta_id, lang, value_) VALUES(10412,"portuguese","Thunderstorm");
INSERT INTO card_name(carta_id, lang, value_) VALUES(10412,"polish","Thunderstorm");
INSERT INTO card_name(carta_id, lang, value_) VALUES(10412,"danish","Thunderstorm");
INSERT INTO card_name(carta_id, lang, value_) VALUES(10412,"dutch","Thunderstorm");
INSERT INTO card_name(carta_id, lang, value_) VALUES(10412,"finnish","Thunderstorm");
INSERT INTO card_name(carta_id, lang, value_) VALUES(10412,"norwegian","Thunderstorm");
INSERT INTO card_name(carta_id, lang, value_) VALUES(10412,"swedish","Thunderstorm");
INSERT INTO card_name(carta_id, lang, value_) VALUES(10412,"hungarian","Thunderstorm");
INSERT INTO card_name(carta_id, lang, value_) VALUES(10412,"czech","Thunderstorm");
INSERT INTO card_name(carta_id, lang, value_) VALUES(10412,"romanian","Thunderstorm");
INSERT INTO card_name(carta_id, lang, value_) VALUES(10412,"turkish","Thunderstorm");
INSERT INTO card_name(carta_id, lang, value_) VALUES(10412,"brazilian","Trovoada");
INSERT INTO card_name(carta_id, lang, value_) VALUES(10412,"bulgarian","Thunderstorm");
INSERT INTO card_name(carta_id, lang, value_) VALUES(10412,"greek","Thunderstorm");
INSERT INTO card_name(carta_id, lang, value_) VALUES(10412,"ukrainian","Thunderstorm");
INSERT INTO card_name(carta_id, lang, value_) VALUES(10412,"latam","Tormenta eléctrica");
INSERT INTO card_name(carta_id, lang, value_) VALUES(10412,"vietnamese","Thunderstorm");
INSERT INTO large_image(carta_id, lang, value_) VALUES(10412,"default","https://steamcdn-a.akamaihd.net/apps/583950/icons/set01/10412_large_english.65801ca4f84b22fae76859a7320d898786792a29.png");
INSERT INTO large_image(carta_id, lang, value_) VALUES(10412,"german","https://steamcdn-a.akamaihd.net/apps/583950/icons/set01/10412_large_german.cab0d6727e0e35cc6f954a71c7bb9e54a3ec5db2.png");
INSERT INTO large_image(carta_id, lang, value_) VALUES(10412,"french","https://steamcdn-a.akamaihd.net/apps/583950/icons/set01/10412_large_french.c513e23f0cb7d415ad9cb1bdac1a414d203c4e4d.png");
INSERT INTO large_image(carta_id, lang, value_) VALUES(10412,"italian","https://steamcdn-a.akamaihd.net/apps/583950/icons/set01/10412_large_italian.ac98e1ff066f0cbf1ef81a9a14871c02df719bb8.png");

INSERT INTO large_image(carta_id, lang, value_) VALUES(10412,"spanish","https://steamcdn-a.akamaihd.net/apps/583950/icons/set01/10412_large_spanish.6b8ee897559ee319e7a35c1d220cf438cf2eaf75.png");




INSERT INTO large_image(carta_id, lang, value_) VALUES(10412,"brazilian","https://steamcdn-a.akamaihd.net/apps/583950/icons/set01/10412_large_brazilian.4062d92406e8393e2ebaf9480af884310209e305.png");
INSERT INTO large_image(carta_id, lang, value_) VALUES(10412,"latam","https://steamcdn-a.akamaihd.net/apps/583950/icons/set01/10412_large_latam.d3bef680f6721eac5d4887272e45fda1d21f487b.png");
INSERT INTO carta(id, card_type, illustrator, rarity, item_def) VALUES (10413,'Spell','Darek Zabrocki','Uncommon',110413);
INSERT INTO card_name(carta_id, lang, value_) VALUES(10413,"english","Forward Charge");
INSERT INTO card_name(carta_id, lang, value_) VALUES(10413,"german","Ansturm");
INSERT INTO card_name(carta_id, lang, value_) VALUES(10413,"french","Chargez !");
INSERT INTO card_name(carta_id, lang, value_) VALUES(10413,"italian","Carica poderosa");

INSERT INTO card_name(carta_id, lang, value_) VALUES(10413,"spanish","Carga impetuosa");



INSERT INTO card_name(carta_id, lang, value_) VALUES(10413,"thai","Forward Charge");

INSERT INTO card_name(carta_id, lang, value_) VALUES(10413,"portuguese","Forward Charge");
INSERT INTO card_name(carta_id, lang, value_) VALUES(10413,"polish","Forward Charge");
INSERT INTO card_name(carta_id, lang, value_) VALUES(10413,"danish","Forward Charge");
INSERT INTO card_name(carta_id, lang, value_) VALUES(10413,"dutch","Forward Charge");
INSERT INTO card_name(carta_id, lang, value_) VALUES(10413,"finnish","Forward Charge");
INSERT INTO card_name(carta_id, lang, value_) VALUES(10413,"norwegian","Forward Charge");
INSERT INTO card_name(carta_id, lang, value_) VALUES(10413,"swedish","Forward Charge");
INSERT INTO card_name(carta_id, lang, value_) VALUES(10413,"hungarian","Forward Charge");
INSERT INTO card_name(carta_id, lang, value_) VALUES(10413,"czech","Forward Charge");
INSERT INTO card_name(carta_id, lang, value_) VALUES(10413,"romanian","Forward Charge");
INSERT INTO card_name(carta_id, lang, value_) VALUES(10413,"turkish","Forward Charge");
INSERT INTO card_name(carta_id, lang, value_) VALUES(10413,"brazilian","Investida Direta");
INSERT INTO card_name(carta_id, lang, value_) VALUES(10413,"bulgarian","Forward Charge");
INSERT INTO card_name(carta_id, lang, value_) VALUES(10413,"greek","Forward Charge");
INSERT INTO card_name(carta_id, lang, value_) VALUES(10413,"ukrainian","Forward Charge");
INSERT INTO card_name(carta_id, lang, value_) VALUES(10413,"latam","Carga impetuosa");
INSERT INTO card_name(carta_id, lang, value_) VALUES(10413,"vietnamese","Forward Charge");
INSERT INTO large_image(carta_id, lang, value_) VALUES(10413,"default","https://steamcdn-a.akamaihd.net/apps/583950/icons/set01/10413_large_english.b6848b8bdd2973db3f3ae820a4c80791355ac09b.png");
INSERT INTO large_image(carta_id, lang, value_) VALUES(10413,"german","https://steamcdn-a.akamaihd.net/apps/583950/icons/set01/10413_large_german.b67ca1dd802811c25ef8075c06a871505e908ae8.png");
INSERT INTO large_image(carta_id, lang, value_) VALUES(10413,"french","https://steamcdn-a.akamaihd.net/apps/583950/icons/set01/10413_large_french.d853bac5ddb4d070c5f7d63f34cc9e4eea7e07d5.png");
INSERT INTO large_image(carta_id, lang, value_) VALUES(10413,"italian","https://steamcdn-a.akamaihd.net/apps/583950/icons/set01/10413_large_italian.e2e8796fd9894dc8c3002456db84eb57bd3d0072.png");

INSERT INTO large_image(carta_id, lang, value_) VALUES(10413,"spanish","https://steamcdn-a.akamaihd.net/apps/583950/icons/set01/10413_large_spanish.fe089dfe4165c1767fb56671822cc93b69aeb950.png");




INSERT INTO large_image(carta_id, lang, value_) VALUES(10413,"brazilian","https://steamcdn-a.akamaihd.net/apps/583950/icons/set01/10413_large_brazilian.4f9d95cd19a1b5588dd9186d9d7bcbdb63fe1477.png");
INSERT INTO large_image(carta_id, lang, value_) VALUES(10413,"latam","https://steamcdn-a.akamaihd.net/apps/583950/icons/set01/10413_large_latam.190c90a5681b865bc1b6810f3162276f25bf18b7.png");
INSERT INTO carta(id, card_type, illustrator, rarity, item_def) VALUES (10415,'Spell','JiHun Lee','Common',110415);
INSERT INTO card_name(carta_id, lang, value_) VALUES(10415,"english","Collateral Damage");
INSERT INTO card_name(carta_id, lang, value_) VALUES(10415,"german","Kollateralschaden");
INSERT INTO card_name(carta_id, lang, value_) VALUES(10415,"french","Dégâts collatéraux");
INSERT INTO card_name(carta_id, lang, value_) VALUES(10415,"italian","Danni collaterali");

INSERT INTO card_name(carta_id, lang, value_) VALUES(10415,"spanish","Daño colateral");



INSERT INTO card_name(carta_id, lang, value_) VALUES(10415,"thai","Collateral Damage");

INSERT INTO card_name(carta_id, lang, value_) VALUES(10415,"portuguese","Collateral Damage");
INSERT INTO card_name(carta_id, lang, value_) VALUES(10415,"polish","Collateral Damage");
INSERT INTO card_name(carta_id, lang, value_) VALUES(10415,"danish","Collateral Damage");
INSERT INTO card_name(carta_id, lang, value_) VALUES(10415,"dutch","Collateral Damage");
INSERT INTO card_name(carta_id, lang, value_) VALUES(10415,"finnish","Collateral Damage");
INSERT INTO card_name(carta_id, lang, value_) VALUES(10415,"norwegian","Collateral Damage");
INSERT INTO card_name(carta_id, lang, value_) VALUES(10415,"swedish","Collateral Damage");
INSERT INTO card_name(carta_id, lang, value_) VALUES(10415,"hungarian","Collateral Damage");
INSERT INTO card_name(carta_id, lang, value_) VALUES(10415,"czech","Collateral Damage");
INSERT INTO card_name(carta_id, lang, value_) VALUES(10415,"romanian","Collateral Damage");
INSERT INTO card_name(carta_id, lang, value_) VALUES(10415,"turkish","Collateral Damage");
INSERT INTO card_name(carta_id, lang, value_) VALUES(10415,"brazilian","Dano Colateral");
INSERT INTO card_name(carta_id, lang, value_) VALUES(10415,"bulgarian","Collateral Damage");
INSERT INTO card_name(carta_id, lang, value_) VALUES(10415,"greek","Collateral Damage");
INSERT INTO card_name(carta_id, lang, value_) VALUES(10415,"ukrainian","Collateral Damage");
INSERT INTO card_name(carta_id, lang, value_) VALUES(10415,"latam","Daño colateral");
INSERT INTO card_name(carta_id, lang, value_) VALUES(10415,"vietnamese","Collateral Damage");
INSERT INTO large_image(carta_id, lang, value_) VALUES(10415,"default","https://steamcdn-a.akamaihd.net/apps/583950/icons/set01/10415_large_english.26a26fa7b94f2f36f0a01dac1e0521de88658388.png");
INSERT INTO large_image(carta_id, lang, value_) VALUES(10415,"german","https://steamcdn-a.akamaihd.net/apps/583950/icons/set01/10415_large_german.15decf56ca819c589da5d1cc18282c94d7b0b137.png");
INSERT INTO large_image(carta_id, lang, value_) VALUES(10415,"french","https://steamcdn-a.akamaihd.net/apps/583950/icons/set01/10415_large_french.c5cdeb5abd0f2487b4a3d26abdeeaefcd6960676.png");
INSERT INTO large_image(carta_id, lang, value_) VALUES(10415,"italian","https://steamcdn-a.akamaihd.net/apps/583950/icons/set01/10415_large_italian.4cd63b011dbb4fcee7b4f4c6efca9e4226fcbbf0.png");

INSERT INTO large_image(carta_id, lang, value_) VALUES(10415,"spanish","https://steamcdn-a.akamaihd.net/apps/583950/icons/set01/10415_large_spanish.19c08b38b1d1a94e2ab7b089deaaa578367dc3ce.png");




INSERT INTO large_image(carta_id, lang, value_) VALUES(10415,"brazilian","https://steamcdn-a.akamaihd.net/apps/583950/icons/set01/10415_large_brazilian.ab84f22a9390ac97da51f0864061714fa905295c.png");
INSERT INTO large_image(carta_id, lang, value_) VALUES(10415,"latam","https://steamcdn-a.akamaihd.net/apps/583950/icons/set01/10415_large_latam.4de96fcb6300eaecad13a738fa651130f4a0f1d9.png");
INSERT INTO carta(id, card_type, illustrator, rarity, item_def) VALUES (10417,'Spell','James Paick','Rare',110417);
INSERT INTO card_name(carta_id, lang, value_) VALUES(10417,"english","Spring the Trap");
INSERT INTO card_name(carta_id, lang, value_) VALUES(10417,"german","Zuschnappende Falle");
INSERT INTO card_name(carta_id, lang, value_) VALUES(10417,"french","Pris au piège");
INSERT INTO card_name(carta_id, lang, value_) VALUES(10417,"italian","Trappola a sorpresa");

INSERT INTO card_name(carta_id, lang, value_) VALUES(10417,"spanish","Trampa activada");



INSERT INTO card_name(carta_id, lang, value_) VALUES(10417,"thai","Spring the Trap");

INSERT INTO card_name(carta_id, lang, value_) VALUES(10417,"portuguese","Spring the Trap");
INSERT INTO card_name(carta_id, lang, value_) VALUES(10417,"polish","Spring the Trap");
INSERT INTO card_name(carta_id, lang, value_) VALUES(10417,"danish","Spring the Trap");
INSERT INTO card_name(carta_id, lang, value_) VALUES(10417,"dutch","Spring the Trap");
INSERT INTO card_name(carta_id, lang, value_) VALUES(10417,"finnish","Spring the Trap");
INSERT INTO card_name(carta_id, lang, value_) VALUES(10417,"norwegian","Spring the Trap");
INSERT INTO card_name(carta_id, lang, value_) VALUES(10417,"swedish","Spring the Trap");
INSERT INTO card_name(carta_id, lang, value_) VALUES(10417,"hungarian","Spring the Trap");
INSERT INTO card_name(carta_id, lang, value_) VALUES(10417,"czech","Spring the Trap");
INSERT INTO card_name(carta_id, lang, value_) VALUES(10417,"romanian","Spring the Trap");
INSERT INTO card_name(carta_id, lang, value_) VALUES(10417,"turkish","Spring the Trap");
INSERT INTO card_name(carta_id, lang, value_) VALUES(10417,"brazilian","Plano Surpresa");
INSERT INTO card_name(carta_id, lang, value_) VALUES(10417,"bulgarian","Spring the Trap");
INSERT INTO card_name(carta_id, lang, value_) VALUES(10417,"greek","Spring the Trap");
INSERT INTO card_name(carta_id, lang, value_) VALUES(10417,"ukrainian","Spring the Trap");
INSERT INTO card_name(carta_id, lang, value_) VALUES(10417,"latam","Trampa activada");
INSERT INTO card_name(carta_id, lang, value_) VALUES(10417,"vietnamese","Spring the Trap");
INSERT INTO large_image(carta_id, lang, value_) VALUES(10417,"default","https://steamcdn-a.akamaihd.net/apps/583950/icons/set01/10417_large_english.65e13343dcdc92236e0a0683f3a101ae1a7382cb.png");
INSERT INTO large_image(carta_id, lang, value_) VALUES(10417,"german","https://steamcdn-a.akamaihd.net/apps/583950/icons/set01/10417_large_german.0f2406feda1003fcf9171ca05b4727f4c258a797.png");
INSERT INTO large_image(carta_id, lang, value_) VALUES(10417,"french","https://steamcdn-a.akamaihd.net/apps/583950/icons/set01/10417_large_french.7b3e3d7a524cbfb2c1e6c377d3f7041387b7eaa3.png");
INSERT INTO large_image(carta_id, lang, value_) VALUES(10417,"italian","https://steamcdn-a.akamaihd.net/apps/583950/icons/set01/10417_large_italian.3d228325cb5dbc7dbe4744b66b1852160d6a6de4.png");

INSERT INTO large_image(carta_id, lang, value_) VALUES(10417,"spanish","https://steamcdn-a.akamaihd.net/apps/583950/icons/set01/10417_large_spanish.6d344e7eb5da570adb69649c7401bcd2da962f4e.png");




INSERT INTO large_image(carta_id, lang, value_) VALUES(10417,"brazilian","https://steamcdn-a.akamaihd.net/apps/583950/icons/set01/10417_large_brazilian.e2a59c1c0c673b943a5fad8a6ceb5466373ec692.png");
INSERT INTO large_image(carta_id, lang, value_) VALUES(10417,"latam","https://steamcdn-a.akamaihd.net/apps/583950/icons/set01/10417_large_latam.106c5895f2f293ca907e300122ca4685e609c92e.png");
INSERT INTO carta(id, card_type, illustrator, rarity, item_def) VALUES (10418,'Spell','Daarken','Common',110418);
INSERT INTO card_name(carta_id, lang, value_) VALUES(10418,"english","Ventriloquy");
INSERT INTO card_name(carta_id, lang, value_) VALUES(10418,"german","Bauchrednerei");
INSERT INTO card_name(carta_id, lang, value_) VALUES(10418,"french","Ventriloquie");
INSERT INTO card_name(carta_id, lang, value_) VALUES(10418,"italian","Ventriloquio");

INSERT INTO card_name(carta_id, lang, value_) VALUES(10418,"spanish","Ventriloquía");



INSERT INTO card_name(carta_id, lang, value_) VALUES(10418,"thai","Ventriloquy");

INSERT INTO card_name(carta_id, lang, value_) VALUES(10418,"portuguese","Ventriloquy");
INSERT INTO card_name(carta_id, lang, value_) VALUES(10418,"polish","Ventriloquy");
INSERT INTO card_name(carta_id, lang, value_) VALUES(10418,"danish","Ventriloquy");
INSERT INTO card_name(carta_id, lang, value_) VALUES(10418,"dutch","Ventriloquy");
INSERT INTO card_name(carta_id, lang, value_) VALUES(10418,"finnish","Ventriloquy");
INSERT INTO card_name(carta_id, lang, value_) VALUES(10418,"norwegian","Ventriloquy");
INSERT INTO card_name(carta_id, lang, value_) VALUES(10418,"swedish","Ventriloquy");
INSERT INTO card_name(carta_id, lang, value_) VALUES(10418,"hungarian","Ventriloquy");
INSERT INTO card_name(carta_id, lang, value_) VALUES(10418,"czech","Ventriloquy");
INSERT INTO card_name(carta_id, lang, value_) VALUES(10418,"romanian","Ventriloquy");
INSERT INTO card_name(carta_id, lang, value_) VALUES(10418,"turkish","Ventriloquy");
INSERT INTO card_name(carta_id, lang, value_) VALUES(10418,"brazilian","Ventriloquia");
INSERT INTO card_name(carta_id, lang, value_) VALUES(10418,"bulgarian","Ventriloquy");
INSERT INTO card_name(carta_id, lang, value_) VALUES(10418,"greek","Ventriloquy");
INSERT INTO card_name(carta_id, lang, value_) VALUES(10418,"ukrainian","Ventriloquy");
INSERT INTO card_name(carta_id, lang, value_) VALUES(10418,"latam","Ventriloquía");
INSERT INTO card_name(carta_id, lang, value_) VALUES(10418,"vietnamese","Ventriloquy");
INSERT INTO large_image(carta_id, lang, value_) VALUES(10418,"default","https://steamcdn-a.akamaihd.net/apps/583950/icons/set01/10418_large_english.d6cb137804751d5b3ac863e5cc533687c1a48ca7.png");
INSERT INTO large_image(carta_id, lang, value_) VALUES(10418,"german","https://steamcdn-a.akamaihd.net/apps/583950/icons/set01/10418_large_german.32a27166411336511b238430e91cd73056a969a0.png");
INSERT INTO large_image(carta_id, lang, value_) VALUES(10418,"french","https://steamcdn-a.akamaihd.net/apps/583950/icons/set01/10418_large_french.d6d4473d6082fc31dae194ff9d60aee200b47a0d.png");
INSERT INTO large_image(carta_id, lang, value_) VALUES(10418,"italian","https://steamcdn-a.akamaihd.net/apps/583950/icons/set01/10418_large_italian.8350cce46afb5950a8ac5c811d2ac73abeefa35c.png");

INSERT INTO large_image(carta_id, lang, value_) VALUES(10418,"spanish","https://steamcdn-a.akamaihd.net/apps/583950/icons/set01/10418_large_spanish.4b781c8a1a275aaee1f5cf200bd7b0a075b2c2b9.png");




INSERT INTO large_image(carta_id, lang, value_) VALUES(10418,"brazilian","https://steamcdn-a.akamaihd.net/apps/583950/icons/set01/10418_large_brazilian.9917f98906a2c59e80e0d3a42d07a5a39004b607.png");
INSERT INTO large_image(carta_id, lang, value_) VALUES(10418,"latam","https://steamcdn-a.akamaihd.net/apps/583950/icons/set01/10418_large_latam.a0c6a36f75eaf9245d813e8295c465010aa7c6e2.png");
INSERT INTO carta(id, card_type, illustrator, rarity, item_def) VALUES (10421,'Spell','Daarken','Common',110421);
INSERT INTO card_name(carta_id, lang, value_) VALUES(10421,"english","Crippling Blow");
INSERT INTO card_name(carta_id, lang, value_) VALUES(10421,"german","Verkrüppelnder Schlag");
INSERT INTO card_name(carta_id, lang, value_) VALUES(10421,"french","Coup paralysant");
INSERT INTO card_name(carta_id, lang, value_) VALUES(10421,"italian","Colpo paralizzante");

INSERT INTO card_name(carta_id, lang, value_) VALUES(10421,"spanish","Golpe paralizante");



INSERT INTO card_name(carta_id, lang, value_) VALUES(10421,"thai","Crippling Blow");

INSERT INTO card_name(carta_id, lang, value_) VALUES(10421,"portuguese","Crippling Blow");
INSERT INTO card_name(carta_id, lang, value_) VALUES(10421,"polish","Crippling Blow");
INSERT INTO card_name(carta_id, lang, value_) VALUES(10421,"danish","Crippling Blow");
INSERT INTO card_name(carta_id, lang, value_) VALUES(10421,"dutch","Crippling Blow");
INSERT INTO card_name(carta_id, lang, value_) VALUES(10421,"finnish","Crippling Blow");
INSERT INTO card_name(carta_id, lang, value_) VALUES(10421,"norwegian","Crippling Blow");
INSERT INTO card_name(carta_id, lang, value_) VALUES(10421,"swedish","Crippling Blow");
INSERT INTO card_name(carta_id, lang, value_) VALUES(10421,"hungarian","Crippling Blow");
INSERT INTO card_name(carta_id, lang, value_) VALUES(10421,"czech","Crippling Blow");
INSERT INTO card_name(carta_id, lang, value_) VALUES(10421,"romanian","Crippling Blow");
INSERT INTO card_name(carta_id, lang, value_) VALUES(10421,"turkish","Crippling Blow");
INSERT INTO card_name(carta_id, lang, value_) VALUES(10421,"brazilian","Golpe Debilitante");
INSERT INTO card_name(carta_id, lang, value_) VALUES(10421,"bulgarian","Crippling Blow");
INSERT INTO card_name(carta_id, lang, value_) VALUES(10421,"greek","Crippling Blow");
INSERT INTO card_name(carta_id, lang, value_) VALUES(10421,"ukrainian","Crippling Blow");
INSERT INTO card_name(carta_id, lang, value_) VALUES(10421,"latam","Golpe paralizante");
INSERT INTO card_name(carta_id, lang, value_) VALUES(10421,"vietnamese","Crippling Blow");
INSERT INTO large_image(carta_id, lang, value_) VALUES(10421,"default","https://steamcdn-a.akamaihd.net/apps/583950/icons/set01/10421_large_english.48d3d5afbe285b8750295440d950e17a6b46053e.png");
INSERT INTO large_image(carta_id, lang, value_) VALUES(10421,"german","https://steamcdn-a.akamaihd.net/apps/583950/icons/set01/10421_large_german.e793068368590cf025bdaa784fd7e9455848a4a0.png");
INSERT INTO large_image(carta_id, lang, value_) VALUES(10421,"french","https://steamcdn-a.akamaihd.net/apps/583950/icons/set01/10421_large_french.f9bfd144a36b14d85f8b324641e452ae507d2b59.png");
INSERT INTO large_image(carta_id, lang, value_) VALUES(10421,"italian","https://steamcdn-a.akamaihd.net/apps/583950/icons/set01/10421_large_italian.998510bec5f8cfeb1dfffdfe7bb630d68fac0585.png");

INSERT INTO large_image(carta_id, lang, value_) VALUES(10421,"spanish","https://steamcdn-a.akamaihd.net/apps/583950/icons/set01/10421_large_spanish.84a9defff388649b55eb0ba790d317e5d068487b.png");




INSERT INTO large_image(carta_id, lang, value_) VALUES(10421,"brazilian","https://steamcdn-a.akamaihd.net/apps/583950/icons/set01/10421_large_brazilian.95828a4a0d38e10d3825f93d1efa348a6e1dedeb.png");
INSERT INTO large_image(carta_id, lang, value_) VALUES(10421,"latam","https://steamcdn-a.akamaihd.net/apps/583950/icons/set01/10421_large_latam.3b3af3cfbc7e4ca00054e798618a63a3a5eee934.png");
INSERT INTO carta(id, card_type, illustrator, rarity, item_def) VALUES (10422,'Spell','Daarken','Rare',110422);
INSERT INTO card_name(carta_id, lang, value_) VALUES(10422,"english","Whispers of Madness");
INSERT INTO card_name(carta_id, lang, value_) VALUES(10422,"german","Geflüster des Wahnsinns");
INSERT INTO card_name(carta_id, lang, value_) VALUES(10422,"french","Murmures dissonants");
INSERT INTO card_name(carta_id, lang, value_) VALUES(10422,"italian","Sussurri di follia");

INSERT INTO card_name(carta_id, lang, value_) VALUES(10422,"spanish","Susurros de la locura");



INSERT INTO card_name(carta_id, lang, value_) VALUES(10422,"thai","Whispers of Madness");

INSERT INTO card_name(carta_id, lang, value_) VALUES(10422,"portuguese","Whispers of Madness");
INSERT INTO card_name(carta_id, lang, value_) VALUES(10422,"polish","Whispers of Madness");
INSERT INTO card_name(carta_id, lang, value_) VALUES(10422,"danish","Whispers of Madness");
INSERT INTO card_name(carta_id, lang, value_) VALUES(10422,"dutch","Whispers of Madness");
INSERT INTO card_name(carta_id, lang, value_) VALUES(10422,"finnish","Whispers of Madness");
INSERT INTO card_name(carta_id, lang, value_) VALUES(10422,"norwegian","Whispers of Madness");
INSERT INTO card_name(carta_id, lang, value_) VALUES(10422,"swedish","Whispers of Madness");
INSERT INTO card_name(carta_id, lang, value_) VALUES(10422,"hungarian","Whispers of Madness");
INSERT INTO card_name(carta_id, lang, value_) VALUES(10422,"czech","Whispers of Madness");
INSERT INTO card_name(carta_id, lang, value_) VALUES(10422,"romanian","Whispers of Madness");
INSERT INTO card_name(carta_id, lang, value_) VALUES(10422,"turkish","Whispers of Madness");
INSERT INTO card_name(carta_id, lang, value_) VALUES(10422,"brazilian","Sussurros da Loucura");
INSERT INTO card_name(carta_id, lang, value_) VALUES(10422,"bulgarian","Whispers of Madness");
INSERT INTO card_name(carta_id, lang, value_) VALUES(10422,"greek","Whispers of Madness");
INSERT INTO card_name(carta_id, lang, value_) VALUES(10422,"ukrainian","Whispers of Madness");
INSERT INTO card_name(carta_id, lang, value_) VALUES(10422,"latam","Susurros de la locura");
INSERT INTO card_name(carta_id, lang, value_) VALUES(10422,"vietnamese","Whispers of Madness");
INSERT INTO large_image(carta_id, lang, value_) VALUES(10422,"default","https://steamcdn-a.akamaihd.net/apps/583950/icons/set01/10422_large_english.a57a57fe1cd8c9a14914dc7526813a34b9c27af1.png");
INSERT INTO large_image(carta_id, lang, value_) VALUES(10422,"german","https://steamcdn-a.akamaihd.net/apps/583950/icons/set01/10422_large_german.81bf9d8e018ed3f585339d5f8e3ea3cc3a6f50f0.png");
INSERT INTO large_image(carta_id, lang, value_) VALUES(10422,"french","https://steamcdn-a.akamaihd.net/apps/583950/icons/set01/10422_large_french.e791aa9f2bca2e4625c67d44aae764535a2bc10a.png");
INSERT INTO large_image(carta_id, lang, value_) VALUES(10422,"italian","https://steamcdn-a.akamaihd.net/apps/583950/icons/set01/10422_large_italian.376fe2b9a112a0f7f11ba7249691b473fec384b9.png");

INSERT INTO large_image(carta_id, lang, value_) VALUES(10422,"spanish","https://steamcdn-a.akamaihd.net/apps/583950/icons/set01/10422_large_spanish.ceb010d3a141b6cf2a20ee772c80d1081fc72a55.png");




INSERT INTO large_image(carta_id, lang, value_) VALUES(10422,"brazilian","https://steamcdn-a.akamaihd.net/apps/583950/icons/set01/10422_large_brazilian.013bca9c7e67ea485d7fc66e7f70a5a52a09af9a.png");
INSERT INTO large_image(carta_id, lang, value_) VALUES(10422,"latam","https://steamcdn-a.akamaihd.net/apps/583950/icons/set01/10422_large_latam.308a7fd6a94ef1c659897afaa48bee6fa045e033.png");
INSERT INTO carta(id, card_type, illustrator, rarity, item_def) VALUES (10424,'Spell','Livia Prima','Rare',110424);
INSERT INTO card_name(carta_id, lang, value_) VALUES(10424,"english","At Any Cost");
INSERT INTO card_name(carta_id, lang, value_) VALUES(10424,"german","Um jeden Preis");
INSERT INTO card_name(carta_id, lang, value_) VALUES(10424,"french","À tout prix");
INSERT INTO card_name(carta_id, lang, value_) VALUES(10424,"italian","A qualsiasi costo");

INSERT INTO card_name(carta_id, lang, value_) VALUES(10424,"spanish","Cueste lo que cueste");



INSERT INTO card_name(carta_id, lang, value_) VALUES(10424,"thai","At Any Cost");

INSERT INTO card_name(carta_id, lang, value_) VALUES(10424,"portuguese","At Any Cost");
INSERT INTO card_name(carta_id, lang, value_) VALUES(10424,"polish","At Any Cost");
INSERT INTO card_name(carta_id, lang, value_) VALUES(10424,"danish","At Any Cost");
INSERT INTO card_name(carta_id, lang, value_) VALUES(10424,"dutch","At Any Cost");
INSERT INTO card_name(carta_id, lang, value_) VALUES(10424,"finnish","At Any Cost");
INSERT INTO card_name(carta_id, lang, value_) VALUES(10424,"norwegian","At Any Cost");
INSERT INTO card_name(carta_id, lang, value_) VALUES(10424,"swedish","At Any Cost");
INSERT INTO card_name(carta_id, lang, value_) VALUES(10424,"hungarian","At Any Cost");
INSERT INTO card_name(carta_id, lang, value_) VALUES(10424,"czech","At Any Cost");
INSERT INTO card_name(carta_id, lang, value_) VALUES(10424,"romanian","At Any Cost");
INSERT INTO card_name(carta_id, lang, value_) VALUES(10424,"turkish","At Any Cost");
INSERT INTO card_name(carta_id, lang, value_) VALUES(10424,"brazilian","A Qualquer Custo");
INSERT INTO card_name(carta_id, lang, value_) VALUES(10424,"bulgarian","At Any Cost");
INSERT INTO card_name(carta_id, lang, value_) VALUES(10424,"greek","At Any Cost");
INSERT INTO card_name(carta_id, lang, value_) VALUES(10424,"ukrainian","At Any Cost");
INSERT INTO card_name(carta_id, lang, value_) VALUES(10424,"latam","Cueste lo que cueste");
INSERT INTO card_name(carta_id, lang, value_) VALUES(10424,"vietnamese","At Any Cost");
INSERT INTO large_image(carta_id, lang, value_) VALUES(10424,"default","https://steamcdn-a.akamaihd.net/apps/583950/icons/set01/10424_large_english.6f96762a509e2a86d7198e340052b22b50f880b0.png");
INSERT INTO large_image(carta_id, lang, value_) VALUES(10424,"german","https://steamcdn-a.akamaihd.net/apps/583950/icons/set01/10424_large_german.40b81a9397377c79cae7d99d7af1f9a2fe0ad2cb.png");
INSERT INTO large_image(carta_id, lang, value_) VALUES(10424,"french","https://steamcdn-a.akamaihd.net/apps/583950/icons/set01/10424_large_french.03d08054ab4eb00ec79b4349732568f2382a916d.png");
INSERT INTO large_image(carta_id, lang, value_) VALUES(10424,"italian","https://steamcdn-a.akamaihd.net/apps/583950/icons/set01/10424_large_italian.e366b52cee8e75aa733b8b9f5fb32967fd6650a4.png");

INSERT INTO large_image(carta_id, lang, value_) VALUES(10424,"spanish","https://steamcdn-a.akamaihd.net/apps/583950/icons/set01/10424_large_spanish.6a59da38e731dec0081a2640912ffbc03504f62a.png");




INSERT INTO large_image(carta_id, lang, value_) VALUES(10424,"brazilian","https://steamcdn-a.akamaihd.net/apps/583950/icons/set01/10424_large_brazilian.44f193e960783536eeaab76b2e19db63987dd49a.png");
INSERT INTO large_image(carta_id, lang, value_) VALUES(10424,"latam","https://steamcdn-a.akamaihd.net/apps/583950/icons/set01/10424_large_latam.6bfd1484be87c718c4819df87fc81c7c84437365.png");
INSERT INTO carta(id, card_type, illustrator, rarity, item_def) VALUES (10425,'Spell','Darek Zabrocki','Rare',110425);
INSERT INTO card_name(carta_id, lang, value_) VALUES(10425,"english","Time of Triumph");
INSERT INTO card_name(carta_id, lang, value_) VALUES(10425,"german","Zeit des Triumphs");
INSERT INTO card_name(carta_id, lang, value_) VALUES(10425,"french","Moment de triomphe");
INSERT INTO card_name(carta_id, lang, value_) VALUES(10425,"italian","Ora del trionfo");

INSERT INTO card_name(carta_id, lang, value_) VALUES(10425,"spanish","Momento triunfal");



INSERT INTO card_name(carta_id, lang, value_) VALUES(10425,"thai","Time of Triumph");

INSERT INTO card_name(carta_id, lang, value_) VALUES(10425,"portuguese","Time of Triumph");
INSERT INTO card_name(carta_id, lang, value_) VALUES(10425,"polish","Time of Triumph");
INSERT INTO card_name(carta_id, lang, value_) VALUES(10425,"danish","Time of Triumph");
INSERT INTO card_name(carta_id, lang, value_) VALUES(10425,"dutch","Time of Triumph");
INSERT INTO card_name(carta_id, lang, value_) VALUES(10425,"finnish","Time of Triumph");
INSERT INTO card_name(carta_id, lang, value_) VALUES(10425,"norwegian","Time of Triumph");
INSERT INTO card_name(carta_id, lang, value_) VALUES(10425,"swedish","Time of Triumph");
INSERT INTO card_name(carta_id, lang, value_) VALUES(10425,"hungarian","Time of Triumph");
INSERT INTO card_name(carta_id, lang, value_) VALUES(10425,"czech","Time of Triumph");
INSERT INTO card_name(carta_id, lang, value_) VALUES(10425,"romanian","Time of Triumph");
INSERT INTO card_name(carta_id, lang, value_) VALUES(10425,"turkish","Time of Triumph");
INSERT INTO card_name(carta_id, lang, value_) VALUES(10425,"brazilian","Tempo de Triunfo");
INSERT INTO card_name(carta_id, lang, value_) VALUES(10425,"bulgarian","Time of Triumph");
INSERT INTO card_name(carta_id, lang, value_) VALUES(10425,"greek","Time of Triumph");
INSERT INTO card_name(carta_id, lang, value_) VALUES(10425,"ukrainian","Time of Triumph");
INSERT INTO card_name(carta_id, lang, value_) VALUES(10425,"latam","Momento triunfal");
INSERT INTO card_name(carta_id, lang, value_) VALUES(10425,"vietnamese","Time of Triumph");
INSERT INTO large_image(carta_id, lang, value_) VALUES(10425,"default","https://steamcdn-a.akamaihd.net/apps/583950/icons/set01/10425_large_english.d95743c2ebd0390d295cdf99f93b1045c90c5b38.png");
INSERT INTO large_image(carta_id, lang, value_) VALUES(10425,"german","https://steamcdn-a.akamaihd.net/apps/583950/icons/set01/10425_large_german.9c308b3bd3cc254ffce5e7b813fabb2c48c0d9e6.png");
INSERT INTO large_image(carta_id, lang, value_) VALUES(10425,"french","https://steamcdn-a.akamaihd.net/apps/583950/icons/set01/10425_large_french.8a46c71face116f44fae11017be980e9f2b3594a.png");
INSERT INTO large_image(carta_id, lang, value_) VALUES(10425,"italian","https://steamcdn-a.akamaihd.net/apps/583950/icons/set01/10425_large_italian.889c1f5d184be8dd92fd78252f309e4aaae5fc1a.png");

INSERT INTO large_image(carta_id, lang, value_) VALUES(10425,"spanish","https://steamcdn-a.akamaihd.net/apps/583950/icons/set01/10425_large_spanish.a720aa0442dd9945daa9b633da0cbd504dc7cb9f.png");




INSERT INTO large_image(carta_id, lang, value_) VALUES(10425,"brazilian","https://steamcdn-a.akamaihd.net/apps/583950/icons/set01/10425_large_brazilian.02803d41831d358bfa083c444c4a7959036c9f9e.png");
INSERT INTO large_image(carta_id, lang, value_) VALUES(10425,"latam","https://steamcdn-a.akamaihd.net/apps/583950/icons/set01/10425_large_latam.f844dad19eb3db74dac4f36a051b99946ef339c9.png");
INSERT INTO carta(id, card_type, illustrator, rarity, item_def) VALUES (10536,'Hero','JiHun Lee','Rare',110536);
INSERT INTO card_name(carta_id, lang, value_) VALUES(10536,"english","Storm Spirit");
INSERT INTO card_name(carta_id, lang, value_) VALUES(10536,"german","Sturmgeist");
INSERT INTO card_name(carta_id, lang, value_) VALUES(10536,"french","Esprit de la tempête");
INSERT INTO card_name(carta_id, lang, value_) VALUES(10536,"italian","Spirito della Tempesta");

INSERT INTO card_name(carta_id, lang, value_) VALUES(10536,"spanish","Espíritu de la Tormenta");



INSERT INTO card_name(carta_id, lang, value_) VALUES(10536,"thai","Storm Spirit");

INSERT INTO card_name(carta_id, lang, value_) VALUES(10536,"portuguese","Storm Spirit");
INSERT INTO card_name(carta_id, lang, value_) VALUES(10536,"polish","Storm Spirit");
INSERT INTO card_name(carta_id, lang, value_) VALUES(10536,"danish","Storm Spirit");
INSERT INTO card_name(carta_id, lang, value_) VALUES(10536,"dutch","Storm Spirit");
INSERT INTO card_name(carta_id, lang, value_) VALUES(10536,"finnish","Storm Spirit");
INSERT INTO card_name(carta_id, lang, value_) VALUES(10536,"norwegian","Storm Spirit");
INSERT INTO card_name(carta_id, lang, value_) VALUES(10536,"swedish","Storm Spirit");
INSERT INTO card_name(carta_id, lang, value_) VALUES(10536,"hungarian","Storm Spirit");
INSERT INTO card_name(carta_id, lang, value_) VALUES(10536,"czech","Storm Spirit");
INSERT INTO card_name(carta_id, lang, value_) VALUES(10536,"romanian","Storm Spirit");
INSERT INTO card_name(carta_id, lang, value_) VALUES(10536,"turkish","Storm Spirit");
INSERT INTO card_name(carta_id, lang, value_) VALUES(10536,"brazilian","Espírito da Tempestade");
INSERT INTO card_name(carta_id, lang, value_) VALUES(10536,"bulgarian","Storm Spirit");
INSERT INTO card_name(carta_id, lang, value_) VALUES(10536,"greek","Storm Spirit");
INSERT INTO card_name(carta_id, lang, value_) VALUES(10536,"ukrainian","Storm Spirit");
INSERT INTO card_name(carta_id, lang, value_) VALUES(10536,"latam","Espíritu de la Tormenta");
INSERT INTO card_name(carta_id, lang, value_) VALUES(10536,"vietnamese","Storm Spirit");
INSERT INTO large_image(carta_id, lang, value_) VALUES(10536,"default","https://steamcdn-a.akamaihd.net/apps/583950/icons/set01/10536_large_english.84ce7ce30da364c6110edaf1fb60a56f16a6c001.png");
INSERT INTO large_image(carta_id, lang, value_) VALUES(10536,"german","https://steamcdn-a.akamaihd.net/apps/583950/icons/set01/10536_large_german.071697412507a2adb6cd860e6c901e0252ea65bb.png");
INSERT INTO large_image(carta_id, lang, value_) VALUES(10536,"french","https://steamcdn-a.akamaihd.net/apps/583950/icons/set01/10536_large_french.abf6f8132b4db4c3e99ae940a6304b6a0e9a6f5e.png");
INSERT INTO large_image(carta_id, lang, value_) VALUES(10536,"italian","https://steamcdn-a.akamaihd.net/apps/583950/icons/set01/10536_large_italian.6d5106705ca089795e85172becbf608699e21bd0.png");

INSERT INTO large_image(carta_id, lang, value_) VALUES(10536,"spanish","https://steamcdn-a.akamaihd.net/apps/583950/icons/set01/10536_large_spanish.a3656a2c634664ccf15dbc508af66d55342f4a6e.png");




INSERT INTO large_image(carta_id, lang, value_) VALUES(10536,"brazilian","https://steamcdn-a.akamaihd.net/apps/583950/icons/set01/10536_large_brazilian.63828cff3369638ea6855d5d154b85778e179e7c.png");
INSERT INTO large_image(carta_id, lang, value_) VALUES(10536,"latam","https://steamcdn-a.akamaihd.net/apps/583950/icons/set01/10536_large_latam.f4a4f2aed382adfdebf572ade45d8bd4b6bce193.png");
